instrument,bar,time,open,high,low,close,volume,time_berlin
GBPUSD,5m,2026-08-23T22:00:00+00:00,1.3625099999999999,1.36407,1.3625099999999999,1.36406,567.0,2026-08-24T00:00:00+02:00
GBPUSD,5m,2026-08-23T22:05:00+00:00,1.36406,1.36435,1.36406,1.36435,104.0,2026-08-24T00:05:00+02:00
GBPUSD,5m,2026-08-23T22:10:00+00:00,1.36435,1.36456,1.36435,1.36443,173.0,2026-08-24T00:10:00+02:00
GBPUSD,5m,2026-08-23T22:15:00+00:00,1.36443,1.36448,1.36442,1.36446,123.0,2026-08-24T00:15:00+02:00
GBPUSD,5m,2026-08-23T22:20:00+00:00,1.36446,1.3644699999999998,1.36443,1.36443,97.0,2026-08-24T00:20:00+02:00
GBPUSD,5m,2026-08-23T22:25:00+00:00,1.36443,1.36448,1.3643699999999999,1.36448,119.0,2026-08-24T00:25:00+02:00
GBPUSD,5m,2026-08-23T22:30:00+00:00,1.36448,1.36463,1.36446,1.3644699999999998,193.0,2026-08-24T00:30:00+02:00
GBPUSD,5m,2026-08-23T22:35:00+00:00,1.3644699999999998,1.36449,1.36438,1.36442,161.0,2026-08-24T00:35:00+02:00
GBPUSD,5m,2026-08-23T22:40:00+00:00,1.36442,1.36449,1.36429,1.36432,154.0,2026-08-24T00:40:00+02:00
GBPUSD,5m,2026-08-23T22:45:00+00:00,1.36432,1.36433,1.36421,1.3642999999999998,218.0,2026-08-24T00:45:00+02:00
GBPUSD,5m,2026-08-23T22:50:00+00:00,1.3642999999999998,1.36431,1.36424,1.36431,128.0,2026-08-24T00:50:00+02:00
GBPUSD,5m,2026-08-23T22:55:00+00:00,1.36431,1.36431,1.3641999999999999,1.36421,147.0,2026-08-24T00:55:00+02:00
GBPUSD,5m,2026-08-23T23:00:00+00:00,1.36421,1.36435,1.3641999999999999,1.36429,322.0,2026-08-24T01:00:00+02:00
GBPUSD,5m,2026-08-23T23:05:00+00:00,1.36429,1.3643399999999999,1.36429,1.3643399999999999,311.0,2026-08-24T01:05:00+02:00
GBPUSD,5m,2026-08-23T23:10:00+00:00,1.3643399999999999,1.36442,1.36432,1.36433,136.0,2026-08-24T01:10:00+02:00
GBPUSD,5m,2026-08-23T23:15:00+00:00,1.36433,1.36435,1.36422,1.3643399999999999,96.0,2026-08-24T01:15:00+02:00
GBPUSD,5m,2026-08-23T23:20:00+00:00,1.3643399999999999,1.36455,1.36433,1.3645,227.0,2026-08-24T01:20:00+02:00
GBPUSD,5m,2026-08-23T23:25:00+00:00,1.3645,1.36453,1.3644399999999999,1.3644399999999999,277.0,2026-08-24T01:25:00+02:00
GBPUSD,5m,2026-08-23T23:30:00+00:00,1.3644399999999999,1.36455,1.36443,1.36449,328.0,2026-08-24T01:30:00+02:00
GBPUSD,5m,2026-08-23T23:35:00+00:00,1.36449,1.36465,1.36448,1.36453,266.0,2026-08-24T01:35:00+02:00
GBPUSD,5m,2026-08-23T23:40:00+00:00,1.36453,1.36463,1.3644399999999999,1.36459,239.0,2026-08-24T01:40:00+02:00
GBPUSD,5m,2026-08-23T23:45:00+00:00,1.36459,1.36483,1.3645399999999999,1.3648099999999999,429.0,2026-08-24T01:45:00+02:00
GBPUSD,5m,2026-08-23T23:50:00+00:00,1.3648099999999999,1.36513,1.36472,1.36504,608.0,2026-08-24T01:50:00+02:00
GBPUSD,5m,2026-08-23T23:55:00+00:00,1.36504,1.36536,1.36504,1.36534,601.0,2026-08-24T01:55:00+02:00
GBPUSD,5m,2026-08-24T00:00:00+00:00,1.36534,1.3655199999999998,1.36513,1.36538,1460.0,2026-08-24T02:00:00+02:00
GBPUSD,5m,2026-08-24T00:05:00+00:00,1.36538,1.36554,1.3652199999999999,1.36523,1215.0,2026-08-24T02:05:00+02:00
GBPUSD,5m,2026-08-24T00:10:00+00:00,1.36523,1.36551,1.3652199999999999,1.36531,929.0,2026-08-24T02:10:00+02:00
GBPUSD,5m,2026-08-24T00:15:00+00:00,1.36531,1.36544,1.3652,1.3652,879.0,2026-08-24T02:15:00+02:00
GBPUSD,5m,2026-08-24T00:20:00+00:00,1.3652,1.36544,1.36509,1.36531,926.0,2026-08-24T02:20:00+02:00
GBPUSD,5m,2026-08-24T00:25:00+00:00,1.36531,1.36533,1.36504,1.36507,881.0,2026-08-24T02:25:00+02:00
GBPUSD,5m,2026-08-24T00:30:00+00:00,1.36507,1.3651499999999999,1.365,1.36501,919.0,2026-08-24T02:30:00+02:00
GBPUSD,5m,2026-08-24T00:35:00+00:00,1.36501,1.36511,1.3649,1.3650499999999999,946.0,2026-08-24T02:35:00+02:00
GBPUSD,5m,2026-08-24T00:40:00+00:00,1.3650499999999999,1.36512,1.36493,1.36504,553.0,2026-08-24T02:40:00+02:00
GBPUSD,5m,2026-08-24T00:45:00+00:00,1.36504,1.36511,1.36489,1.36511,691.0,2026-08-24T02:45:00+02:00
GBPUSD,5m,2026-08-24T00:50:00+00:00,1.36511,1.3652499999999999,1.36501,1.36516,886.0,2026-08-24T02:50:00+02:00
GBPUSD,5m,2026-08-24T00:55:00+00:00,1.36516,1.3655199999999998,1.36506,1.3654199999999999,1123.0,2026-08-24T02:55:00+02:00
GBPUSD,5m,2026-08-24T01:00:00+00:00,1.3654199999999999,1.3655599999999999,1.36499,1.3650499999999999,1384.0,2026-08-24T03:00:00+02:00
GBPUSD,5m,2026-08-24T01:05:00+00:00,1.3650499999999999,1.36523,1.3648,1.36493,1286.0,2026-08-24T03:05:00+02:00
GBPUSD,5m,2026-08-24T01:10:00+00:00,1.36493,1.36504,1.36468,1.36469,920.0,2026-08-24T03:10:00+02:00
GBPUSD,5m,2026-08-24T01:15:00+00:00,1.36469,1.3647799999999999,1.36452,1.3647099999999999,1014.0,2026-08-24T03:15:00+02:00
GBPUSD,5m,2026-08-24T01:20:00+00:00,1.3647099999999999,1.36472,1.3644399999999999,1.36462,1047.0,2026-08-24T03:20:00+02:00
GBPUSD,5m,2026-08-24T01:25:00+00:00,1.36462,1.36463,1.36423,1.36428,1301.0,2026-08-24T03:25:00+02:00
GBPUSD,5m,2026-08-24T01:30:00+00:00,1.36428,1.3642999999999998,1.36412,1.36424,1369.0,2026-08-24T03:30:00+02:00
GBPUSD,5m,2026-08-24T01:35:00+00:00,1.36424,1.36432,1.36412,1.36421,906.0,2026-08-24T03:35:00+02:00
GBPUSD,5m,2026-08-24T01:40:00+00:00,1.36421,1.36435,1.36416,1.36431,866.0,2026-08-24T03:40:00+02:00
GBPUSD,5m,2026-08-24T01:45:00+00:00,1.36431,1.3644399999999999,1.36425,1.36443,909.0,2026-08-24T03:45:00+02:00
GBPUSD,5m,2026-08-24T01:50:00+00:00,1.36443,1.36475,1.36442,1.3647099999999999,1045.0,2026-08-24T03:50:00+02:00
GBPUSD,5m,2026-08-24T01:55:00+00:00,1.3647099999999999,1.3648,1.3646399999999999,1.36473,1093.0,2026-08-24T03:55:00+02:00
GBPUSD,5m,2026-08-24T02:00:00+00:00,1.36473,1.36482,1.3646099999999999,1.36475,1117.0,2026-08-24T04:00:00+02:00
GBPUSD,5m,2026-08-24T02:05:00+00:00,1.36475,1.36479,1.36459,1.36477,893.0,2026-08-24T04:05:00+02:00
GBPUSD,5m,2026-08-24T02:10:00+00:00,1.36477,1.36507,1.36472,1.36501,982.0,2026-08-24T04:10:00+02:00
GBPUSD,5m,2026-08-24T02:15:00+00:00,1.36501,1.36517,1.36497,1.36503,819.0,2026-08-24T04:15:00+02:00
GBPUSD,5m,2026-08-24T02:20:00+00:00,1.36503,1.36506,1.36493,1.36504,813.0,2026-08-24T04:20:00+02:00
GBPUSD,5m,2026-08-24T02:25:00+00:00,1.36504,1.36512,1.3649099999999998,1.36492,549.0,2026-08-24T04:25:00+02:00
GBPUSD,5m,2026-08-24T02:30:00+00:00,1.36492,1.36494,1.36451,1.36453,761.0,2026-08-24T04:30:00+02:00
GBPUSD,5m,2026-08-24T02:35:00+00:00,1.36453,1.3647099999999999,1.36452,1.3645699999999998,843.0,2026-08-24T04:35:00+02:00
GBPUSD,5m,2026-08-24T02:40:00+00:00,1.3645699999999998,1.36475,1.36453,1.3647399999999998,641.0,2026-08-24T04:40:00+02:00
GBPUSD,5m,2026-08-24T02:45:00+00:00,1.3647399999999998,1.36476,1.3645399999999999,1.36459,1075.0,2026-08-24T04:45:00+02:00
GBPUSD,5m,2026-08-24T02:50:00+00:00,1.36459,1.36487,1.36458,1.36484,663.0,2026-08-24T04:50:00+02:00
GBPUSD,5m,2026-08-24T02:55:00+00:00,1.36484,1.36496,1.36483,1.3649,646.0,2026-08-24T04:55:00+02:00
GBPUSD,5m,2026-08-24T03:00:00+00:00,1.3649,1.365,1.36465,1.36484,678.0,2026-08-24T05:00:00+02:00
GBPUSD,5m,2026-08-24T03:05:00+00:00,1.36484,1.36484,1.36466,1.36472,727.0,2026-08-24T05:05:00+02:00
GBPUSD,5m,2026-08-24T03:10:00+00:00,1.36472,1.3647399999999998,1.36449,1.36473,738.0,2026-08-24T05:10:00+02:00
GBPUSD,5m,2026-08-24T03:15:00+00:00,1.36473,1.3648099999999999,1.36467,1.36473,641.0,2026-08-24T05:15:00+02:00
GBPUSD,5m,2026-08-24T03:20:00+00:00,1.36473,1.3648799999999999,1.36463,1.36487,614.0,2026-08-24T05:20:00+02:00
GBPUSD,5m,2026-08-24T03:25:00+00:00,1.36487,1.36489,1.3646399999999999,1.36467,627.0,2026-08-24T05:25:00+02:00
GBPUSD,5m,2026-08-24T03:30:00+00:00,1.36467,1.36476,1.36466,1.36476,694.0,2026-08-24T05:30:00+02:00
GBPUSD,5m,2026-08-24T03:35:00+00:00,1.36476,1.36476,1.3646399999999999,1.36469,731.0,2026-08-24T05:35:00+02:00
GBPUSD,5m,2026-08-24T03:40:00+00:00,1.36469,1.3647099999999999,1.3645,1.36451,568.0,2026-08-24T05:40:00+02:00
GBPUSD,5m,2026-08-24T03:45:00+00:00,1.36451,1.36453,1.36433,1.3643399999999999,685.0,2026-08-24T05:45:00+02:00
GBPUSD,5m,2026-08-24T03:50:00+00:00,1.3643399999999999,1.36452,1.36429,1.36451,592.0,2026-08-24T05:50:00+02:00
GBPUSD,5m,2026-08-24T03:55:00+00:00,1.36451,1.3646,1.3644399999999999,1.36451,768.0,2026-08-24T05:55:00+02:00
GBPUSD,5m,2026-08-24T04:00:00+00:00,1.36451,1.36455,1.36431,1.36431,863.0,2026-08-24T06:00:00+02:00
GBPUSD,5m,2026-08-24T04:05:00+00:00,1.36431,1.3643399999999999,1.3640999999999999,1.36412,961.0,2026-08-24T06:05:00+02:00
GBPUSD,5m,2026-08-24T04:10:00+00:00,1.36412,1.36453,1.36405,1.36432,1368.0,2026-08-24T06:10:00+02:00
GBPUSD,5m,2026-08-24T04:15:00+00:00,1.36432,1.36433,1.36419,1.36423,887.0,2026-08-24T06:15:00+02:00
GBPUSD,5m,2026-08-24T04:20:00+00:00,1.36423,1.3644399999999999,1.36419,1.3643399999999999,1125.0,2026-08-24T06:20:00+02:00
GBPUSD,5m,2026-08-24T04:25:00+00:00,1.3643399999999999,1.36468,1.36431,1.36463,1291.0,2026-08-24T06:25:00+02:00
GBPUSD,5m,2026-08-24T04:30:00+00:00,1.36463,1.3646399999999999,1.3644399999999999,1.3645399999999999,1038.0,2026-08-24T06:30:00+02:00
GBPUSD,5m,2026-08-24T04:35:00+00:00,1.3645399999999999,1.3646,1.3644,1.36449,848.0,2026-08-24T06:35:00+02:00
GBPUSD,5m,2026-08-24T04:40:00+00:00,1.36449,1.36456,1.36443,1.3644699999999998,664.0,2026-08-24T06:40:00+02:00
GBPUSD,5m,2026-08-24T04:45:00+00:00,1.3644699999999998,1.36459,1.3643699999999999,1.3644399999999999,679.0,2026-08-24T06:45:00+02:00
GBPUSD,5m,2026-08-24T04:50:00+00:00,1.3644399999999999,1.3646399999999999,1.36442,1.36463,660.0,2026-08-24T06:50:00+02:00
GBPUSD,5m,2026-08-24T04:55:00+00:00,1.36463,1.3647099999999999,1.36451,1.3647099999999999,921.0,2026-08-24T06:55:00+02:00
GBPUSD,5m,2026-08-24T05:00:00+00:00,1.3647099999999999,1.36473,1.36445,1.36451,1072.0,2026-08-24T07:00:00+02:00
GBPUSD,5m,2026-08-24T05:05:00+00:00,1.36451,1.36455,1.36441,1.3644399999999999,650.0,2026-08-24T07:05:00+02:00
GBPUSD,5m,2026-08-24T05:10:00+00:00,1.3644399999999999,1.3645,1.36438,1.3644399999999999,679.0,2026-08-24T07:10:00+02:00
GBPUSD,5m,2026-08-24T05:15:00+00:00,1.3644399999999999,1.36463,1.36443,1.36453,675.0,2026-08-24T07:15:00+02:00
GBPUSD,5m,2026-08-24T05:20:00+00:00,1.36453,1.36453,1.3641999999999999,1.36424,910.0,2026-08-24T07:20:00+02:00
GBPUSD,5m,2026-08-24T05:25:00+00:00,1.36424,1.36441,1.36423,1.36429,959.0,2026-08-24T07:25:00+02:00
GBPUSD,5m,2026-08-24T05:30:00+00:00,1.36429,1.36433,1.36409,1.36414,1073.0,2026-08-24T07:30:00+02:00
GBPUSD,5m,2026-08-24T05:35:00+00:00,1.36414,1.36425,1.3639599999999998,1.3639999999999999,656.0,2026-08-24T07:35:00+02:00
GBPUSD,5m,2026-08-24T05:40:00+00:00,1.3639999999999999,1.36404,1.36385,1.3639,542.0,2026-08-24T07:40:00+02:00
GBPUSD,5m,2026-08-24T05:45:00+00:00,1.3639,1.36404,1.36382,1.3640299999999999,803.0,2026-08-24T07:45:00+02:00
GBPUSD,5m,2026-08-24T05:50:00+00:00,1.3640299999999999,1.3642999999999998,1.36401,1.36418,864.0,2026-08-24T07:50:00+02:00
GBPUSD,5m,2026-08-24T05:55:00+00:00,1.36418,1.3644399999999999,1.36418,1.36432,656.0,2026-08-24T07:55:00+02:00
GBPUSD,5m,2026-08-24T06:00:00+00:00,1.36432,1.36446,1.3641999999999999,1.36424,1386.0,2026-08-24T08:00:00+02:00
GBPUSD,5m,2026-08-24T06:05:00+00:00,1.36424,1.3643399999999999,1.3641299999999998,1.36432,1033.0,2026-08-24T08:05:00+02:00
GBPUSD,5m,2026-08-24T06:10:00+00:00,1.36432,1.36435,1.36411,1.3642699999999999,1128.0,2026-08-24T08:10:00+02:00
GBPUSD,5m,2026-08-24T06:15:00+00:00,1.3642699999999999,1.3643699999999999,1.3640999999999999,1.36412,1088.0,2026-08-24T08:15:00+02:00
GBPUSD,5m,2026-08-24T06:20:00+00:00,1.36412,1.36418,1.3639,1.36405,1335.0,2026-08-24T08:20:00+02:00
GBPUSD,5m,2026-08-24T06:25:00+00:00,1.36405,1.36415,1.36378,1.36384,1137.0,2026-08-24T08:25:00+02:00
GBPUSD,5m,2026-08-24T06:30:00+00:00,1.36384,1.3641299999999998,1.3638299999999999,1.36412,1658.0,2026-08-24T08:30:00+02:00
GBPUSD,5m,2026-08-24T06:35:00+00:00,1.36412,1.3641699999999999,1.36402,1.3640999999999999,711.0,2026-08-24T08:35:00+02:00
GBPUSD,5m,2026-08-24T06:40:00+00:00,1.3640999999999999,1.36415,1.36397,1.36404,769.0,2026-08-24T08:40:00+02:00
GBPUSD,5m,2026-08-24T06:45:00+00:00,1.36404,1.36411,1.36371,1.36398,968.0,2026-08-24T08:45:00+02:00
GBPUSD,5m,2026-08-24T06:50:00+00:00,1.36398,1.3645699999999998,1.36398,1.36441,1005.0,2026-08-24T08:50:00+02:00
GBPUSD,5m,2026-08-24T06:55:00+00:00,1.36441,1.36443,1.36418,1.3642999999999998,1403.0,2026-08-24T08:55:00+02:00
GBPUSD,5m,2026-08-24T07:00:00+00:00,1.3642999999999998,1.36486,1.36426,1.3646099999999999,1806.0,2026-08-24T09:00:00+02:00
GBPUSD,5m,2026-08-24T07:05:00+00:00,1.3646099999999999,1.36462,1.36421,1.36446,1078.0,2026-08-24T09:05:00+02:00
GBPUSD,5m,2026-08-24T07:10:00+00:00,1.36446,1.36453,1.36426,1.3643699999999999,1288.0,2026-08-24T09:10:00+02:00
GBPUSD,5m,2026-08-24T07:15:00+00:00,1.3643699999999999,1.36438,1.36409,1.36431,1218.0,2026-08-24T09:15:00+02:00
GBPUSD,5m,2026-08-24T07:20:00+00:00,1.36431,1.3646,1.36431,1.36439,945.0,2026-08-24T09:20:00+02:00
GBPUSD,5m,2026-08-24T07:25:00+00:00,1.36439,1.36455,1.36433,1.36445,982.0,2026-08-24T09:25:00+02:00
GBPUSD,5m,2026-08-24T07:30:00+00:00,1.36445,1.36484,1.36435,1.3648099999999999,1196.0,2026-08-24T09:30:00+02:00
GBPUSD,5m,2026-08-24T07:35:00+00:00,1.3648099999999999,1.36485,1.36452,1.36455,1068.0,2026-08-24T09:35:00+02:00
GBPUSD,5m,2026-08-24T07:40:00+00:00,1.36455,1.3645699999999998,1.36329,1.36331,2530.0,2026-08-24T09:40:00+02:00
GBPUSD,5m,2026-08-24T07:45:00+00:00,1.36331,1.36351,1.36314,1.3633899999999999,1607.0,2026-08-24T09:45:00+02:00
GBPUSD,5m,2026-08-24T07:50:00+00:00,1.3633899999999999,1.36372,1.3633499999999998,1.36371,1199.0,2026-08-24T09:50:00+02:00
GBPUSD,5m,2026-08-24T07:55:00+00:00,1.36371,1.3639,1.3632199999999999,1.3632199999999999,1427.0,2026-08-24T09:55:00+02:00
GBPUSD,5m,2026-08-24T08:00:00+00:00,1.3632199999999999,1.36345,1.36297,1.36336,1724.0,2026-08-24T10:00:00+02:00
GBPUSD,5m,2026-08-24T08:05:00+00:00,1.36336,1.36388,1.36333,1.36351,1377.0,2026-08-24T10:05:00+02:00
GBPUSD,5m,2026-08-24T08:10:00+00:00,1.36351,1.36353,1.36292,1.36293,907.0,2026-08-24T10:10:00+02:00
GBPUSD,5m,2026-08-24T08:15:00+00:00,1.36293,1.3632199999999999,1.36273,1.36314,1156.0,2026-08-24T10:15:00+02:00
GBPUSD,5m,2026-08-24T08:20:00+00:00,1.36314,1.36323,1.36279,1.36279,629.0,2026-08-24T10:20:00+02:00
GBPUSD,5m,2026-08-24T08:25:00+00:00,1.36279,1.36283,1.36241,1.36256,1150.0,2026-08-24T10:25:00+02:00
GBPUSD,5m,2026-08-24T08:30:00+00:00,1.36256,1.363,1.36255,1.3629499999999999,923.0,2026-08-24T10:30:00+02:00
GBPUSD,5m,2026-08-24T08:35:00+00:00,1.3629499999999999,1.3630499999999999,1.3628,1.36301,878.0,2026-08-24T10:35:00+02:00
GBPUSD,5m,2026-08-24T08:40:00+00:00,1.36301,1.3632499999999999,1.36299,1.3630499999999999,850.0,2026-08-24T10:40:00+02:00
GBPUSD,5m,2026-08-24T08:45:00+00:00,1.3630499999999999,1.36321,1.36284,1.36319,816.0,2026-08-24T10:45:00+02:00
GBPUSD,5m,2026-08-24T08:50:00+00:00,1.36319,1.36333,1.36293,1.363,1076.0,2026-08-24T10:50:00+02:00
GBPUSD,5m,2026-08-24T08:55:00+00:00,1.363,1.36301,1.36207,1.36211,1124.0,2026-08-24T10:55:00+02:00
GBPUSD,5m,2026-08-24T09:00:00+00:00,1.36211,1.3629099999999998,1.36211,1.36273,1051.0,2026-08-24T11:00:00+02:00
GBPUSD,5m,2026-08-24T09:05:00+00:00,1.36273,1.36283,1.36241,1.36243,829.0,2026-08-24T11:05:00+02:00
GBPUSD,5m,2026-08-24T09:10:00+00:00,1.36243,1.36276,1.36238,1.36272,912.0,2026-08-24T11:10:00+02:00
GBPUSD,5m,2026-08-24T09:15:00+00:00,1.36272,1.36282,1.3626,1.36279,909.0,2026-08-24T11:15:00+02:00
GBPUSD,5m,2026-08-24T09:20:00+00:00,1.36279,1.3629,1.36268,1.3627799999999999,595.0,2026-08-24T11:20:00+02:00
GBPUSD,5m,2026-08-24T09:25:00+00:00,1.3627799999999999,1.3629099999999998,1.36258,1.36289,697.0,2026-08-24T11:25:00+02:00
GBPUSD,5m,2026-08-24T09:30:00+00:00,1.36289,1.36309,1.36277,1.36279,783.0,2026-08-24T11:30:00+02:00
GBPUSD,5m,2026-08-24T09:35:00+00:00,1.36279,1.3628,1.36255,1.36277,517.0,2026-08-24T11:35:00+02:00
GBPUSD,5m,2026-08-24T09:40:00+00:00,1.36277,1.3629,1.3626,1.36286,486.0,2026-08-24T11:40:00+02:00
GBPUSD,5m,2026-08-24T09:45:00+00:00,1.36286,1.3631199999999999,1.36285,1.3630799999999998,594.0,2026-08-24T11:45:00+02:00
GBPUSD,5m,2026-08-24T09:50:00+00:00,1.3630799999999998,1.36328,1.36303,1.3632499999999999,553.0,2026-08-24T11:50:00+02:00
GBPUSD,5m,2026-08-24T09:55:00+00:00,1.3632499999999999,1.36338,1.36311,1.36337,817.0,2026-08-24T11:55:00+02:00
GBPUSD,5m,2026-08-24T10:00:00+00:00,1.36337,1.36345,1.36314,1.36327,1049.0,2026-08-24T12:00:00+02:00
GBPUSD,5m,2026-08-24T10:05:00+00:00,1.36327,1.3633199999999999,1.36309,1.3631499999999999,594.0,2026-08-24T12:05:00+02:00
GBPUSD,5m,2026-08-24T10:10:00+00:00,1.3631499999999999,1.36333,1.36304,1.3632199999999999,614.0,2026-08-24T12:10:00+02:00
GBPUSD,5m,2026-08-24T10:15:00+00:00,1.3632199999999999,1.36341,1.3630499999999999,1.3633499999999998,613.0,2026-08-24T12:15:00+02:00
GBPUSD,5m,2026-08-24T10:20:00+00:00,1.3633499999999998,1.36336,1.36319,1.36334,539.0,2026-08-24T12:20:00+02:00
GBPUSD,5m,2026-08-24T10:25:00+00:00,1.36334,1.3634899999999999,1.3632499999999999,1.36327,778.0,2026-08-24T12:25:00+02:00
GBPUSD,5m,2026-08-24T10:30:00+00:00,1.36327,1.36331,1.36299,1.36318,686.0,2026-08-24T12:30:00+02:00
GBPUSD,5m,2026-08-24T10:35:00+00:00,1.36318,1.36319,1.36294,1.36302,535.0,2026-08-24T12:35:00+02:00
GBPUSD,5m,2026-08-24T10:40:00+00:00,1.36302,1.3630499999999999,1.36256,1.36267,777.0,2026-08-24T12:40:00+02:00
GBPUSD,5m,2026-08-24T10:45:00+00:00,1.36267,1.36286,1.36259,1.3626399999999999,893.0,2026-08-24T12:45:00+02:00
GBPUSD,5m,2026-08-24T10:50:00+00:00,1.3626399999999999,1.3628,1.36252,1.3626399999999999,886.0,2026-08-24T12:50:00+02:00
GBPUSD,5m,2026-08-24T10:55:00+00:00,1.3626399999999999,1.36297,1.36252,1.36253,1254.0,2026-08-24T12:55:00+02:00
GBPUSD,5m,2026-08-24T11:00:00+00:00,1.36253,1.36273,1.36223,1.36232,1539.0,2026-08-24T13:00:00+02:00
GBPUSD,5m,2026-08-24T11:05:00+00:00,1.36232,1.36286,1.36232,1.3628,991.0,2026-08-24T13:05:00+02:00
GBPUSD,5m,2026-08-24T11:10:00+00:00,1.3628,1.36283,1.36258,1.36268,677.0,2026-08-24T13:10:00+02:00
GBPUSD,5m,2026-08-24T11:15:00+00:00,1.36268,1.36276,1.3625,1.36268,879.0,2026-08-24T13:15:00+02:00
GBPUSD,5m,2026-08-24T11:20:00+00:00,1.36268,1.3629799999999999,1.36266,1.3629499999999999,759.0,2026-08-24T13:20:00+02:00
GBPUSD,5m,2026-08-24T11:25:00+00:00,1.3629499999999999,1.36307,1.3629,1.363,948.0,2026-08-24T13:25:00+02:00
GBPUSD,5m,2026-08-24T11:30:00+00:00,1.363,1.36331,1.3629,1.36319,1676.0,2026-08-24T13:30:00+02:00
GBPUSD,5m,2026-08-24T11:35:00+00:00,1.36319,1.36405,1.36318,1.36338,3850.0,2026-08-24T13:35:00+02:00
GBPUSD,5m,2026-08-24T11:40:00+00:00,1.36338,1.3636899999999998,1.36331,1.3634199999999999,1299.0,2026-08-24T13:40:00+02:00
GBPUSD,5m,2026-08-24T11:45:00+00:00,1.3634199999999999,1.36364,1.36338,1.36343,1131.0,2026-08-24T13:45:00+02:00
GBPUSD,5m,2026-08-24T11:50:00+00:00,1.36343,1.3638,1.36319,1.3638,1290.0,2026-08-24T13:50:00+02:00
GBPUSD,5m,2026-08-24T11:55:00+00:00,1.3638,1.36397,1.36368,1.3638299999999999,1175.0,2026-08-24T13:55:00+02:00
GBPUSD,5m,2026-08-24T12:00:00+00:00,1.3638299999999999,1.36392,1.3635,1.3635,1256.0,2026-08-24T14:00:00+02:00
GBPUSD,5m,2026-08-24T12:05:00+00:00,1.3635,1.3635199999999998,1.3631199999999999,1.3634,1117.0,2026-08-24T14:05:00+02:00
GBPUSD,5m,2026-08-24T12:10:00+00:00,1.3634,1.36363,1.36323,1.3634199999999999,1270.0,2026-08-24T14:10:00+02:00
GBPUSD,5m,2026-08-24T12:15:00+00:00,1.3634199999999999,1.36368,1.36321,1.36368,1514.0,2026-08-24T14:15:00+02:00
GBPUSD,5m,2026-08-24T12:20:00+00:00,1.36368,1.36421,1.3635899999999999,1.36406,2056.0,2026-08-24T14:20:00+02:00
GBPUSD,5m,2026-08-24T12:25:00+00:00,1.36406,1.36446,1.36402,1.36443,839.0,2026-08-24T14:25:00+02:00
GBPUSD,5m,2026-08-24T12:30:00+00:00,1.36443,1.36452,1.36353,1.3641299999999998,2196.0,2026-08-24T14:30:00+02:00
GBPUSD,5m,2026-08-24T12:35:00+00:00,1.3641299999999998,1.36452,1.3641299999999998,1.36441,1567.0,2026-08-24T14:35:00+02:00
GBPUSD,5m,2026-08-24T12:40:00+00:00,1.36441,1.36472,1.36389,1.3639599999999998,1860.0,2026-08-24T14:40:00+02:00
GBPUSD,5m,2026-08-24T12:45:00+00:00,1.3639599999999998,1.36412,1.3636599999999999,1.36407,1001.0,2026-08-24T14:45:00+02:00
GBPUSD,5m,2026-08-24T12:50:00+00:00,1.36407,1.36455,1.36401,1.36455,983.0,2026-08-24T14:50:00+02:00
GBPUSD,5m,2026-08-24T12:55:00+00:00,1.36455,1.36458,1.36412,1.36422,1340.0,2026-08-24T14:55:00+02:00
GBPUSD,5m,2026-08-24T13:00:00+00:00,1.36422,1.36463,1.3641999999999999,1.36433,1463.0,2026-08-24T15:00:00+02:00
GBPUSD,5m,2026-08-24T13:05:00+00:00,1.36433,1.36469,1.36426,1.3646399999999999,1053.0,2026-08-24T15:05:00+02:00
GBPUSD,5m,2026-08-24T13:10:00+00:00,1.3646399999999999,1.3647799999999999,1.36448,1.3647399999999998,1295.0,2026-08-24T15:10:00+02:00
GBPUSD,5m,2026-08-24T13:15:00+00:00,1.3647399999999998,1.36493,1.36455,1.3648099999999999,1825.0,2026-08-24T15:15:00+02:00
GBPUSD,5m,2026-08-24T13:20:00+00:00,1.3648099999999999,1.3649099999999998,1.36456,1.36472,1459.0,2026-08-24T15:20:00+02:00
GBPUSD,5m,2026-08-24T13:25:00+00:00,1.36472,1.36479,1.36421,1.36423,1132.0,2026-08-24T15:25:00+02:00
GBPUSD,5m,2026-08-24T13:30:00+00:00,1.36423,1.36449,1.36408,1.36441,1470.0,2026-08-24T15:30:00+02:00
GBPUSD,5m,2026-08-24T13:35:00+00:00,1.36441,1.36455,1.36428,1.3644,1656.0,2026-08-24T15:35:00+02:00
GBPUSD,5m,2026-08-24T13:40:00+00:00,1.3644,1.3647399999999998,1.36404,1.36408,1626.0,2026-08-24T15:40:00+02:00
GBPUSD,5m,2026-08-24T13:45:00+00:00,1.36408,1.3645,1.36397,1.36442,1814.0,2026-08-24T15:45:00+02:00
GBPUSD,5m,2026-08-24T13:50:00+00:00,1.36442,1.3645,1.36391,1.36422,1396.0,2026-08-24T15:50:00+02:00
GBPUSD,5m,2026-08-24T13:55:00+00:00,1.36422,1.36423,1.3637599999999999,1.36405,1678.0,2026-08-24T15:55:00+02:00
GBPUSD,5m,2026-08-24T14:00:00+00:00,1.36405,1.36416,1.36372,1.36391,2011.0,2026-08-24T16:00:00+02:00
GBPUSD,5m,2026-08-24T14:05:00+00:00,1.36391,1.3639999999999999,1.3636,1.36382,1307.0,2026-08-24T16:05:00+02:00
GBPUSD,5m,2026-08-24T14:10:00+00:00,1.36382,1.36412,1.36374,1.3639599999999998,1101.0,2026-08-24T16:10:00+02:00
GBPUSD,5m,2026-08-24T14:15:00+00:00,1.3639599999999998,1.36397,1.36338,1.3638599999999999,1409.0,2026-08-24T16:15:00+02:00
GBPUSD,5m,2026-08-24T14:20:00+00:00,1.3638599999999999,1.36421,1.36374,1.36414,1332.0,2026-08-24T16:20:00+02:00
GBPUSD,5m,2026-08-24T14:25:00+00:00,1.36414,1.36425,1.36401,1.3641299999999998,1690.0,2026-08-24T16:25:00+02:00
GBPUSD,5m,2026-08-24T14:30:00+00:00,1.3641299999999998,1.36416,1.3637599999999999,1.36395,1652.0,2026-08-24T16:30:00+02:00
GBPUSD,5m,2026-08-24T14:35:00+00:00,1.36395,1.36416,1.36389,1.3639599999999998,1524.0,2026-08-24T16:35:00+02:00
GBPUSD,5m,2026-08-24T14:40:00+00:00,1.3639599999999998,1.36407,1.3637,1.36406,1048.0,2026-08-24T16:40:00+02:00
GBPUSD,5m,2026-08-24T14:45:00+00:00,1.36406,1.36424,1.36395,1.36405,1006.0,2026-08-24T16:45:00+02:00
GBPUSD,5m,2026-08-24T14:50:00+00:00,1.36405,1.36405,1.36345,1.3635199999999998,1425.0,2026-08-24T16:50:00+02:00
GBPUSD,5m,2026-08-24T14:55:00+00:00,1.3635199999999998,1.3635899999999999,1.36321,1.36336,1712.0,2026-08-24T16:55:00+02:00
GBPUSD,5m,2026-08-24T15:00:00+00:00,1.36336,1.36404,1.36331,1.36397,1654.0,2026-08-24T17:00:00+02:00
GBPUSD,5m,2026-08-24T15:05:00+00:00,1.36397,1.36406,1.36377,1.36382,1351.0,2026-08-24T17:05:00+02:00
GBPUSD,5m,2026-08-24T15:10:00+00:00,1.36382,1.36395,1.3636599999999999,1.36391,1635.0,2026-08-24T17:10:00+02:00
GBPUSD,5m,2026-08-24T15:15:00+00:00,1.36391,1.36402,1.36375,1.3637599999999999,1758.0,2026-08-24T17:15:00+02:00
GBPUSD,5m,2026-08-24T15:20:00+00:00,1.3637599999999999,1.36382,1.36357,1.3637599999999999,1499.0,2026-08-24T17:20:00+02:00
GBPUSD,5m,2026-08-24T15:25:00+00:00,1.3637599999999999,1.3644399999999999,1.3637599999999999,1.3641999999999999,2817.0,2026-08-24T17:25:00+02:00
GBPUSD,5m,2026-08-24T15:30:00+00:00,1.3641999999999999,1.36426,1.36375,1.36395,1591.0,2026-08-24T17:30:00+02:00
GBPUSD,5m,2026-08-24T15:35:00+00:00,1.36395,1.3639999999999999,1.3636,1.36361,823.0,2026-08-24T17:35:00+02:00
GBPUSD,5m,2026-08-24T15:40:00+00:00,1.36361,1.3636599999999999,1.3633899999999999,1.3633899999999999,802.0,2026-08-24T17:40:00+02:00
GBPUSD,5m,2026-08-24T15:45:00+00:00,1.3633899999999999,1.3635599999999999,1.36331,1.36336,960.0,2026-08-24T17:45:00+02:00
GBPUSD,5m,2026-08-24T15:50:00+00:00,1.36336,1.36343,1.3631199999999999,1.3632,986.0,2026-08-24T17:50:00+02:00
GBPUSD,5m,2026-08-24T15:55:00+00:00,1.3632,1.3632,1.36282,1.36293,967.0,2026-08-24T17:55:00+02:00
GBPUSD,5m,2026-08-24T16:00:00+00:00,1.36293,1.36365,1.36284,1.3633499999999998,2659.0,2026-08-24T18:00:00+02:00
GBPUSD,5m,2026-08-24T16:05:00+00:00,1.3633499999999998,1.36361,1.36311,1.36311,1160.0,2026-08-24T18:05:00+02:00
GBPUSD,5m,2026-08-24T16:10:00+00:00,1.36311,1.36338,1.363,1.36326,1171.0,2026-08-24T18:10:00+02:00
GBPUSD,5m,2026-08-24T16:15:00+00:00,1.36326,1.36353,1.36321,1.36341,782.0,2026-08-24T18:15:00+02:00
GBPUSD,5m,2026-08-24T16:20:00+00:00,1.36341,1.36353,1.36334,1.36344,844.0,2026-08-24T18:20:00+02:00
GBPUSD,5m,2026-08-24T16:25:00+00:00,1.36344,1.36358,1.36334,1.36341,741.0,2026-08-24T18:25:00+02:00
GBPUSD,5m,2026-08-24T16:30:00+00:00,1.36341,1.3637299999999999,1.36331,1.36341,814.0,2026-08-24T18:30:00+02:00
GBPUSD,5m,2026-08-24T16:35:00+00:00,1.36341,1.36372,1.36336,1.36344,722.0,2026-08-24T18:35:00+02:00
GBPUSD,5m,2026-08-24T16:40:00+00:00,1.36344,1.36351,1.3633199999999999,1.36344,631.0,2026-08-24T18:40:00+02:00
GBPUSD,5m,2026-08-24T16:45:00+00:00,1.36344,1.3635,1.3631499999999999,1.36319,972.0,2026-08-24T18:45:00+02:00
GBPUSD,5m,2026-08-24T16:50:00+00:00,1.36319,1.3633199999999999,1.36296,1.3630499999999999,925.0,2026-08-24T18:50:00+02:00
GBPUSD,5m,2026-08-24T16:55:00+00:00,1.3630499999999999,1.36344,1.3629099999999998,1.3634,1125.0,2026-08-24T18:55:00+02:00
GBPUSD,5m,2026-08-24T17:00:00+00:00,1.3634,1.36353,1.36317,1.36318,1013.0,2026-08-24T19:00:00+02:00
GBPUSD,5m,2026-08-24T17:05:00+00:00,1.36318,1.36365,1.363,1.36329,2294.0,2026-08-24T19:05:00+02:00
GBPUSD,5m,2026-08-24T17:10:00+00:00,1.36329,1.3633499999999998,1.36302,1.36323,1892.0,2026-08-24T19:10:00+02:00
GBPUSD,5m,2026-08-24T17:15:00+00:00,1.36323,1.3633499999999998,1.363,1.36324,1392.0,2026-08-24T19:15:00+02:00
GBPUSD,5m,2026-08-24T17:20:00+00:00,1.36324,1.3632499999999999,1.36262,1.36272,2472.0,2026-08-24T19:20:00+02:00
GBPUSD,5m,2026-08-24T17:25:00+00:00,1.36272,1.36285,1.36262,1.3627799999999999,1230.0,2026-08-24T19:25:00+02:00
GBPUSD,5m,2026-08-24T17:30:00+00:00,1.3627799999999999,1.3630499999999999,1.3627399999999998,1.36286,936.0,2026-08-24T19:30:00+02:00
GBPUSD,5m,2026-08-24T17:35:00+00:00,1.36286,1.36286,1.3627,1.3628099999999999,752.0,2026-08-24T19:35:00+02:00
GBPUSD,5m,2026-08-24T17:40:00+00:00,1.3628099999999999,1.36284,1.36267,1.3627099999999999,587.0,2026-08-24T19:40:00+02:00
GBPUSD,5m,2026-08-24T17:45:00+00:00,1.3627099999999999,1.36272,1.36245,1.3626099999999999,765.0,2026-08-24T19:45:00+02:00
GBPUSD,5m,2026-08-24T17:50:00+00:00,1.3626099999999999,1.3628,1.3625,1.36272,772.0,2026-08-24T19:50:00+02:00
GBPUSD,5m,2026-08-24T17:55:00+00:00,1.36272,1.36286,1.36262,1.36283,638.0,2026-08-24T19:55:00+02:00
GBPUSD,5m,2026-08-24T18:00:00+00:00,1.36283,1.36289,1.36269,1.36273,754.0,2026-08-24T20:00:00+02:00
GBPUSD,5m,2026-08-24T18:05:00+00:00,1.36273,1.36273,1.36243,1.3626,874.0,2026-08-24T20:05:00+02:00
GBPUSD,5m,2026-08-24T18:10:00+00:00,1.3626,1.36276,1.36258,1.36275,656.0,2026-08-24T20:10:00+02:00
GBPUSD,5m,2026-08-24T18:15:00+00:00,1.36275,1.36303,1.36272,1.3629499999999999,988.0,2026-08-24T20:15:00+02:00
GBPUSD,5m,2026-08-24T18:20:00+00:00,1.3629499999999999,1.3632,1.36293,1.36317,612.0,2026-08-24T20:20:00+02:00
GBPUSD,5m,2026-08-24T18:25:00+00:00,1.36317,1.3633899999999999,1.36316,1.3633199999999999,759.0,2026-08-24T20:25:00+02:00
GBPUSD,5m,2026-08-24T18:30:00+00:00,1.3633199999999999,1.3634,1.3630499999999999,1.3630799999999998,563.0,2026-08-24T20:30:00+02:00
GBPUSD,5m,2026-08-24T18:35:00+00:00,1.3630799999999998,1.3631,1.3628799999999999,1.36301,476.0,2026-08-24T20:35:00+02:00
GBPUSD,5m,2026-08-24T18:40:00+00:00,1.36301,1.36318,1.363,1.36309,526.0,2026-08-24T20:40:00+02:00
GBPUSD,5m,2026-08-24T18:45:00+00:00,1.36309,1.36318,1.36293,1.3629799999999999,581.0,2026-08-24T20:45:00+02:00
GBPUSD,5m,2026-08-24T18:50:00+00:00,1.3629799999999999,1.36309,1.36289,1.36301,689.0,2026-08-24T20:50:00+02:00
GBPUSD,5m,2026-08-24T18:55:00+00:00,1.36301,1.3631,1.36279,1.3630799999999998,669.0,2026-08-24T20:55:00+02:00
GBPUSD,5m,2026-08-24T19:00:00+00:00,1.3630799999999998,1.3630799999999998,1.36283,1.3629,622.0,2026-08-24T21:00:00+02:00
GBPUSD,5m,2026-08-24T19:05:00+00:00,1.3629,1.3629099999999998,1.36266,1.36267,379.0,2026-08-24T21:05:00+02:00
GBPUSD,5m,2026-08-24T19:10:00+00:00,1.36267,1.3628,1.36266,1.36277,297.0,2026-08-24T21:10:00+02:00
GBPUSD,5m,2026-08-24T19:15:00+00:00,1.36277,1.3628,1.36267,1.3627399999999998,469.0,2026-08-24T21:15:00+02:00
GBPUSD,5m,2026-08-24T19:20:00+00:00,1.3627399999999998,1.36282,1.3626099999999999,1.3626099999999999,490.0,2026-08-24T21:20:00+02:00
GBPUSD,5m,2026-08-24T19:25:00+00:00,1.3626099999999999,1.36267,1.3625099999999999,1.3625099999999999,440.0,2026-08-24T21:25:00+02:00
GBPUSD,5m,2026-08-24T19:30:00+00:00,1.3625099999999999,1.36265,1.36243,1.3626399999999999,464.0,2026-08-24T21:30:00+02:00
GBPUSD,5m,2026-08-24T19:35:00+00:00,1.3626399999999999,1.3626399999999999,1.3625099999999999,1.36252,292.0,2026-08-24T21:35:00+02:00
GBPUSD,5m,2026-08-24T19:40:00+00:00,1.36252,1.36282,1.3625099999999999,1.36273,583.0,2026-08-24T21:40:00+02:00
GBPUSD,5m,2026-08-24T19:45:00+00:00,1.36273,1.36296,1.36269,1.3629499999999999,507.0,2026-08-24T21:45:00+02:00
GBPUSD,5m,2026-08-24T19:50:00+00:00,1.3629499999999999,1.36301,1.36283,1.36293,525.0,2026-08-24T21:50:00+02:00
GBPUSD,5m,2026-08-24T19:55:00+00:00,1.36293,1.36297,1.3627,1.36276,737.0,2026-08-24T21:55:00+02:00
GBPUSD,5m,2026-08-24T20:00:00+00:00,1.36276,1.3629099999999998,1.36273,1.36285,533.0,2026-08-24T22:00:00+02:00
GBPUSD,5m,2026-08-24T20:05:00+00:00,1.36285,1.3630799999999998,1.36284,1.363,549.0,2026-08-24T22:05:00+02:00
GBPUSD,5m,2026-08-24T20:10:00+00:00,1.363,1.36304,1.36296,1.36299,205.0,2026-08-24T22:10:00+02:00
GBPUSD,5m,2026-08-24T20:15:00+00:00,1.36299,1.36301,1.3629799999999999,1.36299,73.0,2026-08-24T22:15:00+02:00
GBPUSD,5m,2026-08-24T20:20:00+00:00,1.36299,1.36303,1.36296,1.36296,162.0,2026-08-24T22:20:00+02:00
GBPUSD,5m,2026-08-24T20:25:00+00:00,1.36296,1.36301,1.36294,1.363,128.0,2026-08-24T22:25:00+02:00
GBPUSD,5m,2026-08-24T20:30:00+00:00,1.363,1.36303,1.3629,1.36293,342.0,2026-08-24T22:30:00+02:00
GBPUSD,5m,2026-08-24T20:35:00+00:00,1.36293,1.3629799999999999,1.36289,1.3629499999999999,222.0,2026-08-24T22:35:00+02:00
GBPUSD,5m,2026-08-24T20:40:00+00:00,1.3629499999999999,1.3629499999999999,1.36287,1.36289,110.0,2026-08-24T22:40:00+02:00
GBPUSD,5m,2026-08-24T20:45:00+00:00,1.36289,1.36303,1.3628799999999999,1.36303,121.0,2026-08-24T22:45:00+02:00
GBPUSD,5m,2026-08-24T20:50:00+00:00,1.36303,1.3630499999999999,1.36297,1.36302,61.0,2026-08-24T22:50:00+02:00
GBPUSD,5m,2026-08-24T20:55:00+00:00,1.36302,1.3631199999999999,1.36297,1.36302,222.0,2026-08-24T22:55:00+02:00
GBPUSD,5m,2026-08-24T21:00:00+00:00,1.36302,1.36302,1.36225,1.36225,5.0,2026-08-24T23:00:00+02:00
GBPUSD,5m,2026-08-24T21:05:00+00:00,1.36225,1.36272,1.3621999999999999,1.36242,38.0,2026-08-24T23:05:00+02:00
GBPUSD,5m,2026-08-24T21:10:00+00:00,1.36242,1.36255,1.36241,1.36255,65.0,2026-08-24T23:10:00+02:00
GBPUSD,5m,2026-08-24T21:15:00+00:00,1.36255,1.3631199999999999,1.36253,1.36309,156.0,2026-08-24T23:15:00+02:00
GBPUSD,5m,2026-08-24T21:20:00+00:00,1.36309,1.36351,1.36302,1.36307,163.0,2026-08-24T23:20:00+02:00
GBPUSD,5m,2026-08-24T21:25:00+00:00,1.36307,1.3631199999999999,1.36304,1.36307,115.0,2026-08-24T23:25:00+02:00
GBPUSD,5m,2026-08-24T21:30:00+00:00,1.36307,1.36318,1.36303,1.36306,237.0,2026-08-24T23:30:00+02:00
GBPUSD,5m,2026-08-24T21:35:00+00:00,1.36306,1.36319,1.36243,1.36294,682.0,2026-08-24T23:35:00+02:00
GBPUSD,5m,2026-08-24T21:40:00+00:00,1.36294,1.3632,1.36259,1.36297,246.0,2026-08-24T23:40:00+02:00
GBPUSD,5m,2026-08-24T21:45:00+00:00,1.36297,1.3633499999999998,1.36289,1.36316,276.0,2026-08-24T23:45:00+02:00
GBPUSD,5m,2026-08-24T21:50:00+00:00,1.36316,1.36336,1.36285,1.3629499999999999,267.0,2026-08-24T23:50:00+02:00
GBPUSD,5m,2026-08-24T21:55:00+00:00,1.3629499999999999,1.36314,1.36273,1.36277,290.0,2026-08-24T23:55:00+02:00
GBPUSD,5m,2026-08-24T22:00:00+00:00,1.36277,1.36334,1.36277,1.36328,206.0,2026-08-25T00:00:00+02:00
GBPUSD,5m,2026-08-24T22:05:00+00:00,1.36328,1.3633,1.36316,1.36324,64.0,2026-08-25T00:05:00+02:00
GBPUSD,5m,2026-08-24T22:10:00+00:00,1.36324,1.36326,1.36316,1.36318,66.0,2026-08-25T00:10:00+02:00
GBPUSD,5m,2026-08-24T22:15:00+00:00,1.36318,1.36326,1.36316,1.36319,65.0,2026-08-25T00:15:00+02:00
GBPUSD,5m,2026-08-24T22:20:00+00:00,1.36319,1.36331,1.36318,1.36324,155.0,2026-08-25T00:20:00+02:00
GBPUSD,5m,2026-08-24T22:25:00+00:00,1.36324,1.36327,1.3631499999999999,1.3632499999999999,117.0,2026-08-25T00:25:00+02:00
GBPUSD,5m,2026-08-24T22:30:00+00:00,1.3632499999999999,1.36326,1.36318,1.3632499999999999,55.0,2026-08-25T00:30:00+02:00
GBPUSD,5m,2026-08-24T22:35:00+00:00,1.3632499999999999,1.36333,1.3632,1.3632,125.0,2026-08-25T00:35:00+02:00
GBPUSD,5m,2026-08-24T22:40:00+00:00,1.3632,1.3633199999999999,1.36317,1.3633,89.0,2026-08-25T00:40:00+02:00
GBPUSD,5m,2026-08-24T22:45:00+00:00,1.3633,1.36337,1.36328,1.36329,69.0,2026-08-25T00:45:00+02:00
GBPUSD,5m,2026-08-24T22:50:00+00:00,1.36329,1.36331,1.36328,1.36329,42.0,2026-08-25T00:50:00+02:00
GBPUSD,5m,2026-08-24T22:55:00+00:00,1.36329,1.36333,1.36328,1.3633199999999999,65.0,2026-08-25T00:55:00+02:00
GBPUSD,5m,2026-08-24T23:00:00+00:00,1.3633199999999999,1.3634199999999999,1.3633,1.36337,413.0,2026-08-25T01:00:00+02:00
GBPUSD,5m,2026-08-24T23:05:00+00:00,1.36337,1.36346,1.3633199999999999,1.36341,97.0,2026-08-25T01:05:00+02:00
GBPUSD,5m,2026-08-24T23:10:00+00:00,1.36341,1.36344,1.36337,1.36341,88.0,2026-08-25T01:10:00+02:00
GBPUSD,5m,2026-08-24T23:15:00+00:00,1.36341,1.3634899999999999,1.3633899999999999,1.36347,225.0,2026-08-25T01:15:00+02:00
GBPUSD,5m,2026-08-24T23:20:00+00:00,1.36347,1.36348,1.3633899999999999,1.36341,124.0,2026-08-25T01:20:00+02:00
GBPUSD,5m,2026-08-24T23:25:00+00:00,1.36341,1.36343,1.36337,1.36338,70.0,2026-08-25T01:25:00+02:00
GBPUSD,5m,2026-08-24T23:30:00+00:00,1.36338,1.3634199999999999,1.3633,1.36341,189.0,2026-08-25T01:30:00+02:00
GBPUSD,5m,2026-08-24T23:35:00+00:00,1.36341,1.3634199999999999,1.36334,1.36337,303.0,2026-08-25T01:35:00+02:00
GBPUSD,5m,2026-08-24T23:40:00+00:00,1.36337,1.36341,1.3633,1.3634,248.0,2026-08-25T01:40:00+02:00
GBPUSD,5m,2026-08-24T23:45:00+00:00,1.3634,1.36345,1.36337,1.3634,170.0,2026-08-25T01:45:00+02:00
GBPUSD,5m,2026-08-24T23:50:00+00:00,1.3634,1.36374,1.3634,1.36371,323.0,2026-08-25T01:50:00+02:00
GBPUSD,5m,2026-08-24T23:55:00+00:00,1.36371,1.3637599999999999,1.36363,1.36371,316.0,2026-08-25T01:55:00+02:00
GBPUSD,5m,2026-08-25T00:00:00+00:00,1.36371,1.36397,1.3636,1.3636,951.0,2026-08-25T02:00:00+02:00
GBPUSD,5m,2026-08-25T00:05:00+00:00,1.3636,1.36391,1.3635899999999999,1.36375,936.0,2026-08-25T02:05:00+02:00
GBPUSD,5m,2026-08-25T00:10:00+00:00,1.36375,1.36391,1.3637,1.36384,1010.0,2026-08-25T02:10:00+02:00
GBPUSD,5m,2026-08-25T00:15:00+00:00,1.36384,1.36385,1.3636899999999998,1.36375,828.0,2026-08-25T02:15:00+02:00
GBPUSD,5m,2026-08-25T00:20:00+00:00,1.36375,1.3638,1.36368,1.36375,1040.0,2026-08-25T02:20:00+02:00
GBPUSD,5m,2026-08-25T00:25:00+00:00,1.36375,1.36385,1.3636599999999999,1.36384,709.0,2026-08-25T02:25:00+02:00
GBPUSD,5m,2026-08-25T00:30:00+00:00,1.36384,1.3639299999999999,1.36377,1.36392,932.0,2026-08-25T02:30:00+02:00
GBPUSD,5m,2026-08-25T00:35:00+00:00,1.36392,1.3639999999999999,1.36382,1.3638299999999999,581.0,2026-08-25T02:35:00+02:00
GBPUSD,5m,2026-08-25T00:40:00+00:00,1.3638299999999999,1.3639299999999999,1.3638,1.36387,772.0,2026-08-25T02:40:00+02:00
GBPUSD,5m,2026-08-25T00:45:00+00:00,1.36387,1.36391,1.36368,1.36385,726.0,2026-08-25T02:45:00+02:00
GBPUSD,5m,2026-08-25T00:50:00+00:00,1.36385,1.3639,1.36353,1.3636,973.0,2026-08-25T02:50:00+02:00
GBPUSD,5m,2026-08-25T00:55:00+00:00,1.3636,1.36391,1.36358,1.3638599999999999,761.0,2026-08-25T02:55:00+02:00
GBPUSD,5m,2026-08-25T01:00:00+00:00,1.3638599999999999,1.36388,1.3635899999999999,1.3636899999999998,971.0,2026-08-25T03:00:00+02:00
GBPUSD,5m,2026-08-25T01:05:00+00:00,1.3636899999999998,1.3639,1.36365,1.36384,818.0,2026-08-25T03:05:00+02:00
GBPUSD,5m,2026-08-25T01:10:00+00:00,1.36384,1.3639,1.3637299999999999,1.36381,868.0,2026-08-25T03:10:00+02:00
GBPUSD,5m,2026-08-25T01:15:00+00:00,1.36381,1.36381,1.36351,1.36367,1090.0,2026-08-25T03:15:00+02:00
GBPUSD,5m,2026-08-25T01:20:00+00:00,1.36367,1.3636899999999998,1.36338,1.3633899999999999,755.0,2026-08-25T03:20:00+02:00
GBPUSD,5m,2026-08-25T01:25:00+00:00,1.3633899999999999,1.36364,1.36329,1.36363,715.0,2026-08-25T03:25:00+02:00
GBPUSD,5m,2026-08-25T01:30:00+00:00,1.36363,1.36371,1.36346,1.36347,780.0,2026-08-25T03:30:00+02:00
GBPUSD,5m,2026-08-25T01:35:00+00:00,1.36347,1.36362,1.3634,1.3636,1105.0,2026-08-25T03:35:00+02:00
GBPUSD,5m,2026-08-25T01:40:00+00:00,1.3636,1.36374,1.36351,1.36357,732.0,2026-08-25T03:40:00+02:00
GBPUSD,5m,2026-08-25T01:45:00+00:00,1.36357,1.36357,1.36333,1.36345,868.0,2026-08-25T03:45:00+02:00
GBPUSD,5m,2026-08-25T01:50:00+00:00,1.36345,1.36346,1.3632,1.36331,846.0,2026-08-25T03:50:00+02:00
GBPUSD,5m,2026-08-25T01:55:00+00:00,1.36331,1.3633199999999999,1.36304,1.36317,807.0,2026-08-25T03:55:00+02:00
GBPUSD,5m,2026-08-25T02:00:00+00:00,1.36317,1.36323,1.363,1.36302,1215.0,2026-08-25T04:00:00+02:00
GBPUSD,5m,2026-08-25T02:05:00+00:00,1.36302,1.36341,1.3629799999999999,1.3634,1105.0,2026-08-25T04:05:00+02:00
GBPUSD,5m,2026-08-25T02:10:00+00:00,1.3634,1.36344,1.36328,1.3633,853.0,2026-08-25T04:10:00+02:00
GBPUSD,5m,2026-08-25T02:15:00+00:00,1.3633,1.3634199999999999,1.3632,1.36329,816.0,2026-08-25T04:15:00+02:00
GBPUSD,5m,2026-08-25T02:20:00+00:00,1.36329,1.3635,1.3632199999999999,1.36347,724.0,2026-08-25T04:20:00+02:00
GBPUSD,5m,2026-08-25T02:25:00+00:00,1.36347,1.3635199999999998,1.36334,1.3635199999999998,697.0,2026-08-25T04:25:00+02:00
GBPUSD,5m,2026-08-25T02:30:00+00:00,1.3635199999999998,1.3635199999999998,1.3632,1.3632199999999999,1160.0,2026-08-25T04:30:00+02:00
GBPUSD,5m,2026-08-25T02:35:00+00:00,1.3632199999999999,1.36344,1.36321,1.3634199999999999,927.0,2026-08-25T04:35:00+02:00
GBPUSD,5m,2026-08-25T02:40:00+00:00,1.3634199999999999,1.36354,1.3633499999999998,1.3634,774.0,2026-08-25T04:40:00+02:00
GBPUSD,5m,2026-08-25T02:45:00+00:00,1.3634,1.3635,1.36328,1.3633199999999999,938.0,2026-08-25T04:45:00+02:00
GBPUSD,5m,2026-08-25T02:50:00+00:00,1.3633199999999999,1.36334,1.36309,1.36318,1366.0,2026-08-25T04:50:00+02:00
GBPUSD,5m,2026-08-25T02:55:00+00:00,1.36318,1.36318,1.36292,1.3631499999999999,1030.0,2026-08-25T04:55:00+02:00
GBPUSD,5m,2026-08-25T03:00:00+00:00,1.3631499999999999,1.36318,1.36301,1.36309,869.0,2026-08-25T05:00:00+02:00
GBPUSD,5m,2026-08-25T03:05:00+00:00,1.36309,1.3633199999999999,1.36302,1.3633199999999999,962.0,2026-08-25T05:05:00+02:00
GBPUSD,5m,2026-08-25T03:10:00+00:00,1.3633199999999999,1.3633199999999999,1.3630799999999998,1.36311,775.0,2026-08-25T05:10:00+02:00
GBPUSD,5m,2026-08-25T03:15:00+00:00,1.36311,1.36323,1.36306,1.36316,722.0,2026-08-25T05:15:00+02:00
GBPUSD,5m,2026-08-25T03:20:00+00:00,1.36316,1.36316,1.36303,1.36306,932.0,2026-08-25T05:20:00+02:00
GBPUSD,5m,2026-08-25T03:25:00+00:00,1.36306,1.3631199999999999,1.36284,1.36292,721.0,2026-08-25T05:25:00+02:00
GBPUSD,5m,2026-08-25T03:30:00+00:00,1.36292,1.36302,1.3627799999999999,1.36296,737.0,2026-08-25T05:30:00+02:00
GBPUSD,5m,2026-08-25T03:35:00+00:00,1.36296,1.36302,1.36287,1.3629099999999998,1005.0,2026-08-25T05:35:00+02:00
GBPUSD,5m,2026-08-25T03:40:00+00:00,1.3629099999999998,1.36307,1.3629,1.36299,632.0,2026-08-25T05:40:00+02:00
GBPUSD,5m,2026-08-25T03:45:00+00:00,1.36299,1.36299,1.3629,1.36292,531.0,2026-08-25T05:45:00+02:00
GBPUSD,5m,2026-08-25T03:50:00+00:00,1.36292,1.36292,1.36277,1.36286,537.0,2026-08-25T05:50:00+02:00
GBPUSD,5m,2026-08-25T03:55:00+00:00,1.36286,1.36297,1.36282,1.36285,760.0,2026-08-25T05:55:00+02:00
GBPUSD,5m,2026-08-25T04:00:00+00:00,1.36285,1.36285,1.36269,1.3627099999999999,359.0,2026-08-25T06:00:00+02:00
GBPUSD,5m,2026-08-25T04:05:00+00:00,1.3627099999999999,1.3627099999999999,1.3624399999999999,1.3624699999999998,597.0,2026-08-25T06:05:00+02:00
GBPUSD,5m,2026-08-25T04:10:00+00:00,1.3624699999999998,1.36258,1.3623699999999999,1.36256,663.0,2026-08-25T06:10:00+02:00
GBPUSD,5m,2026-08-25T04:15:00+00:00,1.36256,1.36256,1.36242,1.36246,664.0,2026-08-25T06:15:00+02:00
GBPUSD,5m,2026-08-25T04:20:00+00:00,1.36246,1.36252,1.36233,1.3625099999999999,752.0,2026-08-25T06:20:00+02:00
GBPUSD,5m,2026-08-25T04:25:00+00:00,1.3625099999999999,1.3625399999999999,1.36242,1.3625099999999999,536.0,2026-08-25T06:25:00+02:00
GBPUSD,5m,2026-08-25T04:30:00+00:00,1.3625099999999999,1.36262,1.36241,1.3626,769.0,2026-08-25T06:30:00+02:00
GBPUSD,5m,2026-08-25T04:35:00+00:00,1.3626,1.36265,1.36255,1.36263,511.0,2026-08-25T06:35:00+02:00
GBPUSD,5m,2026-08-25T04:40:00+00:00,1.36263,1.3627099999999999,1.3626,1.3626099999999999,628.0,2026-08-25T06:40:00+02:00
GBPUSD,5m,2026-08-25T04:45:00+00:00,1.3626099999999999,1.36265,1.3625,1.36263,450.0,2026-08-25T06:45:00+02:00
GBPUSD,5m,2026-08-25T04:50:00+00:00,1.36263,1.36263,1.36253,1.36257,617.0,2026-08-25T06:50:00+02:00
GBPUSD,5m,2026-08-25T04:55:00+00:00,1.36257,1.36262,1.36252,1.36259,671.0,2026-08-25T06:55:00+02:00
GBPUSD,5m,2026-08-25T05:00:00+00:00,1.36259,1.36263,1.36246,1.3626099999999999,804.0,2026-08-25T07:00:00+02:00
GBPUSD,5m,2026-08-25T05:05:00+00:00,1.3626099999999999,1.3628,1.36259,1.3627799999999999,608.0,2026-08-25T07:05:00+02:00
GBPUSD,5m,2026-08-25T05:10:00+00:00,1.3627799999999999,1.36284,1.36258,1.36265,586.0,2026-08-25T07:10:00+02:00
GBPUSD,5m,2026-08-25T05:15:00+00:00,1.36265,1.3627099999999999,1.36258,1.36267,538.0,2026-08-25T07:15:00+02:00
GBPUSD,5m,2026-08-25T05:20:00+00:00,1.36267,1.3627099999999999,1.36259,1.3626,471.0,2026-08-25T07:20:00+02:00
GBPUSD,5m,2026-08-25T05:25:00+00:00,1.3626,1.3627099999999999,1.36259,1.3627,574.0,2026-08-25T07:25:00+02:00
GBPUSD,5m,2026-08-25T05:30:00+00:00,1.3627,1.36273,1.36257,1.3626099999999999,597.0,2026-08-25T07:30:00+02:00
GBPUSD,5m,2026-08-25T05:35:00+00:00,1.3626099999999999,1.36262,1.36249,1.3625,432.0,2026-08-25T07:35:00+02:00
GBPUSD,5m,2026-08-25T05:40:00+00:00,1.3625,1.3625099999999999,1.36236,1.36241,493.0,2026-08-25T07:40:00+02:00
GBPUSD,5m,2026-08-25T05:45:00+00:00,1.36241,1.36241,1.36224,1.36228,763.0,2026-08-25T07:45:00+02:00
GBPUSD,5m,2026-08-25T05:50:00+00:00,1.36228,1.36243,1.36221,1.36243,670.0,2026-08-25T07:50:00+02:00
GBPUSD,5m,2026-08-25T05:55:00+00:00,1.36243,1.36249,1.36216,1.36224,1020.0,2026-08-25T07:55:00+02:00
GBPUSD,5m,2026-08-25T06:00:00+00:00,1.36224,1.36235,1.36218,1.36218,1083.0,2026-08-25T08:00:00+02:00
GBPUSD,5m,2026-08-25T06:05:00+00:00,1.36218,1.3623399999999999,1.36215,1.36231,628.0,2026-08-25T08:05:00+02:00
GBPUSD,5m,2026-08-25T06:10:00+00:00,1.36231,1.36267,1.3622999999999998,1.3626399999999999,801.0,2026-08-25T08:10:00+02:00
GBPUSD,5m,2026-08-25T06:15:00+00:00,1.3626399999999999,1.3626399999999999,1.36238,1.36243,999.0,2026-08-25T08:15:00+02:00
GBPUSD,5m,2026-08-25T06:20:00+00:00,1.36243,1.36262,1.36235,1.36252,754.0,2026-08-25T08:20:00+02:00
GBPUSD,5m,2026-08-25T06:25:00+00:00,1.36252,1.36267,1.36243,1.3626399999999999,1097.0,2026-08-25T08:25:00+02:00
GBPUSD,5m,2026-08-25T06:30:00+00:00,1.3626399999999999,1.36282,1.3625399999999999,1.36262,869.0,2026-08-25T08:30:00+02:00
GBPUSD,5m,2026-08-25T06:35:00+00:00,1.36262,1.36266,1.3623699999999999,1.36239,1057.0,2026-08-25T08:35:00+02:00
GBPUSD,5m,2026-08-25T06:40:00+00:00,1.36239,1.3626,1.36229,1.36252,1162.0,2026-08-25T08:40:00+02:00
GBPUSD,5m,2026-08-25T06:45:00+00:00,1.36252,1.36253,1.36231,1.3625,781.0,2026-08-25T08:45:00+02:00
GBPUSD,5m,2026-08-25T06:50:00+00:00,1.3625,1.36259,1.36229,1.36253,820.0,2026-08-25T08:50:00+02:00
GBPUSD,5m,2026-08-25T06:55:00+00:00,1.36253,1.36272,1.36239,1.3627099999999999,1034.0,2026-08-25T08:55:00+02:00
GBPUSD,5m,2026-08-25T07:00:00+00:00,1.3627099999999999,1.3635199999999998,1.3627099999999999,1.3635,1217.0,2026-08-25T09:00:00+02:00
GBPUSD,5m,2026-08-25T07:05:00+00:00,1.3635,1.36395,1.36348,1.36382,1348.0,2026-08-25T09:05:00+02:00
GBPUSD,5m,2026-08-25T07:10:00+00:00,1.36382,1.3640999999999999,1.3636599999999999,1.36398,932.0,2026-08-25T09:10:00+02:00
GBPUSD,5m,2026-08-25T07:15:00+00:00,1.36398,1.36439,1.3639299999999999,1.3643399999999999,1392.0,2026-08-25T09:15:00+02:00
GBPUSD,5m,2026-08-25T07:20:00+00:00,1.3643399999999999,1.36435,1.3639299999999999,1.36394,764.0,2026-08-25T09:20:00+02:00
GBPUSD,5m,2026-08-25T07:25:00+00:00,1.36394,1.36402,1.36375,1.3637599999999999,842.0,2026-08-25T09:25:00+02:00
GBPUSD,5m,2026-08-25T07:30:00+00:00,1.3637599999999999,1.36384,1.3636,1.36361,938.0,2026-08-25T09:30:00+02:00
GBPUSD,5m,2026-08-25T07:35:00+00:00,1.36361,1.36385,1.36361,1.36381,888.0,2026-08-25T09:35:00+02:00
GBPUSD,5m,2026-08-25T07:40:00+00:00,1.36381,1.36382,1.3636899999999998,1.36374,616.0,2026-08-25T09:40:00+02:00
GBPUSD,5m,2026-08-25T07:45:00+00:00,1.36374,1.36394,1.3636599999999999,1.36394,730.0,2026-08-25T09:45:00+02:00
GBPUSD,5m,2026-08-25T07:50:00+00:00,1.36394,1.3639599999999998,1.36379,1.36387,758.0,2026-08-25T09:50:00+02:00
GBPUSD,5m,2026-08-25T07:55:00+00:00,1.36387,1.36387,1.36361,1.36377,781.0,2026-08-25T09:55:00+02:00
GBPUSD,5m,2026-08-25T08:00:00+00:00,1.36377,1.36394,1.36346,1.36347,1014.0,2026-08-25T10:00:00+02:00
GBPUSD,5m,2026-08-25T08:05:00+00:00,1.36347,1.3636,1.36299,1.36301,1032.0,2026-08-25T10:05:00+02:00
GBPUSD,5m,2026-08-25T08:10:00+00:00,1.36301,1.36323,1.36283,1.3632,908.0,2026-08-25T10:10:00+02:00
GBPUSD,5m,2026-08-25T08:15:00+00:00,1.3632,1.36354,1.3630799999999998,1.36318,956.0,2026-08-25T10:15:00+02:00
GBPUSD,5m,2026-08-25T08:20:00+00:00,1.36318,1.36409,1.3631199999999999,1.3639,2237.0,2026-08-25T10:20:00+02:00
GBPUSD,5m,2026-08-25T08:25:00+00:00,1.3639,1.36398,1.36334,1.36334,1701.0,2026-08-25T10:25:00+02:00
GBPUSD,5m,2026-08-25T08:30:00+00:00,1.36334,1.36347,1.36317,1.36345,1148.0,2026-08-25T10:30:00+02:00
GBPUSD,5m,2026-08-25T08:35:00+00:00,1.36345,1.36363,1.3633,1.36333,1642.0,2026-08-25T10:35:00+02:00
GBPUSD,5m,2026-08-25T08:40:00+00:00,1.36333,1.36367,1.36329,1.36365,1148.0,2026-08-25T10:40:00+02:00
GBPUSD,5m,2026-08-25T08:45:00+00:00,1.36365,1.36392,1.36362,1.36375,1096.0,2026-08-25T10:45:00+02:00
GBPUSD,5m,2026-08-25T08:50:00+00:00,1.36375,1.36397,1.36374,1.36382,838.0,2026-08-25T10:50:00+02:00
GBPUSD,5m,2026-08-25T08:55:00+00:00,1.36382,1.36419,1.36377,1.3640999999999999,839.0,2026-08-25T10:55:00+02:00
GBPUSD,5m,2026-08-25T09:00:00+00:00,1.3640999999999999,1.36463,1.36392,1.36455,1627.0,2026-08-25T11:00:00+02:00
GBPUSD,5m,2026-08-25T09:05:00+00:00,1.36455,1.36472,1.36429,1.36466,1064.0,2026-08-25T11:05:00+02:00
GBPUSD,5m,2026-08-25T09:10:00+00:00,1.36466,1.36492,1.3645399999999999,1.36473,871.0,2026-08-25T11:10:00+02:00
GBPUSD,5m,2026-08-25T09:15:00+00:00,1.36473,1.36476,1.3644399999999999,1.3645399999999999,771.0,2026-08-25T11:15:00+02:00
GBPUSD,5m,2026-08-25T09:20:00+00:00,1.3645399999999999,1.3646099999999999,1.36431,1.36433,842.0,2026-08-25T11:20:00+02:00
GBPUSD,5m,2026-08-25T09:25:00+00:00,1.36433,1.3643399999999999,1.3640299999999999,1.3640999999999999,790.0,2026-08-25T11:25:00+02:00
GBPUSD,5m,2026-08-25T09:30:00+00:00,1.3640999999999999,1.36479,1.3640299999999999,1.36469,1472.0,2026-08-25T11:30:00+02:00
GBPUSD,5m,2026-08-25T09:35:00+00:00,1.36469,1.36485,1.3641299999999998,1.36414,1688.0,2026-08-25T11:35:00+02:00
GBPUSD,5m,2026-08-25T09:40:00+00:00,1.36414,1.36442,1.36409,1.36412,898.0,2026-08-25T11:40:00+02:00
GBPUSD,5m,2026-08-25T09:45:00+00:00,1.36412,1.36436,1.3640999999999999,1.3642999999999998,815.0,2026-08-25T11:45:00+02:00
GBPUSD,5m,2026-08-25T09:50:00+00:00,1.3642999999999998,1.36451,1.36428,1.36431,1046.0,2026-08-25T11:50:00+02:00
GBPUSD,5m,2026-08-25T09:55:00+00:00,1.36431,1.36469,1.36422,1.36423,1140.0,2026-08-25T11:55:00+02:00
GBPUSD,5m,2026-08-25T10:00:00+00:00,1.36423,1.36423,1.3639,1.36395,669.0,2026-08-25T12:00:00+02:00
GBPUSD,5m,2026-08-25T10:05:00+00:00,1.36395,1.36422,1.3639,1.3640299999999999,1058.0,2026-08-25T12:05:00+02:00
GBPUSD,5m,2026-08-25T10:10:00+00:00,1.3640299999999999,1.36404,1.36357,1.36364,688.0,2026-08-25T12:10:00+02:00
GBPUSD,5m,2026-08-25T10:15:00+00:00,1.36364,1.36394,1.3635199999999998,1.36354,935.0,2026-08-25T12:15:00+02:00
GBPUSD,5m,2026-08-25T10:20:00+00:00,1.36354,1.36371,1.36344,1.36347,712.0,2026-08-25T12:20:00+02:00
GBPUSD,5m,2026-08-25T10:25:00+00:00,1.36347,1.36361,1.36337,1.36344,1117.0,2026-08-25T12:25:00+02:00
GBPUSD,5m,2026-08-25T10:30:00+00:00,1.36344,1.36363,1.36334,1.3634199999999999,895.0,2026-08-25T12:30:00+02:00
GBPUSD,5m,2026-08-25T10:35:00+00:00,1.3634199999999999,1.36375,1.3634,1.36371,1049.0,2026-08-25T12:35:00+02:00
GBPUSD,5m,2026-08-25T10:40:00+00:00,1.36371,1.36391,1.3636599999999999,1.36382,1191.0,2026-08-25T12:40:00+02:00
GBPUSD,5m,2026-08-25T10:45:00+00:00,1.36382,1.3638299999999999,1.36358,1.36362,787.0,2026-08-25T12:45:00+02:00
GBPUSD,5m,2026-08-25T10:50:00+00:00,1.36362,1.36362,1.36307,1.36324,1136.0,2026-08-25T12:50:00+02:00
GBPUSD,5m,2026-08-25T10:55:00+00:00,1.36324,1.36337,1.3631499999999999,1.36319,801.0,2026-08-25T12:55:00+02:00
GBPUSD,5m,2026-08-25T11:00:00+00:00,1.36319,1.36331,1.36301,1.3632,1048.0,2026-08-25T13:00:00+02:00
GBPUSD,5m,2026-08-25T11:05:00+00:00,1.3632,1.36321,1.36276,1.36299,1087.0,2026-08-25T13:05:00+02:00
GBPUSD,5m,2026-08-25T11:10:00+00:00,1.36299,1.36318,1.3629099999999998,1.36296,774.0,2026-08-25T13:10:00+02:00
GBPUSD,5m,2026-08-25T11:15:00+00:00,1.36296,1.36302,1.3627099999999999,1.3629499999999999,902.0,2026-08-25T13:15:00+02:00
GBPUSD,5m,2026-08-25T11:20:00+00:00,1.3629499999999999,1.36318,1.36277,1.36283,925.0,2026-08-25T13:20:00+02:00
GBPUSD,5m,2026-08-25T11:25:00+00:00,1.36283,1.36294,1.3627399999999998,1.36294,653.0,2026-08-25T13:25:00+02:00
GBPUSD,5m,2026-08-25T11:30:00+00:00,1.36294,1.36313,1.36286,1.3630799999999998,907.0,2026-08-25T13:30:00+02:00
GBPUSD,5m,2026-08-25T11:35:00+00:00,1.3630799999999998,1.36317,1.3628799999999999,1.3631199999999999,591.0,2026-08-25T13:35:00+02:00
GBPUSD,5m,2026-08-25T11:40:00+00:00,1.3631199999999999,1.3631199999999999,1.36279,1.36282,701.0,2026-08-25T13:40:00+02:00
GBPUSD,5m,2026-08-25T11:45:00+00:00,1.36282,1.3635,1.3628099999999999,1.36347,908.0,2026-08-25T13:45:00+02:00
GBPUSD,5m,2026-08-25T11:50:00+00:00,1.36347,1.36371,1.36343,1.36343,950.0,2026-08-25T13:50:00+02:00
GBPUSD,5m,2026-08-25T11:55:00+00:00,1.36343,1.36346,1.36313,1.36317,999.0,2026-08-25T13:55:00+02:00
GBPUSD,5m,2026-08-25T12:00:00+00:00,1.36317,1.3635599999999999,1.3631499999999999,1.3635199999999998,1334.0,2026-08-25T14:00:00+02:00
GBPUSD,5m,2026-08-25T12:05:00+00:00,1.3635199999999998,1.36364,1.3631199999999999,1.3631199999999999,1148.0,2026-08-25T14:05:00+02:00
GBPUSD,5m,2026-08-25T12:10:00+00:00,1.3631199999999999,1.3634,1.36292,1.36331,1289.0,2026-08-25T14:10:00+02:00
GBPUSD,5m,2026-08-25T12:15:00+00:00,1.36331,1.36358,1.3633,1.3633499999999998,839.0,2026-08-25T14:15:00+02:00
GBPUSD,5m,2026-08-25T12:20:00+00:00,1.3633499999999998,1.36346,1.36307,1.36314,1009.0,2026-08-25T14:20:00+02:00
GBPUSD,5m,2026-08-25T12:25:00+00:00,1.36314,1.36336,1.36311,1.36329,740.0,2026-08-25T14:25:00+02:00
GBPUSD,5m,2026-08-25T12:30:00+00:00,1.36329,1.3633899999999999,1.3628799999999999,1.3629099999999998,826.0,2026-08-25T14:30:00+02:00
GBPUSD,5m,2026-08-25T12:35:00+00:00,1.3629099999999998,1.3629799999999999,1.36258,1.36263,1086.0,2026-08-25T14:35:00+02:00
GBPUSD,5m,2026-08-25T12:40:00+00:00,1.36263,1.36303,1.36255,1.36293,783.0,2026-08-25T14:40:00+02:00
GBPUSD,5m,2026-08-25T12:45:00+00:00,1.36293,1.3632,1.36293,1.36311,667.0,2026-08-25T14:45:00+02:00
GBPUSD,5m,2026-08-25T12:50:00+00:00,1.36311,1.3633199999999999,1.36301,1.3631199999999999,839.0,2026-08-25T14:50:00+02:00
GBPUSD,5m,2026-08-25T12:55:00+00:00,1.3631199999999999,1.36354,1.3631199999999999,1.3635199999999998,719.0,2026-08-25T14:55:00+02:00
GBPUSD,5m,2026-08-25T13:00:00+00:00,1.3635199999999998,1.36368,1.36336,1.36357,1111.0,2026-08-25T15:00:00+02:00
GBPUSD,5m,2026-08-25T13:05:00+00:00,1.36357,1.3644699999999998,1.36353,1.36436,1387.0,2026-08-25T15:05:00+02:00
GBPUSD,5m,2026-08-25T13:10:00+00:00,1.36436,1.3652499999999999,1.36435,1.36465,2236.0,2026-08-25T15:10:00+02:00
GBPUSD,5m,2026-08-25T13:15:00+00:00,1.36465,1.36482,1.36431,1.36458,1302.0,2026-08-25T15:15:00+02:00
GBPUSD,5m,2026-08-25T13:20:00+00:00,1.36458,1.3646099999999999,1.36428,1.36442,1087.0,2026-08-25T15:20:00+02:00
GBPUSD,5m,2026-08-25T13:25:00+00:00,1.36442,1.36448,1.36418,1.36435,956.0,2026-08-25T15:25:00+02:00
GBPUSD,5m,2026-08-25T13:30:00+00:00,1.36435,1.36485,1.3641299999999998,1.36425,1482.0,2026-08-25T15:30:00+02:00
GBPUSD,5m,2026-08-25T13:35:00+00:00,1.36425,1.36443,1.36394,1.36433,1362.0,2026-08-25T15:35:00+02:00
GBPUSD,5m,2026-08-25T13:40:00+00:00,1.36433,1.36443,1.3639999999999999,1.36401,1712.0,2026-08-25T15:40:00+02:00
GBPUSD,5m,2026-08-25T13:45:00+00:00,1.36401,1.36404,1.36382,1.3639299999999999,1143.0,2026-08-25T15:45:00+02:00
GBPUSD,5m,2026-08-25T13:50:00+00:00,1.3639299999999999,1.36416,1.36391,1.36397,1075.0,2026-08-25T15:50:00+02:00
GBPUSD,5m,2026-08-25T13:55:00+00:00,1.36397,1.36429,1.36389,1.3641999999999999,1026.0,2026-08-25T15:55:00+02:00
GBPUSD,5m,2026-08-25T14:00:00+00:00,1.3641999999999999,1.36431,1.36368,1.3637,1446.0,2026-08-25T16:00:00+02:00
GBPUSD,5m,2026-08-25T14:05:00+00:00,1.3637,1.36432,1.3635899999999999,1.3640999999999999,1739.0,2026-08-25T16:05:00+02:00
GBPUSD,5m,2026-08-25T14:10:00+00:00,1.3640999999999999,1.36421,1.3639999999999999,1.3641299999999998,1172.0,2026-08-25T16:10:00+02:00
GBPUSD,5m,2026-08-25T14:15:00+00:00,1.3641299999999998,1.36423,1.3637,1.36395,1202.0,2026-08-25T16:15:00+02:00
GBPUSD,5m,2026-08-25T14:20:00+00:00,1.36395,1.36402,1.3633899999999999,1.36341,1310.0,2026-08-25T16:20:00+02:00
GBPUSD,5m,2026-08-25T14:25:00+00:00,1.36341,1.36345,1.3629,1.3634199999999999,1202.0,2026-08-25T16:25:00+02:00
GBPUSD,5m,2026-08-25T14:30:00+00:00,1.3634199999999999,1.3635199999999998,1.36268,1.36337,1806.0,2026-08-25T16:30:00+02:00
GBPUSD,5m,2026-08-25T14:35:00+00:00,1.36337,1.36365,1.36324,1.36363,1172.0,2026-08-25T16:35:00+02:00
GBPUSD,5m,2026-08-25T14:40:00+00:00,1.36363,1.36365,1.36303,1.36353,1251.0,2026-08-25T16:40:00+02:00
GBPUSD,5m,2026-08-25T14:45:00+00:00,1.36353,1.36435,1.3635199999999998,1.36412,1969.0,2026-08-25T16:45:00+02:00
GBPUSD,5m,2026-08-25T14:50:00+00:00,1.36412,1.3641299999999998,1.36309,1.36326,1705.0,2026-08-25T16:50:00+02:00
GBPUSD,5m,2026-08-25T14:55:00+00:00,1.36326,1.36338,1.363,1.36323,2031.0,2026-08-25T16:55:00+02:00
GBPUSD,5m,2026-08-25T15:00:00+00:00,1.36323,1.36351,1.36321,1.3634,1426.0,2026-08-25T17:00:00+02:00
GBPUSD,5m,2026-08-25T15:05:00+00:00,1.3634,1.36351,1.36303,1.36346,1366.0,2026-08-25T17:05:00+02:00
GBPUSD,5m,2026-08-25T15:10:00+00:00,1.36346,1.36346,1.3631499999999999,1.36326,928.0,2026-08-25T17:10:00+02:00
GBPUSD,5m,2026-08-25T15:15:00+00:00,1.36326,1.3633199999999999,1.3629799999999999,1.36326,937.0,2026-08-25T17:15:00+02:00
GBPUSD,5m,2026-08-25T15:20:00+00:00,1.36326,1.36355,1.36313,1.36327,1084.0,2026-08-25T17:20:00+02:00
GBPUSD,5m,2026-08-25T15:25:00+00:00,1.36327,1.36353,1.3632199999999999,1.36338,973.0,2026-08-25T17:25:00+02:00
GBPUSD,5m,2026-08-25T15:30:00+00:00,1.36338,1.36374,1.36329,1.3636899999999998,2102.0,2026-08-25T17:30:00+02:00
GBPUSD,5m,2026-08-25T15:35:00+00:00,1.3636899999999998,1.3639599999999998,1.36333,1.36334,1906.0,2026-08-25T17:35:00+02:00
GBPUSD,5m,2026-08-25T15:40:00+00:00,1.36334,1.36351,1.36309,1.36329,994.0,2026-08-25T17:40:00+02:00
GBPUSD,5m,2026-08-25T15:45:00+00:00,1.36329,1.36353,1.36328,1.36348,1081.0,2026-08-25T17:45:00+02:00
GBPUSD,5m,2026-08-25T15:50:00+00:00,1.36348,1.36372,1.36341,1.36354,847.0,2026-08-25T17:50:00+02:00
GBPUSD,5m,2026-08-25T15:55:00+00:00,1.36354,1.36394,1.36331,1.3639299999999999,1344.0,2026-08-25T17:55:00+02:00
GBPUSD,5m,2026-08-25T16:00:00+00:00,1.3639299999999999,1.36407,1.36371,1.36371,1064.0,2026-08-25T18:00:00+02:00
GBPUSD,5m,2026-08-25T16:05:00+00:00,1.36371,1.36389,1.3635899999999999,1.3636,861.0,2026-08-25T18:05:00+02:00
GBPUSD,5m,2026-08-25T16:10:00+00:00,1.3636,1.3637,1.36353,1.36353,642.0,2026-08-25T18:10:00+02:00
GBPUSD,5m,2026-08-25T16:15:00+00:00,1.36353,1.36353,1.36316,1.36323,744.0,2026-08-25T18:15:00+02:00
GBPUSD,5m,2026-08-25T16:20:00+00:00,1.36323,1.3635,1.36321,1.36343,801.0,2026-08-25T18:20:00+02:00
GBPUSD,5m,2026-08-25T16:25:00+00:00,1.36343,1.3635599999999999,1.36336,1.36348,687.0,2026-08-25T18:25:00+02:00
GBPUSD,5m,2026-08-25T16:30:00+00:00,1.36348,1.36377,1.36348,1.36364,629.0,2026-08-25T18:30:00+02:00
GBPUSD,5m,2026-08-25T16:35:00+00:00,1.36364,1.3639299999999999,1.3635899999999999,1.36372,558.0,2026-08-25T18:35:00+02:00
GBPUSD,5m,2026-08-25T16:40:00+00:00,1.36372,1.3637299999999999,1.36357,1.36362,543.0,2026-08-25T18:40:00+02:00
GBPUSD,5m,2026-08-25T16:45:00+00:00,1.36362,1.36365,1.3635199999999998,1.36354,477.0,2026-08-25T18:45:00+02:00
GBPUSD,5m,2026-08-25T16:50:00+00:00,1.36354,1.36355,1.3632199999999999,1.36324,661.0,2026-08-25T18:50:00+02:00
GBPUSD,5m,2026-08-25T16:55:00+00:00,1.36324,1.3634899999999999,1.36319,1.36345,759.0,2026-08-25T18:55:00+02:00
GBPUSD,5m,2026-08-25T17:00:00+00:00,1.36345,1.3635599999999999,1.36331,1.36355,1036.0,2026-08-25T19:00:00+02:00
GBPUSD,5m,2026-08-25T17:05:00+00:00,1.36355,1.36367,1.36331,1.36344,780.0,2026-08-25T19:05:00+02:00
GBPUSD,5m,2026-08-25T17:10:00+00:00,1.36344,1.3635599999999999,1.36337,1.36346,1001.0,2026-08-25T19:10:00+02:00
GBPUSD,5m,2026-08-25T17:15:00+00:00,1.36346,1.3638,1.36346,1.36377,873.0,2026-08-25T19:15:00+02:00
GBPUSD,5m,2026-08-25T17:20:00+00:00,1.36377,1.36385,1.3635899999999999,1.3636,595.0,2026-08-25T19:20:00+02:00
GBPUSD,5m,2026-08-25T17:25:00+00:00,1.3636,1.3638599999999999,1.36354,1.3637299999999999,774.0,2026-08-25T19:25:00+02:00
GBPUSD,5m,2026-08-25T17:30:00+00:00,1.3637299999999999,1.3638599999999999,1.36362,1.36381,829.0,2026-08-25T19:30:00+02:00
GBPUSD,5m,2026-08-25T17:35:00+00:00,1.36381,1.36418,1.36381,1.3641299999999998,678.0,2026-08-25T19:35:00+02:00
GBPUSD,5m,2026-08-25T17:40:00+00:00,1.3641299999999998,1.36415,1.36385,1.3639299999999999,1025.0,2026-08-25T19:40:00+02:00
GBPUSD,5m,2026-08-25T17:45:00+00:00,1.3639299999999999,1.36416,1.36389,1.36411,667.0,2026-08-25T19:45:00+02:00
GBPUSD,5m,2026-08-25T17:50:00+00:00,1.36411,1.36415,1.36399,1.3640999999999999,647.0,2026-08-25T19:50:00+02:00
GBPUSD,5m,2026-08-25T17:55:00+00:00,1.3640999999999999,1.36441,1.3640999999999999,1.36433,605.0,2026-08-25T19:55:00+02:00
GBPUSD,5m,2026-08-25T18:00:00+00:00,1.36433,1.3643699999999999,1.36416,1.3642999999999998,1127.0,2026-08-25T20:00:00+02:00
GBPUSD,5m,2026-08-25T18:05:00+00:00,1.3642999999999998,1.3646399999999999,1.3642999999999998,1.36452,703.0,2026-08-25T20:05:00+02:00
GBPUSD,5m,2026-08-25T18:10:00+00:00,1.36452,1.3646099999999999,1.3644,1.36443,522.0,2026-08-25T20:10:00+02:00
GBPUSD,5m,2026-08-25T18:15:00+00:00,1.36443,1.36452,1.3644,1.36443,381.0,2026-08-25T20:15:00+02:00
GBPUSD,5m,2026-08-25T18:20:00+00:00,1.36443,1.36456,1.36429,1.3642999999999998,402.0,2026-08-25T20:20:00+02:00
GBPUSD,5m,2026-08-25T18:25:00+00:00,1.3642999999999998,1.36455,1.3642999999999998,1.3644399999999999,611.0,2026-08-25T20:25:00+02:00
GBPUSD,5m,2026-08-25T18:30:00+00:00,1.3644399999999999,1.3644699999999998,1.3643699999999999,1.36442,407.0,2026-08-25T20:30:00+02:00
GBPUSD,5m,2026-08-25T18:35:00+00:00,1.36442,1.36443,1.3642999999999998,1.36435,413.0,2026-08-25T20:35:00+02:00
GBPUSD,5m,2026-08-25T18:40:00+00:00,1.36435,1.36445,1.36425,1.36436,503.0,2026-08-25T20:40:00+02:00
GBPUSD,5m,2026-08-25T18:45:00+00:00,1.36436,1.3644,1.36422,1.36432,434.0,2026-08-25T20:45:00+02:00
GBPUSD,5m,2026-08-25T18:50:00+00:00,1.36432,1.3645,1.36423,1.36443,663.0,2026-08-25T20:50:00+02:00
GBPUSD,5m,2026-08-25T18:55:00+00:00,1.36443,1.36456,1.3643399999999999,1.3645399999999999,741.0,2026-08-25T20:55:00+02:00
GBPUSD,5m,2026-08-25T19:00:00+00:00,1.3645399999999999,1.36455,1.36436,1.3644399999999999,741.0,2026-08-25T21:00:00+02:00
GBPUSD,5m,2026-08-25T19:05:00+00:00,1.3644399999999999,1.36463,1.36442,1.3646099999999999,482.0,2026-08-25T21:05:00+02:00
GBPUSD,5m,2026-08-25T19:10:00+00:00,1.3646099999999999,1.36476,1.3646099999999999,1.36473,593.0,2026-08-25T21:10:00+02:00
GBPUSD,5m,2026-08-25T19:15:00+00:00,1.36473,1.3651499999999999,1.3647099999999999,1.36502,948.0,2026-08-25T21:15:00+02:00
GBPUSD,5m,2026-08-25T19:20:00+00:00,1.36502,1.36504,1.36482,1.36484,858.0,2026-08-25T21:20:00+02:00
GBPUSD,5m,2026-08-25T19:25:00+00:00,1.36484,1.36489,1.36465,1.36467,454.0,2026-08-25T21:25:00+02:00
GBPUSD,5m,2026-08-25T19:30:00+00:00,1.36467,1.36467,1.36445,1.36449,1049.0,2026-08-25T21:30:00+02:00
GBPUSD,5m,2026-08-25T19:35:00+00:00,1.36449,1.36456,1.36432,1.36445,789.0,2026-08-25T21:35:00+02:00
GBPUSD,5m,2026-08-25T19:40:00+00:00,1.36445,1.3646099999999999,1.36441,1.36452,478.0,2026-08-25T21:40:00+02:00
GBPUSD,5m,2026-08-25T19:45:00+00:00,1.36452,1.3649099999999998,1.36448,1.36486,524.0,2026-08-25T21:45:00+02:00
GBPUSD,5m,2026-08-25T19:50:00+00:00,1.36486,1.3652199999999999,1.36476,1.3651,968.0,2026-08-25T21:50:00+02:00
GBPUSD,5m,2026-08-25T19:55:00+00:00,1.3651,1.36538,1.36486,1.3652,1194.0,2026-08-25T21:55:00+02:00
GBPUSD,5m,2026-08-25T20:00:00+00:00,1.3652,1.36524,1.36493,1.36497,480.0,2026-08-25T22:00:00+02:00
GBPUSD,5m,2026-08-25T20:05:00+00:00,1.36497,1.3653899999999999,1.3649499999999999,1.36538,435.0,2026-08-25T22:05:00+02:00
GBPUSD,5m,2026-08-25T20:10:00+00:00,1.36538,1.36544,1.36519,1.3652,535.0,2026-08-25T22:10:00+02:00
GBPUSD,5m,2026-08-25T20:15:00+00:00,1.3652,1.36533,1.3651799999999998,1.36523,484.0,2026-08-25T22:15:00+02:00
GBPUSD,5m,2026-08-25T20:20:00+00:00,1.36523,1.36523,1.3651499999999999,1.36519,422.0,2026-08-25T22:20:00+02:00
GBPUSD,5m,2026-08-25T20:25:00+00:00,1.36519,1.3653,1.3650499999999999,1.36516,454.0,2026-08-25T22:25:00+02:00
GBPUSD,5m,2026-08-25T20:30:00+00:00,1.36516,1.36524,1.36501,1.36501,384.0,2026-08-25T22:30:00+02:00
GBPUSD,5m,2026-08-25T20:35:00+00:00,1.36501,1.36503,1.36493,1.36494,473.0,2026-08-25T22:35:00+02:00
GBPUSD,5m,2026-08-25T20:40:00+00:00,1.36494,1.36497,1.36484,1.36487,447.0,2026-08-25T22:40:00+02:00
GBPUSD,5m,2026-08-25T20:45:00+00:00,1.36487,1.3649,1.36477,1.36477,255.0,2026-08-25T22:45:00+02:00
GBPUSD,5m,2026-08-25T20:50:00+00:00,1.36477,1.3649799999999999,1.36477,1.3649,411.0,2026-08-25T22:50:00+02:00
GBPUSD,5m,2026-08-25T20:55:00+00:00,1.3649,1.36496,1.36462,1.3646399999999999,349.0,2026-08-25T22:55:00+02:00
GBPUSD,5m,2026-08-25T21:00:00+00:00,1.3646399999999999,1.3646399999999999,1.3642699999999999,1.3642699999999999,3.0,2026-08-25T23:00:00+02:00
GBPUSD,5m,2026-08-25T21:05:00+00:00,1.3642699999999999,1.36479,1.36385,1.36479,15.0,2026-08-25T23:05:00+02:00
GBPUSD,5m,2026-08-25T21:10:00+00:00,1.36479,1.36479,1.3646399999999999,1.36473,113.0,2026-08-25T23:10:00+02:00
GBPUSD,5m,2026-08-25T21:15:00+00:00,1.36473,1.3647399999999998,1.36455,1.36466,159.0,2026-08-25T23:15:00+02:00
GBPUSD,5m,2026-08-25T21:20:00+00:00,1.36466,1.3647099999999999,1.36466,1.36468,31.0,2026-08-25T23:20:00+02:00
GBPUSD,5m,2026-08-25T21:25:00+00:00,1.36468,1.3647399999999998,1.36465,1.36473,60.0,2026-08-25T23:25:00+02:00
GBPUSD,5m,2026-08-25T21:30:00+00:00,1.36473,1.3647399999999998,1.36416,1.36432,131.0,2026-08-25T23:30:00+02:00
GBPUSD,5m,2026-08-25T21:35:00+00:00,1.36432,1.36452,1.36418,1.36438,221.0,2026-08-25T23:35:00+02:00
GBPUSD,5m,2026-08-25T21:40:00+00:00,1.36438,1.36472,1.36418,1.36458,510.0,2026-08-25T23:40:00+02:00
GBPUSD,5m,2026-08-25T21:45:00+00:00,1.36458,1.36484,1.36408,1.36484,274.0,2026-08-25T23:45:00+02:00
GBPUSD,5m,2026-08-25T21:50:00+00:00,1.36484,1.36484,1.3636899999999998,1.36431,239.0,2026-08-25T23:50:00+02:00
GBPUSD,5m,2026-08-25T21:55:00+00:00,1.36431,1.3643699999999999,1.36363,1.36424,253.0,2026-08-25T23:55:00+02:00
GBPUSD,5m,2026-08-25T22:00:00+00:00,1.36424,1.36483,1.36424,1.3647799999999999,343.0,2026-08-26T00:00:00+02:00
GBPUSD,5m,2026-08-25T22:05:00+00:00,1.3647799999999999,1.3648,1.3646399999999999,1.36475,156.0,2026-08-26T00:05:00+02:00
GBPUSD,5m,2026-08-25T22:10:00+00:00,1.36475,1.36475,1.36455,1.3647,304.0,2026-08-26T00:10:00+02:00
GBPUSD,5m,2026-08-25T22:15:00+00:00,1.3647,1.3647399999999998,1.36463,1.3647399999999998,239.0,2026-08-26T00:15:00+02:00
GBPUSD,5m,2026-08-25T22:20:00+00:00,1.3647399999999998,1.36489,1.3646099999999999,1.36486,333.0,2026-08-26T00:20:00+02:00
GBPUSD,5m,2026-08-25T22:25:00+00:00,1.36486,1.36487,1.36475,1.36486,499.0,2026-08-26T00:25:00+02:00
GBPUSD,5m,2026-08-25T22:30:00+00:00,1.36486,1.36487,1.3647799999999999,1.36487,297.0,2026-08-26T00:30:00+02:00
GBPUSD,5m,2026-08-25T22:35:00+00:00,1.36487,1.36487,1.36476,1.36479,81.0,2026-08-26T00:35:00+02:00
GBPUSD,5m,2026-08-25T22:40:00+00:00,1.36479,1.36492,1.3647799999999999,1.3649099999999998,149.0,2026-08-26T00:40:00+02:00
GBPUSD,5m,2026-08-25T22:45:00+00:00,1.3649099999999998,1.36494,1.36489,1.3649099999999998,78.0,2026-08-26T00:45:00+02:00
GBPUSD,5m,2026-08-25T22:50:00+00:00,1.3649099999999998,1.36493,1.36489,1.3649,66.0,2026-08-26T00:50:00+02:00
GBPUSD,5m,2026-08-25T22:55:00+00:00,1.3649,1.36493,1.3648799999999999,1.36493,81.0,2026-08-26T00:55:00+02:00
GBPUSD,5m,2026-08-25T23:00:00+00:00,1.36493,1.3649499999999999,1.36486,1.36489,133.0,2026-08-26T01:00:00+02:00
GBPUSD,5m,2026-08-25T23:05:00+00:00,1.36489,1.36493,1.3647799999999999,1.3648,174.0,2026-08-26T01:05:00+02:00
GBPUSD,5m,2026-08-25T23:10:00+00:00,1.3648,1.36483,1.3647,1.3647799999999999,104.0,2026-08-26T01:10:00+02:00
GBPUSD,5m,2026-08-25T23:15:00+00:00,1.3647799999999999,1.36483,1.3647799999999999,1.3648099999999999,125.0,2026-08-26T01:15:00+02:00
GBPUSD,5m,2026-08-25T23:20:00+00:00,1.3648099999999999,1.36483,1.36479,1.3648,88.0,2026-08-26T01:20:00+02:00
GBPUSD,5m,2026-08-25T23:25:00+00:00,1.3648,1.3648099999999999,1.36459,1.36467,127.0,2026-08-26T01:25:00+02:00
GBPUSD,5m,2026-08-25T23:30:00+00:00,1.36467,1.36469,1.36459,1.3646099999999999,85.0,2026-08-26T01:30:00+02:00
GBPUSD,5m,2026-08-25T23:35:00+00:00,1.3646099999999999,1.36463,1.3646,1.3646,52.0,2026-08-26T01:35:00+02:00
GBPUSD,5m,2026-08-25T23:40:00+00:00,1.3646,1.3646099999999999,1.3644,1.3645,220.0,2026-08-26T01:40:00+02:00
GBPUSD,5m,2026-08-25T23:45:00+00:00,1.3645,1.3646099999999999,1.36448,1.36452,428.0,2026-08-26T01:45:00+02:00
GBPUSD,5m,2026-08-25T23:50:00+00:00,1.36452,1.3646,1.3644399999999999,1.36452,427.0,2026-08-26T01:50:00+02:00
GBPUSD,5m,2026-08-25T23:55:00+00:00,1.36452,1.36462,1.36448,1.36452,305.0,2026-08-26T01:55:00+02:00
GBPUSD,5m,2026-08-26T00:00:00+00:00,1.36452,1.3646,1.36441,1.3644699999999998,788.0,2026-08-26T02:00:00+02:00
GBPUSD,5m,2026-08-26T00:05:00+00:00,1.3644699999999998,1.36462,1.3643699999999999,1.3646099999999999,528.0,2026-08-26T02:05:00+02:00
GBPUSD,5m,2026-08-26T00:10:00+00:00,1.3646099999999999,1.36472,1.36456,1.3647099999999999,858.0,2026-08-26T02:10:00+02:00
GBPUSD,5m,2026-08-26T00:15:00+00:00,1.3647099999999999,1.36482,1.36468,1.3647,783.0,2026-08-26T02:15:00+02:00
GBPUSD,5m,2026-08-26T00:20:00+00:00,1.3647,1.36472,1.36456,1.3645699999999998,878.0,2026-08-26T02:20:00+02:00
GBPUSD,5m,2026-08-26T00:25:00+00:00,1.3645699999999998,1.36463,1.3645399999999999,1.3646,727.0,2026-08-26T02:25:00+02:00
GBPUSD,5m,2026-08-26T00:30:00+00:00,1.3646,1.3648,1.36455,1.36458,686.0,2026-08-26T02:30:00+02:00
GBPUSD,5m,2026-08-26T00:35:00+00:00,1.36458,1.36459,1.36439,1.36441,722.0,2026-08-26T02:35:00+02:00
GBPUSD,5m,2026-08-26T00:40:00+00:00,1.36441,1.36475,1.3644,1.36472,787.0,2026-08-26T02:40:00+02:00
GBPUSD,5m,2026-08-26T00:45:00+00:00,1.36472,1.36485,1.3647,1.36479,801.0,2026-08-26T02:45:00+02:00
GBPUSD,5m,2026-08-26T00:50:00+00:00,1.36479,1.3648099999999999,1.36459,1.36468,797.0,2026-08-26T02:50:00+02:00
GBPUSD,5m,2026-08-26T00:55:00+00:00,1.36468,1.36473,1.3644399999999999,1.36446,579.0,2026-08-26T02:55:00+02:00
GBPUSD,5m,2026-08-26T01:00:00+00:00,1.36446,1.36467,1.36443,1.3645,1258.0,2026-08-26T03:00:00+02:00
GBPUSD,5m,2026-08-26T01:05:00+00:00,1.3645,1.36451,1.36435,1.3644,777.0,2026-08-26T03:05:00+02:00
GBPUSD,5m,2026-08-26T01:10:00+00:00,1.3644,1.36445,1.36432,1.36438,388.0,2026-08-26T03:10:00+02:00
GBPUSD,5m,2026-08-26T01:15:00+00:00,1.36438,1.36462,1.36436,1.36443,755.0,2026-08-26T03:15:00+02:00
GBPUSD,5m,2026-08-26T01:20:00+00:00,1.36443,1.36453,1.36435,1.36446,669.0,2026-08-26T03:20:00+02:00
GBPUSD,5m,2026-08-26T01:25:00+00:00,1.36446,1.3645,1.3643699999999999,1.3643699999999999,491.0,2026-08-26T03:25:00+02:00
GBPUSD,5m,2026-08-26T01:30:00+00:00,1.3643699999999999,1.36469,1.3643399999999999,1.36439,1315.0,2026-08-26T03:30:00+02:00
GBPUSD,5m,2026-08-26T01:35:00+00:00,1.36439,1.3645399999999999,1.3643699999999999,1.3645,854.0,2026-08-26T03:35:00+02:00
GBPUSD,5m,2026-08-26T01:40:00+00:00,1.3645,1.3645399999999999,1.36435,1.36438,890.0,2026-08-26T03:40:00+02:00
GBPUSD,5m,2026-08-26T01:45:00+00:00,1.36438,1.36451,1.36435,1.3644699999999998,842.0,2026-08-26T03:45:00+02:00
GBPUSD,5m,2026-08-26T01:50:00+00:00,1.3644699999999998,1.36473,1.3644,1.36451,1325.0,2026-08-26T03:50:00+02:00
GBPUSD,5m,2026-08-26T01:55:00+00:00,1.36451,1.36455,1.3644,1.3644,846.0,2026-08-26T03:55:00+02:00
GBPUSD,5m,2026-08-26T02:00:00+00:00,1.3644,1.3647,1.3643699999999999,1.36453,930.0,2026-08-26T04:00:00+02:00
GBPUSD,5m,2026-08-26T02:05:00+00:00,1.36453,1.3646,1.36439,1.36446,657.0,2026-08-26T04:05:00+02:00
GBPUSD,5m,2026-08-26T02:10:00+00:00,1.36446,1.36459,1.3644,1.36455,766.0,2026-08-26T04:10:00+02:00
GBPUSD,5m,2026-08-26T02:15:00+00:00,1.36455,1.36459,1.36432,1.36438,599.0,2026-08-26T04:15:00+02:00
GBPUSD,5m,2026-08-26T02:20:00+00:00,1.36438,1.3645,1.3642999999999998,1.36433,481.0,2026-08-26T04:20:00+02:00
GBPUSD,5m,2026-08-26T02:25:00+00:00,1.36433,1.3643399999999999,1.36414,1.36422,714.0,2026-08-26T04:25:00+02:00
GBPUSD,5m,2026-08-26T02:30:00+00:00,1.36422,1.36435,1.36421,1.3642699999999999,905.0,2026-08-26T04:30:00+02:00
GBPUSD,5m,2026-08-26T02:35:00+00:00,1.3642699999999999,1.36431,1.3640999999999999,1.36421,631.0,2026-08-26T04:35:00+02:00
GBPUSD,5m,2026-08-26T02:40:00+00:00,1.36421,1.3644,1.36405,1.36433,791.0,2026-08-26T04:40:00+02:00
GBPUSD,5m,2026-08-26T02:45:00+00:00,1.36433,1.3643399999999999,1.36421,1.36423,453.0,2026-08-26T04:45:00+02:00
GBPUSD,5m,2026-08-26T02:50:00+00:00,1.36423,1.3642699999999999,1.3640299999999999,1.36405,576.0,2026-08-26T04:50:00+02:00
GBPUSD,5m,2026-08-26T02:55:00+00:00,1.36405,1.36406,1.36387,1.3639299999999999,509.0,2026-08-26T04:55:00+02:00
GBPUSD,5m,2026-08-26T03:00:00+00:00,1.3639299999999999,1.36409,1.3639,1.36406,891.0,2026-08-26T05:00:00+02:00
GBPUSD,5m,2026-08-26T03:05:00+00:00,1.36406,1.36407,1.3638,1.36384,622.0,2026-08-26T05:05:00+02:00
GBPUSD,5m,2026-08-26T03:10:00+00:00,1.36384,1.36389,1.36372,1.3638299999999999,658.0,2026-08-26T05:10:00+02:00
GBPUSD,5m,2026-08-26T03:15:00+00:00,1.3638299999999999,1.3639299999999999,1.36381,1.36389,571.0,2026-08-26T05:15:00+02:00
GBPUSD,5m,2026-08-26T03:20:00+00:00,1.36389,1.36402,1.3638299999999999,1.36385,679.0,2026-08-26T05:20:00+02:00
GBPUSD,5m,2026-08-26T03:25:00+00:00,1.36385,1.36406,1.36381,1.36382,706.0,2026-08-26T05:25:00+02:00
GBPUSD,5m,2026-08-26T03:30:00+00:00,1.36382,1.3638299999999999,1.3635899999999999,1.36363,968.0,2026-08-26T05:30:00+02:00
GBPUSD,5m,2026-08-26T03:35:00+00:00,1.36363,1.36381,1.36363,1.36381,517.0,2026-08-26T05:35:00+02:00
GBPUSD,5m,2026-08-26T03:40:00+00:00,1.36381,1.36384,1.36375,1.36382,734.0,2026-08-26T05:40:00+02:00
GBPUSD,5m,2026-08-26T03:45:00+00:00,1.36382,1.36382,1.36357,1.36362,705.0,2026-08-26T05:45:00+02:00
GBPUSD,5m,2026-08-26T03:50:00+00:00,1.36362,1.36374,1.3636,1.36364,615.0,2026-08-26T05:50:00+02:00
GBPUSD,5m,2026-08-26T03:55:00+00:00,1.36364,1.3637,1.3636,1.36364,409.0,2026-08-26T05:55:00+02:00
GBPUSD,5m,2026-08-26T04:00:00+00:00,1.36364,1.36365,1.3634899999999999,1.3634899999999999,275.0,2026-08-26T06:00:00+02:00
GBPUSD,5m,2026-08-26T04:05:00+00:00,1.3634899999999999,1.36355,1.36346,1.36353,295.0,2026-08-26T06:05:00+02:00
GBPUSD,5m,2026-08-26T04:10:00+00:00,1.36353,1.36355,1.3634199999999999,1.36343,280.0,2026-08-26T06:10:00+02:00
GBPUSD,5m,2026-08-26T04:15:00+00:00,1.36343,1.36345,1.36333,1.36341,646.0,2026-08-26T06:15:00+02:00
GBPUSD,5m,2026-08-26T04:20:00+00:00,1.36341,1.36354,1.36337,1.36353,419.0,2026-08-26T06:20:00+02:00
GBPUSD,5m,2026-08-26T04:25:00+00:00,1.36353,1.36363,1.3634899999999999,1.36351,433.0,2026-08-26T06:25:00+02:00
GBPUSD,5m,2026-08-26T04:30:00+00:00,1.36351,1.36364,1.36348,1.3634899999999999,446.0,2026-08-26T06:30:00+02:00
GBPUSD,5m,2026-08-26T04:35:00+00:00,1.3634899999999999,1.3635,1.3633499999999998,1.3633899999999999,694.0,2026-08-26T06:35:00+02:00
GBPUSD,5m,2026-08-26T04:40:00+00:00,1.3633899999999999,1.3634,1.3633,1.36331,236.0,2026-08-26T06:40:00+02:00
GBPUSD,5m,2026-08-26T04:45:00+00:00,1.36331,1.36333,1.3631199999999999,1.36321,457.0,2026-08-26T06:45:00+02:00
GBPUSD,5m,2026-08-26T04:50:00+00:00,1.36321,1.36331,1.36317,1.36323,545.0,2026-08-26T06:50:00+02:00
GBPUSD,5m,2026-08-26T04:55:00+00:00,1.36323,1.36331,1.36321,1.36323,629.0,2026-08-26T06:55:00+02:00
GBPUSD,5m,2026-08-26T05:00:00+00:00,1.36323,1.36331,1.36318,1.36321,536.0,2026-08-26T07:00:00+02:00
GBPUSD,5m,2026-08-26T05:05:00+00:00,1.36321,1.36323,1.36301,1.36316,573.0,2026-08-26T07:05:00+02:00
GBPUSD,5m,2026-08-26T05:10:00+00:00,1.36316,1.36319,1.36296,1.36302,470.0,2026-08-26T07:10:00+02:00
GBPUSD,5m,2026-08-26T05:15:00+00:00,1.36302,1.36338,1.36302,1.36333,565.0,2026-08-26T07:15:00+02:00
GBPUSD,5m,2026-08-26T05:20:00+00:00,1.36333,1.3633499999999998,1.36321,1.36324,565.0,2026-08-26T07:20:00+02:00
GBPUSD,5m,2026-08-26T05:25:00+00:00,1.36324,1.3633199999999999,1.36319,1.36323,482.0,2026-08-26T07:25:00+02:00
GBPUSD,5m,2026-08-26T05:30:00+00:00,1.36323,1.36351,1.36323,1.36343,614.0,2026-08-26T07:30:00+02:00
GBPUSD,5m,2026-08-26T05:35:00+00:00,1.36343,1.36354,1.3634,1.36344,514.0,2026-08-26T07:35:00+02:00
GBPUSD,5m,2026-08-26T05:40:00+00:00,1.36344,1.36365,1.36344,1.3634899999999999,776.0,2026-08-26T07:40:00+02:00
GBPUSD,5m,2026-08-26T05:45:00+00:00,1.3634899999999999,1.3635899999999999,1.36341,1.36344,587.0,2026-08-26T07:45:00+02:00
GBPUSD,5m,2026-08-26T05:50:00+00:00,1.36344,1.36344,1.36329,1.3633,659.0,2026-08-26T07:50:00+02:00
GBPUSD,5m,2026-08-26T05:55:00+00:00,1.3633,1.36346,1.3633,1.3634199999999999,573.0,2026-08-26T07:55:00+02:00
GBPUSD,5m,2026-08-26T06:00:00+00:00,1.3634199999999999,1.36347,1.36301,1.3630499999999999,1032.0,2026-08-26T08:00:00+02:00
GBPUSD,5m,2026-08-26T06:05:00+00:00,1.3630499999999999,1.36321,1.36303,1.3631,719.0,2026-08-26T08:05:00+02:00
GBPUSD,5m,2026-08-26T06:10:00+00:00,1.3631,1.3631,1.36285,1.3629099999999998,689.0,2026-08-26T08:10:00+02:00
GBPUSD,5m,2026-08-26T06:15:00+00:00,1.3629099999999998,1.3631499999999999,1.36287,1.3630499999999999,1222.0,2026-08-26T08:15:00+02:00
GBPUSD,5m,2026-08-26T06:20:00+00:00,1.3630499999999999,1.36309,1.36286,1.36303,1059.0,2026-08-26T08:20:00+02:00
GBPUSD,5m,2026-08-26T06:25:00+00:00,1.36303,1.36316,1.3629,1.36293,889.0,2026-08-26T08:25:00+02:00
GBPUSD,5m,2026-08-26T06:30:00+00:00,1.36293,1.3631499999999999,1.3628,1.36282,728.0,2026-08-26T08:30:00+02:00
GBPUSD,5m,2026-08-26T06:35:00+00:00,1.36282,1.36286,1.36252,1.36267,676.0,2026-08-26T08:35:00+02:00
GBPUSD,5m,2026-08-26T06:40:00+00:00,1.36267,1.36283,1.3626,1.36277,511.0,2026-08-26T08:40:00+02:00
GBPUSD,5m,2026-08-26T06:45:00+00:00,1.36277,1.36279,1.36245,1.3625399999999999,622.0,2026-08-26T08:45:00+02:00
GBPUSD,5m,2026-08-26T06:50:00+00:00,1.3625399999999999,1.36275,1.36253,1.36266,790.0,2026-08-26T08:50:00+02:00
GBPUSD,5m,2026-08-26T06:55:00+00:00,1.36266,1.36328,1.36253,1.36318,1664.0,2026-08-26T08:55:00+02:00
GBPUSD,5m,2026-08-26T07:00:00+00:00,1.36318,1.36353,1.36313,1.36344,1217.0,2026-08-26T09:00:00+02:00
GBPUSD,5m,2026-08-26T07:05:00+00:00,1.36344,1.36377,1.3633,1.3637299999999999,887.0,2026-08-26T09:05:00+02:00
GBPUSD,5m,2026-08-26T07:10:00+00:00,1.3637299999999999,1.36395,1.36354,1.36374,826.0,2026-08-26T09:10:00+02:00
GBPUSD,5m,2026-08-26T07:15:00+00:00,1.36374,1.36401,1.36363,1.36364,696.0,2026-08-26T09:15:00+02:00
GBPUSD,5m,2026-08-26T07:20:00+00:00,1.36364,1.36367,1.36341,1.36344,745.0,2026-08-26T09:20:00+02:00
GBPUSD,5m,2026-08-26T07:25:00+00:00,1.36344,1.3636,1.36341,1.36348,630.0,2026-08-26T09:25:00+02:00
GBPUSD,5m,2026-08-26T07:30:00+00:00,1.36348,1.3636899999999998,1.36333,1.3635899999999999,688.0,2026-08-26T09:30:00+02:00
GBPUSD,5m,2026-08-26T07:35:00+00:00,1.3635899999999999,1.36371,1.36351,1.3635599999999999,627.0,2026-08-26T09:35:00+02:00
GBPUSD,5m,2026-08-26T07:40:00+00:00,1.3635599999999999,1.3636,1.36337,1.36341,522.0,2026-08-26T09:40:00+02:00
GBPUSD,5m,2026-08-26T07:45:00+00:00,1.36341,1.36354,1.3633199999999999,1.3634,689.0,2026-08-26T09:45:00+02:00
GBPUSD,5m,2026-08-26T07:50:00+00:00,1.3634,1.36346,1.3629799999999999,1.3631,866.0,2026-08-26T09:50:00+02:00
GBPUSD,5m,2026-08-26T07:55:00+00:00,1.3631,1.3632199999999999,1.36297,1.36313,1117.0,2026-08-26T09:55:00+02:00
GBPUSD,5m,2026-08-26T08:00:00+00:00,1.36313,1.36333,1.36284,1.3633,1324.0,2026-08-26T10:00:00+02:00
GBPUSD,5m,2026-08-26T08:05:00+00:00,1.3633,1.3634199999999999,1.3631199999999999,1.36334,1275.0,2026-08-26T10:05:00+02:00
GBPUSD,5m,2026-08-26T08:10:00+00:00,1.36334,1.36364,1.36334,1.36341,1144.0,2026-08-26T10:10:00+02:00
GBPUSD,5m,2026-08-26T08:15:00+00:00,1.36341,1.36361,1.36334,1.36345,782.0,2026-08-26T10:15:00+02:00
GBPUSD,5m,2026-08-26T08:20:00+00:00,1.36345,1.36362,1.3633499999999998,1.36345,937.0,2026-08-26T10:20:00+02:00
GBPUSD,5m,2026-08-26T08:25:00+00:00,1.36345,1.3634899999999999,1.3633,1.36344,1033.0,2026-08-26T10:25:00+02:00
GBPUSD,5m,2026-08-26T08:30:00+00:00,1.36344,1.36344,1.36311,1.36321,835.0,2026-08-26T10:30:00+02:00
GBPUSD,5m,2026-08-26T08:35:00+00:00,1.36321,1.36324,1.3630799999999998,1.3632199999999999,755.0,2026-08-26T10:35:00+02:00
GBPUSD,5m,2026-08-26T08:40:00+00:00,1.3632199999999999,1.3632499999999999,1.36292,1.36314,1036.0,2026-08-26T10:40:00+02:00
GBPUSD,5m,2026-08-26T08:45:00+00:00,1.36314,1.36316,1.3628099999999999,1.36293,694.0,2026-08-26T10:45:00+02:00
GBPUSD,5m,2026-08-26T08:50:00+00:00,1.36293,1.3630799999999998,1.36279,1.3628099999999999,488.0,2026-08-26T10:50:00+02:00
GBPUSD,5m,2026-08-26T08:55:00+00:00,1.3628099999999999,1.36283,1.36257,1.3628099999999999,711.0,2026-08-26T10:55:00+02:00
GBPUSD,5m,2026-08-26T09:00:00+00:00,1.3628099999999999,1.36286,1.3625099999999999,1.36273,1011.0,2026-08-26T11:00:00+02:00
GBPUSD,5m,2026-08-26T09:05:00+00:00,1.36273,1.36273,1.36226,1.36226,704.0,2026-08-26T11:05:00+02:00
GBPUSD,5m,2026-08-26T09:10:00+00:00,1.36226,1.36255,1.36225,1.3624399999999999,564.0,2026-08-26T11:10:00+02:00
GBPUSD,5m,2026-08-26T09:15:00+00:00,1.3624399999999999,1.36259,1.36241,1.3625099999999999,553.0,2026-08-26T11:15:00+02:00
GBPUSD,5m,2026-08-26T09:20:00+00:00,1.3625099999999999,1.36253,1.3623399999999999,1.36241,581.0,2026-08-26T11:20:00+02:00
GBPUSD,5m,2026-08-26T09:25:00+00:00,1.36241,1.36255,1.36224,1.36241,628.0,2026-08-26T11:25:00+02:00
GBPUSD,5m,2026-08-26T09:30:00+00:00,1.36241,1.36262,1.36241,1.36248,529.0,2026-08-26T11:30:00+02:00
GBPUSD,5m,2026-08-26T09:35:00+00:00,1.36248,1.3627399999999998,1.36245,1.36267,533.0,2026-08-26T11:35:00+02:00
GBPUSD,5m,2026-08-26T09:40:00+00:00,1.36267,1.3627,1.3625,1.36269,489.0,2026-08-26T11:40:00+02:00
GBPUSD,5m,2026-08-26T09:45:00+00:00,1.36269,1.3629099999999998,1.36263,1.3627099999999999,606.0,2026-08-26T11:45:00+02:00
GBPUSD,5m,2026-08-26T09:50:00+00:00,1.3627099999999999,1.36294,1.36269,1.36284,724.0,2026-08-26T11:50:00+02:00
GBPUSD,5m,2026-08-26T09:55:00+00:00,1.36284,1.36292,1.36259,1.36263,766.0,2026-08-26T11:55:00+02:00
GBPUSD,5m,2026-08-26T10:00:00+00:00,1.36263,1.36265,1.3623399999999999,1.3624399999999999,682.0,2026-08-26T12:00:00+02:00
GBPUSD,5m,2026-08-26T10:05:00+00:00,1.3624399999999999,1.36245,1.3622999999999998,1.36239,489.0,2026-08-26T12:05:00+02:00
GBPUSD,5m,2026-08-26T10:10:00+00:00,1.36239,1.36243,1.36228,1.36229,281.0,2026-08-26T12:10:00+02:00
GBPUSD,5m,2026-08-26T10:15:00+00:00,1.36229,1.3622999999999998,1.36188,1.3618999999999999,623.0,2026-08-26T12:15:00+02:00
GBPUSD,5m,2026-08-26T10:20:00+00:00,1.3618999999999999,1.3621299999999998,1.3618,1.36182,496.0,2026-08-26T12:20:00+02:00
GBPUSD,5m,2026-08-26T10:25:00+00:00,1.36182,1.3619299999999999,1.36164,1.36175,759.0,2026-08-26T12:25:00+02:00
GBPUSD,5m,2026-08-26T10:30:00+00:00,1.36175,1.3621299999999998,1.36174,1.36208,554.0,2026-08-26T12:30:00+02:00
GBPUSD,5m,2026-08-26T10:35:00+00:00,1.36208,1.36222,1.36191,1.36212,478.0,2026-08-26T12:35:00+02:00
GBPUSD,5m,2026-08-26T10:40:00+00:00,1.36212,1.36215,1.36195,1.36214,706.0,2026-08-26T12:40:00+02:00
GBPUSD,5m,2026-08-26T10:45:00+00:00,1.36214,1.3621999999999999,1.36196,1.36204,532.0,2026-08-26T12:45:00+02:00
GBPUSD,5m,2026-08-26T10:50:00+00:00,1.36204,1.36205,1.36185,1.3620299999999999,608.0,2026-08-26T12:50:00+02:00
GBPUSD,5m,2026-08-26T10:55:00+00:00,1.3620299999999999,1.3620299999999999,1.3618,1.36199,691.0,2026-08-26T12:55:00+02:00
GBPUSD,5m,2026-08-26T11:00:00+00:00,1.36199,1.36231,1.36198,1.36222,787.0,2026-08-26T13:00:00+02:00
GBPUSD,5m,2026-08-26T11:05:00+00:00,1.36222,1.36229,1.36211,1.36212,535.0,2026-08-26T13:05:00+02:00
GBPUSD,5m,2026-08-26T11:10:00+00:00,1.36212,1.3625099999999999,1.36211,1.36242,568.0,2026-08-26T13:10:00+02:00
GBPUSD,5m,2026-08-26T11:15:00+00:00,1.36242,1.3624399999999999,1.36211,1.3621999999999999,648.0,2026-08-26T13:15:00+02:00
GBPUSD,5m,2026-08-26T11:20:00+00:00,1.3621999999999999,1.36231,1.36204,1.36209,611.0,2026-08-26T13:20:00+02:00
GBPUSD,5m,2026-08-26T11:25:00+00:00,1.36209,1.3625099999999999,1.36209,1.36236,758.0,2026-08-26T13:25:00+02:00
GBPUSD,5m,2026-08-26T11:30:00+00:00,1.36236,1.3626399999999999,1.36229,1.3626099999999999,833.0,2026-08-26T13:30:00+02:00
GBPUSD,5m,2026-08-26T11:35:00+00:00,1.3626099999999999,1.36272,1.3624,1.3624,820.0,2026-08-26T13:35:00+02:00
GBPUSD,5m,2026-08-26T11:40:00+00:00,1.3624,1.36253,1.3624,1.36243,674.0,2026-08-26T13:40:00+02:00
GBPUSD,5m,2026-08-26T11:45:00+00:00,1.36243,1.36273,1.36238,1.36268,820.0,2026-08-26T13:45:00+02:00
GBPUSD,5m,2026-08-26T11:50:00+00:00,1.36268,1.3627099999999999,1.36252,1.36266,1080.0,2026-08-26T13:50:00+02:00
GBPUSD,5m,2026-08-26T11:55:00+00:00,1.36266,1.36303,1.3626099999999999,1.36285,857.0,2026-08-26T13:55:00+02:00
GBPUSD,5m,2026-08-26T12:00:00+00:00,1.36285,1.36294,1.36275,1.3629099999999998,1254.0,2026-08-26T14:00:00+02:00
GBPUSD,5m,2026-08-26T12:05:00+00:00,1.3629099999999998,1.3633499999999998,1.3629,1.36297,924.0,2026-08-26T14:05:00+02:00
GBPUSD,5m,2026-08-26T12:10:00+00:00,1.36297,1.36324,1.36296,1.36321,929.0,2026-08-26T14:10:00+02:00
GBPUSD,5m,2026-08-26T12:15:00+00:00,1.36321,1.3635199999999998,1.36319,1.36331,1060.0,2026-08-26T14:15:00+02:00
GBPUSD,5m,2026-08-26T12:20:00+00:00,1.36331,1.36345,1.3631,1.36313,1216.0,2026-08-26T14:20:00+02:00
GBPUSD,5m,2026-08-26T12:25:00+00:00,1.36313,1.36316,1.36252,1.36286,732.0,2026-08-26T14:25:00+02:00
GBPUSD,5m,2026-08-26T12:30:00+00:00,1.36286,1.36324,1.3613899999999999,1.36167,2110.0,2026-08-26T14:30:00+02:00
GBPUSD,5m,2026-08-26T12:35:00+00:00,1.36167,1.36182,1.36119,1.36124,1925.0,2026-08-26T14:35:00+02:00
GBPUSD,5m,2026-08-26T12:40:00+00:00,1.36124,1.36174,1.36116,1.36143,1861.0,2026-08-26T14:40:00+02:00
GBPUSD,5m,2026-08-26T12:45:00+00:00,1.36143,1.36147,1.3612,1.36145,1518.0,2026-08-26T14:45:00+02:00
GBPUSD,5m,2026-08-26T12:50:00+00:00,1.36145,1.3615599999999999,1.36083,1.36128,1889.0,2026-08-26T14:50:00+02:00
GBPUSD,5m,2026-08-26T12:55:00+00:00,1.36128,1.36137,1.3606399999999998,1.36068,2006.0,2026-08-26T14:55:00+02:00
GBPUSD,5m,2026-08-26T13:00:00+00:00,1.36068,1.3607399999999998,1.36035,1.36042,1790.0,2026-08-26T15:00:00+02:00
GBPUSD,5m,2026-08-26T13:05:00+00:00,1.36042,1.36084,1.3603699999999999,1.3605399999999999,1676.0,2026-08-26T15:05:00+02:00
GBPUSD,5m,2026-08-26T13:10:00+00:00,1.3605399999999999,1.36085,1.36038,1.36075,1730.0,2026-08-26T15:10:00+02:00
GBPUSD,5m,2026-08-26T13:15:00+00:00,1.36075,1.3608099999999999,1.36033,1.36077,1475.0,2026-08-26T15:15:00+02:00
GBPUSD,5m,2026-08-26T13:20:00+00:00,1.36077,1.3607799999999999,1.36026,1.3605399999999999,1269.0,2026-08-26T15:20:00+02:00
GBPUSD,5m,2026-08-26T13:25:00+00:00,1.3605399999999999,1.36067,1.36032,1.3606,1410.0,2026-08-26T15:25:00+02:00
GBPUSD,5m,2026-08-26T13:30:00+00:00,1.3606,1.36072,1.3601999999999999,1.36021,1635.0,2026-08-26T15:30:00+02:00
GBPUSD,5m,2026-08-26T13:35:00+00:00,1.36021,1.3604699999999998,1.36012,1.3601299999999998,1407.0,2026-08-26T15:35:00+02:00
GBPUSD,5m,2026-08-26T13:40:00+00:00,1.3601299999999998,1.36043,1.3601299999999998,1.36025,1646.0,2026-08-26T15:40:00+02:00
GBPUSD,5m,2026-08-26T13:45:00+00:00,1.36025,1.36046,1.3601699999999999,1.36038,1483.0,2026-08-26T15:45:00+02:00
GBPUSD,5m,2026-08-26T13:50:00+00:00,1.36038,1.36076,1.36026,1.3605399999999999,1563.0,2026-08-26T15:50:00+02:00
GBPUSD,5m,2026-08-26T13:55:00+00:00,1.3605399999999999,1.36067,1.36012,1.36014,1613.0,2026-08-26T15:55:00+02:00
GBPUSD,5m,2026-08-26T14:00:00+00:00,1.36014,1.36022,1.35957,1.35989,1981.0,2026-08-26T16:00:00+02:00
GBPUSD,5m,2026-08-26T14:05:00+00:00,1.35989,1.35994,1.35962,1.3598599999999998,1359.0,2026-08-26T16:05:00+02:00
GBPUSD,5m,2026-08-26T14:10:00+00:00,1.3598599999999998,1.35988,1.35962,1.3598599999999998,1159.0,2026-08-26T16:10:00+02:00
GBPUSD,5m,2026-08-26T14:15:00+00:00,1.3598599999999998,1.35988,1.35928,1.3593,1141.0,2026-08-26T16:15:00+02:00
GBPUSD,5m,2026-08-26T14:20:00+00:00,1.3593,1.35937,1.35856,1.35865,1428.0,2026-08-26T16:20:00+02:00
GBPUSD,5m,2026-08-26T14:25:00+00:00,1.35865,1.35896,1.35842,1.3586099999999999,1860.0,2026-08-26T16:25:00+02:00
GBPUSD,5m,2026-08-26T14:30:00+00:00,1.3586099999999999,1.3591499999999999,1.35838,1.35907,1452.0,2026-08-26T16:30:00+02:00
GBPUSD,5m,2026-08-26T14:35:00+00:00,1.35907,1.3594,1.3589099999999998,1.35927,1237.0,2026-08-26T16:35:00+02:00
GBPUSD,5m,2026-08-26T14:40:00+00:00,1.35927,1.35957,1.35919,1.3593899999999999,1248.0,2026-08-26T16:40:00+02:00
GBPUSD,5m,2026-08-26T14:45:00+00:00,1.3593899999999999,1.3594,1.35842,1.3584399999999999,1285.0,2026-08-26T16:45:00+02:00
GBPUSD,5m,2026-08-26T14:50:00+00:00,1.3584399999999999,1.35877,1.35826,1.35874,1701.0,2026-08-26T16:50:00+02:00
GBPUSD,5m,2026-08-26T14:55:00+00:00,1.35874,1.35923,1.35855,1.35874,2778.0,2026-08-26T16:55:00+02:00
GBPUSD,5m,2026-08-26T15:00:00+00:00,1.35874,1.35913,1.3586099999999999,1.35901,1654.0,2026-08-26T17:00:00+02:00
GBPUSD,5m,2026-08-26T15:05:00+00:00,1.35901,1.35947,1.35887,1.35945,1362.0,2026-08-26T17:05:00+02:00
GBPUSD,5m,2026-08-26T15:10:00+00:00,1.35945,1.35948,1.35896,1.35897,1187.0,2026-08-26T17:10:00+02:00
GBPUSD,5m,2026-08-26T15:15:00+00:00,1.35897,1.3590499999999999,1.35872,1.3589499999999999,1104.0,2026-08-26T17:15:00+02:00
GBPUSD,5m,2026-08-26T15:20:00+00:00,1.3589499999999999,1.35902,1.35863,1.35886,1248.0,2026-08-26T17:20:00+02:00
GBPUSD,5m,2026-08-26T15:25:00+00:00,1.35886,1.35907,1.35884,1.3590499999999999,1027.0,2026-08-26T17:25:00+02:00
GBPUSD,5m,2026-08-26T15:30:00+00:00,1.3590499999999999,1.3592499999999998,1.35893,1.3592499999999998,916.0,2026-08-26T17:30:00+02:00
GBPUSD,5m,2026-08-26T15:35:00+00:00,1.3592499999999998,1.35965,1.35924,1.35964,935.0,2026-08-26T17:35:00+02:00
GBPUSD,5m,2026-08-26T15:40:00+00:00,1.35964,1.35982,1.35955,1.35955,956.0,2026-08-26T17:40:00+02:00
GBPUSD,5m,2026-08-26T15:45:00+00:00,1.35955,1.3597299999999999,1.35943,1.35955,692.0,2026-08-26T17:45:00+02:00
GBPUSD,5m,2026-08-26T15:50:00+00:00,1.35955,1.3595599999999999,1.35889,1.35926,2464.0,2026-08-26T17:50:00+02:00
GBPUSD,5m,2026-08-26T15:55:00+00:00,1.35926,1.35944,1.359,1.3593,1384.0,2026-08-26T17:55:00+02:00
GBPUSD,5m,2026-08-26T16:00:00+00:00,1.3593,1.35941,1.35909,1.35935,959.0,2026-08-26T18:00:00+02:00
GBPUSD,5m,2026-08-26T16:05:00+00:00,1.35935,1.35968,1.35931,1.35945,915.0,2026-08-26T18:05:00+02:00
GBPUSD,5m,2026-08-26T16:10:00+00:00,1.35945,1.3595599999999999,1.3594,1.3595599999999999,871.0,2026-08-26T18:10:00+02:00
GBPUSD,5m,2026-08-26T16:15:00+00:00,1.3595599999999999,1.35963,1.3593899999999999,1.35953,730.0,2026-08-26T18:15:00+02:00
GBPUSD,5m,2026-08-26T16:20:00+00:00,1.35953,1.35962,1.35938,1.35941,965.0,2026-08-26T18:20:00+02:00
GBPUSD,5m,2026-08-26T16:25:00+00:00,1.35941,1.35953,1.35936,1.35936,841.0,2026-08-26T18:25:00+02:00
GBPUSD,5m,2026-08-26T16:30:00+00:00,1.35936,1.35944,1.35911,1.35914,1113.0,2026-08-26T18:30:00+02:00
GBPUSD,5m,2026-08-26T16:35:00+00:00,1.35914,1.3591499999999999,1.35885,1.35886,836.0,2026-08-26T18:35:00+02:00
GBPUSD,5m,2026-08-26T16:40:00+00:00,1.35886,1.35904,1.3588099999999999,1.35897,742.0,2026-08-26T18:40:00+02:00
GBPUSD,5m,2026-08-26T16:45:00+00:00,1.35897,1.35936,1.3589,1.35935,731.0,2026-08-26T18:45:00+02:00
GBPUSD,5m,2026-08-26T16:50:00+00:00,1.35935,1.35936,1.35886,1.35887,1132.0,2026-08-26T18:50:00+02:00
GBPUSD,5m,2026-08-26T16:55:00+00:00,1.35887,1.3591499999999999,1.3587799999999999,1.35899,829.0,2026-08-26T18:55:00+02:00
GBPUSD,5m,2026-08-26T17:00:00+00:00,1.35899,1.35933,1.35899,1.35914,936.0,2026-08-26T19:00:00+02:00
GBPUSD,5m,2026-08-26T17:05:00+00:00,1.35914,1.35914,1.35884,1.35894,570.0,2026-08-26T19:05:00+02:00
GBPUSD,5m,2026-08-26T17:10:00+00:00,1.35894,1.35913,1.35882,1.35913,654.0,2026-08-26T19:10:00+02:00
GBPUSD,5m,2026-08-26T17:15:00+00:00,1.35913,1.35935,1.35909,1.35931,792.0,2026-08-26T19:15:00+02:00
GBPUSD,5m,2026-08-26T17:20:00+00:00,1.35931,1.35944,1.35926,1.35937,832.0,2026-08-26T19:20:00+02:00
GBPUSD,5m,2026-08-26T17:25:00+00:00,1.35937,1.3593899999999999,1.3592,1.35935,568.0,2026-08-26T19:25:00+02:00
GBPUSD,5m,2026-08-26T17:30:00+00:00,1.35935,1.35955,1.3593199999999999,1.35951,822.0,2026-08-26T19:30:00+02:00
GBPUSD,5m,2026-08-26T17:35:00+00:00,1.35951,1.35953,1.3593,1.3593,605.0,2026-08-26T19:35:00+02:00
GBPUSD,5m,2026-08-26T17:40:00+00:00,1.3593,1.3594,1.35923,1.3593899999999999,661.0,2026-08-26T19:40:00+02:00
GBPUSD,5m,2026-08-26T17:45:00+00:00,1.3593899999999999,1.3594,1.35917,1.3592,736.0,2026-08-26T19:45:00+02:00
GBPUSD,5m,2026-08-26T17:50:00+00:00,1.3592,1.35937,1.35919,1.35931,531.0,2026-08-26T19:50:00+02:00
GBPUSD,5m,2026-08-26T17:55:00+00:00,1.35931,1.35937,1.35913,1.35933,705.0,2026-08-26T19:55:00+02:00
GBPUSD,5m,2026-08-26T18:00:00+00:00,1.35933,1.35943,1.3593,1.35933,866.0,2026-08-26T20:00:00+02:00
GBPUSD,5m,2026-08-26T18:05:00+00:00,1.35933,1.35946,1.35913,1.35941,858.0,2026-08-26T20:05:00+02:00
GBPUSD,5m,2026-08-26T18:10:00+00:00,1.35941,1.35953,1.35933,1.35944,542.0,2026-08-26T20:10:00+02:00
GBPUSD,5m,2026-08-26T18:15:00+00:00,1.35944,1.35954,1.35936,1.3594899999999999,722.0,2026-08-26T20:15:00+02:00
GBPUSD,5m,2026-08-26T18:20:00+00:00,1.3594899999999999,1.3595,1.35923,1.3593199999999999,446.0,2026-08-26T20:20:00+02:00
GBPUSD,5m,2026-08-26T18:25:00+00:00,1.3593199999999999,1.3593899999999999,1.3592,1.3592199999999999,450.0,2026-08-26T20:25:00+02:00
GBPUSD,5m,2026-08-26T18:30:00+00:00,1.3592199999999999,1.35923,1.35911,1.3591199999999999,461.0,2026-08-26T20:30:00+02:00
GBPUSD,5m,2026-08-26T18:35:00+00:00,1.3591199999999999,1.3591199999999999,1.35893,1.35901,471.0,2026-08-26T20:35:00+02:00
GBPUSD,5m,2026-08-26T18:40:00+00:00,1.35901,1.35906,1.3589499999999999,1.35904,414.0,2026-08-26T20:40:00+02:00
GBPUSD,5m,2026-08-26T18:45:00+00:00,1.35904,1.3592,1.35904,1.3591499999999999,468.0,2026-08-26T20:45:00+02:00
GBPUSD,5m,2026-08-26T18:50:00+00:00,1.3591499999999999,1.3592199999999999,1.35907,1.35911,442.0,2026-08-26T20:50:00+02:00
GBPUSD,5m,2026-08-26T18:55:00+00:00,1.35911,1.3591199999999999,1.35894,1.3591,655.0,2026-08-26T20:55:00+02:00
GBPUSD,5m,2026-08-26T19:00:00+00:00,1.3591,1.35919,1.35899,1.3591199999999999,651.0,2026-08-26T21:00:00+02:00
GBPUSD,5m,2026-08-26T19:05:00+00:00,1.3591199999999999,1.35916,1.35904,1.3590499999999999,392.0,2026-08-26T21:05:00+02:00
GBPUSD,5m,2026-08-26T19:10:00+00:00,1.3590499999999999,1.35916,1.3590499999999999,1.3591,406.0,2026-08-26T21:10:00+02:00
GBPUSD,5m,2026-08-26T19:15:00+00:00,1.3591,1.3591199999999999,1.35897,1.3589799999999999,250.0,2026-08-26T21:15:00+02:00
GBPUSD,5m,2026-08-26T19:20:00+00:00,1.3589799999999999,1.35916,1.3589799999999999,1.3591199999999999,297.0,2026-08-26T21:20:00+02:00
GBPUSD,5m,2026-08-26T19:25:00+00:00,1.3591199999999999,1.3593199999999999,1.3591199999999999,1.35923,451.0,2026-08-26T21:25:00+02:00
GBPUSD,5m,2026-08-26T19:30:00+00:00,1.35923,1.35934,1.35911,1.35914,660.0,2026-08-26T21:30:00+02:00
GBPUSD,5m,2026-08-26T19:35:00+00:00,1.35914,1.35927,1.35914,1.35923,577.0,2026-08-26T21:35:00+02:00
GBPUSD,5m,2026-08-26T19:40:00+00:00,1.35923,1.35931,1.35919,1.3592199999999999,339.0,2026-08-26T21:40:00+02:00
GBPUSD,5m,2026-08-26T19:45:00+00:00,1.3592199999999999,1.3593199999999999,1.35918,1.35919,704.0,2026-08-26T21:45:00+02:00
GBPUSD,5m,2026-08-26T19:50:00+00:00,1.35919,1.35921,1.35904,1.3591499999999999,719.0,2026-08-26T21:50:00+02:00
GBPUSD,5m,2026-08-26T19:55:00+00:00,1.3591499999999999,1.3593899999999999,1.35914,1.35936,806.0,2026-08-26T21:55:00+02:00
GBPUSD,5m,2026-08-26T20:00:00+00:00,1.35936,1.3594,1.3593,1.35931,598.0,2026-08-26T22:00:00+02:00
GBPUSD,5m,2026-08-26T20:05:00+00:00,1.35931,1.35943,1.35931,1.35936,381.0,2026-08-26T22:05:00+02:00
GBPUSD,5m,2026-08-26T20:10:00+00:00,1.35936,1.35936,1.35921,1.35923,200.0,2026-08-26T22:10:00+02:00
GBPUSD,5m,2026-08-26T20:15:00+00:00,1.35923,1.35933,1.35921,1.35928,215.0,2026-08-26T22:15:00+02:00
GBPUSD,5m,2026-08-26T20:20:00+00:00,1.35928,1.35934,1.3592,1.35926,473.0,2026-08-26T22:20:00+02:00
GBPUSD,5m,2026-08-26T20:25:00+00:00,1.35926,1.35934,1.35924,1.35926,227.0,2026-08-26T22:25:00+02:00
GBPUSD,5m,2026-08-26T20:30:00+00:00,1.35926,1.35948,1.3592499999999998,1.35943,243.0,2026-08-26T22:30:00+02:00
GBPUSD,5m,2026-08-26T20:35:00+00:00,1.35943,1.3595899999999999,1.3594199999999999,1.3595199999999998,391.0,2026-08-26T22:35:00+02:00
GBPUSD,5m,2026-08-26T20:40:00+00:00,1.3595199999999998,1.35955,1.35948,1.35951,121.0,2026-08-26T22:40:00+02:00
GBPUSD,5m,2026-08-26T20:45:00+00:00,1.35951,1.35951,1.3593899999999999,1.3594199999999999,142.0,2026-08-26T22:45:00+02:00
GBPUSD,5m,2026-08-26T20:50:00+00:00,1.3594199999999999,1.35945,1.35936,1.3594199999999999,129.0,2026-08-26T22:50:00+02:00
GBPUSD,5m,2026-08-26T20:55:00+00:00,1.3594199999999999,1.35975,1.35936,1.35945,773.0,2026-08-26T22:55:00+02:00
GBPUSD,5m,2026-08-26T21:00:00+00:00,1.35945,1.35945,1.35823,1.35823,4.0,2026-08-26T23:00:00+02:00
GBPUSD,5m,2026-08-26T21:05:00+00:00,1.35823,1.3584699999999998,1.35823,1.3584699999999998,12.0,2026-08-26T23:05:00+02:00
GBPUSD,5m,2026-08-26T21:10:00+00:00,1.3584699999999998,1.3584699999999998,1.35839,1.35842,11.0,2026-08-26T23:10:00+02:00
GBPUSD,5m,2026-08-26T21:15:00+00:00,1.35842,1.35858,1.35838,1.3585399999999999,74.0,2026-08-26T23:15:00+02:00
GBPUSD,5m,2026-08-26T21:20:00+00:00,1.3585399999999999,1.3588799999999999,1.35842,1.35873,186.0,2026-08-26T23:20:00+02:00
GBPUSD,5m,2026-08-26T21:25:00+00:00,1.35873,1.3588799999999999,1.3584399999999999,1.35876,235.0,2026-08-26T23:25:00+02:00
GBPUSD,5m,2026-08-26T21:30:00+00:00,1.35876,1.3590499999999999,1.35855,1.35901,163.0,2026-08-26T23:30:00+02:00
GBPUSD,5m,2026-08-26T21:35:00+00:00,1.35901,1.35937,1.35876,1.3592499999999998,375.0,2026-08-26T23:35:00+02:00
GBPUSD,5m,2026-08-26T21:40:00+00:00,1.3592499999999998,1.35938,1.3589799999999999,1.35927,262.0,2026-08-26T23:40:00+02:00
GBPUSD,5m,2026-08-26T21:45:00+00:00,1.35927,1.3592899999999999,1.35899,1.35918,318.0,2026-08-26T23:45:00+02:00
GBPUSD,5m,2026-08-26T21:50:00+00:00,1.35918,1.35927,1.35892,1.35914,303.0,2026-08-26T23:50:00+02:00
GBPUSD,5m,2026-08-26T21:55:00+00:00,1.35914,1.3592499999999998,1.35835,1.35909,909.0,2026-08-26T23:55:00+02:00
GBPUSD,5m,2026-08-26T22:00:00+00:00,1.35909,1.35978,1.35909,1.35967,1962.0,2026-08-27T00:00:00+02:00
GBPUSD,5m,2026-08-26T22:05:00+00:00,1.35967,1.35967,1.35934,1.3594,3856.0,2026-08-27T00:05:00+02:00
GBPUSD,5m,2026-08-26T22:10:00+00:00,1.3594,1.35947,1.35938,1.35947,160.0,2026-08-27T00:10:00+02:00
GBPUSD,5m,2026-08-26T22:15:00+00:00,1.35947,1.35965,1.3594,1.35954,332.0,2026-08-27T00:15:00+02:00
GBPUSD,5m,2026-08-26T22:20:00+00:00,1.35954,1.3596,1.35943,1.35951,751.0,2026-08-27T00:20:00+02:00
GBPUSD,5m,2026-08-26T22:25:00+00:00,1.35951,1.35963,1.35943,1.3596,163.0,2026-08-27T00:25:00+02:00
GBPUSD,5m,2026-08-26T22:30:00+00:00,1.3596,1.3596599999999999,1.35955,1.3596,287.0,2026-08-27T00:30:00+02:00
GBPUSD,5m,2026-08-26T22:35:00+00:00,1.3596,1.3596,1.35944,1.35951,1005.0,2026-08-27T00:35:00+02:00
GBPUSD,5m,2026-08-26T22:40:00+00:00,1.35951,1.3596,1.35951,1.35957,134.0,2026-08-27T00:40:00+02:00
GBPUSD,5m,2026-08-26T22:45:00+00:00,1.35957,1.35958,1.3594199999999999,1.35948,1514.0,2026-08-27T00:45:00+02:00
GBPUSD,5m,2026-08-26T22:50:00+00:00,1.35948,1.35951,1.35946,1.35947,104.0,2026-08-27T00:50:00+02:00
GBPUSD,5m,2026-08-26T22:55:00+00:00,1.35947,1.35948,1.3594199999999999,1.35944,942.0,2026-08-27T00:55:00+02:00
GBPUSD,5m,2026-08-26T23:00:00+00:00,1.35944,1.3596,1.35941,1.35948,1032.0,2026-08-27T01:00:00+02:00
GBPUSD,5m,2026-08-26T23:05:00+00:00,1.35948,1.35953,1.35946,1.35948,70.0,2026-08-27T01:05:00+02:00
GBPUSD,5m,2026-08-26T23:10:00+00:00,1.35948,1.3596899999999998,1.35948,1.35968,901.0,2026-08-27T01:10:00+02:00
GBPUSD,5m,2026-08-26T23:15:00+00:00,1.35968,1.35977,1.3595599999999999,1.3596899999999998,610.0,2026-08-27T01:15:00+02:00
GBPUSD,5m,2026-08-26T23:20:00+00:00,1.3596899999999998,1.35974,1.35958,1.35964,1822.0,2026-08-27T01:20:00+02:00
GBPUSD,5m,2026-08-26T23:25:00+00:00,1.35964,1.35967,1.35953,1.35955,1282.0,2026-08-27T01:25:00+02:00
GBPUSD,5m,2026-08-26T23:30:00+00:00,1.35955,1.35962,1.3594899999999999,1.3595899999999999,341.0,2026-08-27T01:30:00+02:00
GBPUSD,5m,2026-08-26T23:35:00+00:00,1.3595899999999999,1.35964,1.35958,1.35961,615.0,2026-08-27T01:35:00+02:00
GBPUSD,5m,2026-08-26T23:40:00+00:00,1.35961,1.35968,1.3596,1.35961,162.0,2026-08-27T01:40:00+02:00
GBPUSD,5m,2026-08-26T23:45:00+00:00,1.35961,1.3596599999999999,1.35957,1.35958,457.0,2026-08-27T01:45:00+02:00
GBPUSD,5m,2026-08-26T23:50:00+00:00,1.35958,1.3596,1.3594899999999999,1.3595199999999998,420.0,2026-08-27T01:50:00+02:00
GBPUSD,5m,2026-08-26T23:55:00+00:00,1.3595199999999998,1.35958,1.3595,1.35958,164.0,2026-08-27T01:55:00+02:00
GBPUSD,5m,2026-08-27T00:00:00+00:00,1.35958,1.35964,1.3594,1.35951,2745.0,2026-08-27T02:00:00+02:00
GBPUSD,5m,2026-08-27T00:05:00+00:00,1.35951,1.35954,1.35923,1.35934,2888.0,2026-08-27T02:05:00+02:00
GBPUSD,5m,2026-08-27T00:10:00+00:00,1.35934,1.35935,1.35917,1.3592,933.0,2026-08-27T02:10:00+02:00
GBPUSD,5m,2026-08-27T00:15:00+00:00,1.3592,1.3593,1.3591199999999999,1.35926,532.0,2026-08-27T02:15:00+02:00
GBPUSD,5m,2026-08-27T00:20:00+00:00,1.35926,1.35945,1.3592499999999998,1.35933,736.0,2026-08-27T02:20:00+02:00
GBPUSD,5m,2026-08-27T00:25:00+00:00,1.35933,1.3595199999999998,1.3593,1.3595,633.0,2026-08-27T02:25:00+02:00
GBPUSD,5m,2026-08-27T00:30:00+00:00,1.3595,1.3595899999999999,1.3594199999999999,1.35955,655.0,2026-08-27T02:30:00+02:00
GBPUSD,5m,2026-08-27T00:35:00+00:00,1.35955,1.35957,1.35923,1.35927,1079.0,2026-08-27T02:35:00+02:00
GBPUSD,5m,2026-08-27T00:40:00+00:00,1.35927,1.3593199999999999,1.35914,1.35914,751.0,2026-08-27T02:40:00+02:00
GBPUSD,5m,2026-08-27T00:45:00+00:00,1.35914,1.3592899999999999,1.3590799999999998,1.3592499999999998,1015.0,2026-08-27T02:45:00+02:00
GBPUSD,5m,2026-08-27T00:50:00+00:00,1.3592499999999998,1.3593,1.35894,1.3591,1139.0,2026-08-27T02:50:00+02:00
GBPUSD,5m,2026-08-27T00:55:00+00:00,1.3591,1.35924,1.35902,1.3592,1174.0,2026-08-27T02:55:00+02:00
GBPUSD,5m,2026-08-27T01:00:00+00:00,1.3592,1.35931,1.35903,1.35923,1383.0,2026-08-27T03:00:00+02:00
GBPUSD,5m,2026-08-27T01:05:00+00:00,1.35923,1.35927,1.3589799999999999,1.35902,901.0,2026-08-27T03:05:00+02:00
GBPUSD,5m,2026-08-27T01:10:00+00:00,1.35902,1.3591199999999999,1.359,1.35911,1094.0,2026-08-27T03:10:00+02:00
GBPUSD,5m,2026-08-27T01:15:00+00:00,1.35911,1.3591499999999999,1.35899,1.35911,885.0,2026-08-27T03:15:00+02:00
GBPUSD,5m,2026-08-27T01:20:00+00:00,1.35911,1.35941,1.35907,1.35933,718.0,2026-08-27T03:20:00+02:00
GBPUSD,5m,2026-08-27T01:25:00+00:00,1.35933,1.35933,1.35904,1.35914,888.0,2026-08-27T03:25:00+02:00
GBPUSD,5m,2026-08-27T01:30:00+00:00,1.35914,1.35924,1.3590799999999998,1.35918,1082.0,2026-08-27T03:30:00+02:00
GBPUSD,5m,2026-08-27T01:35:00+00:00,1.35918,1.35931,1.35902,1.35904,937.0,2026-08-27T03:35:00+02:00
GBPUSD,5m,2026-08-27T01:40:00+00:00,1.35904,1.35909,1.3589,1.35902,813.0,2026-08-27T03:40:00+02:00
GBPUSD,5m,2026-08-27T01:45:00+00:00,1.35902,1.35924,1.3589499999999999,1.3591199999999999,797.0,2026-08-27T03:45:00+02:00
GBPUSD,5m,2026-08-27T01:50:00+00:00,1.3591199999999999,1.3592199999999999,1.35909,1.35921,672.0,2026-08-27T03:50:00+02:00
GBPUSD,5m,2026-08-27T01:55:00+00:00,1.35921,1.35931,1.35917,1.35926,589.0,2026-08-27T03:55:00+02:00
GBPUSD,5m,2026-08-27T02:00:00+00:00,1.35926,1.3593199999999999,1.35917,1.3593,668.0,2026-08-27T04:00:00+02:00
GBPUSD,5m,2026-08-27T02:05:00+00:00,1.3593,1.35945,1.35927,1.35943,575.0,2026-08-27T04:05:00+02:00
GBPUSD,5m,2026-08-27T02:10:00+00:00,1.35943,1.35946,1.35923,1.3592499999999998,688.0,2026-08-27T04:10:00+02:00
GBPUSD,5m,2026-08-27T02:15:00+00:00,1.3592499999999998,1.3592899999999999,1.35917,1.35918,391.0,2026-08-27T04:15:00+02:00
GBPUSD,5m,2026-08-27T02:20:00+00:00,1.35918,1.3592199999999999,1.35896,1.35896,507.0,2026-08-27T04:20:00+02:00
GBPUSD,5m,2026-08-27T02:25:00+00:00,1.35896,1.35903,1.3589099999999998,1.35892,590.0,2026-08-27T04:25:00+02:00
GBPUSD,5m,2026-08-27T02:30:00+00:00,1.35892,1.3589799999999999,1.35882,1.35894,774.0,2026-08-27T04:30:00+02:00
GBPUSD,5m,2026-08-27T02:35:00+00:00,1.35894,1.3591199999999999,1.3589,1.35897,702.0,2026-08-27T04:35:00+02:00
GBPUSD,5m,2026-08-27T02:40:00+00:00,1.35897,1.35911,1.35897,1.35906,459.0,2026-08-27T04:40:00+02:00
GBPUSD,5m,2026-08-27T02:45:00+00:00,1.35906,1.3591199999999999,1.35901,1.35903,620.0,2026-08-27T04:45:00+02:00
GBPUSD,5m,2026-08-27T02:50:00+00:00,1.35903,1.35924,1.3589799999999999,1.359,451.0,2026-08-27T04:50:00+02:00
GBPUSD,5m,2026-08-27T02:55:00+00:00,1.359,1.35913,1.35894,1.35907,358.0,2026-08-27T04:55:00+02:00
GBPUSD,5m,2026-08-27T03:00:00+00:00,1.35907,1.3592,1.35904,1.3591,840.0,2026-08-27T05:00:00+02:00
GBPUSD,5m,2026-08-27T03:05:00+00:00,1.3591,1.35917,1.35904,1.3591,604.0,2026-08-27T05:05:00+02:00
GBPUSD,5m,2026-08-27T03:10:00+00:00,1.3591,1.35923,1.35909,1.3592,953.0,2026-08-27T05:10:00+02:00
GBPUSD,5m,2026-08-27T03:15:00+00:00,1.3592,1.35924,1.35909,1.35914,454.0,2026-08-27T05:15:00+02:00
GBPUSD,5m,2026-08-27T03:20:00+00:00,1.35914,1.35916,1.35904,1.35911,389.0,2026-08-27T05:20:00+02:00
GBPUSD,5m,2026-08-27T03:25:00+00:00,1.35911,1.3591199999999999,1.35897,1.35902,454.0,2026-08-27T05:25:00+02:00
GBPUSD,5m,2026-08-27T03:30:00+00:00,1.35902,1.35904,1.35892,1.35893,548.0,2026-08-27T05:30:00+02:00
GBPUSD,5m,2026-08-27T03:35:00+00:00,1.35893,1.35894,1.35877,1.35883,540.0,2026-08-27T05:35:00+02:00
GBPUSD,5m,2026-08-27T03:40:00+00:00,1.35883,1.35892,1.35876,1.35885,835.0,2026-08-27T05:40:00+02:00
GBPUSD,5m,2026-08-27T03:45:00+00:00,1.35885,1.35902,1.35883,1.35892,692.0,2026-08-27T05:45:00+02:00
GBPUSD,5m,2026-08-27T03:50:00+00:00,1.35892,1.35899,1.3588799999999999,1.3589099999999998,629.0,2026-08-27T05:50:00+02:00
GBPUSD,5m,2026-08-27T03:55:00+00:00,1.3589099999999998,1.35892,1.35865,1.35873,661.0,2026-08-27T05:55:00+02:00
GBPUSD,5m,2026-08-27T04:00:00+00:00,1.35873,1.35902,1.3587099999999999,1.35894,639.0,2026-08-27T06:00:00+02:00
GBPUSD,5m,2026-08-27T04:05:00+00:00,1.35894,1.35901,1.3588799999999999,1.3589099999999998,546.0,2026-08-27T06:05:00+02:00
GBPUSD,5m,2026-08-27T04:10:00+00:00,1.3589099999999998,1.35904,1.3589,1.35902,665.0,2026-08-27T06:10:00+02:00
GBPUSD,5m,2026-08-27T04:15:00+00:00,1.35902,1.3590499999999999,1.35883,1.3588799999999999,460.0,2026-08-27T06:15:00+02:00
GBPUSD,5m,2026-08-27T04:20:00+00:00,1.3588799999999999,1.3589,1.35873,1.3588,649.0,2026-08-27T06:20:00+02:00
GBPUSD,5m,2026-08-27T04:25:00+00:00,1.3588,1.35903,1.35877,1.35893,416.0,2026-08-27T06:25:00+02:00
GBPUSD,5m,2026-08-27T04:30:00+00:00,1.35893,1.35894,1.35877,1.35879,515.0,2026-08-27T06:30:00+02:00
GBPUSD,5m,2026-08-27T04:35:00+00:00,1.35879,1.3588,1.35867,1.35873,515.0,2026-08-27T06:35:00+02:00
GBPUSD,5m,2026-08-27T04:40:00+00:00,1.35873,1.35876,1.35862,1.3586799999999999,493.0,2026-08-27T06:40:00+02:00
GBPUSD,5m,2026-08-27T04:45:00+00:00,1.3586799999999999,1.3588,1.3586,1.35874,526.0,2026-08-27T06:45:00+02:00
GBPUSD,5m,2026-08-27T04:50:00+00:00,1.35874,1.3588,1.35869,1.35872,420.0,2026-08-27T06:50:00+02:00
GBPUSD,5m,2026-08-27T04:55:00+00:00,1.35872,1.35876,1.3586799999999999,1.35873,377.0,2026-08-27T06:55:00+02:00
GBPUSD,5m,2026-08-27T05:00:00+00:00,1.35873,1.3588099999999999,1.35862,1.3587099999999999,617.0,2026-08-27T07:00:00+02:00
GBPUSD,5m,2026-08-27T05:05:00+00:00,1.3587099999999999,1.35883,1.3587,1.35873,634.0,2026-08-27T07:05:00+02:00
GBPUSD,5m,2026-08-27T05:10:00+00:00,1.35873,1.35883,1.35872,1.35874,439.0,2026-08-27T07:10:00+02:00
GBPUSD,5m,2026-08-27T05:15:00+00:00,1.35874,1.3588,1.3585099999999999,1.3586099999999999,523.0,2026-08-27T07:15:00+02:00
GBPUSD,5m,2026-08-27T05:20:00+00:00,1.3586099999999999,1.35887,1.3586099999999999,1.35885,520.0,2026-08-27T07:20:00+02:00
GBPUSD,5m,2026-08-27T05:25:00+00:00,1.35885,1.35903,1.35885,1.35903,456.0,2026-08-27T07:25:00+02:00
GBPUSD,5m,2026-08-27T05:30:00+00:00,1.35903,1.35909,1.35886,1.3588799999999999,652.0,2026-08-27T07:30:00+02:00
GBPUSD,5m,2026-08-27T05:35:00+00:00,1.3588799999999999,1.3589499999999999,1.35884,1.35886,483.0,2026-08-27T07:35:00+02:00
GBPUSD,5m,2026-08-27T05:40:00+00:00,1.35886,1.35896,1.3588099999999999,1.35893,495.0,2026-08-27T07:40:00+02:00
GBPUSD,5m,2026-08-27T05:45:00+00:00,1.35893,1.35896,1.35889,1.35892,512.0,2026-08-27T07:45:00+02:00
GBPUSD,5m,2026-08-27T05:50:00+00:00,1.35892,1.35894,1.3586099999999999,1.35872,640.0,2026-08-27T07:50:00+02:00
GBPUSD,5m,2026-08-27T05:55:00+00:00,1.35872,1.35887,1.35869,1.35884,862.0,2026-08-27T07:55:00+02:00
GBPUSD,5m,2026-08-27T06:00:00+00:00,1.35884,1.35887,1.35863,1.3586799999999999,660.0,2026-08-27T08:00:00+02:00
GBPUSD,5m,2026-08-27T06:05:00+00:00,1.3586799999999999,1.35884,1.35867,1.35883,721.0,2026-08-27T08:05:00+02:00
GBPUSD,5m,2026-08-27T06:10:00+00:00,1.35883,1.3589799999999999,1.35875,1.35885,646.0,2026-08-27T08:10:00+02:00
GBPUSD,5m,2026-08-27T06:15:00+00:00,1.35885,1.35893,1.35876,1.3589099999999998,889.0,2026-08-27T08:15:00+02:00
GBPUSD,5m,2026-08-27T06:20:00+00:00,1.3589099999999998,1.3591199999999999,1.35886,1.35901,747.0,2026-08-27T08:20:00+02:00
GBPUSD,5m,2026-08-27T06:25:00+00:00,1.35901,1.3591199999999999,1.35892,1.359,887.0,2026-08-27T08:25:00+02:00
GBPUSD,5m,2026-08-27T06:30:00+00:00,1.359,1.35904,1.3587799999999999,1.35884,834.0,2026-08-27T08:30:00+02:00
GBPUSD,5m,2026-08-27T06:35:00+00:00,1.35884,1.35887,1.35862,1.35862,600.0,2026-08-27T08:35:00+02:00
GBPUSD,5m,2026-08-27T06:40:00+00:00,1.35862,1.35892,1.3586099999999999,1.3589,862.0,2026-08-27T08:40:00+02:00
GBPUSD,5m,2026-08-27T06:45:00+00:00,1.3589,1.3590499999999999,1.3586099999999999,1.35862,848.0,2026-08-27T08:45:00+02:00
GBPUSD,5m,2026-08-27T06:50:00+00:00,1.35862,1.3587,1.35856,1.35869,745.0,2026-08-27T08:50:00+02:00
GBPUSD,5m,2026-08-27T06:55:00+00:00,1.35869,1.35899,1.35869,1.35893,445.0,2026-08-27T08:55:00+02:00
GBPUSD,5m,2026-08-27T07:00:00+00:00,1.35893,1.35937,1.35893,1.3593199999999999,1323.0,2026-08-27T09:00:00+02:00
GBPUSD,5m,2026-08-27T07:05:00+00:00,1.3593199999999999,1.35935,1.3591199999999999,1.3593199999999999,820.0,2026-08-27T09:05:00+02:00
GBPUSD,5m,2026-08-27T07:10:00+00:00,1.3593199999999999,1.35963,1.3592499999999998,1.35948,845.0,2026-08-27T09:10:00+02:00
GBPUSD,5m,2026-08-27T07:15:00+00:00,1.35948,1.35951,1.35914,1.3592499999999998,650.0,2026-08-27T09:15:00+02:00
GBPUSD,5m,2026-08-27T07:20:00+00:00,1.3592499999999998,1.3592499999999998,1.35883,1.3589099999999998,779.0,2026-08-27T09:20:00+02:00
GBPUSD,5m,2026-08-27T07:25:00+00:00,1.3589099999999998,1.3589499999999999,1.3586399999999998,1.35865,1029.0,2026-08-27T09:25:00+02:00
GBPUSD,5m,2026-08-27T07:30:00+00:00,1.35865,1.35889,1.35859,1.3588799999999999,583.0,2026-08-27T09:30:00+02:00
GBPUSD,5m,2026-08-27T07:35:00+00:00,1.3588799999999999,1.35916,1.35882,1.35884,1087.0,2026-08-27T09:35:00+02:00
GBPUSD,5m,2026-08-27T07:40:00+00:00,1.35884,1.35913,1.35882,1.35913,632.0,2026-08-27T09:40:00+02:00
GBPUSD,5m,2026-08-27T07:45:00+00:00,1.35913,1.35921,1.35889,1.3589,926.0,2026-08-27T09:45:00+02:00
GBPUSD,5m,2026-08-27T07:50:00+00:00,1.3589,1.35894,1.35863,1.35874,1488.0,2026-08-27T09:50:00+02:00
GBPUSD,5m,2026-08-27T07:55:00+00:00,1.35874,1.35887,1.3586099999999999,1.35872,1011.0,2026-08-27T09:55:00+02:00
GBPUSD,5m,2026-08-27T08:00:00+00:00,1.35872,1.35928,1.35858,1.35909,918.0,2026-08-27T10:00:00+02:00
GBPUSD,5m,2026-08-27T08:05:00+00:00,1.35909,1.35946,1.35904,1.35936,842.0,2026-08-27T10:05:00+02:00
GBPUSD,5m,2026-08-27T08:10:00+00:00,1.35936,1.3593899999999999,1.359,1.35901,609.0,2026-08-27T10:10:00+02:00
GBPUSD,5m,2026-08-27T08:15:00+00:00,1.35901,1.35919,1.3589099999999998,1.3589099999999998,582.0,2026-08-27T10:15:00+02:00
GBPUSD,5m,2026-08-27T08:20:00+00:00,1.3589099999999998,1.3589099999999998,1.3585399999999999,1.35862,947.0,2026-08-27T10:20:00+02:00
GBPUSD,5m,2026-08-27T08:25:00+00:00,1.35862,1.3586799999999999,1.35846,1.35853,714.0,2026-08-27T10:25:00+02:00
GBPUSD,5m,2026-08-27T08:30:00+00:00,1.35853,1.3586,1.3582999999999998,1.35833,712.0,2026-08-27T10:30:00+02:00
GBPUSD,5m,2026-08-27T08:35:00+00:00,1.35833,1.35841,1.3579999999999999,1.3580299999999998,854.0,2026-08-27T10:35:00+02:00
GBPUSD,5m,2026-08-27T08:40:00+00:00,1.3580299999999998,1.35852,1.3579999999999999,1.35841,970.0,2026-08-27T10:40:00+02:00
GBPUSD,5m,2026-08-27T08:45:00+00:00,1.35841,1.3585399999999999,1.35823,1.35828,1355.0,2026-08-27T10:45:00+02:00
GBPUSD,5m,2026-08-27T08:50:00+00:00,1.35828,1.35835,1.35819,1.35822,1057.0,2026-08-27T10:50:00+02:00
GBPUSD,5m,2026-08-27T08:55:00+00:00,1.35822,1.35836,1.35792,1.35795,1325.0,2026-08-27T10:55:00+02:00
GBPUSD,5m,2026-08-27T09:00:00+00:00,1.35795,1.35799,1.3572899999999999,1.3573199999999999,1414.0,2026-08-27T11:00:00+02:00
GBPUSD,5m,2026-08-27T09:05:00+00:00,1.3573199999999999,1.35778,1.35731,1.35778,1106.0,2026-08-27T11:05:00+02:00
GBPUSD,5m,2026-08-27T09:10:00+00:00,1.35778,1.35791,1.35775,1.35784,596.0,2026-08-27T11:10:00+02:00
GBPUSD,5m,2026-08-27T09:15:00+00:00,1.35784,1.35791,1.35758,1.35761,692.0,2026-08-27T11:15:00+02:00
GBPUSD,5m,2026-08-27T09:20:00+00:00,1.35761,1.3578599999999998,1.35758,1.35782,692.0,2026-08-27T11:20:00+02:00
GBPUSD,5m,2026-08-27T09:25:00+00:00,1.35782,1.3580699999999999,1.3576599999999999,1.35802,933.0,2026-08-27T11:25:00+02:00
GBPUSD,5m,2026-08-27T09:30:00+00:00,1.35802,1.35802,1.35764,1.3576899999999998,791.0,2026-08-27T11:30:00+02:00
GBPUSD,5m,2026-08-27T09:35:00+00:00,1.3576899999999998,1.35775,1.3571,1.3572199999999999,1070.0,2026-08-27T11:35:00+02:00
GBPUSD,5m,2026-08-27T09:40:00+00:00,1.3572199999999999,1.3576899999999998,1.3572,1.35751,972.0,2026-08-27T11:40:00+02:00
GBPUSD,5m,2026-08-27T09:45:00+00:00,1.35751,1.35787,1.35751,1.3578,660.0,2026-08-27T11:45:00+02:00
GBPUSD,5m,2026-08-27T09:50:00+00:00,1.3578,1.35813,1.35771,1.35804,861.0,2026-08-27T11:50:00+02:00
GBPUSD,5m,2026-08-27T09:55:00+00:00,1.35804,1.35808,1.35741,1.35748,1059.0,2026-08-27T11:55:00+02:00
GBPUSD,5m,2026-08-27T10:00:00+00:00,1.35748,1.35753,1.35703,1.35726,1336.0,2026-08-27T12:00:00+02:00
GBPUSD,5m,2026-08-27T10:05:00+00:00,1.35726,1.35763,1.3571499999999999,1.3575899999999999,1002.0,2026-08-27T12:05:00+02:00
GBPUSD,5m,2026-08-27T10:10:00+00:00,1.3575899999999999,1.3578299999999999,1.35757,1.3577599999999999,845.0,2026-08-27T12:10:00+02:00
GBPUSD,5m,2026-08-27T10:15:00+00:00,1.3577599999999999,1.35796,1.35757,1.3579299999999999,686.0,2026-08-27T12:15:00+02:00
GBPUSD,5m,2026-08-27T10:20:00+00:00,1.3579299999999999,1.35819,1.35792,1.35801,613.0,2026-08-27T12:20:00+02:00
GBPUSD,5m,2026-08-27T10:25:00+00:00,1.35801,1.35811,1.35796,1.35808,786.0,2026-08-27T12:25:00+02:00
GBPUSD,5m,2026-08-27T10:30:00+00:00,1.35808,1.35814,1.3578999999999999,1.35791,709.0,2026-08-27T12:30:00+02:00
GBPUSD,5m,2026-08-27T10:35:00+00:00,1.35791,1.35796,1.35743,1.35748,1304.0,2026-08-27T12:35:00+02:00
GBPUSD,5m,2026-08-27T10:40:00+00:00,1.35748,1.35774,1.35741,1.35774,905.0,2026-08-27T12:40:00+02:00
GBPUSD,5m,2026-08-27T10:45:00+00:00,1.35774,1.35774,1.3574899999999999,1.3575599999999999,678.0,2026-08-27T12:45:00+02:00
GBPUSD,5m,2026-08-27T10:50:00+00:00,1.3575599999999999,1.35794,1.35754,1.35789,625.0,2026-08-27T12:50:00+02:00
GBPUSD,5m,2026-08-27T10:55:00+00:00,1.35789,1.35792,1.35747,1.3575,1024.0,2026-08-27T12:55:00+02:00
GBPUSD,5m,2026-08-27T11:00:00+00:00,1.3575,1.35761,1.35728,1.3576,789.0,2026-08-27T13:00:00+02:00
GBPUSD,5m,2026-08-27T11:05:00+00:00,1.3576,1.35781,1.35755,1.35772,534.0,2026-08-27T13:05:00+02:00
GBPUSD,5m,2026-08-27T11:10:00+00:00,1.35772,1.35789,1.35761,1.35785,737.0,2026-08-27T13:10:00+02:00
GBPUSD,5m,2026-08-27T11:15:00+00:00,1.35785,1.3580699999999999,1.3578299999999999,1.35804,741.0,2026-08-27T13:15:00+02:00
GBPUSD,5m,2026-08-27T11:20:00+00:00,1.35804,1.3581699999999999,1.35798,1.3581699999999999,1046.0,2026-08-27T13:20:00+02:00
GBPUSD,5m,2026-08-27T11:25:00+00:00,1.3581699999999999,1.35826,1.35799,1.3580299999999998,679.0,2026-08-27T13:25:00+02:00
GBPUSD,5m,2026-08-27T11:30:00+00:00,1.3580299999999998,1.35831,1.35764,1.3577,1597.0,2026-08-27T13:30:00+02:00
GBPUSD,5m,2026-08-27T11:35:00+00:00,1.3577,1.35772,1.35741,1.35761,1366.0,2026-08-27T13:35:00+02:00
GBPUSD,5m,2026-08-27T11:40:00+00:00,1.35761,1.35781,1.3573199999999999,1.35744,1102.0,2026-08-27T13:40:00+02:00
GBPUSD,5m,2026-08-27T11:45:00+00:00,1.35744,1.35753,1.35704,1.35719,1039.0,2026-08-27T13:45:00+02:00
GBPUSD,5m,2026-08-27T11:50:00+00:00,1.35719,1.35789,1.35714,1.35788,1079.0,2026-08-27T13:50:00+02:00
GBPUSD,5m,2026-08-27T11:55:00+00:00,1.35788,1.35811,1.35774,1.35777,1285.0,2026-08-27T13:55:00+02:00
GBPUSD,5m,2026-08-27T12:00:00+00:00,1.35777,1.3580999999999999,1.3577299999999999,1.35774,2204.0,2026-08-27T14:00:00+02:00
GBPUSD,5m,2026-08-27T12:05:00+00:00,1.35774,1.35821,1.3577299999999999,1.35812,1193.0,2026-08-27T14:05:00+02:00
GBPUSD,5m,2026-08-27T12:10:00+00:00,1.35812,1.35815,1.3578,1.35791,1338.0,2026-08-27T14:10:00+02:00
GBPUSD,5m,2026-08-27T12:15:00+00:00,1.35791,1.35802,1.35777,1.3579999999999999,1128.0,2026-08-27T14:15:00+02:00
GBPUSD,5m,2026-08-27T12:20:00+00:00,1.3579999999999999,1.35826,1.3578299999999999,1.35815,1203.0,2026-08-27T14:20:00+02:00
GBPUSD,5m,2026-08-27T12:25:00+00:00,1.35815,1.35835,1.35805,1.35809,871.0,2026-08-27T14:25:00+02:00
GBPUSD,5m,2026-08-27T12:30:00+00:00,1.35809,1.35819,1.35772,1.35775,903.0,2026-08-27T14:30:00+02:00
GBPUSD,5m,2026-08-27T12:35:00+00:00,1.35775,1.35799,1.3575,1.3576899999999998,1162.0,2026-08-27T14:35:00+02:00
GBPUSD,5m,2026-08-27T12:40:00+00:00,1.3576899999999998,1.3579999999999999,1.3576,1.3578599999999998,1081.0,2026-08-27T14:40:00+02:00
GBPUSD,5m,2026-08-27T12:45:00+00:00,1.3578599999999998,1.35792,1.35753,1.3576,1253.0,2026-08-27T14:45:00+02:00
GBPUSD,5m,2026-08-27T12:50:00+00:00,1.3576,1.35761,1.35738,1.3574,1325.0,2026-08-27T14:50:00+02:00
GBPUSD,5m,2026-08-27T12:55:00+00:00,1.3574,1.35751,1.3573,1.35741,1336.0,2026-08-27T14:55:00+02:00
GBPUSD,5m,2026-08-27T13:00:00+00:00,1.35741,1.35824,1.3573,1.35811,1922.0,2026-08-27T15:00:00+02:00
GBPUSD,5m,2026-08-27T13:05:00+00:00,1.35811,1.35846,1.35809,1.3584399999999999,1573.0,2026-08-27T15:05:00+02:00
GBPUSD,5m,2026-08-27T13:10:00+00:00,1.3584399999999999,1.35904,1.35838,1.35869,1232.0,2026-08-27T15:10:00+02:00
GBPUSD,5m,2026-08-27T13:15:00+00:00,1.35869,1.35907,1.35858,1.3590499999999999,1113.0,2026-08-27T15:15:00+02:00
GBPUSD,5m,2026-08-27T13:20:00+00:00,1.3590499999999999,1.35987,1.35903,1.35984,1577.0,2026-08-27T15:20:00+02:00
GBPUSD,5m,2026-08-27T13:25:00+00:00,1.35984,1.36021,1.3597299999999999,1.35992,1618.0,2026-08-27T15:25:00+02:00
GBPUSD,5m,2026-08-27T13:30:00+00:00,1.35992,1.3600999999999999,1.3596899999999998,1.35975,1693.0,2026-08-27T15:30:00+02:00
GBPUSD,5m,2026-08-27T13:35:00+00:00,1.35975,1.36001,1.35963,1.35965,2151.0,2026-08-27T15:35:00+02:00
GBPUSD,5m,2026-08-27T13:40:00+00:00,1.35965,1.35974,1.35916,1.35923,1913.0,2026-08-27T15:40:00+02:00
GBPUSD,5m,2026-08-27T13:45:00+00:00,1.35923,1.35943,1.35884,1.35927,2118.0,2026-08-27T15:45:00+02:00
GBPUSD,5m,2026-08-27T13:50:00+00:00,1.35927,1.35955,1.35918,1.3593,1560.0,2026-08-27T15:50:00+02:00
GBPUSD,5m,2026-08-27T13:55:00+00:00,1.3593,1.35948,1.3592,1.3592899999999999,1743.0,2026-08-27T15:55:00+02:00
GBPUSD,5m,2026-08-27T14:00:00+00:00,1.3592899999999999,1.3593199999999999,1.35889,1.3591,1798.0,2026-08-27T16:00:00+02:00
GBPUSD,5m,2026-08-27T14:05:00+00:00,1.3591,1.35971,1.3590799999999998,1.35946,1997.0,2026-08-27T16:05:00+02:00
GBPUSD,5m,2026-08-27T14:10:00+00:00,1.35946,1.3595,1.35884,1.35896,1395.0,2026-08-27T16:10:00+02:00
GBPUSD,5m,2026-08-27T14:15:00+00:00,1.35896,1.3592499999999998,1.35886,1.35913,1178.0,2026-08-27T16:15:00+02:00
GBPUSD,5m,2026-08-27T14:20:00+00:00,1.35913,1.35914,1.3584399999999999,1.3584699999999998,1282.0,2026-08-27T16:20:00+02:00
GBPUSD,5m,2026-08-27T14:25:00+00:00,1.3584699999999998,1.35849,1.3582699999999999,1.35841,1103.0,2026-08-27T16:25:00+02:00
GBPUSD,5m,2026-08-27T14:30:00+00:00,1.35841,1.3588099999999999,1.3584,1.35874,1139.0,2026-08-27T16:30:00+02:00
GBPUSD,5m,2026-08-27T14:35:00+00:00,1.35874,1.35901,1.35863,1.359,1253.0,2026-08-27T16:35:00+02:00
GBPUSD,5m,2026-08-27T14:40:00+00:00,1.359,1.35911,1.3584699999999998,1.3586,1645.0,2026-08-27T16:40:00+02:00
GBPUSD,5m,2026-08-27T14:45:00+00:00,1.3586,1.3589099999999998,1.35824,1.35831,1371.0,2026-08-27T16:45:00+02:00
GBPUSD,5m,2026-08-27T14:50:00+00:00,1.35831,1.35842,1.35798,1.35829,1333.0,2026-08-27T16:50:00+02:00
GBPUSD,5m,2026-08-27T14:55:00+00:00,1.35829,1.3585099999999999,1.35795,1.35816,1882.0,2026-08-27T16:55:00+02:00
GBPUSD,5m,2026-08-27T15:00:00+00:00,1.35816,1.3586099999999999,1.35814,1.35833,1516.0,2026-08-27T17:00:00+02:00
GBPUSD,5m,2026-08-27T15:05:00+00:00,1.35833,1.35873,1.35831,1.3585099999999999,1564.0,2026-08-27T17:05:00+02:00
GBPUSD,5m,2026-08-27T15:10:00+00:00,1.3585099999999999,1.35889,1.3584699999999998,1.35872,1619.0,2026-08-27T17:10:00+02:00
GBPUSD,5m,2026-08-27T15:15:00+00:00,1.35872,1.35887,1.35853,1.35856,1011.0,2026-08-27T17:15:00+02:00
GBPUSD,5m,2026-08-27T15:20:00+00:00,1.35856,1.35874,1.35852,1.35862,1206.0,2026-08-27T17:20:00+02:00
GBPUSD,5m,2026-08-27T15:25:00+00:00,1.35862,1.35883,1.3586099999999999,1.35882,1207.0,2026-08-27T17:25:00+02:00
GBPUSD,5m,2026-08-27T15:30:00+00:00,1.35882,1.3588799999999999,1.3586799999999999,1.35886,1150.0,2026-08-27T17:30:00+02:00
GBPUSD,5m,2026-08-27T15:35:00+00:00,1.35886,1.3590499999999999,1.35876,1.35903,686.0,2026-08-27T17:35:00+02:00
GBPUSD,5m,2026-08-27T15:40:00+00:00,1.35903,1.35909,1.3589099999999998,1.35897,779.0,2026-08-27T17:40:00+02:00
GBPUSD,5m,2026-08-27T15:45:00+00:00,1.35897,1.35923,1.35883,1.35913,1041.0,2026-08-27T17:45:00+02:00
GBPUSD,5m,2026-08-27T15:50:00+00:00,1.35913,1.3595899999999999,1.35909,1.35953,665.0,2026-08-27T17:50:00+02:00
GBPUSD,5m,2026-08-27T15:55:00+00:00,1.35953,1.35989,1.3594899999999999,1.35981,1096.0,2026-08-27T17:55:00+02:00
GBPUSD,5m,2026-08-27T16:00:00+00:00,1.35981,1.35991,1.35965,1.35972,972.0,2026-08-27T18:00:00+02:00
GBPUSD,5m,2026-08-27T16:05:00+00:00,1.35972,1.35972,1.3593899999999999,1.35946,698.0,2026-08-27T18:05:00+02:00
GBPUSD,5m,2026-08-27T16:10:00+00:00,1.35946,1.35968,1.3594,1.35951,691.0,2026-08-27T18:10:00+02:00
GBPUSD,5m,2026-08-27T16:15:00+00:00,1.35951,1.35957,1.3593199999999999,1.35945,725.0,2026-08-27T18:15:00+02:00
GBPUSD,5m,2026-08-27T16:20:00+00:00,1.35945,1.35977,1.35944,1.3595599999999999,873.0,2026-08-27T18:20:00+02:00
GBPUSD,5m,2026-08-27T16:25:00+00:00,1.3595599999999999,1.35996,1.35954,1.35991,702.0,2026-08-27T18:25:00+02:00
GBPUSD,5m,2026-08-27T16:30:00+00:00,1.35991,1.36006,1.35987,1.3600299999999999,699.0,2026-08-27T18:30:00+02:00
GBPUSD,5m,2026-08-27T16:35:00+00:00,1.3600299999999999,1.3601299999999998,1.35989,1.3599299999999999,587.0,2026-08-27T18:35:00+02:00
GBPUSD,5m,2026-08-27T16:40:00+00:00,1.3599299999999999,1.3599299999999999,1.3596899999999998,1.35975,528.0,2026-08-27T18:40:00+02:00
GBPUSD,5m,2026-08-27T16:45:00+00:00,1.35975,1.3598299999999999,1.35944,1.35945,786.0,2026-08-27T18:45:00+02:00
GBPUSD,5m,2026-08-27T16:50:00+00:00,1.35945,1.35964,1.3593899999999999,1.35941,831.0,2026-08-27T18:50:00+02:00
GBPUSD,5m,2026-08-27T16:55:00+00:00,1.35941,1.35943,1.35909,1.3593199999999999,891.0,2026-08-27T18:55:00+02:00
GBPUSD,5m,2026-08-27T17:00:00+00:00,1.3593199999999999,1.35963,1.3593199999999999,1.3596,1076.0,2026-08-27T19:00:00+02:00
GBPUSD,5m,2026-08-27T17:05:00+00:00,1.3596,1.35963,1.3592899999999999,1.35938,974.0,2026-08-27T19:05:00+02:00
GBPUSD,5m,2026-08-27T17:10:00+00:00,1.35938,1.35941,1.35913,1.3591499999999999,706.0,2026-08-27T19:10:00+02:00
GBPUSD,5m,2026-08-27T17:15:00+00:00,1.3591499999999999,1.35924,1.3590799999999998,1.35911,667.0,2026-08-27T19:15:00+02:00
GBPUSD,5m,2026-08-27T17:20:00+00:00,1.35911,1.35928,1.3590799999999998,1.35914,626.0,2026-08-27T19:20:00+02:00
GBPUSD,5m,2026-08-27T17:25:00+00:00,1.35914,1.3592199999999999,1.35909,1.35914,700.0,2026-08-27T19:25:00+02:00
GBPUSD,5m,2026-08-27T17:30:00+00:00,1.35914,1.35926,1.35911,1.35911,704.0,2026-08-27T19:30:00+02:00
GBPUSD,5m,2026-08-27T17:35:00+00:00,1.35911,1.3592,1.3590499999999999,1.35917,413.0,2026-08-27T19:35:00+02:00
GBPUSD,5m,2026-08-27T17:40:00+00:00,1.35917,1.35918,1.3589099999999998,1.3589799999999999,590.0,2026-08-27T19:40:00+02:00
GBPUSD,5m,2026-08-27T17:45:00+00:00,1.3589799999999999,1.35903,1.35879,1.35892,949.0,2026-08-27T19:45:00+02:00
GBPUSD,5m,2026-08-27T17:50:00+00:00,1.35892,1.35897,1.35875,1.3589099999999998,708.0,2026-08-27T19:50:00+02:00
GBPUSD,5m,2026-08-27T17:55:00+00:00,1.3589099999999998,1.359,1.3587099999999999,1.35883,843.0,2026-08-27T19:55:00+02:00
GBPUSD,5m,2026-08-27T18:00:00+00:00,1.35883,1.35892,1.35855,1.35856,1002.0,2026-08-27T20:00:00+02:00
GBPUSD,5m,2026-08-27T18:05:00+00:00,1.35856,1.3587099999999999,1.35852,1.3586099999999999,620.0,2026-08-27T20:05:00+02:00
GBPUSD,5m,2026-08-27T18:10:00+00:00,1.3586099999999999,1.35872,1.3585399999999999,1.35869,679.0,2026-08-27T20:10:00+02:00
GBPUSD,5m,2026-08-27T18:15:00+00:00,1.35869,1.3587799999999999,1.35857,1.35858,524.0,2026-08-27T20:15:00+02:00
GBPUSD,5m,2026-08-27T18:20:00+00:00,1.35858,1.35869,1.35839,1.35848,567.0,2026-08-27T20:20:00+02:00
GBPUSD,5m,2026-08-27T18:25:00+00:00,1.35848,1.3585,1.35838,1.3584,543.0,2026-08-27T20:25:00+02:00
GBPUSD,5m,2026-08-27T18:30:00+00:00,1.3584,1.35849,1.3582699999999999,1.3582999999999998,508.0,2026-08-27T20:30:00+02:00
GBPUSD,5m,2026-08-27T18:35:00+00:00,1.3582999999999998,1.3586,1.35829,1.35843,432.0,2026-08-27T20:35:00+02:00
GBPUSD,5m,2026-08-27T18:40:00+00:00,1.35843,1.35853,1.35842,1.3585099999999999,256.0,2026-08-27T20:40:00+02:00
GBPUSD,5m,2026-08-27T18:45:00+00:00,1.3585099999999999,1.35875,1.35848,1.3587,425.0,2026-08-27T20:45:00+02:00
GBPUSD,5m,2026-08-27T18:50:00+00:00,1.3587,1.3588099999999999,1.3586799999999999,1.3588099999999999,454.0,2026-08-27T20:50:00+02:00
GBPUSD,5m,2026-08-27T18:55:00+00:00,1.3588099999999999,1.35894,1.35879,1.35884,514.0,2026-08-27T20:55:00+02:00
GBPUSD,5m,2026-08-27T19:00:00+00:00,1.35884,1.3589499999999999,1.35879,1.3588099999999999,463.0,2026-08-27T21:00:00+02:00
GBPUSD,5m,2026-08-27T19:05:00+00:00,1.3588099999999999,1.35901,1.3588,1.3589,715.0,2026-08-27T21:05:00+02:00
GBPUSD,5m,2026-08-27T19:10:00+00:00,1.3589,1.3589099999999998,1.35875,1.35883,460.0,2026-08-27T21:10:00+02:00
GBPUSD,5m,2026-08-27T19:15:00+00:00,1.35883,1.3589499999999999,1.3588,1.3589499999999999,594.0,2026-08-27T21:15:00+02:00
GBPUSD,5m,2026-08-27T19:20:00+00:00,1.3589499999999999,1.3589499999999999,1.35879,1.3588099999999999,405.0,2026-08-27T21:20:00+02:00
GBPUSD,5m,2026-08-27T19:25:00+00:00,1.3588099999999999,1.35882,1.35869,1.35874,516.0,2026-08-27T21:25:00+02:00
GBPUSD,5m,2026-08-27T19:30:00+00:00,1.35874,1.35876,1.35859,1.3586799999999999,649.0,2026-08-27T21:30:00+02:00
GBPUSD,5m,2026-08-27T19:35:00+00:00,1.3586799999999999,1.3588,1.35863,1.35872,514.0,2026-08-27T21:35:00+02:00
GBPUSD,5m,2026-08-27T19:40:00+00:00,1.35872,1.35874,1.3586799999999999,1.3587,284.0,2026-08-27T21:40:00+02:00
GBPUSD,5m,2026-08-27T19:45:00+00:00,1.3587,1.35872,1.35859,1.35863,427.0,2026-08-27T21:45:00+02:00
GBPUSD,5m,2026-08-27T19:50:00+00:00,1.35863,1.3586799999999999,1.3584399999999999,1.35862,556.0,2026-08-27T21:50:00+02:00
GBPUSD,5m,2026-08-27T19:55:00+00:00,1.35862,1.3589499999999999,1.35852,1.3588099999999999,680.0,2026-08-27T21:55:00+02:00
GBPUSD,5m,2026-08-27T20:00:00+00:00,1.3588099999999999,1.35894,1.35876,1.35893,202.0,2026-08-27T22:00:00+02:00
GBPUSD,5m,2026-08-27T20:05:00+00:00,1.35893,1.3591499999999999,1.3589099999999998,1.35903,252.0,2026-08-27T22:05:00+02:00
GBPUSD,5m,2026-08-27T20:10:00+00:00,1.35903,1.35923,1.35901,1.35919,329.0,2026-08-27T22:10:00+02:00
GBPUSD,5m,2026-08-27T20:15:00+00:00,1.35919,1.3592499999999998,1.35902,1.35913,325.0,2026-08-27T22:15:00+02:00
GBPUSD,5m,2026-08-27T20:20:00+00:00,1.35913,1.3591499999999999,1.3591,1.3591,161.0,2026-08-27T22:20:00+02:00
GBPUSD,5m,2026-08-27T20:25:00+00:00,1.3591,1.3591199999999999,1.359,1.35904,176.0,2026-08-27T22:25:00+02:00
GBPUSD,5m,2026-08-27T20:30:00+00:00,1.35904,1.35916,1.35903,1.3591499999999999,113.0,2026-08-27T22:30:00+02:00
GBPUSD,5m,2026-08-27T20:35:00+00:00,1.3591499999999999,1.35924,1.35914,1.35923,70.0,2026-08-27T22:35:00+02:00
GBPUSD,5m,2026-08-27T20:40:00+00:00,1.35923,1.35924,1.35911,1.35911,119.0,2026-08-27T22:40:00+02:00
GBPUSD,5m,2026-08-27T20:45:00+00:00,1.35911,1.35926,1.3591,1.3592499999999998,201.0,2026-08-27T22:45:00+02:00
GBPUSD,5m,2026-08-27T20:50:00+00:00,1.3592499999999998,1.35927,1.35919,1.35924,414.0,2026-08-27T22:50:00+02:00
GBPUSD,5m,2026-08-27T20:55:00+00:00,1.35924,1.35936,1.35913,1.35921,230.0,2026-08-27T22:55:00+02:00
GBPUSD,5m,2026-08-27T21:00:00+00:00,1.35921,1.35921,1.35809,1.3582699999999999,16.0,2026-08-27T23:00:00+02:00
GBPUSD,5m,2026-08-27T21:05:00+00:00,1.3582699999999999,1.35875,1.35819,1.35862,28.0,2026-08-27T23:05:00+02:00
GBPUSD,5m,2026-08-27T21:10:00+00:00,1.35862,1.35875,1.3581999999999999,1.35853,160.0,2026-08-27T23:10:00+02:00
GBPUSD,5m,2026-08-27T21:15:00+00:00,1.35853,1.35867,1.35853,1.35863,72.0,2026-08-27T23:15:00+02:00
GBPUSD,5m,2026-08-27T21:20:00+00:00,1.35863,1.3590499999999999,1.35831,1.35902,361.0,2026-08-27T23:20:00+02:00
GBPUSD,5m,2026-08-27T21:25:00+00:00,1.35902,1.3592199999999999,1.35896,1.35911,191.0,2026-08-27T23:25:00+02:00
GBPUSD,5m,2026-08-27T21:30:00+00:00,1.35911,1.35951,1.35897,1.35948,338.0,2026-08-27T23:30:00+02:00
GBPUSD,5m,2026-08-27T21:35:00+00:00,1.35948,1.3594899999999999,1.35941,1.3594199999999999,151.0,2026-08-27T23:35:00+02:00
GBPUSD,5m,2026-08-27T21:40:00+00:00,1.3594199999999999,1.35945,1.35839,1.35873,147.0,2026-08-27T23:40:00+02:00
GBPUSD,5m,2026-08-27T21:45:00+00:00,1.35873,1.35947,1.35825,1.35947,276.0,2026-08-27T23:45:00+02:00
GBPUSD,5m,2026-08-27T21:50:00+00:00,1.35947,1.35948,1.359,1.35933,173.0,2026-08-27T23:50:00+02:00
GBPUSD,5m,2026-08-27T21:55:00+00:00,1.35933,1.35933,1.35866,1.35909,432.0,2026-08-27T23:55:00+02:00
GBPUSD,5m,2026-08-27T22:00:00+00:00,1.35909,1.35946,1.35909,1.3593,324.0,2026-08-28T00:00:00+02:00
GBPUSD,5m,2026-08-27T22:05:00+00:00,1.3593,1.35937,1.3592499999999998,1.3593199999999999,121.0,2026-08-28T00:05:00+02:00
GBPUSD,5m,2026-08-27T22:10:00+00:00,1.3593199999999999,1.3595199999999998,1.35931,1.35948,134.0,2026-08-28T00:10:00+02:00
GBPUSD,5m,2026-08-27T22:15:00+00:00,1.35948,1.35957,1.35946,1.35955,97.0,2026-08-28T00:15:00+02:00
GBPUSD,5m,2026-08-27T22:20:00+00:00,1.35955,1.3595599999999999,1.35946,1.3595,151.0,2026-08-28T00:20:00+02:00
GBPUSD,5m,2026-08-27T22:25:00+00:00,1.3595,1.3595,1.3593,1.35935,122.0,2026-08-28T00:25:00+02:00
GBPUSD,5m,2026-08-27T22:30:00+00:00,1.35935,1.3595199999999998,1.35933,1.3595199999999998,186.0,2026-08-28T00:30:00+02:00
GBPUSD,5m,2026-08-27T22:35:00+00:00,1.3595199999999998,1.35954,1.35946,1.3594899999999999,136.0,2026-08-28T00:35:00+02:00
GBPUSD,5m,2026-08-27T22:40:00+00:00,1.3594899999999999,1.35951,1.3594199999999999,1.35947,174.0,2026-08-28T00:40:00+02:00
GBPUSD,5m,2026-08-27T22:45:00+00:00,1.35947,1.35947,1.3594,1.35944,139.0,2026-08-28T00:45:00+02:00
GBPUSD,5m,2026-08-27T22:50:00+00:00,1.35944,1.35954,1.35941,1.3595199999999998,96.0,2026-08-28T00:50:00+02:00
GBPUSD,5m,2026-08-27T22:55:00+00:00,1.3595199999999998,1.35963,1.3595199999999998,1.35961,110.0,2026-08-28T00:55:00+02:00
GBPUSD,5m,2026-08-27T23:00:00+00:00,1.35961,1.35965,1.35957,1.3596,283.0,2026-08-28T01:00:00+02:00
GBPUSD,5m,2026-08-27T23:05:00+00:00,1.3596,1.35962,1.35955,1.35958,201.0,2026-08-28T01:05:00+02:00
GBPUSD,5m,2026-08-27T23:10:00+00:00,1.35958,1.3597299999999999,1.35958,1.35971,170.0,2026-08-28T01:10:00+02:00
GBPUSD,5m,2026-08-27T23:15:00+00:00,1.35971,1.35974,1.3596,1.35962,168.0,2026-08-28T01:15:00+02:00
GBPUSD,5m,2026-08-27T23:20:00+00:00,1.35962,1.35963,1.35948,1.3595899999999999,131.0,2026-08-28T01:20:00+02:00
GBPUSD,5m,2026-08-27T23:25:00+00:00,1.3595899999999999,1.35962,1.3595,1.35951,138.0,2026-08-28T01:25:00+02:00
GBPUSD,5m,2026-08-27T23:30:00+00:00,1.35951,1.35958,1.35948,1.35953,143.0,2026-08-28T01:30:00+02:00
GBPUSD,5m,2026-08-27T23:35:00+00:00,1.35953,1.3597299999999999,1.3595199999999998,1.3597299999999999,244.0,2026-08-28T01:35:00+02:00
GBPUSD,5m,2026-08-27T23:40:00+00:00,1.3597299999999999,1.3597299999999999,1.35962,1.3597,149.0,2026-08-28T01:40:00+02:00
GBPUSD,5m,2026-08-27T23:45:00+00:00,1.3597,1.35977,1.35965,1.35974,292.0,2026-08-28T01:45:00+02:00
GBPUSD,5m,2026-08-27T23:50:00+00:00,1.35974,1.3598,1.35963,1.35974,275.0,2026-08-28T01:50:00+02:00
GBPUSD,5m,2026-08-27T23:55:00+00:00,1.35974,1.35974,1.35954,1.35965,309.0,2026-08-28T01:55:00+02:00
GBPUSD,5m,2026-08-28T00:00:00+00:00,1.35965,1.35975,1.35954,1.3595899999999999,1046.0,2026-08-28T02:00:00+02:00
GBPUSD,5m,2026-08-28T00:05:00+00:00,1.3595899999999999,1.3596899999999998,1.3595199999999998,1.3595199999999998,828.0,2026-08-28T02:05:00+02:00
GBPUSD,5m,2026-08-28T00:10:00+00:00,1.3595199999999998,1.35963,1.35951,1.35962,711.0,2026-08-28T02:10:00+02:00
GBPUSD,5m,2026-08-28T00:15:00+00:00,1.35962,1.35965,1.35938,1.3594,797.0,2026-08-28T02:15:00+02:00
GBPUSD,5m,2026-08-28T00:20:00+00:00,1.3594,1.3594899999999999,1.3592899999999999,1.35945,610.0,2026-08-28T02:20:00+02:00
GBPUSD,5m,2026-08-28T00:25:00+00:00,1.35945,1.35953,1.35933,1.3595199999999998,862.0,2026-08-28T02:25:00+02:00
GBPUSD,5m,2026-08-28T00:30:00+00:00,1.3595199999999998,1.35954,1.3593899999999999,1.3595,595.0,2026-08-28T02:30:00+02:00
GBPUSD,5m,2026-08-28T00:35:00+00:00,1.3595,1.35965,1.35943,1.3595,695.0,2026-08-28T02:35:00+02:00
GBPUSD,5m,2026-08-28T00:40:00+00:00,1.3595,1.35957,1.35947,1.35954,452.0,2026-08-28T02:40:00+02:00
GBPUSD,5m,2026-08-28T00:45:00+00:00,1.35954,1.3596899999999998,1.3595,1.3596,862.0,2026-08-28T02:45:00+02:00
GBPUSD,5m,2026-08-28T00:50:00+00:00,1.3596,1.35962,1.35945,1.3595,583.0,2026-08-28T02:50:00+02:00
GBPUSD,5m,2026-08-28T00:55:00+00:00,1.3595,1.3596,1.35944,1.35955,612.0,2026-08-28T02:55:00+02:00
GBPUSD,5m,2026-08-28T01:00:00+00:00,1.35955,1.35967,1.35943,1.35965,1019.0,2026-08-28T03:00:00+02:00
GBPUSD,5m,2026-08-28T01:05:00+00:00,1.35965,1.35975,1.3595899999999999,1.3596899999999998,762.0,2026-08-28T03:05:00+02:00
GBPUSD,5m,2026-08-28T01:10:00+00:00,1.3596899999999998,1.35971,1.35941,1.35945,954.0,2026-08-28T03:10:00+02:00
GBPUSD,5m,2026-08-28T01:15:00+00:00,1.35945,1.3594899999999999,1.35937,1.3594199999999999,846.0,2026-08-28T03:15:00+02:00
GBPUSD,5m,2026-08-28T01:20:00+00:00,1.3594199999999999,1.35954,1.3593899999999999,1.3594,906.0,2026-08-28T03:20:00+02:00
GBPUSD,5m,2026-08-28T01:25:00+00:00,1.3594,1.35944,1.35931,1.35933,646.0,2026-08-28T03:25:00+02:00
GBPUSD,5m,2026-08-28T01:30:00+00:00,1.35933,1.3594,1.35927,1.3593899999999999,975.0,2026-08-28T03:30:00+02:00
GBPUSD,5m,2026-08-28T01:35:00+00:00,1.3593899999999999,1.35964,1.3593899999999999,1.35958,833.0,2026-08-28T03:35:00+02:00
GBPUSD,5m,2026-08-28T01:40:00+00:00,1.35958,1.35965,1.35944,1.35945,965.0,2026-08-28T03:40:00+02:00
GBPUSD,5m,2026-08-28T01:45:00+00:00,1.35945,1.35948,1.35909,1.35917,1115.0,2026-08-28T03:45:00+02:00
GBPUSD,5m,2026-08-28T01:50:00+00:00,1.35917,1.35927,1.35901,1.35907,842.0,2026-08-28T03:50:00+02:00
GBPUSD,5m,2026-08-28T01:55:00+00:00,1.35907,1.35914,1.35897,1.359,807.0,2026-08-28T03:55:00+02:00
GBPUSD,5m,2026-08-28T02:00:00+00:00,1.359,1.35906,1.35884,1.3589,808.0,2026-08-28T04:00:00+02:00
GBPUSD,5m,2026-08-28T02:05:00+00:00,1.3589,1.35909,1.3589,1.35899,785.0,2026-08-28T04:05:00+02:00
GBPUSD,5m,2026-08-28T02:10:00+00:00,1.35899,1.35903,1.35873,1.35886,1008.0,2026-08-28T04:10:00+02:00
GBPUSD,5m,2026-08-28T02:15:00+00:00,1.35886,1.35899,1.35876,1.35899,725.0,2026-08-28T04:15:00+02:00
GBPUSD,5m,2026-08-28T02:20:00+00:00,1.35899,1.35926,1.3589799999999999,1.3592499999999998,903.0,2026-08-28T04:20:00+02:00
GBPUSD,5m,2026-08-28T02:25:00+00:00,1.3592499999999998,1.35928,1.3589799999999999,1.359,885.0,2026-08-28T04:25:00+02:00
GBPUSD,5m,2026-08-28T02:30:00+00:00,1.359,1.35904,1.35889,1.359,894.0,2026-08-28T04:30:00+02:00
GBPUSD,5m,2026-08-28T02:35:00+00:00,1.359,1.3591,1.35897,1.35901,578.0,2026-08-28T04:35:00+02:00
GBPUSD,5m,2026-08-28T02:40:00+00:00,1.35901,1.3590499999999999,1.35889,1.3589,459.0,2026-08-28T04:40:00+02:00
GBPUSD,5m,2026-08-28T02:45:00+00:00,1.3589,1.35906,1.35887,1.35904,564.0,2026-08-28T04:45:00+02:00
GBPUSD,5m,2026-08-28T02:50:00+00:00,1.35904,1.35927,1.35902,1.35923,618.0,2026-08-28T04:50:00+02:00
GBPUSD,5m,2026-08-28T02:55:00+00:00,1.35923,1.35933,1.35916,1.3592899999999999,419.0,2026-08-28T04:55:00+02:00
GBPUSD,5m,2026-08-28T03:00:00+00:00,1.3592899999999999,1.35944,1.3592899999999999,1.35936,673.0,2026-08-28T05:00:00+02:00
GBPUSD,5m,2026-08-28T03:05:00+00:00,1.35936,1.3593899999999999,1.3592899999999999,1.35931,414.0,2026-08-28T05:05:00+02:00
GBPUSD,5m,2026-08-28T03:10:00+00:00,1.35931,1.3593199999999999,1.35924,1.35928,375.0,2026-08-28T05:10:00+02:00
GBPUSD,5m,2026-08-28T03:15:00+00:00,1.35928,1.35934,1.35921,1.3592499999999998,712.0,2026-08-28T05:15:00+02:00
GBPUSD,5m,2026-08-28T03:20:00+00:00,1.3592499999999998,1.3592899999999999,1.3592,1.3592,401.0,2026-08-28T05:20:00+02:00
GBPUSD,5m,2026-08-28T03:25:00+00:00,1.3592,1.35936,1.35918,1.35933,364.0,2026-08-28T05:25:00+02:00
GBPUSD,5m,2026-08-28T03:30:00+00:00,1.35933,1.35935,1.3592,1.35921,499.0,2026-08-28T05:30:00+02:00
GBPUSD,5m,2026-08-28T03:35:00+00:00,1.35921,1.3592199999999999,1.35909,1.3591199999999999,540.0,2026-08-28T05:35:00+02:00
GBPUSD,5m,2026-08-28T03:40:00+00:00,1.3591199999999999,1.3591199999999999,1.35892,1.35893,460.0,2026-08-28T05:40:00+02:00
GBPUSD,5m,2026-08-28T03:45:00+00:00,1.35893,1.35901,1.3589099999999998,1.35893,490.0,2026-08-28T05:45:00+02:00
GBPUSD,5m,2026-08-28T03:50:00+00:00,1.35893,1.3589499999999999,1.35885,1.35892,310.0,2026-08-28T05:50:00+02:00
GBPUSD,5m,2026-08-28T03:55:00+00:00,1.35892,1.35901,1.35884,1.35892,554.0,2026-08-28T05:55:00+02:00
GBPUSD,5m,2026-08-28T04:00:00+00:00,1.35892,1.35894,1.35883,1.35889,451.0,2026-08-28T06:00:00+02:00
GBPUSD,5m,2026-08-28T04:05:00+00:00,1.35889,1.35892,1.3588099999999999,1.3588799999999999,465.0,2026-08-28T06:05:00+02:00
GBPUSD,5m,2026-08-28T04:10:00+00:00,1.3588799999999999,1.3589,1.35876,1.3588099999999999,385.0,2026-08-28T06:10:00+02:00
GBPUSD,5m,2026-08-28T04:15:00+00:00,1.3588099999999999,1.3589499999999999,1.3588,1.35893,562.0,2026-08-28T06:15:00+02:00
GBPUSD,5m,2026-08-28T04:20:00+00:00,1.35893,1.35894,1.3588,1.3588099999999999,349.0,2026-08-28T06:20:00+02:00
GBPUSD,5m,2026-08-28T04:25:00+00:00,1.3588099999999999,1.35885,1.35877,1.35882,227.0,2026-08-28T06:25:00+02:00
GBPUSD,5m,2026-08-28T04:30:00+00:00,1.35882,1.35884,1.3587,1.3588,326.0,2026-08-28T06:30:00+02:00
GBPUSD,5m,2026-08-28T04:35:00+00:00,1.3588,1.35883,1.3587099999999999,1.35874,341.0,2026-08-28T06:35:00+02:00
GBPUSD,5m,2026-08-28T04:40:00+00:00,1.35874,1.35885,1.35869,1.3588099999999999,299.0,2026-08-28T06:40:00+02:00
GBPUSD,5m,2026-08-28T04:45:00+00:00,1.3588099999999999,1.35885,1.3588,1.3588,219.0,2026-08-28T06:45:00+02:00
GBPUSD,5m,2026-08-28T04:50:00+00:00,1.3588,1.35883,1.35872,1.35882,377.0,2026-08-28T06:50:00+02:00
GBPUSD,5m,2026-08-28T04:55:00+00:00,1.35882,1.35884,1.35876,1.35882,478.0,2026-08-28T06:55:00+02:00
GBPUSD,5m,2026-08-28T05:00:00+00:00,1.35882,1.35883,1.3586799999999999,1.35874,493.0,2026-08-28T07:00:00+02:00
GBPUSD,5m,2026-08-28T05:05:00+00:00,1.35874,1.35883,1.3586799999999999,1.35874,508.0,2026-08-28T07:05:00+02:00
GBPUSD,5m,2026-08-28T05:10:00+00:00,1.35874,1.35875,1.35866,1.3587099999999999,454.0,2026-08-28T07:10:00+02:00
GBPUSD,5m,2026-08-28T05:15:00+00:00,1.3587099999999999,1.35884,1.3587099999999999,1.35873,329.0,2026-08-28T07:15:00+02:00
GBPUSD,5m,2026-08-28T05:20:00+00:00,1.35873,1.3588,1.3586799999999999,1.3587099999999999,266.0,2026-08-28T07:20:00+02:00
GBPUSD,5m,2026-08-28T05:25:00+00:00,1.3587099999999999,1.35877,1.35869,1.35875,450.0,2026-08-28T07:25:00+02:00
GBPUSD,5m,2026-08-28T05:30:00+00:00,1.35875,1.35883,1.3587,1.35875,492.0,2026-08-28T07:30:00+02:00
GBPUSD,5m,2026-08-28T05:35:00+00:00,1.35875,1.3588099999999999,1.35867,1.35873,533.0,2026-08-28T07:35:00+02:00
GBPUSD,5m,2026-08-28T05:40:00+00:00,1.35873,1.35873,1.35867,1.3587099999999999,705.0,2026-08-28T07:40:00+02:00
GBPUSD,5m,2026-08-28T05:45:00+00:00,1.3587099999999999,1.3588,1.3587,1.35872,369.0,2026-08-28T07:45:00+02:00
GBPUSD,5m,2026-08-28T05:50:00+00:00,1.35872,1.35884,1.35867,1.35882,317.0,2026-08-28T07:50:00+02:00
GBPUSD,5m,2026-08-28T05:55:00+00:00,1.35882,1.35911,1.35882,1.35883,679.0,2026-08-28T07:55:00+02:00
GBPUSD,5m,2026-08-28T06:00:00+00:00,1.35883,1.35907,1.35879,1.3589499999999999,1081.0,2026-08-28T08:00:00+02:00
GBPUSD,5m,2026-08-28T06:05:00+00:00,1.3589499999999999,1.35904,1.35889,1.35901,792.0,2026-08-28T08:05:00+02:00
GBPUSD,5m,2026-08-28T06:10:00+00:00,1.35901,1.3592199999999999,1.35901,1.35911,870.0,2026-08-28T08:10:00+02:00
GBPUSD,5m,2026-08-28T06:15:00+00:00,1.35911,1.35911,1.35885,1.35886,1110.0,2026-08-28T08:15:00+02:00
GBPUSD,5m,2026-08-28T06:20:00+00:00,1.35886,1.35933,1.35885,1.35918,1100.0,2026-08-28T08:20:00+02:00
GBPUSD,5m,2026-08-28T06:25:00+00:00,1.35918,1.35941,1.35902,1.35935,1158.0,2026-08-28T08:25:00+02:00
GBPUSD,5m,2026-08-28T06:30:00+00:00,1.35935,1.35938,1.3589,1.3591199999999999,1400.0,2026-08-28T08:30:00+02:00
GBPUSD,5m,2026-08-28T06:35:00+00:00,1.3591199999999999,1.35926,1.3589099999999998,1.35899,1368.0,2026-08-28T08:35:00+02:00
GBPUSD,5m,2026-08-28T06:40:00+00:00,1.35899,1.35938,1.3589,1.35933,1371.0,2026-08-28T08:40:00+02:00
GBPUSD,5m,2026-08-28T06:45:00+00:00,1.35933,1.3594199999999999,1.3590799999999998,1.35913,1270.0,2026-08-28T08:45:00+02:00
GBPUSD,5m,2026-08-28T06:50:00+00:00,1.35913,1.35928,1.35907,1.35921,843.0,2026-08-28T08:50:00+02:00
GBPUSD,5m,2026-08-28T06:55:00+00:00,1.35921,1.35943,1.3592,1.3592199999999999,766.0,2026-08-28T08:55:00+02:00
GBPUSD,5m,2026-08-28T07:00:00+00:00,1.3592199999999999,1.3593,1.3588,1.3588099999999999,956.0,2026-08-28T09:00:00+02:00
GBPUSD,5m,2026-08-28T07:05:00+00:00,1.3588099999999999,1.35883,1.35865,1.3586799999999999,895.0,2026-08-28T09:05:00+02:00
GBPUSD,5m,2026-08-28T07:10:00+00:00,1.3586799999999999,1.35894,1.35865,1.35874,677.0,2026-08-28T09:10:00+02:00
GBPUSD,5m,2026-08-28T07:15:00+00:00,1.35874,1.3588,1.3579999999999999,1.35819,1137.0,2026-08-28T09:15:00+02:00
GBPUSD,5m,2026-08-28T07:20:00+00:00,1.35819,1.35841,1.35811,1.35828,776.0,2026-08-28T09:20:00+02:00
GBPUSD,5m,2026-08-28T07:25:00+00:00,1.35828,1.35839,1.35799,1.35801,1049.0,2026-08-28T09:25:00+02:00
GBPUSD,5m,2026-08-28T07:30:00+00:00,1.35801,1.3587,1.3579999999999999,1.3586399999999998,1075.0,2026-08-28T09:30:00+02:00
GBPUSD,5m,2026-08-28T07:35:00+00:00,1.3586399999999998,1.35875,1.35848,1.3585,896.0,2026-08-28T09:35:00+02:00
GBPUSD,5m,2026-08-28T07:40:00+00:00,1.3585,1.35884,1.35846,1.35869,807.0,2026-08-28T09:40:00+02:00
GBPUSD,5m,2026-08-28T07:45:00+00:00,1.35869,1.35909,1.3586,1.359,1118.0,2026-08-28T09:45:00+02:00
GBPUSD,5m,2026-08-28T07:50:00+00:00,1.359,1.35904,1.3587,1.3587799999999999,817.0,2026-08-28T09:50:00+02:00
GBPUSD,5m,2026-08-28T07:55:00+00:00,1.3587799999999999,1.359,1.3586799999999999,1.3587,862.0,2026-08-28T09:55:00+02:00
GBPUSD,5m,2026-08-28T08:00:00+00:00,1.3587,1.35902,1.35858,1.3586799999999999,1106.0,2026-08-28T10:00:00+02:00
GBPUSD,5m,2026-08-28T08:05:00+00:00,1.3586799999999999,1.3587,1.35839,1.35842,826.0,2026-08-28T10:05:00+02:00
GBPUSD,5m,2026-08-28T08:10:00+00:00,1.35842,1.3584699999999998,1.35832,1.35835,831.0,2026-08-28T10:10:00+02:00
GBPUSD,5m,2026-08-28T08:15:00+00:00,1.35835,1.35862,1.35831,1.35852,843.0,2026-08-28T10:15:00+02:00
GBPUSD,5m,2026-08-28T08:20:00+00:00,1.35852,1.3586099999999999,1.35845,1.3585,813.0,2026-08-28T10:20:00+02:00
GBPUSD,5m,2026-08-28T08:25:00+00:00,1.3585,1.3586,1.35843,1.3584699999999998,592.0,2026-08-28T10:25:00+02:00
GBPUSD,5m,2026-08-28T08:30:00+00:00,1.3584699999999998,1.35867,1.35846,1.35853,925.0,2026-08-28T10:30:00+02:00
GBPUSD,5m,2026-08-28T08:35:00+00:00,1.35853,1.3586099999999999,1.35839,1.35859,875.0,2026-08-28T10:35:00+02:00
GBPUSD,5m,2026-08-28T08:40:00+00:00,1.35859,1.3586,1.35838,1.35839,598.0,2026-08-28T10:40:00+02:00
GBPUSD,5m,2026-08-28T08:45:00+00:00,1.35839,1.35857,1.3582699999999999,1.35841,825.0,2026-08-28T10:45:00+02:00
GBPUSD,5m,2026-08-28T08:50:00+00:00,1.35841,1.3586399999999998,1.35841,1.3586,585.0,2026-08-28T10:50:00+02:00
GBPUSD,5m,2026-08-28T08:55:00+00:00,1.3586,1.35873,1.3585,1.3587099999999999,642.0,2026-08-28T10:55:00+02:00
GBPUSD,5m,2026-08-28T09:00:00+00:00,1.3587099999999999,1.35873,1.35821,1.3583399999999999,889.0,2026-08-28T11:00:00+02:00
GBPUSD,5m,2026-08-28T09:05:00+00:00,1.3583399999999999,1.3585099999999999,1.35831,1.3585,1000.0,2026-08-28T11:05:00+02:00
GBPUSD,5m,2026-08-28T09:10:00+00:00,1.3585,1.35872,1.35842,1.3585399999999999,929.0,2026-08-28T11:10:00+02:00
GBPUSD,5m,2026-08-28T09:15:00+00:00,1.3585399999999999,1.35866,1.35838,1.35842,848.0,2026-08-28T11:15:00+02:00
GBPUSD,5m,2026-08-28T09:20:00+00:00,1.35842,1.35862,1.35835,1.35846,891.0,2026-08-28T11:20:00+02:00
GBPUSD,5m,2026-08-28T09:25:00+00:00,1.35846,1.35846,1.35824,1.3583399999999999,872.0,2026-08-28T11:25:00+02:00
GBPUSD,5m,2026-08-28T09:30:00+00:00,1.3583399999999999,1.3586,1.35833,1.3585399999999999,862.0,2026-08-28T11:30:00+02:00
GBPUSD,5m,2026-08-28T09:35:00+00:00,1.3585399999999999,1.3585399999999999,1.35833,1.3584,779.0,2026-08-28T11:35:00+02:00
GBPUSD,5m,2026-08-28T09:40:00+00:00,1.3584,1.35846,1.35819,1.3584,726.0,2026-08-28T11:40:00+02:00
GBPUSD,5m,2026-08-28T09:45:00+00:00,1.3584,1.35855,1.3582999999999998,1.35841,812.0,2026-08-28T11:45:00+02:00
GBPUSD,5m,2026-08-28T09:50:00+00:00,1.35841,1.35845,1.35808,1.3581999999999999,999.0,2026-08-28T11:50:00+02:00
GBPUSD,5m,2026-08-28T09:55:00+00:00,1.3581999999999999,1.35835,1.35805,1.3580699999999999,1040.0,2026-08-28T11:55:00+02:00
GBPUSD,5m,2026-08-28T10:00:00+00:00,1.3580699999999999,1.3581999999999999,1.35798,1.35811,975.0,2026-08-28T12:00:00+02:00
GBPUSD,5m,2026-08-28T10:05:00+00:00,1.35811,1.35843,1.3580999999999999,1.35841,564.0,2026-08-28T12:05:00+02:00
GBPUSD,5m,2026-08-28T10:10:00+00:00,1.35841,1.3585099999999999,1.3581999999999999,1.3581999999999999,670.0,2026-08-28T12:10:00+02:00
GBPUSD,5m,2026-08-28T10:15:00+00:00,1.3581999999999999,1.35848,1.3580699999999999,1.35841,690.0,2026-08-28T12:15:00+02:00
GBPUSD,5m,2026-08-28T10:20:00+00:00,1.35841,1.35872,1.35829,1.35872,748.0,2026-08-28T12:20:00+02:00
GBPUSD,5m,2026-08-28T10:25:00+00:00,1.35872,1.35872,1.3585099999999999,1.35867,583.0,2026-08-28T12:25:00+02:00
GBPUSD,5m,2026-08-28T10:30:00+00:00,1.35867,1.35901,1.3586099999999999,1.35894,793.0,2026-08-28T12:30:00+02:00
GBPUSD,5m,2026-08-28T10:35:00+00:00,1.35894,1.359,1.35887,1.35893,696.0,2026-08-28T12:35:00+02:00
GBPUSD,5m,2026-08-28T10:40:00+00:00,1.35893,1.35913,1.35889,1.35909,733.0,2026-08-28T12:40:00+02:00
GBPUSD,5m,2026-08-28T10:45:00+00:00,1.35909,1.3591499999999999,1.35885,1.3588799999999999,738.0,2026-08-28T12:45:00+02:00
GBPUSD,5m,2026-08-28T10:50:00+00:00,1.3588799999999999,1.35894,1.35872,1.35892,484.0,2026-08-28T12:50:00+02:00
GBPUSD,5m,2026-08-28T10:55:00+00:00,1.35892,1.35914,1.3589099999999998,1.35913,655.0,2026-08-28T12:55:00+02:00
GBPUSD,5m,2026-08-28T11:00:00+00:00,1.35913,1.3591499999999999,1.3588799999999999,1.3589099999999998,842.0,2026-08-28T13:00:00+02:00
GBPUSD,5m,2026-08-28T11:05:00+00:00,1.3589099999999998,1.3589499999999999,1.35873,1.35889,449.0,2026-08-28T13:05:00+02:00
GBPUSD,5m,2026-08-28T11:10:00+00:00,1.35889,1.3589099999999998,1.3587099999999999,1.35886,746.0,2026-08-28T13:10:00+02:00
GBPUSD,5m,2026-08-28T11:15:00+00:00,1.35886,1.35887,1.3586799999999999,1.3586799999999999,502.0,2026-08-28T13:15:00+02:00
GBPUSD,5m,2026-08-28T11:20:00+00:00,1.3586799999999999,1.3587799999999999,1.3585099999999999,1.35867,421.0,2026-08-28T13:20:00+02:00
GBPUSD,5m,2026-08-28T11:25:00+00:00,1.35867,1.35872,1.3584699999999998,1.3586,639.0,2026-08-28T13:25:00+02:00
GBPUSD,5m,2026-08-28T11:30:00+00:00,1.3586,1.3587,1.3585099999999999,1.3586,775.0,2026-08-28T13:30:00+02:00
GBPUSD,5m,2026-08-28T11:35:00+00:00,1.3586,1.3586399999999998,1.35846,1.35858,374.0,2026-08-28T13:35:00+02:00
GBPUSD,5m,2026-08-28T11:40:00+00:00,1.35858,1.3586799999999999,1.3585,1.35857,583.0,2026-08-28T13:40:00+02:00
GBPUSD,5m,2026-08-28T11:45:00+00:00,1.35857,1.35872,1.35839,1.35852,984.0,2026-08-28T13:45:00+02:00
GBPUSD,5m,2026-08-28T11:50:00+00:00,1.35852,1.35862,1.35841,1.35857,819.0,2026-08-28T13:50:00+02:00
GBPUSD,5m,2026-08-28T11:55:00+00:00,1.35857,1.3586,1.3584,1.35846,864.0,2026-08-28T13:55:00+02:00
GBPUSD,5m,2026-08-28T12:00:00+00:00,1.35846,1.35858,1.35838,1.35849,1151.0,2026-08-28T14:00:00+02:00
GBPUSD,5m,2026-08-28T12:05:00+00:00,1.35849,1.3585399999999999,1.35826,1.35828,1082.0,2026-08-28T14:05:00+02:00
GBPUSD,5m,2026-08-28T12:10:00+00:00,1.35828,1.35843,1.35821,1.35829,867.0,2026-08-28T14:10:00+02:00
GBPUSD,5m,2026-08-28T12:15:00+00:00,1.35829,1.35835,1.35818,1.3582699999999999,1093.0,2026-08-28T14:15:00+02:00
GBPUSD,5m,2026-08-28T12:20:00+00:00,1.3582699999999999,1.35832,1.35818,1.3582699999999999,906.0,2026-08-28T14:20:00+02:00
GBPUSD,5m,2026-08-28T12:25:00+00:00,1.3582699999999999,1.35831,1.35789,1.3579299999999999,638.0,2026-08-28T14:25:00+02:00
GBPUSD,5m,2026-08-28T12:30:00+00:00,1.3579299999999999,1.35795,1.3575899999999999,1.35768,775.0,2026-08-28T14:30:00+02:00
GBPUSD,5m,2026-08-28T12:35:00+00:00,1.35768,1.35771,1.3573899999999999,1.3573899999999999,631.0,2026-08-28T14:35:00+02:00
GBPUSD,5m,2026-08-28T12:40:00+00:00,1.3573899999999999,1.3576899999999998,1.3573,1.3576899999999998,1248.0,2026-08-28T14:40:00+02:00
GBPUSD,5m,2026-08-28T12:45:00+00:00,1.3576899999999998,1.3580299999999998,1.35764,1.35801,1227.0,2026-08-28T14:45:00+02:00
GBPUSD,5m,2026-08-28T12:50:00+00:00,1.35801,1.3580299999999998,1.35782,1.35802,1192.0,2026-08-28T14:50:00+02:00
GBPUSD,5m,2026-08-28T12:55:00+00:00,1.35802,1.35849,1.35802,1.35836,1939.0,2026-08-28T14:55:00+02:00
GBPUSD,5m,2026-08-28T13:00:00+00:00,1.35836,1.35857,1.35832,1.35838,1197.0,2026-08-28T15:00:00+02:00
GBPUSD,5m,2026-08-28T13:05:00+00:00,1.35838,1.35842,1.35796,1.35819,938.0,2026-08-28T15:05:00+02:00
GBPUSD,5m,2026-08-28T13:10:00+00:00,1.35819,1.3582999999999998,1.3580999999999999,1.35814,1004.0,2026-08-28T15:10:00+02:00
GBPUSD,5m,2026-08-28T13:15:00+00:00,1.35814,1.3582699999999999,1.35801,1.3580299999999998,1067.0,2026-08-28T15:15:00+02:00
GBPUSD,5m,2026-08-28T13:20:00+00:00,1.3580299999999998,1.35805,1.3575899999999999,1.35765,955.0,2026-08-28T15:20:00+02:00
GBPUSD,5m,2026-08-28T13:25:00+00:00,1.35765,1.35788,1.3574899999999999,1.3578299999999999,1360.0,2026-08-28T15:25:00+02:00
GBPUSD,5m,2026-08-28T13:30:00+00:00,1.3578299999999999,1.35808,1.3578299999999999,1.3578999999999999,1193.0,2026-08-28T15:30:00+02:00
GBPUSD,5m,2026-08-28T13:35:00+00:00,1.3578999999999999,1.35801,1.35763,1.35794,991.0,2026-08-28T15:35:00+02:00
GBPUSD,5m,2026-08-28T13:40:00+00:00,1.35794,1.35801,1.35765,1.35778,1188.0,2026-08-28T15:40:00+02:00
GBPUSD,5m,2026-08-28T13:45:00+00:00,1.35778,1.35784,1.35736,1.35738,994.0,2026-08-28T15:45:00+02:00
GBPUSD,5m,2026-08-28T13:50:00+00:00,1.35738,1.35799,1.35727,1.35791,1765.0,2026-08-28T15:50:00+02:00
GBPUSD,5m,2026-08-28T13:55:00+00:00,1.35791,1.3587099999999999,1.35697,1.3569799999999999,1235.0,2026-08-28T15:55:00+02:00
GBPUSD,5m,2026-08-28T14:00:00+00:00,1.3569799999999999,1.3598,1.35507,1.35555,6288.0,2026-08-28T16:00:00+02:00
GBPUSD,5m,2026-08-28T14:05:00+00:00,1.35555,1.35602,1.35445,1.3557,6526.0,2026-08-28T16:05:00+02:00
GBPUSD,5m,2026-08-28T14:10:00+00:00,1.3557,1.35582,1.35502,1.3554199999999998,5347.0,2026-08-28T16:10:00+02:00
GBPUSD,5m,2026-08-28T14:15:00+00:00,1.3554199999999998,1.35548,1.3545099999999999,1.35453,5030.0,2026-08-28T16:15:00+02:00
GBPUSD,5m,2026-08-28T14:20:00+00:00,1.35453,1.35469,1.35381,1.35391,4384.0,2026-08-28T16:20:00+02:00
GBPUSD,5m,2026-08-28T14:25:00+00:00,1.35391,1.35405,1.3528499999999999,1.35384,4752.0,2026-08-28T16:25:00+02:00
GBPUSD,5m,2026-08-28T14:30:00+00:00,1.35384,1.35475,1.35367,1.3547,4165.0,2026-08-28T16:30:00+02:00
GBPUSD,5m,2026-08-28T14:35:00+00:00,1.3547,1.35483,1.35402,1.3540699999999999,3184.0,2026-08-28T16:35:00+02:00
GBPUSD,5m,2026-08-28T14:40:00+00:00,1.3540699999999999,1.35492,1.35389,1.3546799999999999,3573.0,2026-08-28T16:40:00+02:00
GBPUSD,5m,2026-08-28T14:45:00+00:00,1.3546799999999999,1.35493,1.35419,1.35449,3056.0,2026-08-28T16:45:00+02:00
GBPUSD,5m,2026-08-28T14:50:00+00:00,1.35449,1.35564,1.35433,1.35552,3003.0,2026-08-28T16:50:00+02:00
GBPUSD,5m,2026-08-28T14:55:00+00:00,1.35552,1.35782,1.35552,1.35714,5062.0,2026-08-28T16:55:00+02:00
GBPUSD,5m,2026-08-28T15:00:00+00:00,1.35714,1.35761,1.35701,1.3570799999999998,1391.0,2026-08-28T17:00:00+02:00
GBPUSD,5m,2026-08-28T15:05:00+00:00,1.3570799999999998,1.3570799999999998,1.35621,1.35639,1928.0,2026-08-28T17:05:00+02:00
GBPUSD,5m,2026-08-28T15:10:00+00:00,1.35639,1.35641,1.3554899999999999,1.35571,2776.0,2026-08-28T17:10:00+02:00
GBPUSD,5m,2026-08-28T15:15:00+00:00,1.35571,1.35604,1.35545,1.3555,2231.0,2026-08-28T17:15:00+02:00
GBPUSD,5m,2026-08-28T15:20:00+00:00,1.3555,1.35587,1.35543,1.35572,2290.0,2026-08-28T17:20:00+02:00
GBPUSD,5m,2026-08-28T15:25:00+00:00,1.35572,1.35622,1.35551,1.35588,2246.0,2026-08-28T17:25:00+02:00
GBPUSD,5m,2026-08-28T15:30:00+00:00,1.35588,1.3564,1.35577,1.35591,2561.0,2026-08-28T17:30:00+02:00
GBPUSD,5m,2026-08-28T15:35:00+00:00,1.35591,1.35624,1.3555599999999999,1.35562,2090.0,2026-08-28T17:35:00+02:00
GBPUSD,5m,2026-08-28T15:40:00+00:00,1.35562,1.3557599999999999,1.35509,1.35571,1958.0,2026-08-28T17:40:00+02:00
GBPUSD,5m,2026-08-28T15:45:00+00:00,1.35571,1.35623,1.3554599999999999,1.35554,1804.0,2026-08-28T17:45:00+02:00
GBPUSD,5m,2026-08-28T15:50:00+00:00,1.35554,1.35595,1.35537,1.35562,2264.0,2026-08-28T17:50:00+02:00
GBPUSD,5m,2026-08-28T15:55:00+00:00,1.35562,1.35572,1.3552199999999999,1.3553,2392.0,2026-08-28T17:55:00+02:00
GBPUSD,5m,2026-08-28T16:00:00+00:00,1.3553,1.3553,1.35486,1.35493,2473.0,2026-08-28T18:00:00+02:00
GBPUSD,5m,2026-08-28T16:05:00+00:00,1.35493,1.35497,1.35463,1.35486,1495.0,2026-08-28T18:05:00+02:00
GBPUSD,5m,2026-08-28T16:10:00+00:00,1.35486,1.35486,1.3541999999999998,1.35423,1863.0,2026-08-28T18:10:00+02:00
GBPUSD,5m,2026-08-28T16:15:00+00:00,1.35423,1.3542699999999999,1.3534,1.35343,2541.0,2026-08-28T18:15:00+02:00
GBPUSD,5m,2026-08-28T16:20:00+00:00,1.35343,1.3537599999999999,1.3534,1.35348,2455.0,2026-08-28T18:20:00+02:00
GBPUSD,5m,2026-08-28T16:25:00+00:00,1.35348,1.3538299999999999,1.35341,1.3536299999999999,1823.0,2026-08-28T18:25:00+02:00
GBPUSD,5m,2026-08-28T16:30:00+00:00,1.3536299999999999,1.3542399999999999,1.35362,1.35381,1992.0,2026-08-28T18:30:00+02:00
GBPUSD,5m,2026-08-28T16:35:00+00:00,1.35381,1.35398,1.35365,1.35374,1666.0,2026-08-28T18:35:00+02:00
GBPUSD,5m,2026-08-28T16:40:00+00:00,1.35374,1.35384,1.35341,1.35355,2003.0,2026-08-28T18:40:00+02:00
GBPUSD,5m,2026-08-28T16:45:00+00:00,1.35355,1.35398,1.35351,1.35395,1175.0,2026-08-28T18:45:00+02:00
GBPUSD,5m,2026-08-28T16:50:00+00:00,1.35395,1.35433,1.35382,1.35391,1472.0,2026-08-28T18:50:00+02:00
GBPUSD,5m,2026-08-28T16:55:00+00:00,1.35391,1.35392,1.35354,1.35367,1525.0,2026-08-28T18:55:00+02:00
GBPUSD,5m,2026-08-28T17:00:00+00:00,1.35367,1.35367,1.35313,1.35314,1358.0,2026-08-28T19:00:00+02:00
GBPUSD,5m,2026-08-28T17:05:00+00:00,1.35314,1.35326,1.35286,1.3531199999999999,1179.0,2026-08-28T19:05:00+02:00
GBPUSD,5m,2026-08-28T17:10:00+00:00,1.3531199999999999,1.35368,1.3531199999999999,1.3536599999999999,1166.0,2026-08-28T19:10:00+02:00
GBPUSD,5m,2026-08-28T17:15:00+00:00,1.3536599999999999,1.3537,1.35331,1.35341,1255.0,2026-08-28T19:15:00+02:00
GBPUSD,5m,2026-08-28T17:20:00+00:00,1.35341,1.35362,1.35341,1.35351,944.0,2026-08-28T19:20:00+02:00
GBPUSD,5m,2026-08-28T17:25:00+00:00,1.35351,1.35353,1.35326,1.3534,912.0,2026-08-28T19:25:00+02:00
GBPUSD,5m,2026-08-28T17:30:00+00:00,1.3534,1.35341,1.35317,1.3532199999999999,720.0,2026-08-28T19:30:00+02:00
GBPUSD,5m,2026-08-28T17:35:00+00:00,1.3532199999999999,1.35338,1.35286,1.35287,912.0,2026-08-28T19:35:00+02:00
GBPUSD,5m,2026-08-28T17:40:00+00:00,1.35287,1.35294,1.35263,1.3528,758.0,2026-08-28T19:40:00+02:00
GBPUSD,5m,2026-08-28T17:45:00+00:00,1.3528,1.35293,1.3526799999999999,1.35282,1018.0,2026-08-28T19:45:00+02:00
GBPUSD,5m,2026-08-28T17:50:00+00:00,1.35282,1.35313,1.35282,1.35304,755.0,2026-08-28T19:50:00+02:00
GBPUSD,5m,2026-08-28T17:55:00+00:00,1.35304,1.35313,1.3528799999999999,1.35294,715.0,2026-08-28T19:55:00+02:00
GBPUSD,5m,2026-08-28T18:00:00+00:00,1.35294,1.35301,1.35265,1.35267,613.0,2026-08-28T20:00:00+02:00
GBPUSD,5m,2026-08-28T18:05:00+00:00,1.35267,1.35314,1.35266,1.35287,1369.0,2026-08-28T20:05:00+02:00
GBPUSD,5m,2026-08-28T18:10:00+00:00,1.35287,1.35302,1.35275,1.35276,773.0,2026-08-28T20:10:00+02:00
GBPUSD,5m,2026-08-28T18:15:00+00:00,1.35276,1.35289,1.3527,1.3527799999999999,637.0,2026-08-28T20:15:00+02:00
GBPUSD,5m,2026-08-28T18:20:00+00:00,1.3527799999999999,1.35299,1.35276,1.3528799999999999,569.0,2026-08-28T20:20:00+02:00
GBPUSD,5m,2026-08-28T18:25:00+00:00,1.3528799999999999,1.35319,1.35287,1.35299,1033.0,2026-08-28T20:25:00+02:00
GBPUSD,5m,2026-08-28T18:30:00+00:00,1.35299,1.3530799999999998,1.3528799999999999,1.3530499999999999,574.0,2026-08-28T20:30:00+02:00
GBPUSD,5m,2026-08-28T18:35:00+00:00,1.3530499999999999,1.35311,1.35282,1.3528499999999999,593.0,2026-08-28T20:35:00+02:00
GBPUSD,5m,2026-08-28T18:40:00+00:00,1.3528499999999999,1.35293,1.35277,1.35291,519.0,2026-08-28T20:40:00+02:00
GBPUSD,5m,2026-08-28T18:45:00+00:00,1.35291,1.35294,1.35272,1.35283,491.0,2026-08-28T20:45:00+02:00
GBPUSD,5m,2026-08-28T18:50:00+00:00,1.35283,1.35293,1.35275,1.35284,473.0,2026-08-28T20:50:00+02:00
GBPUSD,5m,2026-08-28T18:55:00+00:00,1.35284,1.35306,1.3527799999999999,1.35301,789.0,2026-08-28T20:55:00+02:00
GBPUSD,5m,2026-08-28T19:00:00+00:00,1.35301,1.35327,1.3529499999999999,1.35313,910.0,2026-08-28T21:00:00+02:00
GBPUSD,5m,2026-08-28T19:05:00+00:00,1.35313,1.3532199999999999,1.35299,1.3532,863.0,2026-08-28T21:05:00+02:00
GBPUSD,5m,2026-08-28T19:10:00+00:00,1.3532,1.35334,1.3531499999999999,1.3532,602.0,2026-08-28T21:10:00+02:00
GBPUSD,5m,2026-08-28T19:15:00+00:00,1.3532,1.3532,1.35302,1.35318,377.0,2026-08-28T21:15:00+02:00
GBPUSD,5m,2026-08-28T19:20:00+00:00,1.35318,1.3534899999999999,1.35317,1.35345,624.0,2026-08-28T21:20:00+02:00
GBPUSD,5m,2026-08-28T19:25:00+00:00,1.35345,1.35378,1.35345,1.35365,441.0,2026-08-28T21:25:00+02:00
GBPUSD,5m,2026-08-28T19:30:00+00:00,1.35365,1.3537,1.35344,1.35368,718.0,2026-08-28T21:30:00+02:00
GBPUSD,5m,2026-08-28T19:35:00+00:00,1.35368,1.35384,1.35354,1.3538299999999999,534.0,2026-08-28T21:35:00+02:00
GBPUSD,5m,2026-08-28T19:40:00+00:00,1.3538299999999999,1.35384,1.35371,1.35382,487.0,2026-08-28T21:40:00+02:00
GBPUSD,5m,2026-08-28T19:45:00+00:00,1.35382,1.35382,1.35362,1.35365,459.0,2026-08-28T21:45:00+02:00
GBPUSD,5m,2026-08-28T19:50:00+00:00,1.35365,1.35374,1.35358,1.35362,465.0,2026-08-28T21:50:00+02:00
GBPUSD,5m,2026-08-28T19:55:00+00:00,1.35362,1.35398,1.35362,1.35377,647.0,2026-08-28T21:55:00+02:00
GBPUSD,5m,2026-08-28T20:00:00+00:00,1.35377,1.3538,1.3535899999999998,1.3536,280.0,2026-08-28T22:00:00+02:00
GBPUSD,5m,2026-08-28T20:05:00+00:00,1.3536,1.35367,1.35352,1.3535599999999999,217.0,2026-08-28T22:05:00+02:00
GBPUSD,5m,2026-08-28T20:10:00+00:00,1.3535599999999999,1.3537299999999999,1.35353,1.35372,259.0,2026-08-28T22:10:00+02:00
GBPUSD,5m,2026-08-28T20:15:00+00:00,1.35372,1.3538599999999998,1.35368,1.35371,186.0,2026-08-28T22:15:00+02:00
GBPUSD,5m,2026-08-28T20:20:00+00:00,1.35371,1.35371,1.35351,1.35351,315.0,2026-08-28T22:20:00+02:00
GBPUSD,5m,2026-08-28T20:25:00+00:00,1.35351,1.35353,1.3533899999999999,1.35348,169.0,2026-08-28T22:25:00+02:00
GBPUSD,5m,2026-08-28T20:30:00+00:00,1.35348,1.35354,1.3532899999999999,1.3532899999999999,210.0,2026-08-28T22:30:00+02:00
GBPUSD,5m,2026-08-28T20:35:00+00:00,1.3532899999999999,1.35338,1.35297,1.35297,159.0,2026-08-28T22:35:00+02:00
GBPUSD,5m,2026-08-28T20:40:00+00:00,1.35297,1.35313,1.35296,1.35311,234.0,2026-08-28T22:40:00+02:00
GBPUSD,5m,2026-08-28T20:45:00+00:00,1.35311,1.3531499999999999,1.35299,1.35309,473.0,2026-08-28T22:45:00+02:00
GBPUSD,5m,2026-08-28T20:50:00+00:00,1.35309,1.35326,1.35307,1.3532,527.0,2026-08-28T22:50:00+02:00
GBPUSD,5m,2026-08-28T20:55:00+00:00,1.3532,1.35341,1.35256,1.3531499999999999,610.0,2026-08-28T22:55:00+02:00
GBPUSD,5m,2026-08-30T19:05:00+00:00,1.3531499999999999,1.3531499999999999,1.35233,1.35233,3.0,2026-08-30T21:05:00+02:00
GBPUSD,5m,2026-08-30T19:10:00+00:00,1.35233,1.35252,1.35233,1.35252,18.0,2026-08-30T21:10:00+02:00
GBPUSD,5m,2026-08-30T19:15:00+00:00,1.35252,1.3526799999999999,1.35252,1.3526799999999999,9.0,2026-08-30T21:15:00+02:00
GBPUSD,5m,2026-08-30T19:20:00+00:00,1.3526799999999999,1.35269,1.35265,1.3526799999999999,8.0,2026-08-30T21:20:00+02:00
GBPUSD,5m,2026-08-30T19:25:00+00:00,1.3526799999999999,1.3527,1.3526799999999999,1.3526799999999999,4.0,2026-08-30T21:25:00+02:00
GBPUSD,5m,2026-08-30T19:30:00+00:00,1.3526799999999999,1.35276,1.35263,1.35276,7.0,2026-08-30T21:30:00+02:00
GBPUSD,5m,2026-08-30T19:35:00+00:00,1.35276,1.35292,1.35276,1.35292,5.0,2026-08-30T21:35:00+02:00
GBPUSD,5m,2026-08-30T19:40:00+00:00,1.35292,1.35309,1.35292,1.35309,4.0,2026-08-30T21:40:00+02:00
GBPUSD,5m,2026-08-30T19:45:00+00:00,1.35309,1.3531199999999999,1.35309,1.3531199999999999,5.0,2026-08-30T21:45:00+02:00
GBPUSD,5m,2026-08-30T19:50:00+00:00,1.3531199999999999,1.35316,1.35311,1.35316,7.0,2026-08-30T21:50:00+02:00
GBPUSD,5m,2026-08-30T19:55:00+00:00,1.35316,1.35323,1.35316,1.3532,5.0,2026-08-30T21:55:00+02:00
GBPUSD,5m,2026-08-30T20:00:00+00:00,1.3532,1.3532499999999998,1.3532,1.3532199999999999,4.0,2026-08-30T22:00:00+02:00
GBPUSD,5m,2026-08-30T20:05:00+00:00,1.3532199999999999,1.3532199999999999,1.35299,1.3532199999999999,4.0,2026-08-30T22:05:00+02:00
GBPUSD,5m,2026-08-30T20:10:00+00:00,1.3532199999999999,1.35323,1.3532199999999999,1.35323,3.0,2026-08-30T22:10:00+02:00
GBPUSD,5m,2026-08-30T20:15:00+00:00,1.35323,1.35324,1.35323,1.35324,1.0,2026-08-30T22:15:00+02:00
GBPUSD,5m,2026-08-30T20:20:00+00:00,1.35324,1.35324,1.35313,1.35313,5.0,2026-08-30T22:20:00+02:00
GBPUSD,5m,2026-08-30T20:25:00+00:00,1.35313,1.35313,1.35307,1.3530799999999998,3.0,2026-08-30T22:25:00+02:00
GBPUSD,5m,2026-08-30T21:00:00+00:00,1.3530799999999998,1.3534199999999998,1.3530799999999998,1.35341,4.0,2026-08-30T23:00:00+02:00
GBPUSD,5m,2026-08-30T21:05:00+00:00,1.35341,1.35341,1.353,1.35331,13.0,2026-08-30T23:05:00+02:00
GBPUSD,5m,2026-08-30T21:10:00+00:00,1.35331,1.3533199999999999,1.3526,1.35272,41.0,2026-08-30T23:10:00+02:00
GBPUSD,5m,2026-08-30T21:15:00+00:00,1.35272,1.3528099999999998,1.3526099999999999,1.3526799999999999,132.0,2026-08-30T23:15:00+02:00
GBPUSD,5m,2026-08-30T21:20:00+00:00,1.3526799999999999,1.35269,1.3526799999999999,1.35269,18.0,2026-08-30T23:20:00+02:00
GBPUSD,5m,2026-08-30T21:25:00+00:00,1.35269,1.35269,1.3526799999999999,1.3526799999999999,11.0,2026-08-30T23:25:00+02:00
GBPUSD,5m,2026-08-30T21:30:00+00:00,1.3526799999999999,1.3526799999999999,1.3524399999999999,1.35267,25.0,2026-08-30T23:30:00+02:00
GBPUSD,5m,2026-08-30T21:35:00+00:00,1.35267,1.3527,1.35258,1.3526,201.0,2026-08-30T23:35:00+02:00
GBPUSD,5m,2026-08-30T21:40:00+00:00,1.3526,1.3529799999999998,1.3526,1.35297,70.0,2026-08-30T23:40:00+02:00
GBPUSD,5m,2026-08-30T21:45:00+00:00,1.35297,1.3529799999999998,1.35266,1.3529,213.0,2026-08-30T23:45:00+02:00
GBPUSD,5m,2026-08-30T21:50:00+00:00,1.3529,1.35296,1.3527799999999999,1.35296,105.0,2026-08-30T23:50:00+02:00
GBPUSD,5m,2026-08-30T21:55:00+00:00,1.35296,1.35299,1.3527,1.3528099999999998,234.0,2026-08-30T23:55:00+02:00
GBPUSD,5m,2026-08-30T22:00:00+00:00,1.3528099999999998,1.35318,1.35263,1.35301,327.0,2026-08-31T00:00:00+02:00
GBPUSD,5m,2026-08-30T22:05:00+00:00,1.35301,1.35317,1.3529799999999998,1.35317,27.0,2026-08-31T00:05:00+02:00
GBPUSD,5m,2026-08-30T22:10:00+00:00,1.35317,1.35321,1.35307,1.35313,171.0,2026-08-31T00:10:00+02:00
GBPUSD,5m,2026-08-30T22:15:00+00:00,1.35313,1.3532,1.35307,1.35319,113.0,2026-08-31T00:15:00+02:00
GBPUSD,5m,2026-08-30T22:20:00+00:00,1.35319,1.35321,1.35316,1.35317,159.0,2026-08-31T00:20:00+02:00
GBPUSD,5m,2026-08-30T22:25:00+00:00,1.35317,1.35327,1.3531499999999999,1.35323,97.0,2026-08-31T00:25:00+02:00
GBPUSD,5m,2026-08-30T22:30:00+00:00,1.35323,1.3534599999999999,1.35323,1.35345,123.0,2026-08-31T00:30:00+02:00
GBPUSD,5m,2026-08-30T22:35:00+00:00,1.35345,1.3536299999999999,1.35335,1.3535599999999999,339.0,2026-08-31T00:35:00+02:00
GBPUSD,5m,2026-08-30T22:40:00+00:00,1.3535599999999999,1.3536,1.35341,1.3534199999999998,194.0,2026-08-31T00:40:00+02:00
GBPUSD,5m,2026-08-30T22:45:00+00:00,1.3534199999999998,1.35355,1.35341,1.35351,193.0,2026-08-31T00:45:00+02:00
GBPUSD,5m,2026-08-30T22:50:00+00:00,1.35351,1.35352,1.3534,1.3535,173.0,2026-08-31T00:50:00+02:00
GBPUSD,5m,2026-08-30T22:55:00+00:00,1.3535,1.35361,1.35341,1.35353,164.0,2026-08-31T00:55:00+02:00
GBPUSD,5m,2026-08-30T23:00:00+00:00,1.35353,1.35368,1.35352,1.35357,308.0,2026-08-31T01:00:00+02:00
GBPUSD,5m,2026-08-30T23:05:00+00:00,1.35357,1.3537,1.35344,1.35344,311.0,2026-08-31T01:05:00+02:00
GBPUSD,5m,2026-08-30T23:10:00+00:00,1.35344,1.35362,1.3534,1.35357,287.0,2026-08-31T01:10:00+02:00
GBPUSD,5m,2026-08-30T23:15:00+00:00,1.35357,1.3537,1.35352,1.3536299999999999,397.0,2026-08-31T01:15:00+02:00
GBPUSD,5m,2026-08-30T23:20:00+00:00,1.3536299999999999,1.3537299999999999,1.3536299999999999,1.3536599999999999,194.0,2026-08-31T01:20:00+02:00
GBPUSD,5m,2026-08-30T23:25:00+00:00,1.3536599999999999,1.3537,1.35362,1.35362,298.0,2026-08-31T01:25:00+02:00
GBPUSD,5m,2026-08-30T23:30:00+00:00,1.35362,1.35384,1.35361,1.35378,193.0,2026-08-31T01:30:00+02:00
GBPUSD,5m,2026-08-30T23:35:00+00:00,1.35378,1.35391,1.3537299999999999,1.35388,270.0,2026-08-31T01:35:00+02:00
GBPUSD,5m,2026-08-30T23:40:00+00:00,1.35388,1.35389,1.35379,1.35381,269.0,2026-08-31T01:40:00+02:00
GBPUSD,5m,2026-08-30T23:45:00+00:00,1.35381,1.35382,1.35367,1.35369,382.0,2026-08-31T01:45:00+02:00
GBPUSD,5m,2026-08-30T23:50:00+00:00,1.35369,1.3539299999999999,1.35369,1.35391,400.0,2026-08-31T01:50:00+02:00
GBPUSD,5m,2026-08-30T23:55:00+00:00,1.35391,1.35402,1.3538599999999998,1.3539299999999999,644.0,2026-08-31T01:55:00+02:00
GBPUSD,5m,2026-08-31T00:00:00+00:00,1.3539299999999999,1.35412,1.35392,1.35411,1294.0,2026-08-31T02:00:00+02:00
GBPUSD,5m,2026-08-31T00:05:00+00:00,1.35411,1.35422,1.35406,1.35418,802.0,2026-08-31T02:05:00+02:00
GBPUSD,5m,2026-08-31T00:10:00+00:00,1.35418,1.35422,1.35398,1.3540999999999999,729.0,2026-08-31T02:10:00+02:00
GBPUSD,5m,2026-08-31T00:15:00+00:00,1.3540999999999999,1.35422,1.35401,1.35404,746.0,2026-08-31T02:15:00+02:00
GBPUSD,5m,2026-08-31T00:20:00+00:00,1.35404,1.35406,1.35371,1.3537299999999999,608.0,2026-08-31T02:20:00+02:00
GBPUSD,5m,2026-08-31T00:25:00+00:00,1.3537299999999999,1.35374,1.3533,1.3534199999999998,853.0,2026-08-31T02:25:00+02:00
GBPUSD,5m,2026-08-31T00:30:00+00:00,1.3534199999999998,1.3539299999999999,1.3534,1.35391,917.0,2026-08-31T02:30:00+02:00
GBPUSD,5m,2026-08-31T00:35:00+00:00,1.35391,1.3543,1.3538999999999999,1.3542399999999999,967.0,2026-08-31T02:35:00+02:00
GBPUSD,5m,2026-08-31T00:40:00+00:00,1.3542399999999999,1.35429,1.35409,1.35422,760.0,2026-08-31T02:40:00+02:00
GBPUSD,5m,2026-08-31T00:45:00+00:00,1.35422,1.35432,1.35419,1.35419,809.0,2026-08-31T02:45:00+02:00
GBPUSD,5m,2026-08-31T00:50:00+00:00,1.35419,1.35456,1.35414,1.35446,1128.0,2026-08-31T02:50:00+02:00
GBPUSD,5m,2026-08-31T00:55:00+00:00,1.35446,1.35467,1.3544,1.3544699999999998,992.0,2026-08-31T02:55:00+02:00
GBPUSD,5m,2026-08-31T01:00:00+00:00,1.3544699999999998,1.35448,1.3538999999999999,1.35433,1609.0,2026-08-31T03:00:00+02:00
GBPUSD,5m,2026-08-31T01:05:00+00:00,1.35433,1.35435,1.35375,1.35375,1123.0,2026-08-31T03:05:00+02:00
GBPUSD,5m,2026-08-31T01:10:00+00:00,1.35375,1.35387,1.35365,1.3538299999999999,1004.0,2026-08-31T03:10:00+02:00
GBPUSD,5m,2026-08-31T01:15:00+00:00,1.3538299999999999,1.35397,1.3537,1.35387,1259.0,2026-08-31T03:15:00+02:00
GBPUSD,5m,2026-08-31T01:20:00+00:00,1.35387,1.35421,1.3538299999999999,1.35414,1267.0,2026-08-31T03:20:00+02:00
GBPUSD,5m,2026-08-31T01:25:00+00:00,1.35414,1.3543,1.35404,1.3542399999999999,1036.0,2026-08-31T03:25:00+02:00
GBPUSD,5m,2026-08-31T01:30:00+00:00,1.3542399999999999,1.35438,1.3540699999999999,1.35414,1202.0,2026-08-31T03:30:00+02:00
GBPUSD,5m,2026-08-31T01:35:00+00:00,1.35414,1.3544699999999998,1.35412,1.3544699999999998,1120.0,2026-08-31T03:35:00+02:00
GBPUSD,5m,2026-08-31T01:40:00+00:00,1.3544699999999998,1.3546799999999999,1.35428,1.35457,1423.0,2026-08-31T03:40:00+02:00
GBPUSD,5m,2026-08-31T01:45:00+00:00,1.35457,1.35462,1.3543399999999999,1.3543699999999999,1234.0,2026-08-31T03:45:00+02:00
GBPUSD,5m,2026-08-31T01:50:00+00:00,1.3543699999999999,1.3545,1.3543,1.35445,1045.0,2026-08-31T03:50:00+02:00
GBPUSD,5m,2026-08-31T01:55:00+00:00,1.35445,1.35449,1.35425,1.35429,967.0,2026-08-31T03:55:00+02:00
GBPUSD,5m,2026-08-31T02:00:00+00:00,1.35429,1.35436,1.35418,1.3543,1250.0,2026-08-31T04:00:00+02:00
GBPUSD,5m,2026-08-31T02:05:00+00:00,1.3543,1.35453,1.35428,1.35443,988.0,2026-08-31T04:05:00+02:00
GBPUSD,5m,2026-08-31T02:10:00+00:00,1.35443,1.3544699999999998,1.35433,1.35445,866.0,2026-08-31T04:10:00+02:00
GBPUSD,5m,2026-08-31T02:15:00+00:00,1.35445,1.3545399999999999,1.35405,1.35422,1325.0,2026-08-31T04:15:00+02:00
GBPUSD,5m,2026-08-31T02:20:00+00:00,1.35422,1.35442,1.35411,1.3544,1026.0,2026-08-31T04:20:00+02:00
GBPUSD,5m,2026-08-31T02:25:00+00:00,1.3544,1.35453,1.35435,1.35446,1081.0,2026-08-31T04:25:00+02:00
GBPUSD,5m,2026-08-31T02:30:00+00:00,1.35446,1.3545399999999999,1.35431,1.35436,998.0,2026-08-31T04:30:00+02:00
GBPUSD,5m,2026-08-31T02:35:00+00:00,1.35436,1.35438,1.35411,1.35419,993.0,2026-08-31T04:35:00+02:00
GBPUSD,5m,2026-08-31T02:40:00+00:00,1.35419,1.3541999999999998,1.35379,1.35392,1057.0,2026-08-31T04:40:00+02:00
GBPUSD,5m,2026-08-31T02:45:00+00:00,1.35392,1.35419,1.3538599999999998,1.35413,968.0,2026-08-31T04:45:00+02:00
GBPUSD,5m,2026-08-31T02:50:00+00:00,1.35413,1.35436,1.35412,1.35435,700.0,2026-08-31T04:50:00+02:00
GBPUSD,5m,2026-08-31T02:55:00+00:00,1.35435,1.35441,1.35426,1.35441,761.0,2026-08-31T04:55:00+02:00
GBPUSD,5m,2026-08-31T03:00:00+00:00,1.35441,1.35455,1.3543699999999999,1.35439,770.0,2026-08-31T05:00:00+02:00
GBPUSD,5m,2026-08-31T03:05:00+00:00,1.35439,1.35449,1.35439,1.35446,638.0,2026-08-31T05:05:00+02:00
GBPUSD,5m,2026-08-31T03:10:00+00:00,1.35446,1.35458,1.3544399999999999,1.35452,445.0,2026-08-31T05:10:00+02:00
GBPUSD,5m,2026-08-31T03:15:00+00:00,1.35452,1.35463,1.35449,1.35452,478.0,2026-08-31T05:15:00+02:00
GBPUSD,5m,2026-08-31T03:20:00+00:00,1.35452,1.35466,1.35449,1.35459,460.0,2026-08-31T05:20:00+02:00
GBPUSD,5m,2026-08-31T03:25:00+00:00,1.35459,1.35463,1.3544699999999998,1.3544699999999998,551.0,2026-08-31T05:25:00+02:00
GBPUSD,5m,2026-08-31T03:30:00+00:00,1.3544699999999998,1.3544699999999998,1.35432,1.35433,613.0,2026-08-31T05:30:00+02:00
GBPUSD,5m,2026-08-31T03:35:00+00:00,1.35433,1.3543699999999999,1.3540999999999999,1.35413,737.0,2026-08-31T05:35:00+02:00
GBPUSD,5m,2026-08-31T03:40:00+00:00,1.35413,1.35441,1.35412,1.35435,621.0,2026-08-31T05:40:00+02:00
GBPUSD,5m,2026-08-31T03:45:00+00:00,1.35435,1.3543699999999999,1.35421,1.35423,541.0,2026-08-31T05:45:00+02:00
GBPUSD,5m,2026-08-31T03:50:00+00:00,1.35423,1.35435,1.35421,1.35422,568.0,2026-08-31T05:50:00+02:00
GBPUSD,5m,2026-08-31T03:55:00+00:00,1.35422,1.3544,1.35422,1.35436,446.0,2026-08-31T05:55:00+02:00
GBPUSD,5m,2026-08-31T04:00:00+00:00,1.35436,1.3545399999999999,1.3543399999999999,1.35453,531.0,2026-08-31T06:00:00+02:00
GBPUSD,5m,2026-08-31T04:05:00+00:00,1.35453,1.35456,1.35442,1.35456,498.0,2026-08-31T06:05:00+02:00
GBPUSD,5m,2026-08-31T04:10:00+00:00,1.35456,1.3546,1.3545399999999999,1.35457,313.0,2026-08-31T06:10:00+02:00
GBPUSD,5m,2026-08-31T04:15:00+00:00,1.35457,1.35459,1.35441,1.35441,570.0,2026-08-31T06:15:00+02:00
GBPUSD,5m,2026-08-31T04:20:00+00:00,1.35441,1.35445,1.35426,1.3542699999999999,590.0,2026-08-31T06:20:00+02:00
GBPUSD,5m,2026-08-31T04:25:00+00:00,1.3542699999999999,1.35436,1.35413,1.3541999999999998,672.0,2026-08-31T06:25:00+02:00
GBPUSD,5m,2026-08-31T04:30:00+00:00,1.3541999999999998,1.35425,1.35412,1.35423,779.0,2026-08-31T06:30:00+02:00
GBPUSD,5m,2026-08-31T04:35:00+00:00,1.35423,1.3542699999999999,1.35419,1.35422,488.0,2026-08-31T06:35:00+02:00
GBPUSD,5m,2026-08-31T04:40:00+00:00,1.35422,1.35435,1.3540999999999999,1.35432,570.0,2026-08-31T06:40:00+02:00
GBPUSD,5m,2026-08-31T04:45:00+00:00,1.35432,1.35441,1.3542399999999999,1.3543399999999999,558.0,2026-08-31T06:45:00+02:00
GBPUSD,5m,2026-08-31T04:50:00+00:00,1.3543399999999999,1.3544,1.3542399999999999,1.35436,510.0,2026-08-31T06:50:00+02:00
GBPUSD,5m,2026-08-31T04:55:00+00:00,1.35436,1.35445,1.35426,1.35445,661.0,2026-08-31T06:55:00+02:00
GBPUSD,5m,2026-08-31T05:00:00+00:00,1.35445,1.35446,1.3541999999999998,1.3541999999999998,481.0,2026-08-31T07:00:00+02:00
GBPUSD,5m,2026-08-31T05:05:00+00:00,1.3541999999999998,1.35422,1.35412,1.3541699999999999,803.0,2026-08-31T07:05:00+02:00
GBPUSD,5m,2026-08-31T05:10:00+00:00,1.3541699999999999,1.35431,1.35409,1.35425,771.0,2026-08-31T07:10:00+02:00
GBPUSD,5m,2026-08-31T05:15:00+00:00,1.35425,1.35439,1.35423,1.3543399999999999,404.0,2026-08-31T07:15:00+02:00
GBPUSD,5m,2026-08-31T05:20:00+00:00,1.3543399999999999,1.35436,1.35423,1.35433,525.0,2026-08-31T07:20:00+02:00
GBPUSD,5m,2026-08-31T05:25:00+00:00,1.35433,1.35465,1.35426,1.3546399999999998,559.0,2026-08-31T07:25:00+02:00
GBPUSD,5m,2026-08-31T05:30:00+00:00,1.3546399999999998,1.35466,1.3541699999999999,1.35433,901.0,2026-08-31T07:30:00+02:00
GBPUSD,5m,2026-08-31T05:35:00+00:00,1.35433,1.35436,1.3541699999999999,1.35426,875.0,2026-08-31T07:35:00+02:00
GBPUSD,5m,2026-08-31T05:40:00+00:00,1.35426,1.35453,1.35419,1.3544,1181.0,2026-08-31T07:40:00+02:00
GBPUSD,5m,2026-08-31T05:45:00+00:00,1.3544,1.35452,1.35433,1.35435,860.0,2026-08-31T07:45:00+02:00
GBPUSD,5m,2026-08-31T05:50:00+00:00,1.35435,1.3544399999999999,1.35425,1.35433,791.0,2026-08-31T07:50:00+02:00
GBPUSD,5m,2026-08-31T05:55:00+00:00,1.35433,1.3546399999999998,1.35433,1.35463,799.0,2026-08-31T07:55:00+02:00
GBPUSD,5m,2026-08-31T06:00:00+00:00,1.35463,1.35463,1.35433,1.35446,1086.0,2026-08-31T08:00:00+02:00
GBPUSD,5m,2026-08-31T06:05:00+00:00,1.35446,1.3545099999999999,1.3543,1.35433,627.0,2026-08-31T08:05:00+02:00
GBPUSD,5m,2026-08-31T06:10:00+00:00,1.35433,1.3546399999999998,1.3543,1.35463,662.0,2026-08-31T08:10:00+02:00
GBPUSD,5m,2026-08-31T06:15:00+00:00,1.35463,1.35476,1.35458,1.35474,540.0,2026-08-31T08:15:00+02:00
GBPUSD,5m,2026-08-31T06:20:00+00:00,1.35474,1.35486,1.35457,1.35465,914.0,2026-08-31T08:20:00+02:00
GBPUSD,5m,2026-08-31T06:25:00+00:00,1.35465,1.35467,1.35442,1.35446,810.0,2026-08-31T08:25:00+02:00
GBPUSD,5m,2026-08-31T06:30:00+00:00,1.35446,1.35457,1.35435,1.35446,905.0,2026-08-31T08:30:00+02:00
GBPUSD,5m,2026-08-31T06:35:00+00:00,1.35446,1.35475,1.35442,1.35472,597.0,2026-08-31T08:35:00+02:00
GBPUSD,5m,2026-08-31T06:40:00+00:00,1.35472,1.35475,1.3544,1.35442,776.0,2026-08-31T08:40:00+02:00
GBPUSD,5m,2026-08-31T06:45:00+00:00,1.35442,1.3545099999999999,1.35439,1.35443,718.0,2026-08-31T08:45:00+02:00
GBPUSD,5m,2026-08-31T06:50:00+00:00,1.35443,1.35446,1.35414,1.35422,696.0,2026-08-31T08:50:00+02:00
GBPUSD,5m,2026-08-31T06:55:00+00:00,1.35422,1.3543699999999999,1.35384,1.35433,1390.0,2026-08-31T08:55:00+02:00
GBPUSD,5m,2026-08-31T07:00:00+00:00,1.35433,1.35439,1.3538299999999999,1.3539299999999999,1194.0,2026-08-31T09:00:00+02:00
GBPUSD,5m,2026-08-31T07:05:00+00:00,1.3539299999999999,1.35404,1.35362,1.35404,889.0,2026-08-31T09:05:00+02:00
GBPUSD,5m,2026-08-31T07:10:00+00:00,1.35404,1.35409,1.3538,1.35389,916.0,2026-08-31T09:10:00+02:00
GBPUSD,5m,2026-08-31T07:15:00+00:00,1.35389,1.35408,1.35368,1.35404,842.0,2026-08-31T09:15:00+02:00
GBPUSD,5m,2026-08-31T07:20:00+00:00,1.35404,1.35475,1.3538999999999999,1.35474,1163.0,2026-08-31T09:20:00+02:00
GBPUSD,5m,2026-08-31T07:25:00+00:00,1.35474,1.3547799999999999,1.35436,1.35453,1114.0,2026-08-31T09:25:00+02:00
GBPUSD,5m,2026-08-31T07:30:00+00:00,1.35453,1.35457,1.3542399999999999,1.35432,979.0,2026-08-31T09:30:00+02:00
GBPUSD,5m,2026-08-31T07:35:00+00:00,1.35432,1.35442,1.35414,1.35422,996.0,2026-08-31T09:35:00+02:00
GBPUSD,5m,2026-08-31T07:40:00+00:00,1.35422,1.35453,1.35413,1.35449,958.0,2026-08-31T09:40:00+02:00
GBPUSD,5m,2026-08-31T07:45:00+00:00,1.35449,1.3546399999999998,1.35443,1.35463,1038.0,2026-08-31T09:45:00+02:00
GBPUSD,5m,2026-08-31T07:50:00+00:00,1.35463,1.35467,1.35443,1.35452,843.0,2026-08-31T09:50:00+02:00
GBPUSD,5m,2026-08-31T07:55:00+00:00,1.35452,1.35474,1.3544699999999998,1.35458,1019.0,2026-08-31T09:55:00+02:00
GBPUSD,5m,2026-08-31T08:00:00+00:00,1.35458,1.35552,1.3545,1.35544,2043.0,2026-08-31T10:00:00+02:00
GBPUSD,5m,2026-08-31T08:05:00+00:00,1.35544,1.35554,1.35474,1.3547799999999999,1252.0,2026-08-31T10:05:00+02:00
GBPUSD,5m,2026-08-31T08:10:00+00:00,1.3547799999999999,1.3548,1.3543699999999999,1.35452,1027.0,2026-08-31T10:10:00+02:00
GBPUSD,5m,2026-08-31T08:15:00+00:00,1.35452,1.35465,1.3543,1.35449,1272.0,2026-08-31T10:15:00+02:00
GBPUSD,5m,2026-08-31T08:20:00+00:00,1.35449,1.35463,1.35441,1.3544399999999999,1296.0,2026-08-31T10:20:00+02:00
GBPUSD,5m,2026-08-31T08:25:00+00:00,1.3544399999999999,1.35467,1.35442,1.3546399999999998,929.0,2026-08-31T10:25:00+02:00
GBPUSD,5m,2026-08-31T08:30:00+00:00,1.3546399999999998,1.35475,1.35452,1.35462,840.0,2026-08-31T10:30:00+02:00
GBPUSD,5m,2026-08-31T08:35:00+00:00,1.35462,1.3546399999999998,1.35443,1.3545399999999999,862.0,2026-08-31T10:35:00+02:00
GBPUSD,5m,2026-08-31T08:40:00+00:00,1.3545399999999999,1.35455,1.3541699999999999,1.35422,893.0,2026-08-31T10:40:00+02:00
GBPUSD,5m,2026-08-31T08:45:00+00:00,1.35422,1.35439,1.35408,1.35411,1004.0,2026-08-31T10:45:00+02:00
GBPUSD,5m,2026-08-31T08:50:00+00:00,1.35411,1.35416,1.35375,1.35395,1089.0,2026-08-31T10:50:00+02:00
GBPUSD,5m,2026-08-31T08:55:00+00:00,1.35395,1.35408,1.35388,1.35398,1434.0,2026-08-31T10:55:00+02:00
GBPUSD,5m,2026-08-31T09:00:00+00:00,1.35398,1.35433,1.35398,1.3542399999999999,1312.0,2026-08-31T11:00:00+02:00
GBPUSD,5m,2026-08-31T09:05:00+00:00,1.3542399999999999,1.35435,1.35408,1.35414,949.0,2026-08-31T11:05:00+02:00
GBPUSD,5m,2026-08-31T09:10:00+00:00,1.35414,1.35439,1.35406,1.3543399999999999,885.0,2026-08-31T11:10:00+02:00
GBPUSD,5m,2026-08-31T09:15:00+00:00,1.3543399999999999,1.3545399999999999,1.35432,1.35435,1051.0,2026-08-31T11:15:00+02:00
GBPUSD,5m,2026-08-31T09:20:00+00:00,1.35435,1.3544,1.35416,1.3541699999999999,900.0,2026-08-31T11:20:00+02:00
GBPUSD,5m,2026-08-31T09:25:00+00:00,1.3541699999999999,1.35432,1.3540699999999999,1.35429,879.0,2026-08-31T11:25:00+02:00
GBPUSD,5m,2026-08-31T09:30:00+00:00,1.35429,1.3543399999999999,1.35401,1.35402,864.0,2026-08-31T11:30:00+02:00
GBPUSD,5m,2026-08-31T09:35:00+00:00,1.35402,1.35411,1.35395,1.35396,674.0,2026-08-31T11:35:00+02:00
GBPUSD,5m,2026-08-31T09:40:00+00:00,1.35396,1.3542399999999999,1.35391,1.35422,882.0,2026-08-31T11:40:00+02:00
GBPUSD,5m,2026-08-31T09:45:00+00:00,1.35422,1.3543399999999999,1.35413,1.3541999999999998,827.0,2026-08-31T11:45:00+02:00
GBPUSD,5m,2026-08-31T09:50:00+00:00,1.3541999999999998,1.3543399999999999,1.35409,1.35423,721.0,2026-08-31T11:50:00+02:00
GBPUSD,5m,2026-08-31T09:55:00+00:00,1.35423,1.35426,1.35411,1.35418,582.0,2026-08-31T11:55:00+02:00
GBPUSD,5m,2026-08-31T10:00:00+00:00,1.35418,1.35459,1.35413,1.3545099999999999,1183.0,2026-08-31T12:00:00+02:00
GBPUSD,5m,2026-08-31T10:05:00+00:00,1.3545099999999999,1.35462,1.3543399999999999,1.35435,1018.0,2026-08-31T12:05:00+02:00
GBPUSD,5m,2026-08-31T10:10:00+00:00,1.35435,1.35445,1.35425,1.35443,925.0,2026-08-31T12:10:00+02:00
GBPUSD,5m,2026-08-31T10:15:00+00:00,1.35443,1.35443,1.35415,1.35429,1038.0,2026-08-31T12:15:00+02:00
GBPUSD,5m,2026-08-31T10:20:00+00:00,1.35429,1.35439,1.35419,1.3541999999999998,828.0,2026-08-31T12:20:00+02:00
GBPUSD,5m,2026-08-31T10:25:00+00:00,1.3541999999999998,1.3544,1.35413,1.3543399999999999,1090.0,2026-08-31T12:25:00+02:00
GBPUSD,5m,2026-08-31T10:30:00+00:00,1.3543399999999999,1.3543399999999999,1.35409,1.35411,614.0,2026-08-31T12:30:00+02:00
GBPUSD,5m,2026-08-31T10:35:00+00:00,1.35411,1.35414,1.35392,1.35399,733.0,2026-08-31T12:35:00+02:00
GBPUSD,5m,2026-08-31T10:40:00+00:00,1.35399,1.35401,1.35378,1.35378,718.0,2026-08-31T12:40:00+02:00
GBPUSD,5m,2026-08-31T10:45:00+00:00,1.35378,1.35379,1.35353,1.35362,694.0,2026-08-31T12:45:00+02:00
GBPUSD,5m,2026-08-31T10:50:00+00:00,1.35362,1.35419,1.3535899999999998,1.35385,1017.0,2026-08-31T12:50:00+02:00
GBPUSD,5m,2026-08-31T10:55:00+00:00,1.35385,1.35414,1.35385,1.3539299999999999,800.0,2026-08-31T12:55:00+02:00
GBPUSD,5m,2026-08-31T11:00:00+00:00,1.3539299999999999,1.35401,1.35369,1.3537299999999999,927.0,2026-08-31T13:00:00+02:00
GBPUSD,5m,2026-08-31T11:05:00+00:00,1.3537299999999999,1.35384,1.3536299999999999,1.35372,623.0,2026-08-31T13:05:00+02:00
GBPUSD,5m,2026-08-31T11:10:00+00:00,1.35372,1.3540299999999998,1.3536299999999999,1.35401,791.0,2026-08-31T13:10:00+02:00
GBPUSD,5m,2026-08-31T11:15:00+00:00,1.35401,1.35421,1.35399,1.3540999999999999,753.0,2026-08-31T13:15:00+02:00
GBPUSD,5m,2026-08-31T11:20:00+00:00,1.3540999999999999,1.3543699999999999,1.3540999999999999,1.35421,875.0,2026-08-31T13:20:00+02:00
GBPUSD,5m,2026-08-31T11:25:00+00:00,1.35421,1.35453,1.3541999999999998,1.3545,903.0,2026-08-31T13:25:00+02:00
GBPUSD,5m,2026-08-31T11:30:00+00:00,1.3545,1.35459,1.3540999999999999,1.35411,1217.0,2026-08-31T13:30:00+02:00
GBPUSD,5m,2026-08-31T11:35:00+00:00,1.35411,1.35414,1.35396,1.35401,1202.0,2026-08-31T13:35:00+02:00
GBPUSD,5m,2026-08-31T11:40:00+00:00,1.35401,1.3543399999999999,1.35401,1.35415,1406.0,2026-08-31T13:40:00+02:00
GBPUSD,5m,2026-08-31T11:45:00+00:00,1.35415,1.35426,1.35381,1.35388,1060.0,2026-08-31T13:45:00+02:00
GBPUSD,5m,2026-08-31T11:50:00+00:00,1.35388,1.35401,1.35374,1.35378,1072.0,2026-08-31T13:50:00+02:00
GBPUSD,5m,2026-08-31T11:55:00+00:00,1.35378,1.35392,1.3536599999999999,1.35381,658.0,2026-08-31T13:55:00+02:00
GBPUSD,5m,2026-08-31T12:00:00+00:00,1.35381,1.35404,1.35379,1.35392,1077.0,2026-08-31T14:00:00+02:00
GBPUSD,5m,2026-08-31T12:05:00+00:00,1.35392,1.35404,1.35348,1.35391,1559.0,2026-08-31T14:05:00+02:00
GBPUSD,5m,2026-08-31T12:10:00+00:00,1.35391,1.35431,1.35379,1.35428,1080.0,2026-08-31T14:10:00+02:00
GBPUSD,5m,2026-08-31T12:15:00+00:00,1.35428,1.35455,1.35421,1.3544399999999999,994.0,2026-08-31T14:15:00+02:00
GBPUSD,5m,2026-08-31T12:20:00+00:00,1.3544399999999999,1.35463,1.35392,1.35405,1308.0,2026-08-31T14:20:00+02:00
GBPUSD,5m,2026-08-31T12:25:00+00:00,1.35405,1.3545099999999999,1.3536599999999999,1.35432,2019.0,2026-08-31T14:25:00+02:00
GBPUSD,5m,2026-08-31T12:30:00+00:00,1.35432,1.35435,1.3539299999999999,1.35413,1552.0,2026-08-31T14:30:00+02:00
GBPUSD,5m,2026-08-31T12:35:00+00:00,1.35413,1.35414,1.3537299999999999,1.35401,1351.0,2026-08-31T14:35:00+02:00
GBPUSD,5m,2026-08-31T12:40:00+00:00,1.35401,1.35405,1.35367,1.3537299999999999,1010.0,2026-08-31T14:40:00+02:00
GBPUSD,5m,2026-08-31T12:45:00+00:00,1.3537299999999999,1.3537599999999999,1.35351,1.35361,919.0,2026-08-31T14:45:00+02:00
GBPUSD,5m,2026-08-31T12:50:00+00:00,1.35361,1.3537599999999999,1.35361,1.35369,929.0,2026-08-31T14:50:00+02:00
GBPUSD,5m,2026-08-31T12:55:00+00:00,1.35369,1.35391,1.35369,1.3538,1273.0,2026-08-31T14:55:00+02:00
GBPUSD,5m,2026-08-31T13:00:00+00:00,1.3538,1.35406,1.35374,1.35399,1135.0,2026-08-31T15:00:00+02:00
GBPUSD,5m,2026-08-31T13:05:00+00:00,1.35399,1.35425,1.3539299999999999,1.3542399999999999,1158.0,2026-08-31T15:05:00+02:00
GBPUSD,5m,2026-08-31T13:10:00+00:00,1.3542399999999999,1.3543699999999999,1.3540999999999999,1.35415,949.0,2026-08-31T15:10:00+02:00
GBPUSD,5m,2026-08-31T13:15:00+00:00,1.35415,1.35433,1.35408,1.3541999999999998,802.0,2026-08-31T15:15:00+02:00
GBPUSD,5m,2026-08-31T13:20:00+00:00,1.3541999999999998,1.35456,1.35404,1.3545099999999999,1013.0,2026-08-31T15:20:00+02:00
GBPUSD,5m,2026-08-31T13:25:00+00:00,1.3545099999999999,1.3548,1.35448,1.35474,1433.0,2026-08-31T15:25:00+02:00
GBPUSD,5m,2026-08-31T13:30:00+00:00,1.35474,1.35476,1.35426,1.35441,1564.0,2026-08-31T15:30:00+02:00
GBPUSD,5m,2026-08-31T13:35:00+00:00,1.35441,1.35469,1.35425,1.3545099999999999,1182.0,2026-08-31T15:35:00+02:00
GBPUSD,5m,2026-08-31T13:40:00+00:00,1.3545099999999999,1.35473,1.35412,1.3542699999999999,1479.0,2026-08-31T15:40:00+02:00
GBPUSD,5m,2026-08-31T13:45:00+00:00,1.3542699999999999,1.3544399999999999,1.35419,1.35425,1434.0,2026-08-31T15:45:00+02:00
GBPUSD,5m,2026-08-31T13:50:00+00:00,1.35425,1.35436,1.3540999999999999,1.35435,1315.0,2026-08-31T15:50:00+02:00
GBPUSD,5m,2026-08-31T13:55:00+00:00,1.35435,1.35435,1.35395,1.35423,1705.0,2026-08-31T15:55:00+02:00
GBPUSD,5m,2026-08-31T14:00:00+00:00,1.35423,1.3542399999999999,1.35367,1.3538999999999999,1786.0,2026-08-31T16:00:00+02:00
GBPUSD,5m,2026-08-31T14:05:00+00:00,1.3538999999999999,1.35398,1.35354,1.35369,1365.0,2026-08-31T16:05:00+02:00
GBPUSD,5m,2026-08-31T14:10:00+00:00,1.35369,1.35395,1.35353,1.35392,1143.0,2026-08-31T16:10:00+02:00
GBPUSD,5m,2026-08-31T14:15:00+00:00,1.35392,1.35418,1.3537299999999999,1.3540999999999999,1192.0,2026-08-31T16:15:00+02:00
GBPUSD,5m,2026-08-31T14:20:00+00:00,1.3540999999999999,1.35441,1.3539999999999999,1.35436,1031.0,2026-08-31T16:20:00+02:00
GBPUSD,5m,2026-08-31T14:25:00+00:00,1.35436,1.35446,1.3540699999999999,1.35414,1045.0,2026-08-31T16:25:00+02:00
GBPUSD,5m,2026-08-31T14:30:00+00:00,1.35414,1.35476,1.35399,1.35411,1471.0,2026-08-31T16:30:00+02:00
GBPUSD,5m,2026-08-31T14:35:00+00:00,1.35411,1.35469,1.3540999999999999,1.35442,2400.0,2026-08-31T16:35:00+02:00
GBPUSD,5m,2026-08-31T14:40:00+00:00,1.35442,1.35448,1.3538,1.35415,1726.0,2026-08-31T16:40:00+02:00
GBPUSD,5m,2026-08-31T14:45:00+00:00,1.35415,1.35524,1.35414,1.35443,2365.0,2026-08-31T16:45:00+02:00
GBPUSD,5m,2026-08-31T14:50:00+00:00,1.35443,1.35649,1.3542699999999999,1.3562999999999998,4550.0,2026-08-31T16:50:00+02:00
GBPUSD,5m,2026-08-31T14:55:00+00:00,1.3562999999999998,1.35639,1.35524,1.35541,3718.0,2026-08-31T16:55:00+02:00
GBPUSD,5m,2026-08-31T15:00:00+00:00,1.35541,1.3559299999999999,1.355,1.35502,2908.0,2026-08-31T17:00:00+02:00
GBPUSD,5m,2026-08-31T15:05:00+00:00,1.35502,1.3554199999999998,1.3549,1.35533,1181.0,2026-08-31T17:05:00+02:00
GBPUSD,5m,2026-08-31T15:10:00+00:00,1.35533,1.35533,1.3548,1.3551,1433.0,2026-08-31T17:10:00+02:00
GBPUSD,5m,2026-08-31T15:15:00+00:00,1.3551,1.35513,1.3547099999999999,1.35473,1300.0,2026-08-31T17:15:00+02:00
GBPUSD,5m,2026-08-31T15:20:00+00:00,1.35473,1.35486,1.3545,1.35465,1210.0,2026-08-31T17:20:00+02:00
GBPUSD,5m,2026-08-31T15:25:00+00:00,1.35465,1.35504,1.35459,1.35501,1069.0,2026-08-31T17:25:00+02:00
GBPUSD,5m,2026-08-31T15:30:00+00:00,1.35501,1.35537,1.35492,1.3550499999999999,1978.0,2026-08-31T17:30:00+02:00
GBPUSD,5m,2026-08-31T15:35:00+00:00,1.3550499999999999,1.35524,1.35499,1.35502,1024.0,2026-08-31T17:35:00+02:00
GBPUSD,5m,2026-08-31T15:40:00+00:00,1.35502,1.3551199999999999,1.3549499999999999,1.35501,779.0,2026-08-31T17:40:00+02:00
GBPUSD,5m,2026-08-31T15:45:00+00:00,1.35501,1.3554599999999999,1.35499,1.35513,1035.0,2026-08-31T17:45:00+02:00
GBPUSD,5m,2026-08-31T15:50:00+00:00,1.35513,1.3552499999999998,1.35499,1.35502,834.0,2026-08-31T17:50:00+02:00
GBPUSD,5m,2026-08-31T15:55:00+00:00,1.35502,1.3551499999999999,1.35473,1.3548099999999998,890.0,2026-08-31T17:55:00+02:00
GBPUSD,5m,2026-08-31T16:00:00+00:00,1.3548099999999998,1.35511,1.3547799999999999,1.3548799999999999,994.0,2026-08-31T18:00:00+02:00
GBPUSD,5m,2026-08-31T16:05:00+00:00,1.3548799999999999,1.35502,1.35477,1.35479,790.0,2026-08-31T18:05:00+02:00
GBPUSD,5m,2026-08-31T16:10:00+00:00,1.35479,1.35496,1.3547799999999999,1.35492,609.0,2026-08-31T18:10:00+02:00
GBPUSD,5m,2026-08-31T16:15:00+00:00,1.35492,1.3550499999999999,1.35482,1.3548799999999999,559.0,2026-08-31T18:15:00+02:00
GBPUSD,5m,2026-08-31T16:20:00+00:00,1.3548799999999999,1.35521,1.3548799999999999,1.3550799999999998,717.0,2026-08-31T18:20:00+02:00
GBPUSD,5m,2026-08-31T16:25:00+00:00,1.3550799999999998,1.3551,1.3548799999999999,1.355,769.0,2026-08-31T18:25:00+02:00
GBPUSD,5m,2026-08-31T16:30:00+00:00,1.355,1.35507,1.35489,1.35499,726.0,2026-08-31T18:30:00+02:00
GBPUSD,5m,2026-08-31T16:35:00+00:00,1.35499,1.35501,1.35458,1.35462,669.0,2026-08-31T18:35:00+02:00
GBPUSD,5m,2026-08-31T16:40:00+00:00,1.35462,1.35486,1.3546099999999999,1.35469,939.0,2026-08-31T18:40:00+02:00
GBPUSD,5m,2026-08-31T16:45:00+00:00,1.35469,1.35483,1.3546099999999999,1.3546099999999999,800.0,2026-08-31T18:45:00+02:00
GBPUSD,5m,2026-08-31T16:50:00+00:00,1.3546099999999999,1.3549499999999999,1.3546,1.3548,782.0,2026-08-31T18:50:00+02:00
GBPUSD,5m,2026-08-31T16:55:00+00:00,1.3548,1.35486,1.35457,1.35483,1025.0,2026-08-31T18:55:00+02:00
GBPUSD,5m,2026-08-31T17:00:00+00:00,1.35483,1.3548499999999999,1.3546799999999999,1.3547099999999999,607.0,2026-08-31T19:00:00+02:00
GBPUSD,5m,2026-08-31T17:05:00+00:00,1.3547099999999999,1.35472,1.35457,1.35462,563.0,2026-08-31T19:05:00+02:00
GBPUSD,5m,2026-08-31T17:10:00+00:00,1.35462,1.3549,1.3546099999999999,1.3548499999999999,517.0,2026-08-31T19:10:00+02:00
GBPUSD,5m,2026-08-31T17:15:00+00:00,1.3548499999999999,1.35502,1.35479,1.35502,662.0,2026-08-31T19:15:00+02:00
GBPUSD,5m,2026-08-31T17:20:00+00:00,1.35502,1.35514,1.355,1.35504,447.0,2026-08-31T19:20:00+02:00
GBPUSD,5m,2026-08-31T17:25:00+00:00,1.35504,1.35507,1.3548799999999999,1.3548799999999999,656.0,2026-08-31T19:25:00+02:00
GBPUSD,5m,2026-08-31T17:30:00+00:00,1.3548799999999999,1.35497,1.35479,1.3548499999999999,659.0,2026-08-31T19:30:00+02:00
GBPUSD,5m,2026-08-31T17:35:00+00:00,1.3548499999999999,1.35494,1.35479,1.35482,541.0,2026-08-31T19:35:00+02:00
GBPUSD,5m,2026-08-31T17:40:00+00:00,1.35482,1.3551499999999999,1.35479,1.3551199999999999,468.0,2026-08-31T19:40:00+02:00
GBPUSD,5m,2026-08-31T17:45:00+00:00,1.3551199999999999,1.35528,1.35507,1.35527,520.0,2026-08-31T19:45:00+02:00
GBPUSD,5m,2026-08-31T17:50:00+00:00,1.35527,1.35528,1.35494,1.3551,491.0,2026-08-31T19:50:00+02:00
GBPUSD,5m,2026-08-31T17:55:00+00:00,1.3551,1.3551499999999999,1.35492,1.35492,639.0,2026-08-31T19:55:00+02:00
GBPUSD,5m,2026-08-31T18:00:00+00:00,1.35492,1.355,1.35479,1.35491,803.0,2026-08-31T20:00:00+02:00
GBPUSD,5m,2026-08-31T18:05:00+00:00,1.35491,1.35504,1.3549,1.35497,457.0,2026-08-31T20:05:00+02:00
GBPUSD,5m,2026-08-31T18:10:00+00:00,1.35497,1.3551199999999999,1.35496,1.35511,417.0,2026-08-31T20:10:00+02:00
GBPUSD,5m,2026-08-31T18:15:00+00:00,1.35511,1.35511,1.35497,1.35506,543.0,2026-08-31T20:15:00+02:00
GBPUSD,5m,2026-08-31T18:20:00+00:00,1.35506,1.35511,1.3549799999999999,1.35504,323.0,2026-08-31T20:20:00+02:00
GBPUSD,5m,2026-08-31T18:25:00+00:00,1.35504,1.35507,1.35486,1.35487,566.0,2026-08-31T20:25:00+02:00
GBPUSD,5m,2026-08-31T18:30:00+00:00,1.35487,1.3548799999999999,1.35469,1.35482,690.0,2026-08-31T20:30:00+02:00
GBPUSD,5m,2026-08-31T18:35:00+00:00,1.35482,1.35494,1.3547099999999999,1.35473,541.0,2026-08-31T20:35:00+02:00
GBPUSD,5m,2026-08-31T18:40:00+00:00,1.35473,1.35487,1.3546099999999999,1.3547099999999999,799.0,2026-08-31T20:40:00+02:00
GBPUSD,5m,2026-08-31T18:45:00+00:00,1.3547099999999999,1.35484,1.3546799999999999,1.3548099999999998,594.0,2026-08-31T20:45:00+02:00
GBPUSD,5m,2026-08-31T18:50:00+00:00,1.3548099999999998,1.35506,1.3548,1.355,808.0,2026-08-31T20:50:00+02:00
GBPUSD,5m,2026-08-31T18:55:00+00:00,1.355,1.35511,1.3548799999999999,1.3548799999999999,828.0,2026-08-31T20:55:00+02:00
GBPUSD,5m,2026-08-31T19:00:00+00:00,1.3548799999999999,1.35491,1.3547099999999999,1.35479,833.0,2026-08-31T21:00:00+02:00
GBPUSD,5m,2026-08-31T19:05:00+00:00,1.35479,1.35491,1.35472,1.35491,587.0,2026-08-31T21:05:00+02:00
GBPUSD,5m,2026-08-31T19:10:00+00:00,1.35491,1.3549499999999999,1.3547,1.35473,449.0,2026-08-31T21:10:00+02:00
GBPUSD,5m,2026-08-31T19:15:00+00:00,1.35473,1.35484,1.35466,1.3547099999999999,629.0,2026-08-31T21:15:00+02:00
GBPUSD,5m,2026-08-31T19:20:00+00:00,1.3547099999999999,1.3549,1.3547,1.3549,380.0,2026-08-31T21:20:00+02:00
GBPUSD,5m,2026-08-31T19:25:00+00:00,1.3549,1.355,1.35472,1.35479,525.0,2026-08-31T21:25:00+02:00
GBPUSD,5m,2026-08-31T19:30:00+00:00,1.35479,1.35493,1.35477,1.35482,712.0,2026-08-31T21:30:00+02:00
GBPUSD,5m,2026-08-31T19:35:00+00:00,1.35482,1.35484,1.3546399999999998,1.3546799999999999,499.0,2026-08-31T21:35:00+02:00
GBPUSD,5m,2026-08-31T19:40:00+00:00,1.3546799999999999,1.35474,1.35457,1.35472,489.0,2026-08-31T21:40:00+02:00
GBPUSD,5m,2026-08-31T19:45:00+00:00,1.35472,1.35483,1.35463,1.3548099999999998,670.0,2026-08-31T21:45:00+02:00
GBPUSD,5m,2026-08-31T19:50:00+00:00,1.3548099999999998,1.35511,1.3547799999999999,1.3550799999999998,925.0,2026-08-31T21:50:00+02:00
GBPUSD,5m,2026-08-31T19:55:00+00:00,1.3550799999999998,1.35509,1.35477,1.35491,1006.0,2026-08-31T21:55:00+02:00
GBPUSD,5m,2026-08-31T20:00:00+00:00,1.35491,1.3551199999999999,1.3549,1.3549799999999999,563.0,2026-08-31T22:00:00+02:00
GBPUSD,5m,2026-08-31T20:05:00+00:00,1.3549799999999999,1.355,1.3548,1.3548499999999999,545.0,2026-08-31T22:05:00+02:00
GBPUSD,5m,2026-08-31T20:10:00+00:00,1.3548499999999999,1.35491,1.35467,1.3546799999999999,268.0,2026-08-31T22:10:00+02:00
GBPUSD,5m,2026-08-31T20:15:00+00:00,1.3546799999999999,1.3546799999999999,1.35457,1.3546,180.0,2026-08-31T22:15:00+02:00
GBPUSD,5m,2026-08-31T20:20:00+00:00,1.3546,1.3546399999999998,1.35457,1.35462,79.0,2026-08-31T22:20:00+02:00
GBPUSD,5m,2026-08-31T20:25:00+00:00,1.35462,1.35474,1.35462,1.3547099999999999,139.0,2026-08-31T22:25:00+02:00
GBPUSD,5m,2026-08-31T20:30:00+00:00,1.3547099999999999,1.3547799999999999,1.35463,1.35475,306.0,2026-08-31T22:30:00+02:00
GBPUSD,5m,2026-08-31T20:35:00+00:00,1.35475,1.35477,1.35467,1.3547,210.0,2026-08-31T22:35:00+02:00
GBPUSD,5m,2026-08-31T20:40:00+00:00,1.3547,1.35482,1.3547,1.3547799999999999,234.0,2026-08-31T22:40:00+02:00
GBPUSD,5m,2026-08-31T20:45:00+00:00,1.3547799999999999,1.3549,1.3547799999999999,1.35489,231.0,2026-08-31T22:45:00+02:00
GBPUSD,5m,2026-08-31T20:50:00+00:00,1.35489,1.35489,1.3547799999999999,1.3547799999999999,148.0,2026-08-31T22:50:00+02:00
GBPUSD,5m,2026-08-31T20:55:00+00:00,1.3547799999999999,1.35491,1.3547099999999999,1.3547099999999999,245.0,2026-08-31T22:55:00+02:00
GBPUSD,5m,2026-08-31T21:00:00+00:00,1.3547099999999999,1.3547099999999999,1.3539999999999999,1.3539999999999999,15.0,2026-08-31T23:00:00+02:00
GBPUSD,5m,2026-08-31T21:05:00+00:00,1.3539999999999999,1.3540699999999999,1.35378,1.35378,28.0,2026-08-31T23:05:00+02:00
GBPUSD,5m,2026-08-31T21:10:00+00:00,1.35378,1.35443,1.3537599999999999,1.35425,62.0,2026-08-31T23:10:00+02:00
GBPUSD,5m,2026-08-31T21:15:00+00:00,1.35425,1.35428,1.3541699999999999,1.35422,224.0,2026-08-31T23:15:00+02:00
GBPUSD,5m,2026-08-31T21:20:00+00:00,1.35422,1.35432,1.35421,1.35429,48.0,2026-08-31T23:20:00+02:00
GBPUSD,5m,2026-08-31T21:25:00+00:00,1.35429,1.35458,1.35377,1.35426,218.0,2026-08-31T23:25:00+02:00
GBPUSD,5m,2026-08-31T21:30:00+00:00,1.35426,1.35474,1.35426,1.35442,249.0,2026-08-31T23:30:00+02:00
GBPUSD,5m,2026-08-31T21:35:00+00:00,1.35442,1.3547799999999999,1.35431,1.35446,380.0,2026-08-31T23:35:00+02:00
GBPUSD,5m,2026-08-31T21:40:00+00:00,1.35446,1.3551,1.3544399999999999,1.35497,454.0,2026-08-31T23:40:00+02:00
GBPUSD,5m,2026-08-31T21:45:00+00:00,1.35497,1.35513,1.3546,1.35483,392.0,2026-08-31T23:45:00+02:00
GBPUSD,5m,2026-08-31T21:50:00+00:00,1.35483,1.35509,1.3546799999999999,1.3549799999999999,216.0,2026-08-31T23:50:00+02:00
GBPUSD,5m,2026-08-31T21:55:00+00:00,1.3549799999999999,1.35501,1.35463,1.35484,365.0,2026-08-31T23:55:00+02:00
GBPUSD,5m,2026-08-31T22:00:00+00:00,1.35484,1.35538,1.35484,1.35503,536.0,2026-09-01T00:00:00+02:00
GBPUSD,5m,2026-08-31T22:05:00+00:00,1.35503,1.35511,1.35496,1.35497,76.0,2026-09-01T00:05:00+02:00
GBPUSD,5m,2026-08-31T22:10:00+00:00,1.35497,1.35504,1.35492,1.35494,186.0,2026-09-01T00:10:00+02:00
GBPUSD,5m,2026-08-31T22:15:00+00:00,1.35494,1.35496,1.3548499999999999,1.35493,72.0,2026-09-01T00:15:00+02:00
GBPUSD,5m,2026-08-31T22:20:00+00:00,1.35493,1.35497,1.35483,1.35484,79.0,2026-09-01T00:20:00+02:00
GBPUSD,5m,2026-08-31T22:25:00+00:00,1.35484,1.3548499999999999,1.35476,1.35483,71.0,2026-09-01T00:25:00+02:00
GBPUSD,5m,2026-08-31T22:30:00+00:00,1.35483,1.3548499999999999,1.35476,1.3548099999999998,125.0,2026-09-01T00:30:00+02:00
GBPUSD,5m,2026-08-31T22:35:00+00:00,1.3548099999999998,1.35484,1.3546799999999999,1.35469,149.0,2026-09-01T00:35:00+02:00
GBPUSD,5m,2026-08-31T22:40:00+00:00,1.35469,1.3547,1.35455,1.35457,122.0,2026-09-01T00:40:00+02:00
GBPUSD,5m,2026-08-31T22:45:00+00:00,1.35457,1.35459,1.3545,1.35455,180.0,2026-09-01T00:45:00+02:00
GBPUSD,5m,2026-08-31T22:50:00+00:00,1.35455,1.35459,1.35448,1.35449,139.0,2026-09-01T00:50:00+02:00
GBPUSD,5m,2026-08-31T22:55:00+00:00,1.35449,1.35459,1.35449,1.35457,136.0,2026-09-01T00:55:00+02:00
GBPUSD,5m,2026-08-31T23:00:00+00:00,1.35457,1.35458,1.35432,1.35436,267.0,2026-09-01T01:00:00+02:00
GBPUSD,5m,2026-08-31T23:05:00+00:00,1.35436,1.35442,1.35433,1.3544,254.0,2026-09-01T01:05:00+02:00
GBPUSD,5m,2026-08-31T23:10:00+00:00,1.3544,1.35445,1.35436,1.35436,166.0,2026-09-01T01:10:00+02:00
GBPUSD,5m,2026-08-31T23:15:00+00:00,1.35436,1.35448,1.35435,1.35448,194.0,2026-09-01T01:15:00+02:00
GBPUSD,5m,2026-08-31T23:20:00+00:00,1.35448,1.35448,1.35436,1.35439,106.0,2026-09-01T01:20:00+02:00
GBPUSD,5m,2026-08-31T23:25:00+00:00,1.35439,1.35452,1.35436,1.35452,378.0,2026-09-01T01:25:00+02:00
GBPUSD,5m,2026-08-31T23:30:00+00:00,1.35452,1.35462,1.35448,1.35457,326.0,2026-09-01T01:30:00+02:00
GBPUSD,5m,2026-08-31T23:35:00+00:00,1.35457,1.3546,1.35449,1.3545,355.0,2026-09-01T01:35:00+02:00
GBPUSD,5m,2026-08-31T23:40:00+00:00,1.3545,1.35469,1.3544699999999998,1.3546099999999999,222.0,2026-09-01T01:40:00+02:00
GBPUSD,5m,2026-08-31T23:45:00+00:00,1.3546099999999999,1.3547099999999999,1.35456,1.35456,481.0,2026-09-01T01:45:00+02:00
GBPUSD,5m,2026-08-31T23:50:00+00:00,1.35456,1.35483,1.35456,1.3548,413.0,2026-09-01T01:50:00+02:00
GBPUSD,5m,2026-08-31T23:55:00+00:00,1.3548,1.35487,1.3546799999999999,1.3548099999999998,572.0,2026-09-01T01:55:00+02:00
GBPUSD,5m,2026-09-01T00:00:00+00:00,1.3548099999999998,1.3548499999999999,1.3546,1.3548499999999999,1331.0,2026-09-01T02:00:00+02:00
GBPUSD,5m,2026-09-01T00:05:00+00:00,1.3548499999999999,1.35543,1.35483,1.3554,1578.0,2026-09-01T02:05:00+02:00
GBPUSD,5m,2026-09-01T00:10:00+00:00,1.3554,1.35553,1.3552,1.35526,1405.0,2026-09-01T02:10:00+02:00
GBPUSD,5m,2026-09-01T00:15:00+00:00,1.35526,1.35554,1.35517,1.35552,1499.0,2026-09-01T02:15:00+02:00
GBPUSD,5m,2026-09-01T00:20:00+00:00,1.35552,1.3557299999999999,1.35551,1.3556,1302.0,2026-09-01T02:20:00+02:00
GBPUSD,5m,2026-09-01T00:25:00+00:00,1.3556,1.35591,1.35558,1.3558299999999999,935.0,2026-09-01T02:25:00+02:00
GBPUSD,5m,2026-09-01T00:30:00+00:00,1.3558299999999999,1.3558599999999998,1.3555599999999999,1.3558299999999999,1100.0,2026-09-01T02:30:00+02:00
GBPUSD,5m,2026-09-01T00:35:00+00:00,1.3558299999999999,1.35584,1.3554899999999999,1.35553,655.0,2026-09-01T02:35:00+02:00
GBPUSD,5m,2026-09-01T00:40:00+00:00,1.35553,1.35571,1.3553899999999999,1.35544,668.0,2026-09-01T02:40:00+02:00
GBPUSD,5m,2026-09-01T00:45:00+00:00,1.35544,1.35551,1.35527,1.35538,728.0,2026-09-01T02:45:00+02:00
GBPUSD,5m,2026-09-01T00:50:00+00:00,1.35538,1.3555899999999999,1.3553199999999999,1.35534,969.0,2026-09-01T02:50:00+02:00
GBPUSD,5m,2026-09-01T00:55:00+00:00,1.35534,1.3554199999999998,1.35517,1.35524,963.0,2026-09-01T02:55:00+02:00
GBPUSD,5m,2026-09-01T01:00:00+00:00,1.35524,1.35531,1.35504,1.3551499999999999,1448.0,2026-09-01T03:00:00+02:00
GBPUSD,5m,2026-09-01T01:05:00+00:00,1.3551499999999999,1.35516,1.3548,1.35482,1254.0,2026-09-01T03:05:00+02:00
GBPUSD,5m,2026-09-01T01:10:00+00:00,1.35482,1.35484,1.35462,1.3547799999999999,1141.0,2026-09-01T03:10:00+02:00
GBPUSD,5m,2026-09-01T01:15:00+00:00,1.3547799999999999,1.35493,1.35456,1.35459,1160.0,2026-09-01T03:15:00+02:00
GBPUSD,5m,2026-09-01T01:20:00+00:00,1.35459,1.35465,1.35438,1.35438,1381.0,2026-09-01T03:20:00+02:00
GBPUSD,5m,2026-09-01T01:25:00+00:00,1.35438,1.3544399999999999,1.3543,1.35439,1038.0,2026-09-01T03:25:00+02:00
GBPUSD,5m,2026-09-01T01:30:00+00:00,1.35439,1.35453,1.35436,1.3545099999999999,1223.0,2026-09-01T03:30:00+02:00
GBPUSD,5m,2026-09-01T01:35:00+00:00,1.3545099999999999,1.3547,1.35446,1.3545099999999999,909.0,2026-09-01T03:35:00+02:00
GBPUSD,5m,2026-09-01T01:40:00+00:00,1.3545099999999999,1.35491,1.35448,1.35491,751.0,2026-09-01T03:40:00+02:00
GBPUSD,5m,2026-09-01T01:45:00+00:00,1.35491,1.35493,1.35459,1.3546,932.0,2026-09-01T03:45:00+02:00
GBPUSD,5m,2026-09-01T01:50:00+00:00,1.3546,1.35463,1.35419,1.35423,947.0,2026-09-01T03:50:00+02:00
GBPUSD,5m,2026-09-01T01:55:00+00:00,1.35423,1.35455,1.3541699999999999,1.35453,1244.0,2026-09-01T03:55:00+02:00
GBPUSD,5m,2026-09-01T02:00:00+00:00,1.35453,1.3545399999999999,1.3542699999999999,1.35433,1280.0,2026-09-01T04:00:00+02:00
GBPUSD,5m,2026-09-01T02:05:00+00:00,1.35433,1.35442,1.35409,1.3540999999999999,1094.0,2026-09-01T04:05:00+02:00
GBPUSD,5m,2026-09-01T02:10:00+00:00,1.3540999999999999,1.35429,1.35409,1.35422,963.0,2026-09-01T04:10:00+02:00
GBPUSD,5m,2026-09-01T02:15:00+00:00,1.35422,1.35431,1.35418,1.3543,644.0,2026-09-01T04:15:00+02:00
GBPUSD,5m,2026-09-01T02:20:00+00:00,1.3543,1.3544399999999999,1.3543,1.35441,615.0,2026-09-01T04:20:00+02:00
GBPUSD,5m,2026-09-01T02:25:00+00:00,1.35441,1.35453,1.35432,1.35449,775.0,2026-09-01T04:25:00+02:00
GBPUSD,5m,2026-09-01T02:30:00+00:00,1.35449,1.3545,1.35425,1.35428,918.0,2026-09-01T04:30:00+02:00
GBPUSD,5m,2026-09-01T02:35:00+00:00,1.35428,1.3543,1.35408,1.35413,893.0,2026-09-01T04:35:00+02:00
GBPUSD,5m,2026-09-01T02:40:00+00:00,1.35413,1.3543399999999999,1.35411,1.35425,1013.0,2026-09-01T04:40:00+02:00
GBPUSD,5m,2026-09-01T02:45:00+00:00,1.35425,1.35431,1.3541999999999998,1.3543,784.0,2026-09-01T04:45:00+02:00
GBPUSD,5m,2026-09-01T02:50:00+00:00,1.3543,1.3544399999999999,1.35423,1.35441,685.0,2026-09-01T04:50:00+02:00
GBPUSD,5m,2026-09-01T02:55:00+00:00,1.35441,1.35458,1.35439,1.35456,822.0,2026-09-01T04:55:00+02:00
GBPUSD,5m,2026-09-01T03:00:00+00:00,1.35456,1.35457,1.3541699999999999,1.3542399999999999,995.0,2026-09-01T05:00:00+02:00
GBPUSD,5m,2026-09-01T03:05:00+00:00,1.3542399999999999,1.3545,1.3542399999999999,1.3543399999999999,933.0,2026-09-01T05:05:00+02:00
GBPUSD,5m,2026-09-01T03:10:00+00:00,1.3543399999999999,1.35442,1.3542699999999999,1.35439,605.0,2026-09-01T05:10:00+02:00
GBPUSD,5m,2026-09-01T03:15:00+00:00,1.35439,1.35452,1.35439,1.35439,756.0,2026-09-01T05:15:00+02:00
GBPUSD,5m,2026-09-01T03:20:00+00:00,1.35439,1.35439,1.3540299999999998,1.35408,803.0,2026-09-01T05:20:00+02:00
GBPUSD,5m,2026-09-01T03:25:00+00:00,1.35408,1.3543,1.35408,1.3541699999999999,643.0,2026-09-01T05:25:00+02:00
GBPUSD,5m,2026-09-01T03:30:00+00:00,1.3541699999999999,1.3542699999999999,1.35412,1.3542399999999999,915.0,2026-09-01T05:30:00+02:00
GBPUSD,5m,2026-09-01T03:35:00+00:00,1.3542399999999999,1.3542699999999999,1.35412,1.3541999999999998,956.0,2026-09-01T05:35:00+02:00
GBPUSD,5m,2026-09-01T03:40:00+00:00,1.3541999999999998,1.35428,1.3541699999999999,1.3542699999999999,671.0,2026-09-01T05:40:00+02:00
GBPUSD,5m,2026-09-01T03:45:00+00:00,1.3542699999999999,1.35435,1.3542399999999999,1.35433,406.0,2026-09-01T05:45:00+02:00
GBPUSD,5m,2026-09-01T03:50:00+00:00,1.35433,1.3543399999999999,1.3541999999999998,1.35423,439.0,2026-09-01T05:50:00+02:00
GBPUSD,5m,2026-09-01T03:55:00+00:00,1.35423,1.35423,1.3540299999999998,1.35404,703.0,2026-09-01T05:55:00+02:00
GBPUSD,5m,2026-09-01T04:00:00+00:00,1.35404,1.35422,1.3539999999999999,1.35422,589.0,2026-09-01T06:00:00+02:00
GBPUSD,5m,2026-09-01T04:05:00+00:00,1.35422,1.35425,1.35401,1.35402,545.0,2026-09-01T06:05:00+02:00
GBPUSD,5m,2026-09-01T04:10:00+00:00,1.35402,1.35416,1.35398,1.35409,462.0,2026-09-01T06:10:00+02:00
GBPUSD,5m,2026-09-01T04:15:00+00:00,1.35409,1.3540999999999999,1.35396,1.3540299999999998,719.0,2026-09-01T06:15:00+02:00
GBPUSD,5m,2026-09-01T04:20:00+00:00,1.3540299999999998,1.35411,1.35401,1.35405,574.0,2026-09-01T06:20:00+02:00
GBPUSD,5m,2026-09-01T04:25:00+00:00,1.35405,1.35409,1.3538299999999999,1.3538299999999999,578.0,2026-09-01T06:25:00+02:00
GBPUSD,5m,2026-09-01T04:30:00+00:00,1.3538299999999999,1.35395,1.35377,1.3539299999999999,390.0,2026-09-01T06:30:00+02:00
GBPUSD,5m,2026-09-01T04:35:00+00:00,1.3539299999999999,1.35397,1.3538,1.35384,499.0,2026-09-01T06:35:00+02:00
GBPUSD,5m,2026-09-01T04:40:00+00:00,1.35384,1.3539999999999999,1.35381,1.35397,550.0,2026-09-01T06:40:00+02:00
GBPUSD,5m,2026-09-01T04:45:00+00:00,1.35397,1.35402,1.35391,1.35392,579.0,2026-09-01T06:45:00+02:00
GBPUSD,5m,2026-09-01T04:50:00+00:00,1.35392,1.35418,1.35391,1.35413,463.0,2026-09-01T06:50:00+02:00
GBPUSD,5m,2026-09-01T04:55:00+00:00,1.35413,1.3542399999999999,1.35404,1.35422,614.0,2026-09-01T06:55:00+02:00
GBPUSD,5m,2026-09-01T05:00:00+00:00,1.35422,1.35455,1.3541999999999998,1.35455,552.0,2026-09-01T07:00:00+02:00
GBPUSD,5m,2026-09-01T05:05:00+00:00,1.35455,1.3546399999999998,1.35446,1.35448,484.0,2026-09-01T07:05:00+02:00
GBPUSD,5m,2026-09-01T05:10:00+00:00,1.35448,1.35465,1.3544399999999999,1.35463,381.0,2026-09-01T07:10:00+02:00
GBPUSD,5m,2026-09-01T05:15:00+00:00,1.35463,1.35463,1.35433,1.3543399999999999,477.0,2026-09-01T07:15:00+02:00
GBPUSD,5m,2026-09-01T05:20:00+00:00,1.3543399999999999,1.35445,1.35433,1.35443,406.0,2026-09-01T07:20:00+02:00
GBPUSD,5m,2026-09-01T05:25:00+00:00,1.35443,1.35463,1.35442,1.3546,721.0,2026-09-01T07:25:00+02:00
GBPUSD,5m,2026-09-01T05:30:00+00:00,1.3546,1.35466,1.3544699999999998,1.35453,529.0,2026-09-01T07:30:00+02:00
GBPUSD,5m,2026-09-01T05:35:00+00:00,1.35453,1.35484,1.3545,1.35472,898.0,2026-09-01T07:35:00+02:00
GBPUSD,5m,2026-09-01T05:40:00+00:00,1.35472,1.35482,1.35462,1.3546399999999998,774.0,2026-09-01T07:40:00+02:00
GBPUSD,5m,2026-09-01T05:45:00+00:00,1.3546399999999998,1.35492,1.35459,1.35482,1057.0,2026-09-01T07:45:00+02:00
GBPUSD,5m,2026-09-01T05:50:00+00:00,1.35482,1.3548499999999999,1.3546099999999999,1.35482,823.0,2026-09-01T07:50:00+02:00
GBPUSD,5m,2026-09-01T05:55:00+00:00,1.35482,1.35484,1.3546099999999999,1.35463,834.0,2026-09-01T07:55:00+02:00
GBPUSD,5m,2026-09-01T06:00:00+00:00,1.35463,1.35463,1.3543,1.3544,743.0,2026-09-01T08:00:00+02:00
GBPUSD,5m,2026-09-01T06:05:00+00:00,1.3544,1.35472,1.3544,1.3545099999999999,993.0,2026-09-01T08:05:00+02:00
GBPUSD,5m,2026-09-01T06:10:00+00:00,1.3545099999999999,1.3545099999999999,1.35428,1.35441,1126.0,2026-09-01T08:10:00+02:00
GBPUSD,5m,2026-09-01T06:15:00+00:00,1.35441,1.35456,1.3541699999999999,1.35423,1065.0,2026-09-01T08:15:00+02:00
GBPUSD,5m,2026-09-01T06:20:00+00:00,1.35423,1.35423,1.35385,1.35395,1070.0,2026-09-01T08:20:00+02:00
GBPUSD,5m,2026-09-01T06:25:00+00:00,1.35395,1.35397,1.35351,1.35353,903.0,2026-09-01T08:25:00+02:00
GBPUSD,5m,2026-09-01T06:30:00+00:00,1.35353,1.3538299999999999,1.3534899999999999,1.35381,783.0,2026-09-01T08:30:00+02:00
GBPUSD,5m,2026-09-01T06:35:00+00:00,1.35381,1.3540299999999998,1.35362,1.35401,808.0,2026-09-01T08:35:00+02:00
GBPUSD,5m,2026-09-01T06:40:00+00:00,1.35401,1.3542399999999999,1.35398,1.35421,1043.0,2026-09-01T08:40:00+02:00
GBPUSD,5m,2026-09-01T06:45:00+00:00,1.35421,1.35425,1.3538999999999999,1.3539299999999999,833.0,2026-09-01T08:45:00+02:00
GBPUSD,5m,2026-09-01T06:50:00+00:00,1.3539299999999999,1.35406,1.35387,1.35404,821.0,2026-09-01T08:50:00+02:00
GBPUSD,5m,2026-09-01T06:55:00+00:00,1.35404,1.35414,1.35399,1.35404,1764.0,2026-09-01T08:55:00+02:00
GBPUSD,5m,2026-09-01T07:00:00+00:00,1.35404,1.35432,1.3539299999999999,1.35394,1938.0,2026-09-01T09:00:00+02:00
GBPUSD,5m,2026-09-01T07:05:00+00:00,1.35394,1.35402,1.3538599999999998,1.3539999999999999,964.0,2026-09-01T09:05:00+02:00
GBPUSD,5m,2026-09-01T07:10:00+00:00,1.3539999999999999,1.35413,1.3538999999999999,1.35412,792.0,2026-09-01T09:10:00+02:00
GBPUSD,5m,2026-09-01T07:15:00+00:00,1.35412,1.35413,1.3538599999999998,1.35395,1158.0,2026-09-01T09:15:00+02:00
GBPUSD,5m,2026-09-01T07:20:00+00:00,1.35395,1.35412,1.3534599999999999,1.3534599999999999,1028.0,2026-09-01T09:20:00+02:00
GBPUSD,5m,2026-09-01T07:25:00+00:00,1.3534599999999999,1.35371,1.35341,1.3534199999999998,847.0,2026-09-01T09:25:00+02:00
GBPUSD,5m,2026-09-01T07:30:00+00:00,1.3534199999999998,1.35344,1.35313,1.35318,946.0,2026-09-01T09:30:00+02:00
GBPUSD,5m,2026-09-01T07:35:00+00:00,1.35318,1.3533,1.35311,1.3532199999999999,692.0,2026-09-01T09:35:00+02:00
GBPUSD,5m,2026-09-01T07:40:00+00:00,1.3532199999999999,1.35333,1.35313,1.3531499999999999,942.0,2026-09-01T09:40:00+02:00
GBPUSD,5m,2026-09-01T07:45:00+00:00,1.3531499999999999,1.35369,1.35304,1.3536,1163.0,2026-09-01T09:45:00+02:00
GBPUSD,5m,2026-09-01T07:50:00+00:00,1.3536,1.35367,1.3534,1.3535,1507.0,2026-09-01T09:50:00+02:00
GBPUSD,5m,2026-09-01T07:55:00+00:00,1.3535,1.35367,1.35341,1.35358,1270.0,2026-09-01T09:55:00+02:00
GBPUSD,5m,2026-09-01T08:00:00+00:00,1.35358,1.35361,1.35321,1.35341,1399.0,2026-09-01T10:00:00+02:00
GBPUSD,5m,2026-09-01T08:05:00+00:00,1.35341,1.35397,1.35311,1.35314,2405.0,2026-09-01T10:05:00+02:00
GBPUSD,5m,2026-09-01T08:10:00+00:00,1.35314,1.3533,1.3528499999999999,1.35303,1341.0,2026-09-01T10:10:00+02:00
GBPUSD,5m,2026-09-01T08:15:00+00:00,1.35303,1.35341,1.3529799999999998,1.35336,1072.0,2026-09-01T10:15:00+02:00
GBPUSD,5m,2026-09-01T08:20:00+00:00,1.35336,1.35354,1.35314,1.3532,1232.0,2026-09-01T10:20:00+02:00
GBPUSD,5m,2026-09-01T08:25:00+00:00,1.3532,1.35348,1.35306,1.3534199999999998,1023.0,2026-09-01T10:25:00+02:00
GBPUSD,5m,2026-09-01T08:30:00+00:00,1.3534199999999998,1.3534199999999998,1.35303,1.3531199999999999,865.0,2026-09-01T10:30:00+02:00
GBPUSD,5m,2026-09-01T08:35:00+00:00,1.3531199999999999,1.3537,1.35311,1.35362,1107.0,2026-09-01T10:35:00+02:00
GBPUSD,5m,2026-09-01T08:40:00+00:00,1.35362,1.35395,1.35361,1.35389,986.0,2026-09-01T10:40:00+02:00
GBPUSD,5m,2026-09-01T08:45:00+00:00,1.35389,1.35419,1.35382,1.3540299999999998,1179.0,2026-09-01T10:45:00+02:00
GBPUSD,5m,2026-09-01T08:50:00+00:00,1.3540299999999998,1.3540299999999998,1.35369,1.35372,1148.0,2026-09-01T10:50:00+02:00
GBPUSD,5m,2026-09-01T08:55:00+00:00,1.35372,1.35413,1.35368,1.3540999999999999,766.0,2026-09-01T10:55:00+02:00
GBPUSD,5m,2026-09-01T09:00:00+00:00,1.3540999999999999,1.3540999999999999,1.35385,1.35402,1069.0,2026-09-01T11:00:00+02:00
GBPUSD,5m,2026-09-01T09:05:00+00:00,1.35402,1.35436,1.35398,1.35425,1232.0,2026-09-01T11:05:00+02:00
GBPUSD,5m,2026-09-01T09:10:00+00:00,1.35425,1.3543399999999999,1.35409,1.3541699999999999,1009.0,2026-09-01T11:10:00+02:00
GBPUSD,5m,2026-09-01T09:15:00+00:00,1.3541699999999999,1.3544399999999999,1.35411,1.35443,889.0,2026-09-01T11:15:00+02:00
GBPUSD,5m,2026-09-01T09:20:00+00:00,1.35443,1.35455,1.35414,1.35443,1023.0,2026-09-01T11:20:00+02:00
GBPUSD,5m,2026-09-01T09:25:00+00:00,1.35443,1.3546099999999999,1.3543399999999999,1.3543699999999999,1081.0,2026-09-01T11:25:00+02:00
GBPUSD,5m,2026-09-01T09:30:00+00:00,1.3543699999999999,1.3546399999999998,1.3542399999999999,1.35459,1171.0,2026-09-01T11:30:00+02:00
GBPUSD,5m,2026-09-01T09:35:00+00:00,1.35459,1.3546799999999999,1.3544,1.3546399999999998,766.0,2026-09-01T11:35:00+02:00
GBPUSD,5m,2026-09-01T09:40:00+00:00,1.3546399999999998,1.3548,1.35449,1.3545,916.0,2026-09-01T11:40:00+02:00
GBPUSD,5m,2026-09-01T09:45:00+00:00,1.3545,1.3547099999999999,1.35429,1.3543,1092.0,2026-09-01T11:45:00+02:00
GBPUSD,5m,2026-09-01T09:50:00+00:00,1.3543,1.35439,1.35419,1.35426,763.0,2026-09-01T11:50:00+02:00
GBPUSD,5m,2026-09-01T09:55:00+00:00,1.35426,1.35433,1.35388,1.35391,840.0,2026-09-01T11:55:00+02:00
GBPUSD,5m,2026-09-01T10:00:00+00:00,1.35391,1.35413,1.3537599999999999,1.35388,905.0,2026-09-01T12:00:00+02:00
GBPUSD,5m,2026-09-01T10:05:00+00:00,1.35388,1.35411,1.35377,1.35392,841.0,2026-09-01T12:05:00+02:00
GBPUSD,5m,2026-09-01T10:10:00+00:00,1.35392,1.35426,1.35392,1.35411,875.0,2026-09-01T12:10:00+02:00
GBPUSD,5m,2026-09-01T10:15:00+00:00,1.35411,1.35433,1.3539999999999999,1.35409,1114.0,2026-09-01T12:15:00+02:00
GBPUSD,5m,2026-09-01T10:20:00+00:00,1.35409,1.3543399999999999,1.35402,1.35425,1326.0,2026-09-01T12:20:00+02:00
GBPUSD,5m,2026-09-01T10:25:00+00:00,1.35425,1.35433,1.35409,1.35411,1001.0,2026-09-01T12:25:00+02:00
GBPUSD,5m,2026-09-01T10:30:00+00:00,1.35411,1.35414,1.35377,1.3538,621.0,2026-09-01T12:30:00+02:00
GBPUSD,5m,2026-09-01T10:35:00+00:00,1.3538,1.3539299999999999,1.35374,1.35375,836.0,2026-09-01T12:35:00+02:00
GBPUSD,5m,2026-09-01T10:40:00+00:00,1.35375,1.35381,1.3534599999999999,1.35347,338.0,2026-09-01T12:40:00+02:00
GBPUSD,5m,2026-09-01T10:45:00+00:00,1.35347,1.3537,1.35333,1.35362,960.0,2026-09-01T12:45:00+02:00
GBPUSD,5m,2026-09-01T10:50:00+00:00,1.35362,1.35368,1.3533,1.35336,862.0,2026-09-01T12:50:00+02:00
GBPUSD,5m,2026-09-01T10:55:00+00:00,1.35336,1.35354,1.3533,1.35352,679.0,2026-09-01T12:55:00+02:00
GBPUSD,5m,2026-09-01T11:00:00+00:00,1.35352,1.35352,1.3530799999999998,1.3531199999999999,986.0,2026-09-01T13:00:00+02:00
GBPUSD,5m,2026-09-01T11:05:00+00:00,1.3531199999999999,1.3534899999999999,1.353,1.35348,995.0,2026-09-01T13:05:00+02:00
GBPUSD,5m,2026-09-01T11:10:00+00:00,1.35348,1.35354,1.3532,1.3533,1291.0,2026-09-01T13:10:00+02:00
GBPUSD,5m,2026-09-01T11:15:00+00:00,1.3533,1.35352,1.35318,1.3534899999999999,1057.0,2026-09-01T13:15:00+02:00
GBPUSD,5m,2026-09-01T11:20:00+00:00,1.3534899999999999,1.3539299999999999,1.3533,1.3535899999999998,1810.0,2026-09-01T13:20:00+02:00
GBPUSD,5m,2026-09-01T11:25:00+00:00,1.3535899999999998,1.35374,1.3534599999999999,1.3537,1350.0,2026-09-01T13:25:00+02:00
GBPUSD,5m,2026-09-01T11:30:00+00:00,1.3537,1.35389,1.3535899999999998,1.35368,1169.0,2026-09-01T13:30:00+02:00
GBPUSD,5m,2026-09-01T11:35:00+00:00,1.35368,1.3537,1.35352,1.35365,944.0,2026-09-01T13:35:00+02:00
GBPUSD,5m,2026-09-01T11:40:00+00:00,1.35365,1.35381,1.3535599999999999,1.3537299999999999,928.0,2026-09-01T13:40:00+02:00
GBPUSD,5m,2026-09-01T11:45:00+00:00,1.3537299999999999,1.3538,1.3535,1.35357,1092.0,2026-09-01T13:45:00+02:00
GBPUSD,5m,2026-09-01T11:50:00+00:00,1.35357,1.35364,1.3534199999999998,1.35343,871.0,2026-09-01T13:50:00+02:00
GBPUSD,5m,2026-09-01T11:55:00+00:00,1.35343,1.35355,1.3533199999999999,1.35351,832.0,2026-09-01T13:55:00+02:00
GBPUSD,5m,2026-09-01T12:00:00+00:00,1.35351,1.35351,1.35319,1.3532499999999998,1118.0,2026-09-01T14:00:00+02:00
GBPUSD,5m,2026-09-01T12:05:00+00:00,1.3532499999999998,1.3532899999999999,1.35293,1.353,1194.0,2026-09-01T14:05:00+02:00
GBPUSD,5m,2026-09-01T12:10:00+00:00,1.353,1.35313,1.3528799999999999,1.35313,1064.0,2026-09-01T14:10:00+02:00
GBPUSD,5m,2026-09-01T12:15:00+00:00,1.35313,1.35347,1.35309,1.35334,1247.0,2026-09-01T14:15:00+02:00
GBPUSD,5m,2026-09-01T12:20:00+00:00,1.35334,1.35336,1.35307,1.35336,1069.0,2026-09-01T14:20:00+02:00
GBPUSD,5m,2026-09-01T12:25:00+00:00,1.35336,1.3535599999999999,1.35324,1.3533,1093.0,2026-09-01T14:25:00+02:00
GBPUSD,5m,2026-09-01T12:30:00+00:00,1.3533,1.35344,1.3532,1.3532,1057.0,2026-09-01T14:30:00+02:00
GBPUSD,5m,2026-09-01T12:35:00+00:00,1.3532,1.35341,1.353,1.35311,1423.0,2026-09-01T14:35:00+02:00
GBPUSD,5m,2026-09-01T12:40:00+00:00,1.35311,1.35314,1.35291,1.3531,930.0,2026-09-01T14:40:00+02:00
GBPUSD,5m,2026-09-01T12:45:00+00:00,1.3531,1.35347,1.35304,1.35319,1312.0,2026-09-01T14:45:00+02:00
GBPUSD,5m,2026-09-01T12:50:00+00:00,1.35319,1.3532499999999998,1.35299,1.35304,1011.0,2026-09-01T14:50:00+02:00
GBPUSD,5m,2026-09-01T12:55:00+00:00,1.35304,1.35328,1.35286,1.35293,1171.0,2026-09-01T14:55:00+02:00
GBPUSD,5m,2026-09-01T13:00:00+00:00,1.35293,1.3529499999999999,1.3525399999999999,1.35255,1214.0,2026-09-01T15:00:00+02:00
GBPUSD,5m,2026-09-01T13:05:00+00:00,1.35255,1.35302,1.3524699999999998,1.35299,656.0,2026-09-01T15:05:00+02:00
GBPUSD,5m,2026-09-01T13:10:00+00:00,1.35299,1.35302,1.3526799999999999,1.35279,813.0,2026-09-01T15:10:00+02:00
GBPUSD,5m,2026-09-01T13:15:00+00:00,1.35279,1.3532899999999999,1.3527799999999999,1.35328,712.0,2026-09-01T15:15:00+02:00
GBPUSD,5m,2026-09-01T13:20:00+00:00,1.35328,1.35341,1.3529499999999999,1.35309,1186.0,2026-09-01T15:20:00+02:00
GBPUSD,5m,2026-09-01T13:25:00+00:00,1.35309,1.3535,1.35304,1.3534599999999999,967.0,2026-09-01T15:25:00+02:00
GBPUSD,5m,2026-09-01T13:30:00+00:00,1.3534599999999999,1.35391,1.35345,1.35388,2260.0,2026-09-01T15:30:00+02:00
GBPUSD,5m,2026-09-01T13:35:00+00:00,1.35388,1.3539999999999999,1.35368,1.35379,1813.0,2026-09-01T15:35:00+02:00
GBPUSD,5m,2026-09-01T13:40:00+00:00,1.35379,1.35453,1.3537599999999999,1.35442,1429.0,2026-09-01T15:40:00+02:00
GBPUSD,5m,2026-09-01T13:45:00+00:00,1.35442,1.35446,1.35357,1.3537,1386.0,2026-09-01T15:45:00+02:00
GBPUSD,5m,2026-09-01T13:50:00+00:00,1.3537,1.35411,1.35369,1.35392,1665.0,2026-09-01T15:50:00+02:00
GBPUSD,5m,2026-09-01T13:55:00+00:00,1.35392,1.3544699999999998,1.35392,1.35428,1126.0,2026-09-01T15:55:00+02:00
GBPUSD,5m,2026-09-01T14:00:00+00:00,1.35428,1.35491,1.3540299999999998,1.35441,2172.0,2026-09-01T16:00:00+02:00
GBPUSD,5m,2026-09-01T14:05:00+00:00,1.35441,1.35513,1.35441,1.35496,1887.0,2026-09-01T16:05:00+02:00
GBPUSD,5m,2026-09-01T14:10:00+00:00,1.35496,1.35518,1.35487,1.35504,1542.0,2026-09-01T16:10:00+02:00
GBPUSD,5m,2026-09-01T14:15:00+00:00,1.35504,1.3550499999999999,1.35456,1.35473,1656.0,2026-09-01T16:15:00+02:00
GBPUSD,5m,2026-09-01T14:20:00+00:00,1.35473,1.3549499999999999,1.3546799999999999,1.35487,1313.0,2026-09-01T16:20:00+02:00
GBPUSD,5m,2026-09-01T14:25:00+00:00,1.35487,1.35492,1.35414,1.35416,1342.0,2026-09-01T16:25:00+02:00
GBPUSD,5m,2026-09-01T14:30:00+00:00,1.35416,1.35441,1.3540299999999998,1.35419,1284.0,2026-09-01T16:30:00+02:00
GBPUSD,5m,2026-09-01T14:35:00+00:00,1.35419,1.35433,1.35414,1.35421,1111.0,2026-09-01T16:35:00+02:00
GBPUSD,5m,2026-09-01T14:40:00+00:00,1.35421,1.35429,1.3539999999999999,1.35421,1696.0,2026-09-01T16:40:00+02:00
GBPUSD,5m,2026-09-01T14:45:00+00:00,1.35421,1.35443,1.35399,1.35399,1370.0,2026-09-01T16:45:00+02:00
GBPUSD,5m,2026-09-01T14:50:00+00:00,1.35399,1.35413,1.3535,1.3539299999999999,2079.0,2026-09-01T16:50:00+02:00
GBPUSD,5m,2026-09-01T14:55:00+00:00,1.3539299999999999,1.3540299999999998,1.35362,1.3537299999999999,1604.0,2026-09-01T16:55:00+02:00
GBPUSD,5m,2026-09-01T15:00:00+00:00,1.3537299999999999,1.35402,1.35277,1.35318,2699.0,2026-09-01T17:00:00+02:00
GBPUSD,5m,2026-09-01T15:05:00+00:00,1.35318,1.35351,1.35304,1.3534199999999998,1378.0,2026-09-01T17:05:00+02:00
GBPUSD,5m,2026-09-01T15:10:00+00:00,1.3534199999999998,1.35357,1.35301,1.3532,948.0,2026-09-01T17:10:00+02:00
GBPUSD,5m,2026-09-01T15:15:00+00:00,1.3532,1.3532499999999998,1.35289,1.35302,1048.0,2026-09-01T17:15:00+02:00
GBPUSD,5m,2026-09-01T15:20:00+00:00,1.35302,1.35311,1.35267,1.3526799999999999,1273.0,2026-09-01T17:20:00+02:00
GBPUSD,5m,2026-09-01T15:25:00+00:00,1.3526799999999999,1.35284,1.35243,1.35279,1328.0,2026-09-01T17:25:00+02:00
GBPUSD,5m,2026-09-01T15:30:00+00:00,1.35279,1.35284,1.35259,1.35272,1190.0,2026-09-01T17:30:00+02:00
GBPUSD,5m,2026-09-01T15:35:00+00:00,1.35272,1.35293,1.3526,1.35275,873.0,2026-09-01T17:35:00+02:00
GBPUSD,5m,2026-09-01T15:40:00+00:00,1.35275,1.35303,1.35257,1.35282,946.0,2026-09-01T17:40:00+02:00
GBPUSD,5m,2026-09-01T15:45:00+00:00,1.35282,1.3529,1.35258,1.35272,870.0,2026-09-01T17:45:00+02:00
GBPUSD,5m,2026-09-01T15:50:00+00:00,1.35272,1.35273,1.35258,1.35262,697.0,2026-09-01T17:50:00+02:00
GBPUSD,5m,2026-09-01T15:55:00+00:00,1.35262,1.3527799999999999,1.3523,1.35263,849.0,2026-09-01T17:55:00+02:00
GBPUSD,5m,2026-09-01T16:00:00+00:00,1.35263,1.35275,1.3525,1.3526,1028.0,2026-09-01T18:00:00+02:00
GBPUSD,5m,2026-09-01T16:05:00+00:00,1.3526,1.3527,1.35249,1.35257,888.0,2026-09-01T18:05:00+02:00
GBPUSD,5m,2026-09-01T16:10:00+00:00,1.35257,1.35274,1.35245,1.35262,959.0,2026-09-01T18:10:00+02:00
GBPUSD,5m,2026-09-01T16:15:00+00:00,1.35262,1.35273,1.3522699999999999,1.35233,1418.0,2026-09-01T18:15:00+02:00
GBPUSD,5m,2026-09-01T16:20:00+00:00,1.35233,1.3525099999999999,1.35202,1.3523399999999999,1512.0,2026-09-01T18:20:00+02:00
GBPUSD,5m,2026-09-01T16:25:00+00:00,1.3523399999999999,1.35252,1.35218,1.35222,1566.0,2026-09-01T18:25:00+02:00
GBPUSD,5m,2026-09-01T16:30:00+00:00,1.35222,1.35236,1.35211,1.35226,1708.0,2026-09-01T18:30:00+02:00
GBPUSD,5m,2026-09-01T16:35:00+00:00,1.35226,1.35258,1.35208,1.3525399999999999,1214.0,2026-09-01T18:35:00+02:00
GBPUSD,5m,2026-09-01T16:40:00+00:00,1.3525399999999999,1.35273,1.35215,1.35221,1182.0,2026-09-01T18:40:00+02:00
GBPUSD,5m,2026-09-01T16:45:00+00:00,1.35221,1.3522399999999999,1.35175,1.35189,945.0,2026-09-01T18:45:00+02:00
GBPUSD,5m,2026-09-01T16:50:00+00:00,1.35189,1.35201,1.3516,1.35169,801.0,2026-09-01T18:50:00+02:00
GBPUSD,5m,2026-09-01T16:55:00+00:00,1.35169,1.35179,1.35137,1.35143,821.0,2026-09-01T18:55:00+02:00
GBPUSD,5m,2026-09-01T17:00:00+00:00,1.35143,1.3516299999999999,1.3513,1.35151,1329.0,2026-09-01T19:00:00+02:00
GBPUSD,5m,2026-09-01T17:05:00+00:00,1.35151,1.35177,1.35138,1.3517299999999999,832.0,2026-09-01T19:05:00+02:00
GBPUSD,5m,2026-09-01T17:10:00+00:00,1.3517299999999999,1.35175,1.35151,1.35162,717.0,2026-09-01T19:10:00+02:00
GBPUSD,5m,2026-09-01T17:15:00+00:00,1.35162,1.3516299999999999,1.35134,1.35145,516.0,2026-09-01T19:15:00+02:00
GBPUSD,5m,2026-09-01T17:20:00+00:00,1.35145,1.35172,1.35144,1.35171,619.0,2026-09-01T19:20:00+02:00
GBPUSD,5m,2026-09-01T17:25:00+00:00,1.35171,1.35194,1.35143,1.35192,1467.0,2026-09-01T19:25:00+02:00
GBPUSD,5m,2026-09-01T17:30:00+00:00,1.35192,1.3520699999999999,1.35137,1.35138,1267.0,2026-09-01T19:30:00+02:00
GBPUSD,5m,2026-09-01T17:35:00+00:00,1.35138,1.35175,1.35138,1.35152,867.0,2026-09-01T19:35:00+02:00
GBPUSD,5m,2026-09-01T17:40:00+00:00,1.35152,1.35153,1.35127,1.35143,769.0,2026-09-01T19:40:00+02:00
GBPUSD,5m,2026-09-01T17:45:00+00:00,1.35143,1.35143,1.35113,1.35124,533.0,2026-09-01T19:45:00+02:00
GBPUSD,5m,2026-09-01T17:50:00+00:00,1.35124,1.35141,1.35119,1.35137,361.0,2026-09-01T19:50:00+02:00
GBPUSD,5m,2026-09-01T17:55:00+00:00,1.35137,1.3514199999999998,1.35117,1.35131,537.0,2026-09-01T19:55:00+02:00
GBPUSD,5m,2026-09-01T18:00:00+00:00,1.35131,1.3515599999999999,1.35126,1.35143,798.0,2026-09-01T20:00:00+02:00
GBPUSD,5m,2026-09-01T18:05:00+00:00,1.35143,1.3515,1.3513,1.3513,484.0,2026-09-01T20:05:00+02:00
GBPUSD,5m,2026-09-01T18:10:00+00:00,1.3513,1.35131,1.3511499999999999,1.3512,309.0,2026-09-01T20:10:00+02:00
GBPUSD,5m,2026-09-01T18:15:00+00:00,1.3512,1.3513,1.35109,1.3512899999999999,518.0,2026-09-01T20:15:00+02:00
GBPUSD,5m,2026-09-01T18:20:00+00:00,1.3512899999999999,1.3514,1.3512,1.3512,760.0,2026-09-01T20:20:00+02:00
GBPUSD,5m,2026-09-01T18:25:00+00:00,1.3512,1.35121,1.35097,1.35097,482.0,2026-09-01T20:25:00+02:00
GBPUSD,5m,2026-09-01T18:30:00+00:00,1.35097,1.35099,1.35087,1.35091,483.0,2026-09-01T20:30:00+02:00
GBPUSD,5m,2026-09-01T18:35:00+00:00,1.35091,1.3509499999999999,1.3506,1.35063,698.0,2026-09-01T20:35:00+02:00
GBPUSD,5m,2026-09-01T18:40:00+00:00,1.35063,1.3508499999999999,1.35057,1.35082,771.0,2026-09-01T20:40:00+02:00
GBPUSD,5m,2026-09-01T18:45:00+00:00,1.35082,1.35113,1.35082,1.3511199999999999,601.0,2026-09-01T20:45:00+02:00
GBPUSD,5m,2026-09-01T18:50:00+00:00,1.3511199999999999,1.35143,1.35103,1.35133,845.0,2026-09-01T20:50:00+02:00
GBPUSD,5m,2026-09-01T18:55:00+00:00,1.35133,1.35137,1.35113,1.35135,680.0,2026-09-01T20:55:00+02:00
GBPUSD,5m,2026-09-01T19:00:00+00:00,1.35135,1.35145,1.35118,1.35144,842.0,2026-09-01T21:00:00+02:00
GBPUSD,5m,2026-09-01T19:05:00+00:00,1.35144,1.35152,1.35133,1.35143,903.0,2026-09-01T21:05:00+02:00
GBPUSD,5m,2026-09-01T19:10:00+00:00,1.35143,1.35154,1.35138,1.35145,476.0,2026-09-01T21:10:00+02:00
GBPUSD,5m,2026-09-01T19:15:00+00:00,1.35145,1.35155,1.35134,1.35141,376.0,2026-09-01T21:15:00+02:00
GBPUSD,5m,2026-09-01T19:20:00+00:00,1.35141,1.35141,1.3513,1.3513199999999999,310.0,2026-09-01T21:20:00+02:00
GBPUSD,5m,2026-09-01T19:25:00+00:00,1.3513199999999999,1.35135,1.35124,1.35126,350.0,2026-09-01T21:25:00+02:00
GBPUSD,5m,2026-09-01T19:30:00+00:00,1.35126,1.35145,1.3511499999999999,1.35119,562.0,2026-09-01T21:30:00+02:00
GBPUSD,5m,2026-09-01T19:35:00+00:00,1.35119,1.3512,1.35103,1.35104,614.0,2026-09-01T21:35:00+02:00
GBPUSD,5m,2026-09-01T19:40:00+00:00,1.35104,1.3511199999999999,1.3510199999999999,1.35104,377.0,2026-09-01T21:40:00+02:00
GBPUSD,5m,2026-09-01T19:45:00+00:00,1.35104,1.35114,1.35093,1.35104,353.0,2026-09-01T21:45:00+02:00
GBPUSD,5m,2026-09-01T19:50:00+00:00,1.35104,1.35126,1.3510199999999999,1.35107,479.0,2026-09-01T21:50:00+02:00
GBPUSD,5m,2026-09-01T19:55:00+00:00,1.35107,1.35119,1.35103,1.35113,463.0,2026-09-01T21:55:00+02:00
GBPUSD,5m,2026-09-01T20:00:00+00:00,1.35113,1.35114,1.35093,1.35103,330.0,2026-09-01T22:00:00+02:00
GBPUSD,5m,2026-09-01T20:05:00+00:00,1.35103,1.35123,1.35103,1.35113,218.0,2026-09-01T22:05:00+02:00
GBPUSD,5m,2026-09-01T20:10:00+00:00,1.35113,1.35114,1.3509799999999998,1.3509799999999998,113.0,2026-09-01T22:10:00+02:00
GBPUSD,5m,2026-09-01T20:15:00+00:00,1.3509799999999998,1.35109,1.3509,1.35108,258.0,2026-09-01T22:15:00+02:00
GBPUSD,5m,2026-09-01T20:20:00+00:00,1.35108,1.3511,1.35101,1.35107,225.0,2026-09-01T22:20:00+02:00
GBPUSD,5m,2026-09-01T20:25:00+00:00,1.35107,1.3511499999999999,1.35106,1.35113,132.0,2026-09-01T22:25:00+02:00
GBPUSD,5m,2026-09-01T20:30:00+00:00,1.35113,1.35124,1.35111,1.35114,136.0,2026-09-01T22:30:00+02:00
GBPUSD,5m,2026-09-01T20:35:00+00:00,1.35114,1.3512,1.35114,1.35118,230.0,2026-09-01T22:35:00+02:00
GBPUSD,5m,2026-09-01T20:40:00+00:00,1.35118,1.35147,1.35117,1.35137,452.0,2026-09-01T22:40:00+02:00
GBPUSD,5m,2026-09-01T20:45:00+00:00,1.35137,1.3516599999999999,1.3513199999999999,1.35151,290.0,2026-09-01T22:45:00+02:00
GBPUSD,5m,2026-09-01T20:50:00+00:00,1.35151,1.35155,1.35141,1.3514199999999998,164.0,2026-09-01T22:50:00+02:00
GBPUSD,5m,2026-09-01T20:55:00+00:00,1.3514199999999998,1.35157,1.3514,1.3514599999999999,226.0,2026-09-01T22:55:00+02:00
GBPUSD,5m,2026-09-01T21:00:00+00:00,1.3514599999999999,1.3514599999999999,1.35052,1.35065,9.0,2026-09-01T23:00:00+02:00
GBPUSD,5m,2026-09-01T21:05:00+00:00,1.35065,1.35103,1.35065,1.3508799999999999,29.0,2026-09-01T23:05:00+02:00
GBPUSD,5m,2026-09-01T21:10:00+00:00,1.3508799999999999,1.35104,1.3508799999999999,1.35093,33.0,2026-09-01T23:10:00+02:00
GBPUSD,5m,2026-09-01T21:15:00+00:00,1.35093,1.35096,1.35056,1.35073,289.0,2026-09-01T23:15:00+02:00
GBPUSD,5m,2026-09-01T21:20:00+00:00,1.35073,1.35083,1.35062,1.3506799999999999,51.0,2026-09-01T23:20:00+02:00
GBPUSD,5m,2026-09-01T21:25:00+00:00,1.3506799999999999,1.3511199999999999,1.35062,1.3507,462.0,2026-09-01T23:25:00+02:00
GBPUSD,5m,2026-09-01T21:30:00+00:00,1.3507,1.35101,1.3506,1.3506799999999999,298.0,2026-09-01T23:30:00+02:00
GBPUSD,5m,2026-09-01T21:35:00+00:00,1.3506799999999999,1.35076,1.35059,1.3506399999999998,154.0,2026-09-01T23:35:00+02:00
GBPUSD,5m,2026-09-01T21:40:00+00:00,1.3506399999999998,1.35082,1.3506,1.3506799999999999,93.0,2026-09-01T23:40:00+02:00
GBPUSD,5m,2026-09-01T21:45:00+00:00,1.3506799999999999,1.351,1.3506799999999999,1.351,116.0,2026-09-01T23:45:00+02:00
GBPUSD,5m,2026-09-01T21:50:00+00:00,1.351,1.35153,1.35084,1.35092,244.0,2026-09-01T23:50:00+02:00
GBPUSD,5m,2026-09-01T21:55:00+00:00,1.35092,1.3512199999999999,1.35079,1.35084,387.0,2026-09-01T23:55:00+02:00
GBPUSD,5m,2026-09-01T22:00:00+00:00,1.35084,1.3517599999999999,1.35084,1.35171,242.0,2026-09-02T00:00:00+02:00
GBPUSD,5m,2026-09-01T22:05:00+00:00,1.35171,1.35174,1.3515899999999998,1.35171,393.0,2026-09-02T00:05:00+02:00
GBPUSD,5m,2026-09-01T22:10:00+00:00,1.35171,1.35184,1.35151,1.35179,1654.0,2026-09-02T00:10:00+02:00
GBPUSD,5m,2026-09-01T22:15:00+00:00,1.35179,1.35182,1.3517,1.35182,187.0,2026-09-02T00:15:00+02:00
GBPUSD,5m,2026-09-01T22:20:00+00:00,1.35182,1.35185,1.3517599999999999,1.35182,99.0,2026-09-02T00:20:00+02:00
GBPUSD,5m,2026-09-01T22:25:00+00:00,1.35182,1.35182,1.35154,1.35155,134.0,2026-09-02T00:25:00+02:00
GBPUSD,5m,2026-09-01T22:30:00+00:00,1.35155,1.35164,1.35153,1.3516,168.0,2026-09-02T00:30:00+02:00
GBPUSD,5m,2026-09-01T22:35:00+00:00,1.3516,1.35161,1.35151,1.35151,121.0,2026-09-02T00:35:00+02:00
GBPUSD,5m,2026-09-01T22:40:00+00:00,1.35151,1.35153,1.3514199999999998,1.3514199999999998,91.0,2026-09-02T00:40:00+02:00
GBPUSD,5m,2026-09-01T22:45:00+00:00,1.3514199999999998,1.35147,1.3514199999999998,1.3514599999999999,89.0,2026-09-02T00:45:00+02:00
GBPUSD,5m,2026-09-01T22:50:00+00:00,1.3514599999999999,1.35151,1.35137,1.3514,166.0,2026-09-02T00:50:00+02:00
GBPUSD,5m,2026-09-01T22:55:00+00:00,1.3514,1.35148,1.3513899999999999,1.35145,137.0,2026-09-02T00:55:00+02:00
GBPUSD,5m,2026-09-01T23:00:00+00:00,1.35145,1.3514599999999999,1.35138,1.35141,224.0,2026-09-02T01:00:00+02:00
GBPUSD,5m,2026-09-01T23:05:00+00:00,1.35141,1.35143,1.35136,1.3513899999999999,157.0,2026-09-02T01:05:00+02:00
GBPUSD,5m,2026-09-01T23:10:00+00:00,1.3513899999999999,1.35145,1.3513899999999999,1.3513899999999999,83.0,2026-09-02T01:10:00+02:00
GBPUSD,5m,2026-09-01T23:15:00+00:00,1.3513899999999999,1.3514,1.35138,1.35138,54.0,2026-09-02T01:15:00+02:00
GBPUSD,5m,2026-09-01T23:20:00+00:00,1.35138,1.35141,1.35138,1.35138,58.0,2026-09-02T01:20:00+02:00
GBPUSD,5m,2026-09-01T23:25:00+00:00,1.35138,1.3513899999999999,1.35134,1.35137,121.0,2026-09-02T01:25:00+02:00
GBPUSD,5m,2026-09-01T23:30:00+00:00,1.35137,1.3514199999999998,1.35134,1.3514199999999998,79.0,2026-09-02T01:30:00+02:00
GBPUSD,5m,2026-09-01T23:35:00+00:00,1.3514199999999998,1.35151,1.3514,1.3515,63.0,2026-09-02T01:35:00+02:00
GBPUSD,5m,2026-09-01T23:40:00+00:00,1.3515,1.35158,1.3514899999999999,1.35155,104.0,2026-09-02T01:40:00+02:00
GBPUSD,5m,2026-09-01T23:45:00+00:00,1.35155,1.3515899999999998,1.35151,1.35153,265.0,2026-09-02T01:45:00+02:00
GBPUSD,5m,2026-09-01T23:50:00+00:00,1.35153,1.35162,1.35143,1.35144,470.0,2026-09-02T01:50:00+02:00
GBPUSD,5m,2026-09-01T23:55:00+00:00,1.35144,1.35147,1.3512499999999998,1.35126,519.0,2026-09-02T01:55:00+02:00
GBPUSD,5m,2026-09-02T00:00:00+00:00,1.35126,1.35141,1.35119,1.35133,1148.0,2026-09-02T02:00:00+02:00
GBPUSD,5m,2026-09-02T00:05:00+00:00,1.35133,1.35137,1.35091,1.351,1104.0,2026-09-02T02:05:00+02:00
GBPUSD,5m,2026-09-02T00:10:00+00:00,1.351,1.35107,1.35087,1.351,1222.0,2026-09-02T02:10:00+02:00
GBPUSD,5m,2026-09-02T00:15:00+00:00,1.351,1.35114,1.35099,1.35101,1052.0,2026-09-02T02:15:00+02:00
GBPUSD,5m,2026-09-02T00:20:00+00:00,1.35101,1.35144,1.35089,1.35119,1433.0,2026-09-02T02:20:00+02:00
GBPUSD,5m,2026-09-02T00:25:00+00:00,1.35119,1.35123,1.35082,1.35091,1138.0,2026-09-02T02:25:00+02:00
GBPUSD,5m,2026-09-02T00:30:00+00:00,1.35091,1.35103,1.3508,1.35101,1290.0,2026-09-02T02:30:00+02:00
GBPUSD,5m,2026-09-02T00:35:00+00:00,1.35101,1.35111,1.3509499999999999,1.351,913.0,2026-09-02T02:35:00+02:00
GBPUSD,5m,2026-09-02T00:40:00+00:00,1.351,1.35121,1.35091,1.35116,1470.0,2026-09-02T02:40:00+02:00
GBPUSD,5m,2026-09-02T00:45:00+00:00,1.35116,1.35118,1.35079,1.35082,1466.0,2026-09-02T02:45:00+02:00
GBPUSD,5m,2026-09-02T00:50:00+00:00,1.35082,1.3509499999999999,1.35069,1.35089,1462.0,2026-09-02T02:50:00+02:00
GBPUSD,5m,2026-09-02T00:55:00+00:00,1.35089,1.3509499999999999,1.35063,1.35063,1285.0,2026-09-02T02:55:00+02:00
GBPUSD,5m,2026-09-02T01:00:00+00:00,1.35063,1.35077,1.3505099999999999,1.3505399999999999,1602.0,2026-09-02T03:00:00+02:00
GBPUSD,5m,2026-09-02T01:05:00+00:00,1.3505399999999999,1.35059,1.35043,1.35049,1266.0,2026-09-02T03:05:00+02:00
GBPUSD,5m,2026-09-02T01:10:00+00:00,1.35049,1.35063,1.3503399999999999,1.35042,1246.0,2026-09-02T03:10:00+02:00
GBPUSD,5m,2026-09-02T01:15:00+00:00,1.35042,1.35069,1.35036,1.35063,1196.0,2026-09-02T03:15:00+02:00
GBPUSD,5m,2026-09-02T01:20:00+00:00,1.35063,1.35072,1.3505399999999999,1.35072,1151.0,2026-09-02T03:20:00+02:00
GBPUSD,5m,2026-09-02T01:25:00+00:00,1.35072,1.3508,1.35065,1.35073,497.0,2026-09-02T03:25:00+02:00
GBPUSD,5m,2026-09-02T01:30:00+00:00,1.35073,1.35082,1.35043,1.3506,1251.0,2026-09-02T03:30:00+02:00
GBPUSD,5m,2026-09-02T01:35:00+00:00,1.3506,1.3506,1.35022,1.35038,1082.0,2026-09-02T03:35:00+02:00
GBPUSD,5m,2026-09-02T01:40:00+00:00,1.35038,1.3505099999999999,1.35032,1.3504099999999999,744.0,2026-09-02T03:40:00+02:00
GBPUSD,5m,2026-09-02T01:45:00+00:00,1.3504099999999999,1.35045,1.3503,1.35039,604.0,2026-09-02T03:45:00+02:00
GBPUSD,5m,2026-09-02T01:50:00+00:00,1.35039,1.35039,1.3501999999999998,1.35023,808.0,2026-09-02T03:50:00+02:00
GBPUSD,5m,2026-09-02T01:55:00+00:00,1.35023,1.3505,1.35023,1.35046,600.0,2026-09-02T03:55:00+02:00
GBPUSD,5m,2026-09-02T02:00:00+00:00,1.35046,1.35049,1.3499999999999999,1.35025,1275.0,2026-09-02T04:00:00+02:00
GBPUSD,5m,2026-09-02T02:05:00+00:00,1.35025,1.35029,1.35013,1.35025,1295.0,2026-09-02T04:05:00+02:00
GBPUSD,5m,2026-09-02T02:10:00+00:00,1.35025,1.3506099999999999,1.3502399999999999,1.3505399999999999,1342.0,2026-09-02T04:10:00+02:00
GBPUSD,5m,2026-09-02T02:15:00+00:00,1.3505399999999999,1.35069,1.35052,1.3506399999999998,810.0,2026-09-02T04:15:00+02:00
GBPUSD,5m,2026-09-02T02:20:00+00:00,1.3506399999999998,1.35074,1.35022,1.35039,1394.0,2026-09-02T04:20:00+02:00
GBPUSD,5m,2026-09-02T02:25:00+00:00,1.35039,1.35063,1.35032,1.3505399999999999,910.0,2026-09-02T04:25:00+02:00
GBPUSD,5m,2026-09-02T02:30:00+00:00,1.3505399999999999,1.3506399999999998,1.3504,1.35059,968.0,2026-09-02T04:30:00+02:00
GBPUSD,5m,2026-09-02T02:35:00+00:00,1.35059,1.35065,1.35047,1.35063,1019.0,2026-09-02T04:35:00+02:00
GBPUSD,5m,2026-09-02T02:40:00+00:00,1.35063,1.3508,1.35063,1.35072,738.0,2026-09-02T04:40:00+02:00
GBPUSD,5m,2026-09-02T02:45:00+00:00,1.35072,1.35074,1.35063,1.3507099999999999,516.0,2026-09-02T04:45:00+02:00
GBPUSD,5m,2026-09-02T02:50:00+00:00,1.3507099999999999,1.35072,1.3506,1.3506399999999998,560.0,2026-09-02T04:50:00+02:00
GBPUSD,5m,2026-09-02T02:55:00+00:00,1.3506399999999998,1.3507,1.3506,1.3506399999999998,439.0,2026-09-02T04:55:00+02:00
GBPUSD,5m,2026-09-02T03:00:00+00:00,1.3506399999999998,1.35074,1.3506,1.35065,671.0,2026-09-02T05:00:00+02:00
GBPUSD,5m,2026-09-02T03:05:00+00:00,1.35065,1.35074,1.35052,1.35072,928.0,2026-09-02T05:05:00+02:00
GBPUSD,5m,2026-09-02T03:10:00+00:00,1.35072,1.35072,1.3505099999999999,1.35052,796.0,2026-09-02T05:10:00+02:00
GBPUSD,5m,2026-09-02T03:15:00+00:00,1.35052,1.35059,1.35046,1.3505,775.0,2026-09-02T05:15:00+02:00
GBPUSD,5m,2026-09-02T03:20:00+00:00,1.3505,1.3505399999999999,1.35033,1.35042,1067.0,2026-09-02T05:20:00+02:00
GBPUSD,5m,2026-09-02T03:25:00+00:00,1.35042,1.35046,1.35028,1.35032,570.0,2026-09-02T05:25:00+02:00
GBPUSD,5m,2026-09-02T03:30:00+00:00,1.35032,1.3504099999999999,1.35028,1.3503,1073.0,2026-09-02T05:30:00+02:00
GBPUSD,5m,2026-09-02T03:35:00+00:00,1.3503,1.3503,1.3500999999999999,1.3502699999999999,773.0,2026-09-02T05:35:00+02:00
GBPUSD,5m,2026-09-02T03:40:00+00:00,1.3502699999999999,1.35028,1.3500699999999999,1.35012,936.0,2026-09-02T05:40:00+02:00
GBPUSD,5m,2026-09-02T03:45:00+00:00,1.35012,1.35025,1.35011,1.35019,532.0,2026-09-02T05:45:00+02:00
GBPUSD,5m,2026-09-02T03:50:00+00:00,1.35019,1.35021,1.35009,1.35014,754.0,2026-09-02T05:50:00+02:00
GBPUSD,5m,2026-09-02T03:55:00+00:00,1.35014,1.3502399999999999,1.35006,1.35022,573.0,2026-09-02T05:55:00+02:00
GBPUSD,5m,2026-09-02T04:00:00+00:00,1.35022,1.3502399999999999,1.34997,1.3499999999999999,591.0,2026-09-02T06:00:00+02:00
GBPUSD,5m,2026-09-02T04:05:00+00:00,1.3499999999999999,1.35006,1.34991,1.34994,732.0,2026-09-02T06:05:00+02:00
GBPUSD,5m,2026-09-02T04:10:00+00:00,1.34994,1.35001,1.34988,1.3499299999999999,551.0,2026-09-02T06:10:00+02:00
GBPUSD,5m,2026-09-02T04:15:00+00:00,1.3499299999999999,1.3500999999999999,1.34988,1.34994,634.0,2026-09-02T06:15:00+02:00
GBPUSD,5m,2026-09-02T04:20:00+00:00,1.34994,1.34999,1.3497999999999999,1.34986,780.0,2026-09-02T06:20:00+02:00
GBPUSD,5m,2026-09-02T04:25:00+00:00,1.34986,1.34992,1.34977,1.3498299999999999,854.0,2026-09-02T06:25:00+02:00
GBPUSD,5m,2026-09-02T04:30:00+00:00,1.3498299999999999,1.34991,1.34971,1.3497999999999999,793.0,2026-09-02T06:30:00+02:00
GBPUSD,5m,2026-09-02T04:35:00+00:00,1.3497999999999999,1.34984,1.3497299999999999,1.3497299999999999,697.0,2026-09-02T06:35:00+02:00
GBPUSD,5m,2026-09-02T04:40:00+00:00,1.3497299999999999,1.34986,1.34972,1.34978,579.0,2026-09-02T06:40:00+02:00
GBPUSD,5m,2026-09-02T04:45:00+00:00,1.34978,1.34997,1.3496,1.34962,850.0,2026-09-02T06:45:00+02:00
GBPUSD,5m,2026-09-02T04:50:00+00:00,1.34962,1.34975,1.3496,1.3497299999999999,753.0,2026-09-02T06:50:00+02:00
GBPUSD,5m,2026-09-02T04:55:00+00:00,1.3497299999999999,1.3498299999999999,1.34958,1.34962,770.0,2026-09-02T06:55:00+02:00
GBPUSD,5m,2026-09-02T05:00:00+00:00,1.34962,1.34964,1.34943,1.3494599999999999,525.0,2026-09-02T07:00:00+02:00
GBPUSD,5m,2026-09-02T05:05:00+00:00,1.3494599999999999,1.3496299999999999,1.3493899999999999,1.34962,696.0,2026-09-02T07:05:00+02:00
GBPUSD,5m,2026-09-02T05:10:00+00:00,1.34962,1.34988,1.3495899999999998,1.34984,663.0,2026-09-02T07:10:00+02:00
GBPUSD,5m,2026-09-02T05:15:00+00:00,1.34984,1.35004,1.34982,1.34997,1225.0,2026-09-02T07:15:00+02:00
GBPUSD,5m,2026-09-02T05:20:00+00:00,1.34997,1.35012,1.34991,1.3500299999999998,726.0,2026-09-02T07:20:00+02:00
GBPUSD,5m,2026-09-02T05:25:00+00:00,1.3500299999999998,1.3501699999999999,1.34991,1.3501699999999999,727.0,2026-09-02T07:25:00+02:00
GBPUSD,5m,2026-09-02T05:30:00+00:00,1.3501699999999999,1.35033,1.35012,1.35021,1091.0,2026-09-02T07:30:00+02:00
GBPUSD,5m,2026-09-02T05:35:00+00:00,1.35021,1.35025,1.34997,1.35001,923.0,2026-09-02T07:35:00+02:00
GBPUSD,5m,2026-09-02T05:40:00+00:00,1.35001,1.35015,1.34992,1.35011,1116.0,2026-09-02T07:40:00+02:00
GBPUSD,5m,2026-09-02T05:45:00+00:00,1.35011,1.3502399999999999,1.35006,1.35015,1532.0,2026-09-02T07:45:00+02:00
GBPUSD,5m,2026-09-02T05:50:00+00:00,1.35015,1.35031,1.35002,1.3503,934.0,2026-09-02T07:50:00+02:00
GBPUSD,5m,2026-09-02T05:55:00+00:00,1.3503,1.3504399999999999,1.35019,1.35023,753.0,2026-09-02T07:55:00+02:00
GBPUSD,5m,2026-09-02T06:00:00+00:00,1.35023,1.35035,1.34999,1.35013,1527.0,2026-09-02T08:00:00+02:00
GBPUSD,5m,2026-09-02T06:05:00+00:00,1.35013,1.35046,1.3500299999999998,1.3504099999999999,1210.0,2026-09-02T08:05:00+02:00
GBPUSD,5m,2026-09-02T06:10:00+00:00,1.3504099999999999,1.35072,1.35033,1.35035,972.0,2026-09-02T08:10:00+02:00
GBPUSD,5m,2026-09-02T06:15:00+00:00,1.35035,1.35045,1.34988,1.35012,1267.0,2026-09-02T08:15:00+02:00
GBPUSD,5m,2026-09-02T06:20:00+00:00,1.35012,1.35072,1.35008,1.3506399999999998,1101.0,2026-09-02T08:20:00+02:00
GBPUSD,5m,2026-09-02T06:25:00+00:00,1.3506399999999998,1.3508,1.35032,1.35033,1355.0,2026-09-02T08:25:00+02:00
GBPUSD,5m,2026-09-02T06:30:00+00:00,1.35033,1.35045,1.35025,1.35042,1310.0,2026-09-02T08:30:00+02:00
GBPUSD,5m,2026-09-02T06:35:00+00:00,1.35042,1.35046,1.35013,1.35033,1417.0,2026-09-02T08:35:00+02:00
GBPUSD,5m,2026-09-02T06:40:00+00:00,1.35033,1.35059,1.35023,1.3504099999999999,1454.0,2026-09-02T08:40:00+02:00
GBPUSD,5m,2026-09-02T06:45:00+00:00,1.3504099999999999,1.35042,1.34982,1.34984,1350.0,2026-09-02T08:45:00+02:00
GBPUSD,5m,2026-09-02T06:50:00+00:00,1.34984,1.3498999999999999,1.34954,1.34954,1381.0,2026-09-02T08:50:00+02:00
GBPUSD,5m,2026-09-02T06:55:00+00:00,1.34954,1.3496599999999999,1.34921,1.34921,1515.0,2026-09-02T08:55:00+02:00
GBPUSD,5m,2026-09-02T07:00:00+00:00,1.34921,1.34957,1.3491199999999999,1.34913,1803.0,2026-09-02T09:00:00+02:00
GBPUSD,5m,2026-09-02T07:05:00+00:00,1.34913,1.34953,1.34892,1.3494199999999998,1450.0,2026-09-02T09:05:00+02:00
GBPUSD,5m,2026-09-02T07:10:00+00:00,1.3494199999999998,1.35001,1.34941,1.3498999999999999,1404.0,2026-09-02T09:10:00+02:00
GBPUSD,5m,2026-09-02T07:15:00+00:00,1.3498999999999999,1.35042,1.3497599999999998,1.3504,1056.0,2026-09-02T09:15:00+02:00
GBPUSD,5m,2026-09-02T07:20:00+00:00,1.3504,1.35058,1.35019,1.35056,1058.0,2026-09-02T09:20:00+02:00
GBPUSD,5m,2026-09-02T07:25:00+00:00,1.35056,1.3506399999999998,1.35028,1.35035,1063.0,2026-09-02T09:25:00+02:00
GBPUSD,5m,2026-09-02T07:30:00+00:00,1.35035,1.3509499999999999,1.35025,1.3508499999999999,1183.0,2026-09-02T09:30:00+02:00
GBPUSD,5m,2026-09-02T07:35:00+00:00,1.3508499999999999,1.3512499999999998,1.35083,1.3511499999999999,1126.0,2026-09-02T09:35:00+02:00
GBPUSD,5m,2026-09-02T07:40:00+00:00,1.3511499999999999,1.3511499999999999,1.3506799999999999,1.35083,1084.0,2026-09-02T09:40:00+02:00
GBPUSD,5m,2026-09-02T07:45:00+00:00,1.35083,1.35106,1.3508,1.3509499999999999,1146.0,2026-09-02T09:45:00+02:00
GBPUSD,5m,2026-09-02T07:50:00+00:00,1.3509499999999999,1.3510499999999999,1.35074,1.35097,952.0,2026-09-02T09:50:00+02:00
GBPUSD,5m,2026-09-02T07:55:00+00:00,1.35097,1.35107,1.3508,1.35104,1011.0,2026-09-02T09:55:00+02:00
GBPUSD,5m,2026-09-02T08:00:00+00:00,1.35104,1.35143,1.3510199999999999,1.35138,912.0,2026-09-02T10:00:00+02:00
GBPUSD,5m,2026-09-02T08:05:00+00:00,1.35138,1.35143,1.3511499999999999,1.35127,965.0,2026-09-02T10:05:00+02:00
GBPUSD,5m,2026-09-02T08:10:00+00:00,1.35127,1.35133,1.3508799999999999,1.3511199999999999,846.0,2026-09-02T10:10:00+02:00
GBPUSD,5m,2026-09-02T08:15:00+00:00,1.3511199999999999,1.35133,1.351,1.3510499999999999,966.0,2026-09-02T10:15:00+02:00
GBPUSD,5m,2026-09-02T08:20:00+00:00,1.3510499999999999,1.3512199999999999,1.3509,1.35113,896.0,2026-09-02T10:20:00+02:00
GBPUSD,5m,2026-09-02T08:25:00+00:00,1.35113,1.35124,1.3508799999999999,1.35094,989.0,2026-09-02T10:25:00+02:00
GBPUSD,5m,2026-09-02T08:30:00+00:00,1.35094,1.35103,1.35082,1.3508499999999999,1183.0,2026-09-02T10:30:00+02:00
GBPUSD,5m,2026-09-02T08:35:00+00:00,1.3508499999999999,1.35121,1.35076,1.3511499999999999,911.0,2026-09-02T10:35:00+02:00
GBPUSD,5m,2026-09-02T08:40:00+00:00,1.3511499999999999,1.35127,1.35109,1.35127,921.0,2026-09-02T10:40:00+02:00
GBPUSD,5m,2026-09-02T08:45:00+00:00,1.35127,1.35131,1.3509799999999998,1.3510499999999999,908.0,2026-09-02T10:45:00+02:00
GBPUSD,5m,2026-09-02T08:50:00+00:00,1.3510499999999999,1.35106,1.3505,1.3505399999999999,1103.0,2026-09-02T10:50:00+02:00
GBPUSD,5m,2026-09-02T08:55:00+00:00,1.3505399999999999,1.3506399999999998,1.3500299999999998,1.3500299999999998,1523.0,2026-09-02T10:55:00+02:00
GBPUSD,5m,2026-09-02T09:00:00+00:00,1.3500299999999998,1.35036,1.34992,1.3503399999999999,1221.0,2026-09-02T11:00:00+02:00
GBPUSD,5m,2026-09-02T09:05:00+00:00,1.3503399999999999,1.35065,1.35015,1.3503,1012.0,2026-09-02T11:05:00+02:00
GBPUSD,5m,2026-09-02T09:10:00+00:00,1.3503,1.3503399999999999,1.34992,1.34999,923.0,2026-09-02T11:10:00+02:00
GBPUSD,5m,2026-09-02T09:15:00+00:00,1.34999,1.35022,1.34997,1.35012,1067.0,2026-09-02T11:15:00+02:00
GBPUSD,5m,2026-09-02T09:20:00+00:00,1.35012,1.35018,1.3498999999999999,1.34992,768.0,2026-09-02T11:20:00+02:00
GBPUSD,5m,2026-09-02T09:25:00+00:00,1.34992,1.3500999999999999,1.3497599999999998,1.34999,1008.0,2026-09-02T11:25:00+02:00
GBPUSD,5m,2026-09-02T09:30:00+00:00,1.34999,1.35005,1.34948,1.3495,911.0,2026-09-02T11:30:00+02:00
GBPUSD,5m,2026-09-02T09:35:00+00:00,1.3495,1.34969,1.34943,1.3495,734.0,2026-09-02T11:35:00+02:00
GBPUSD,5m,2026-09-02T09:40:00+00:00,1.3495,1.34951,1.34931,1.34933,606.0,2026-09-02T11:40:00+02:00
GBPUSD,5m,2026-09-02T09:45:00+00:00,1.34933,1.34936,1.34918,1.34924,762.0,2026-09-02T11:45:00+02:00
GBPUSD,5m,2026-09-02T09:50:00+00:00,1.34924,1.3494199999999998,1.34874,1.3488099999999998,772.0,2026-09-02T11:50:00+02:00
GBPUSD,5m,2026-09-02T09:55:00+00:00,1.3488099999999998,1.3489799999999998,1.34852,1.3486,969.0,2026-09-02T11:55:00+02:00
GBPUSD,5m,2026-09-02T10:00:00+00:00,1.3486,1.34875,1.34821,1.34821,978.0,2026-09-02T12:00:00+02:00
GBPUSD,5m,2026-09-02T10:05:00+00:00,1.34821,1.34845,1.34819,1.34843,742.0,2026-09-02T12:05:00+02:00
GBPUSD,5m,2026-09-02T10:10:00+00:00,1.34843,1.3485399999999998,1.34819,1.34832,810.0,2026-09-02T12:10:00+02:00
GBPUSD,5m,2026-09-02T10:15:00+00:00,1.34832,1.3483399999999999,1.3479999999999999,1.3480999999999999,651.0,2026-09-02T12:15:00+02:00
GBPUSD,5m,2026-09-02T10:20:00+00:00,1.3480999999999999,1.34823,1.34798,1.34802,724.0,2026-09-02T12:20:00+02:00
GBPUSD,5m,2026-09-02T10:25:00+00:00,1.34802,1.34843,1.34801,1.34818,1099.0,2026-09-02T12:25:00+02:00
GBPUSD,5m,2026-09-02T10:30:00+00:00,1.34818,1.34845,1.3479999999999999,1.3484099999999999,1051.0,2026-09-02T12:30:00+02:00
GBPUSD,5m,2026-09-02T10:35:00+00:00,1.3484099999999999,1.3484099999999999,1.34808,1.3480999999999999,965.0,2026-09-02T12:35:00+02:00
GBPUSD,5m,2026-09-02T10:40:00+00:00,1.3480999999999999,1.34812,1.34789,1.3478999999999999,947.0,2026-09-02T12:40:00+02:00
GBPUSD,5m,2026-09-02T10:45:00+00:00,1.3478999999999999,1.34791,1.34771,1.34789,987.0,2026-09-02T12:45:00+02:00
GBPUSD,5m,2026-09-02T10:50:00+00:00,1.34789,1.34801,1.34765,1.34801,1157.0,2026-09-02T12:50:00+02:00
GBPUSD,5m,2026-09-02T10:55:00+00:00,1.34801,1.3484099999999999,1.34782,1.3483699999999998,1171.0,2026-09-02T12:55:00+02:00
GBPUSD,5m,2026-09-02T11:00:00+00:00,1.3483699999999998,1.34865,1.34826,1.3485099999999999,1089.0,2026-09-02T13:00:00+02:00
GBPUSD,5m,2026-09-02T11:05:00+00:00,1.3485099999999999,1.3488099999999998,1.34831,1.3487099999999999,1303.0,2026-09-02T13:05:00+02:00
GBPUSD,5m,2026-09-02T11:10:00+00:00,1.3487099999999999,1.3489,1.34822,1.3488,1648.0,2026-09-02T13:10:00+02:00
GBPUSD,5m,2026-09-02T11:15:00+00:00,1.3488,1.3489,1.34835,1.34857,1747.0,2026-09-02T13:15:00+02:00
GBPUSD,5m,2026-09-02T11:20:00+00:00,1.34857,1.34882,1.34852,1.34859,1182.0,2026-09-02T13:20:00+02:00
GBPUSD,5m,2026-09-02T11:25:00+00:00,1.34859,1.34865,1.34819,1.34822,1289.0,2026-09-02T13:25:00+02:00
GBPUSD,5m,2026-09-02T11:30:00+00:00,1.34822,1.3484099999999999,1.34802,1.34839,1296.0,2026-09-02T13:30:00+02:00
GBPUSD,5m,2026-09-02T11:35:00+00:00,1.34839,1.34855,1.34819,1.3481999999999998,1193.0,2026-09-02T13:35:00+02:00
GBPUSD,5m,2026-09-02T11:40:00+00:00,1.3481999999999998,1.34876,1.34819,1.34862,1366.0,2026-09-02T13:40:00+02:00
GBPUSD,5m,2026-09-02T11:45:00+00:00,1.34862,1.34907,1.3485,1.34901,1019.0,2026-09-02T13:45:00+02:00
GBPUSD,5m,2026-09-02T11:50:00+00:00,1.34901,1.34914,1.3487099999999999,1.34903,1064.0,2026-09-02T13:50:00+02:00
GBPUSD,5m,2026-09-02T11:55:00+00:00,1.34903,1.34906,1.3482699999999999,1.34842,1378.0,2026-09-02T13:55:00+02:00
GBPUSD,5m,2026-09-02T12:00:00+00:00,1.34842,1.34869,1.34835,1.34867,1343.0,2026-09-02T14:00:00+02:00
GBPUSD,5m,2026-09-02T12:05:00+00:00,1.34867,1.3488499999999999,1.34814,1.34826,1533.0,2026-09-02T14:05:00+02:00
GBPUSD,5m,2026-09-02T12:10:00+00:00,1.34826,1.34831,1.34795,1.34831,1691.0,2026-09-02T14:10:00+02:00
GBPUSD,5m,2026-09-02T12:15:00+00:00,1.34831,1.34838,1.34779,1.3477999999999999,1253.0,2026-09-02T14:15:00+02:00
GBPUSD,5m,2026-09-02T12:20:00+00:00,1.3477999999999999,1.34876,1.34771,1.34846,3867.0,2026-09-02T14:20:00+02:00
GBPUSD,5m,2026-09-02T12:25:00+00:00,1.34846,1.3487099999999999,1.3479999999999999,1.3479999999999999,1697.0,2026-09-02T14:25:00+02:00
GBPUSD,5m,2026-09-02T12:30:00+00:00,1.3479999999999999,1.3480999999999999,1.3477999999999999,1.34782,1269.0,2026-09-02T14:30:00+02:00
GBPUSD,5m,2026-09-02T12:35:00+00:00,1.34782,1.34785,1.3476599999999999,1.34782,1024.0,2026-09-02T14:35:00+02:00
GBPUSD,5m,2026-09-02T12:40:00+00:00,1.34782,1.34796,1.3475599999999999,1.34769,1209.0,2026-09-02T14:40:00+02:00
GBPUSD,5m,2026-09-02T12:45:00+00:00,1.34769,1.34833,1.3476,1.3479299999999999,1438.0,2026-09-02T14:45:00+02:00
GBPUSD,5m,2026-09-02T12:50:00+00:00,1.3479299999999999,1.3480299999999998,1.3476,1.34761,1390.0,2026-09-02T14:50:00+02:00
GBPUSD,5m,2026-09-02T12:55:00+00:00,1.34761,1.34779,1.3474,1.34745,1675.0,2026-09-02T14:55:00+02:00
GBPUSD,5m,2026-09-02T13:00:00+00:00,1.34745,1.3478299999999999,1.34743,1.3475899999999998,1786.0,2026-09-02T15:00:00+02:00
GBPUSD,5m,2026-09-02T13:05:00+00:00,1.3475899999999998,1.3479999999999999,1.34758,1.34789,1483.0,2026-09-02T15:05:00+02:00
GBPUSD,5m,2026-09-02T13:10:00+00:00,1.34789,1.34809,1.34769,1.3480699999999999,1686.0,2026-09-02T15:10:00+02:00
GBPUSD,5m,2026-09-02T13:15:00+00:00,1.3480699999999999,1.3486399999999998,1.34805,1.34855,1068.0,2026-09-02T15:15:00+02:00
GBPUSD,5m,2026-09-02T13:20:00+00:00,1.34855,1.34919,1.34853,1.3491,1470.0,2026-09-02T15:20:00+02:00
GBPUSD,5m,2026-09-02T13:25:00+00:00,1.3491,1.35086,1.34909,1.34972,4647.0,2026-09-02T15:25:00+02:00
GBPUSD,5m,2026-09-02T13:30:00+00:00,1.34972,1.35014,1.34921,1.34933,2324.0,2026-09-02T15:30:00+02:00
GBPUSD,5m,2026-09-02T13:35:00+00:00,1.34933,1.34981,1.3493,1.3497999999999999,2122.0,2026-09-02T15:35:00+02:00
GBPUSD,5m,2026-09-02T13:40:00+00:00,1.3497999999999999,1.3506799999999999,1.34965,1.35065,1708.0,2026-09-02T15:40:00+02:00
GBPUSD,5m,2026-09-02T13:45:00+00:00,1.35065,1.35065,1.34984,1.34999,2315.0,2026-09-02T15:45:00+02:00
GBPUSD,5m,2026-09-02T13:50:00+00:00,1.34999,1.35096,1.34988,1.35093,2659.0,2026-09-02T15:50:00+02:00
GBPUSD,5m,2026-09-02T13:55:00+00:00,1.35093,1.3513199999999999,1.35042,1.3512199999999999,2177.0,2026-09-02T15:55:00+02:00
GBPUSD,5m,2026-09-02T14:00:00+00:00,1.3512199999999999,1.35123,1.35039,1.35094,2385.0,2026-09-02T16:00:00+02:00
GBPUSD,5m,2026-09-02T14:05:00+00:00,1.35094,1.35096,1.35019,1.35019,2267.0,2026-09-02T16:05:00+02:00
GBPUSD,5m,2026-09-02T14:10:00+00:00,1.35019,1.35057,1.3500699999999999,1.35033,2169.0,2026-09-02T16:10:00+02:00
GBPUSD,5m,2026-09-02T14:15:00+00:00,1.35033,1.35053,1.34979,1.34995,2072.0,2026-09-02T16:15:00+02:00
GBPUSD,5m,2026-09-02T14:20:00+00:00,1.34995,1.35014,1.3497299999999999,1.35001,2083.0,2026-09-02T16:20:00+02:00
GBPUSD,5m,2026-09-02T14:25:00+00:00,1.35001,1.35038,1.34991,1.35021,2443.0,2026-09-02T16:25:00+02:00
GBPUSD,5m,2026-09-02T14:30:00+00:00,1.35021,1.35031,1.34996,1.35008,2408.0,2026-09-02T16:30:00+02:00
GBPUSD,5m,2026-09-02T14:35:00+00:00,1.35008,1.35043,1.3498999999999999,1.35023,1885.0,2026-09-02T16:35:00+02:00
GBPUSD,5m,2026-09-02T14:40:00+00:00,1.35023,1.35052,1.3499299999999999,1.35008,2684.0,2026-09-02T16:40:00+02:00
GBPUSD,5m,2026-09-02T14:45:00+00:00,1.35008,1.35012,1.34968,1.3499999999999999,1743.0,2026-09-02T16:45:00+02:00
GBPUSD,5m,2026-09-02T14:50:00+00:00,1.3499999999999999,1.35084,1.34961,1.34999,3031.0,2026-09-02T16:50:00+02:00
GBPUSD,5m,2026-09-02T14:55:00+00:00,1.34999,1.35056,1.3497999999999999,1.3505,2329.0,2026-09-02T16:55:00+02:00
GBPUSD,5m,2026-09-02T15:00:00+00:00,1.3505,1.35099,1.35029,1.35067,2651.0,2026-09-02T17:00:00+02:00
GBPUSD,5m,2026-09-02T15:05:00+00:00,1.35067,1.35099,1.35048,1.35049,1636.0,2026-09-02T17:05:00+02:00
GBPUSD,5m,2026-09-02T15:10:00+00:00,1.35049,1.35062,1.3501999999999998,1.3502699999999999,1601.0,2026-09-02T17:10:00+02:00
GBPUSD,5m,2026-09-02T15:15:00+00:00,1.3502699999999999,1.35035,1.35011,1.35029,1290.0,2026-09-02T17:15:00+02:00
GBPUSD,5m,2026-09-02T15:20:00+00:00,1.35029,1.35032,1.34981,1.3501999999999998,1815.0,2026-09-02T17:20:00+02:00
GBPUSD,5m,2026-09-02T15:25:00+00:00,1.3501999999999998,1.35049,1.35019,1.35048,1323.0,2026-09-02T17:25:00+02:00
GBPUSD,5m,2026-09-02T15:30:00+00:00,1.35048,1.35069,1.34997,1.34997,2040.0,2026-09-02T17:30:00+02:00
GBPUSD,5m,2026-09-02T15:35:00+00:00,1.34997,1.35014,1.34977,1.3500299999999998,1596.0,2026-09-02T17:35:00+02:00
GBPUSD,5m,2026-09-02T15:40:00+00:00,1.3500299999999998,1.35011,1.34953,1.34953,1275.0,2026-09-02T17:40:00+02:00
GBPUSD,5m,2026-09-02T15:45:00+00:00,1.34953,1.34992,1.3494,1.34967,1414.0,2026-09-02T17:45:00+02:00
GBPUSD,5m,2026-09-02T15:50:00+00:00,1.34967,1.3497299999999999,1.34948,1.34951,1020.0,2026-09-02T17:50:00+02:00
GBPUSD,5m,2026-09-02T15:55:00+00:00,1.34951,1.35012,1.3494599999999999,1.3500999999999999,1293.0,2026-09-02T17:55:00+02:00
GBPUSD,5m,2026-09-02T16:00:00+00:00,1.3500999999999999,1.3503,1.35004,1.35005,1377.0,2026-09-02T18:00:00+02:00
GBPUSD,5m,2026-09-02T16:05:00+00:00,1.35005,1.35011,1.3498999999999999,1.3499999999999999,1242.0,2026-09-02T18:05:00+02:00
GBPUSD,5m,2026-09-02T16:10:00+00:00,1.3499999999999999,1.35035,1.3498999999999999,1.35035,1166.0,2026-09-02T18:10:00+02:00
GBPUSD,5m,2026-09-02T16:15:00+00:00,1.35035,1.35035,1.35008,1.3501999999999998,1063.0,2026-09-02T18:15:00+02:00
GBPUSD,5m,2026-09-02T16:20:00+00:00,1.3501999999999998,1.3503399999999999,1.34984,1.3498999999999999,1053.0,2026-09-02T18:20:00+02:00
GBPUSD,5m,2026-09-02T16:25:00+00:00,1.3498999999999999,1.35002,1.34954,1.34957,1269.0,2026-09-02T18:25:00+02:00
GBPUSD,5m,2026-09-02T16:30:00+00:00,1.34957,1.3498299999999999,1.34952,1.34962,1049.0,2026-09-02T18:30:00+02:00
GBPUSD,5m,2026-09-02T16:35:00+00:00,1.34962,1.34982,1.34962,1.34974,716.0,2026-09-02T18:35:00+02:00
GBPUSD,5m,2026-09-02T16:40:00+00:00,1.34974,1.34985,1.34964,1.3497599999999998,836.0,2026-09-02T18:40:00+02:00
GBPUSD,5m,2026-09-02T16:45:00+00:00,1.3497599999999998,1.3498999999999999,1.34957,1.3495899999999998,863.0,2026-09-02T18:45:00+02:00
GBPUSD,5m,2026-09-02T16:50:00+00:00,1.3495899999999998,1.34986,1.3495,1.3497299999999999,927.0,2026-09-02T18:50:00+02:00
GBPUSD,5m,2026-09-02T16:55:00+00:00,1.3497299999999999,1.34975,1.34937,1.34938,804.0,2026-09-02T18:55:00+02:00
GBPUSD,5m,2026-09-02T17:00:00+00:00,1.34938,1.34951,1.3492899999999999,1.3494,1083.0,2026-09-02T19:00:00+02:00
GBPUSD,5m,2026-09-02T17:05:00+00:00,1.3494,1.34941,1.34906,1.34909,1091.0,2026-09-02T19:05:00+02:00
GBPUSD,5m,2026-09-02T17:10:00+00:00,1.34909,1.34913,1.34893,1.34908,1010.0,2026-09-02T19:10:00+02:00
GBPUSD,5m,2026-09-02T17:15:00+00:00,1.34908,1.3491,1.34848,1.34849,1161.0,2026-09-02T19:15:00+02:00
GBPUSD,5m,2026-09-02T17:20:00+00:00,1.34849,1.34869,1.34848,1.34858,757.0,2026-09-02T19:20:00+02:00
GBPUSD,5m,2026-09-02T17:25:00+00:00,1.34858,1.3489499999999999,1.34853,1.34894,681.0,2026-09-02T19:25:00+02:00
GBPUSD,5m,2026-09-02T17:30:00+00:00,1.34894,1.34896,1.34846,1.34872,812.0,2026-09-02T19:30:00+02:00
GBPUSD,5m,2026-09-02T17:35:00+00:00,1.34872,1.34873,1.34855,1.3486,769.0,2026-09-02T19:35:00+02:00
GBPUSD,5m,2026-09-02T17:40:00+00:00,1.3486,1.3489799999999998,1.34853,1.3488099999999998,1347.0,2026-09-02T19:40:00+02:00
GBPUSD,5m,2026-09-02T17:45:00+00:00,1.3488099999999998,1.34921,1.34872,1.3488499999999999,1788.0,2026-09-02T19:45:00+02:00
GBPUSD,5m,2026-09-02T17:50:00+00:00,1.3488499999999999,1.34891,1.3486,1.3486099999999999,811.0,2026-09-02T19:50:00+02:00
GBPUSD,5m,2026-09-02T17:55:00+00:00,1.3486099999999999,1.34877,1.3485099999999999,1.3486799999999999,590.0,2026-09-02T19:55:00+02:00
GBPUSD,5m,2026-09-02T18:00:00+00:00,1.3486799999999999,1.3488799999999999,1.34862,1.34886,677.0,2026-09-02T20:00:00+02:00
GBPUSD,5m,2026-09-02T18:05:00+00:00,1.34886,1.34886,1.34862,1.34863,988.0,2026-09-02T20:05:00+02:00
GBPUSD,5m,2026-09-02T18:10:00+00:00,1.34863,1.34867,1.34859,1.34862,748.0,2026-09-02T20:10:00+02:00
GBPUSD,5m,2026-09-02T18:15:00+00:00,1.34862,1.34918,1.3484,1.34889,1590.0,2026-09-02T20:15:00+02:00
GBPUSD,5m,2026-09-02T18:20:00+00:00,1.34889,1.34897,1.3485,1.3485099999999999,1044.0,2026-09-02T20:20:00+02:00
GBPUSD,5m,2026-09-02T18:25:00+00:00,1.3485099999999999,1.3486099999999999,1.34843,1.3486099999999999,847.0,2026-09-02T20:25:00+02:00
GBPUSD,5m,2026-09-02T18:30:00+00:00,1.3486099999999999,1.3487099999999999,1.34859,1.34866,631.0,2026-09-02T20:30:00+02:00
GBPUSD,5m,2026-09-02T18:35:00+00:00,1.34866,1.34884,1.34863,1.34883,465.0,2026-09-02T20:35:00+02:00
GBPUSD,5m,2026-09-02T18:40:00+00:00,1.34883,1.34884,1.34856,1.3486,563.0,2026-09-02T20:40:00+02:00
GBPUSD,5m,2026-09-02T18:45:00+00:00,1.3486,1.34873,1.34859,1.3487099999999999,554.0,2026-09-02T20:45:00+02:00
GBPUSD,5m,2026-09-02T18:50:00+00:00,1.3487099999999999,1.3488099999999998,1.34865,1.34866,562.0,2026-09-02T20:50:00+02:00
GBPUSD,5m,2026-09-02T18:55:00+00:00,1.34866,1.34872,1.3484399999999999,1.3486,611.0,2026-09-02T20:55:00+02:00
GBPUSD,5m,2026-09-02T19:00:00+00:00,1.3486,1.3486799999999999,1.34842,1.34845,754.0,2026-09-02T21:00:00+02:00
GBPUSD,5m,2026-09-02T19:05:00+00:00,1.34845,1.34852,1.34836,1.34836,467.0,2026-09-02T21:05:00+02:00
GBPUSD,5m,2026-09-02T19:10:00+00:00,1.34836,1.34849,1.3483399999999999,1.34838,474.0,2026-09-02T21:10:00+02:00
GBPUSD,5m,2026-09-02T19:15:00+00:00,1.34838,1.34874,1.3483399999999999,1.3487,613.0,2026-09-02T21:15:00+02:00
GBPUSD,5m,2026-09-02T19:20:00+00:00,1.3487,1.3487,1.34852,1.34863,539.0,2026-09-02T21:20:00+02:00
GBPUSD,5m,2026-09-02T19:25:00+00:00,1.34863,1.3486799999999999,1.34847,1.34849,465.0,2026-09-02T21:25:00+02:00
GBPUSD,5m,2026-09-02T19:30:00+00:00,1.34849,1.34856,1.34842,1.3485099999999999,634.0,2026-09-02T21:30:00+02:00
GBPUSD,5m,2026-09-02T19:35:00+00:00,1.3485099999999999,1.3485399999999998,1.3484,1.34852,638.0,2026-09-02T21:35:00+02:00
GBPUSD,5m,2026-09-02T19:40:00+00:00,1.34852,1.34857,1.3484399999999999,1.34852,830.0,2026-09-02T21:40:00+02:00
GBPUSD,5m,2026-09-02T19:45:00+00:00,1.34852,1.34856,1.34829,1.34832,545.0,2026-09-02T21:45:00+02:00
GBPUSD,5m,2026-09-02T19:50:00+00:00,1.34832,1.34846,1.34831,1.34845,514.0,2026-09-02T21:50:00+02:00
GBPUSD,5m,2026-09-02T19:55:00+00:00,1.34845,1.34879,1.3484,1.34876,717.0,2026-09-02T21:55:00+02:00
GBPUSD,5m,2026-09-02T20:00:00+00:00,1.34876,1.34906,1.3487099999999999,1.34896,583.0,2026-09-02T22:00:00+02:00
GBPUSD,5m,2026-09-02T20:05:00+00:00,1.34896,1.34906,1.34883,1.34892,333.0,2026-09-02T22:05:00+02:00
GBPUSD,5m,2026-09-02T20:10:00+00:00,1.34892,1.34899,1.34886,1.34892,309.0,2026-09-02T22:10:00+02:00
GBPUSD,5m,2026-09-02T20:15:00+00:00,1.34892,1.34893,1.34877,1.3488,398.0,2026-09-02T22:15:00+02:00
GBPUSD,5m,2026-09-02T20:20:00+00:00,1.3488,1.34894,1.34872,1.34893,439.0,2026-09-02T22:20:00+02:00
GBPUSD,5m,2026-09-02T20:25:00+00:00,1.34893,1.34894,1.34873,1.34875,255.0,2026-09-02T22:25:00+02:00
GBPUSD,5m,2026-09-02T20:30:00+00:00,1.34875,1.3488499999999999,1.3487099999999999,1.3488499999999999,135.0,2026-09-02T22:30:00+02:00
GBPUSD,5m,2026-09-02T20:35:00+00:00,1.3488499999999999,1.34886,1.34872,1.34873,180.0,2026-09-02T22:35:00+02:00
GBPUSD,5m,2026-09-02T20:40:00+00:00,1.34873,1.34883,1.3487099999999999,1.3487799999999999,277.0,2026-09-02T22:40:00+02:00
GBPUSD,5m,2026-09-02T20:45:00+00:00,1.3487799999999999,1.34901,1.34877,1.3489,326.0,2026-09-02T22:45:00+02:00
GBPUSD,5m,2026-09-02T20:50:00+00:00,1.3489,1.3489,1.3487,1.3487099999999999,232.0,2026-09-02T22:50:00+02:00
GBPUSD,5m,2026-09-02T20:55:00+00:00,1.3487099999999999,1.34873,1.34784,1.34836,1054.0,2026-09-02T22:55:00+02:00
GBPUSD,5m,2026-09-02T21:00:00+00:00,1.34836,1.34836,1.34767,1.34778,8.0,2026-09-02T23:00:00+02:00
GBPUSD,5m,2026-09-02T21:05:00+00:00,1.34778,1.34814,1.34778,1.3477999999999999,31.0,2026-09-02T23:05:00+02:00
GBPUSD,5m,2026-09-02T21:10:00+00:00,1.3477999999999999,1.34825,1.3477999999999999,1.34818,70.0,2026-09-02T23:10:00+02:00
GBPUSD,5m,2026-09-02T21:15:00+00:00,1.34818,1.3483699999999998,1.34801,1.34808,66.0,2026-09-02T23:15:00+02:00
GBPUSD,5m,2026-09-02T21:20:00+00:00,1.34808,1.3482699999999999,1.34805,1.34808,43.0,2026-09-02T23:20:00+02:00
GBPUSD,5m,2026-09-02T21:25:00+00:00,1.34808,1.34818,1.34775,1.34775,84.0,2026-09-02T23:25:00+02:00
GBPUSD,5m,2026-09-02T21:30:00+00:00,1.34775,1.34825,1.3476599999999999,1.34791,426.0,2026-09-02T23:30:00+02:00
GBPUSD,5m,2026-09-02T21:35:00+00:00,1.34791,1.34802,1.34791,1.34802,113.0,2026-09-02T23:35:00+02:00
GBPUSD,5m,2026-09-02T21:40:00+00:00,1.34802,1.34802,1.34787,1.34788,118.0,2026-09-02T23:40:00+02:00
GBPUSD,5m,2026-09-02T21:45:00+00:00,1.34788,1.3479999999999999,1.34777,1.34795,84.0,2026-09-02T23:45:00+02:00
GBPUSD,5m,2026-09-02T21:50:00+00:00,1.34795,1.34816,1.34792,1.34795,205.0,2026-09-02T23:50:00+02:00
GBPUSD,5m,2026-09-02T21:55:00+00:00,1.34795,1.34821,1.34784,1.34798,473.0,2026-09-02T23:55:00+02:00
GBPUSD,5m,2026-09-02T22:00:00+00:00,1.34798,1.34848,1.34798,1.34823,325.0,2026-09-03T00:00:00+02:00
GBPUSD,5m,2026-09-02T22:05:00+00:00,1.34823,1.34823,1.3480699999999999,1.34819,74.0,2026-09-03T00:05:00+02:00
GBPUSD,5m,2026-09-02T22:10:00+00:00,1.34819,1.34825,1.34813,1.3481699999999999,115.0,2026-09-03T00:10:00+02:00
GBPUSD,5m,2026-09-02T22:15:00+00:00,1.3481699999999999,1.34823,1.34806,1.34806,96.0,2026-09-03T00:15:00+02:00
GBPUSD,5m,2026-09-02T22:20:00+00:00,1.34806,1.34819,1.34804,1.3481699999999999,162.0,2026-09-03T00:20:00+02:00
GBPUSD,5m,2026-09-02T22:25:00+00:00,1.3481699999999999,1.34819,1.34814,1.34815,128.0,2026-09-03T00:25:00+02:00
GBPUSD,5m,2026-09-02T22:30:00+00:00,1.34815,1.34819,1.34814,1.34819,126.0,2026-09-03T00:30:00+02:00
GBPUSD,5m,2026-09-02T22:35:00+00:00,1.34819,1.3483699999999998,1.34819,1.34832,194.0,2026-09-03T00:35:00+02:00
GBPUSD,5m,2026-09-02T22:40:00+00:00,1.34832,1.34835,1.34825,1.34825,167.0,2026-09-03T00:40:00+02:00
GBPUSD,5m,2026-09-02T22:45:00+00:00,1.34825,1.34829,1.3481699999999999,1.3482699999999999,119.0,2026-09-03T00:45:00+02:00
GBPUSD,5m,2026-09-02T22:50:00+00:00,1.3482699999999999,1.34839,1.34826,1.3482699999999999,134.0,2026-09-03T00:50:00+02:00
GBPUSD,5m,2026-09-02T22:55:00+00:00,1.3482699999999999,1.34831,1.34825,1.34828,152.0,2026-09-03T00:55:00+02:00
GBPUSD,5m,2026-09-02T23:00:00+00:00,1.34828,1.34836,1.34822,1.34828,295.0,2026-09-03T01:00:00+02:00
GBPUSD,5m,2026-09-02T23:05:00+00:00,1.34828,1.34828,1.34816,1.34818,127.0,2026-09-03T01:05:00+02:00
GBPUSD,5m,2026-09-02T23:10:00+00:00,1.34818,1.3481999999999998,1.34804,1.34808,236.0,2026-09-03T01:10:00+02:00
GBPUSD,5m,2026-09-02T23:15:00+00:00,1.34808,1.3480999999999999,1.34805,1.34808,116.0,2026-09-03T01:15:00+02:00
GBPUSD,5m,2026-09-02T23:20:00+00:00,1.34808,1.3481699999999999,1.34808,1.3481699999999999,147.0,2026-09-03T01:20:00+02:00
GBPUSD,5m,2026-09-02T23:25:00+00:00,1.3481699999999999,1.34819,1.3480699999999999,1.3480699999999999,181.0,2026-09-03T01:25:00+02:00
GBPUSD,5m,2026-09-02T23:30:00+00:00,1.3480699999999999,1.34808,1.34804,1.34808,49.0,2026-09-03T01:30:00+02:00
GBPUSD,5m,2026-09-02T23:35:00+00:00,1.34808,1.34808,1.34796,1.34798,271.0,2026-09-03T01:35:00+02:00
GBPUSD,5m,2026-09-02T23:40:00+00:00,1.34798,1.34811,1.34797,1.34808,506.0,2026-09-03T01:40:00+02:00
GBPUSD,5m,2026-09-02T23:45:00+00:00,1.34808,1.34814,1.34806,1.34811,422.0,2026-09-03T01:45:00+02:00
GBPUSD,5m,2026-09-02T23:50:00+00:00,1.34811,1.34811,1.34801,1.3480299999999998,275.0,2026-09-03T01:50:00+02:00
GBPUSD,5m,2026-09-02T23:55:00+00:00,1.3480299999999998,1.34828,1.34802,1.34819,653.0,2026-09-03T01:55:00+02:00
GBPUSD,5m,2026-09-03T00:00:00+00:00,1.34819,1.3483,1.34799,1.34819,1642.0,2026-09-03T02:00:00+02:00
GBPUSD,5m,2026-09-03T00:05:00+00:00,1.34819,1.3483,1.34802,1.34812,884.0,2026-09-03T02:05:00+02:00
GBPUSD,5m,2026-09-03T00:10:00+00:00,1.34812,1.34831,1.34811,1.3481699999999999,954.0,2026-09-03T02:10:00+02:00
GBPUSD,5m,2026-09-03T00:15:00+00:00,1.3481699999999999,1.34831,1.34814,1.34822,789.0,2026-09-03T02:15:00+02:00
GBPUSD,5m,2026-09-03T00:20:00+00:00,1.34822,1.3484,1.34815,1.3483399999999999,996.0,2026-09-03T02:20:00+02:00
GBPUSD,5m,2026-09-03T00:25:00+00:00,1.3483399999999999,1.3486,1.34831,1.34852,867.0,2026-09-03T02:25:00+02:00
GBPUSD,5m,2026-09-03T00:30:00+00:00,1.34852,1.34856,1.34835,1.34848,620.0,2026-09-03T02:30:00+02:00
GBPUSD,5m,2026-09-03T00:35:00+00:00,1.34848,1.34852,1.34839,1.34852,970.0,2026-09-03T02:35:00+02:00
GBPUSD,5m,2026-09-03T00:40:00+00:00,1.34852,1.34857,1.34832,1.3483699999999998,770.0,2026-09-03T02:40:00+02:00
GBPUSD,5m,2026-09-03T00:45:00+00:00,1.3483699999999998,1.3487,1.3483,1.3486799999999999,1152.0,2026-09-03T02:45:00+02:00
GBPUSD,5m,2026-09-03T00:50:00+00:00,1.3486799999999999,1.34894,1.34867,1.34884,1041.0,2026-09-03T02:50:00+02:00
GBPUSD,5m,2026-09-03T00:55:00+00:00,1.34884,1.34887,1.34869,1.34874,726.0,2026-09-03T02:55:00+02:00
GBPUSD,5m,2026-09-03T01:00:00+00:00,1.34874,1.3488499999999999,1.34869,1.34879,1383.0,2026-09-03T03:00:00+02:00
GBPUSD,5m,2026-09-03T01:05:00+00:00,1.34879,1.34883,1.3487,1.34874,818.0,2026-09-03T03:05:00+02:00
GBPUSD,5m,2026-09-03T01:10:00+00:00,1.34874,1.34884,1.3487099999999999,1.34872,707.0,2026-09-03T03:10:00+02:00
GBPUSD,5m,2026-09-03T01:15:00+00:00,1.34872,1.34883,1.34869,1.34873,739.0,2026-09-03T03:15:00+02:00
GBPUSD,5m,2026-09-03T01:20:00+00:00,1.34873,1.34882,1.3484099999999999,1.3484399999999999,733.0,2026-09-03T03:20:00+02:00
GBPUSD,5m,2026-09-03T01:25:00+00:00,1.3484399999999999,1.34892,1.34843,1.3489,1092.0,2026-09-03T03:25:00+02:00
GBPUSD,5m,2026-09-03T01:30:00+00:00,1.3489,1.34913,1.3488,1.34903,1907.0,2026-09-03T03:30:00+02:00
GBPUSD,5m,2026-09-03T01:35:00+00:00,1.34903,1.34906,1.34879,1.34891,1348.0,2026-09-03T03:35:00+02:00
GBPUSD,5m,2026-09-03T01:40:00+00:00,1.34891,1.3489799999999998,1.3486,1.34862,1084.0,2026-09-03T03:40:00+02:00
GBPUSD,5m,2026-09-03T01:45:00+00:00,1.34862,1.34872,1.34831,1.3484099999999999,1023.0,2026-09-03T03:45:00+02:00
GBPUSD,5m,2026-09-03T01:50:00+00:00,1.3484099999999999,1.34842,1.34819,1.34826,1028.0,2026-09-03T03:50:00+02:00
GBPUSD,5m,2026-09-03T01:55:00+00:00,1.34826,1.34831,1.34801,1.34812,788.0,2026-09-03T03:55:00+02:00
GBPUSD,5m,2026-09-03T02:00:00+00:00,1.34812,1.3484099999999999,1.34808,1.3481999999999998,1039.0,2026-09-03T04:00:00+02:00
GBPUSD,5m,2026-09-03T02:05:00+00:00,1.3481999999999998,1.34828,1.34813,1.34816,948.0,2026-09-03T04:05:00+02:00
GBPUSD,5m,2026-09-03T02:10:00+00:00,1.34816,1.34823,1.34799,1.34823,1167.0,2026-09-03T04:10:00+02:00
GBPUSD,5m,2026-09-03T02:15:00+00:00,1.34823,1.3483399999999999,1.3480999999999999,1.3481999999999998,745.0,2026-09-03T04:15:00+02:00
GBPUSD,5m,2026-09-03T02:20:00+00:00,1.3481999999999998,1.34872,1.3481999999999998,1.3486,1676.0,2026-09-03T04:20:00+02:00
GBPUSD,5m,2026-09-03T02:25:00+00:00,1.3486,1.34865,1.34839,1.3486,1171.0,2026-09-03T04:25:00+02:00
GBPUSD,5m,2026-09-03T02:30:00+00:00,1.3486,1.3489,1.34853,1.34882,1305.0,2026-09-03T04:30:00+02:00
GBPUSD,5m,2026-09-03T02:35:00+00:00,1.34882,1.34917,1.3488,1.3491199999999999,1517.0,2026-09-03T04:35:00+02:00
GBPUSD,5m,2026-09-03T02:40:00+00:00,1.3491199999999999,1.3491199999999999,1.34869,1.3487,1167.0,2026-09-03T04:40:00+02:00
GBPUSD,5m,2026-09-03T02:45:00+00:00,1.3487,1.3489,1.34858,1.34886,953.0,2026-09-03T04:45:00+02:00
GBPUSD,5m,2026-09-03T02:50:00+00:00,1.34886,1.3489499999999999,1.34873,1.3489,1218.0,2026-09-03T04:50:00+02:00
GBPUSD,5m,2026-09-03T02:55:00+00:00,1.3489,1.34899,1.3488,1.34884,900.0,2026-09-03T04:55:00+02:00
GBPUSD,5m,2026-09-03T03:00:00+00:00,1.34884,1.34928,1.3488099999999998,1.34923,1462.0,2026-09-03T05:00:00+02:00
GBPUSD,5m,2026-09-03T03:05:00+00:00,1.34923,1.34944,1.34921,1.34941,1089.0,2026-09-03T05:05:00+02:00
GBPUSD,5m,2026-09-03T03:10:00+00:00,1.34941,1.3496299999999999,1.34931,1.3494199999999998,969.0,2026-09-03T05:10:00+02:00
GBPUSD,5m,2026-09-03T03:15:00+00:00,1.3494199999999998,1.34944,1.34923,1.34933,867.0,2026-09-03T05:15:00+02:00
GBPUSD,5m,2026-09-03T03:20:00+00:00,1.34933,1.3494199999999998,1.34921,1.34924,724.0,2026-09-03T05:20:00+02:00
GBPUSD,5m,2026-09-03T03:25:00+00:00,1.34924,1.34952,1.3492199999999999,1.3494,972.0,2026-09-03T05:25:00+02:00
GBPUSD,5m,2026-09-03T03:30:00+00:00,1.3494,1.34945,1.3492,1.3493899999999999,921.0,2026-09-03T05:30:00+02:00
GBPUSD,5m,2026-09-03T03:35:00+00:00,1.3493899999999999,1.3494199999999998,1.3492199999999999,1.34941,973.0,2026-09-03T05:35:00+02:00
GBPUSD,5m,2026-09-03T03:40:00+00:00,1.34941,1.34955,1.34934,1.34945,700.0,2026-09-03T05:40:00+02:00
GBPUSD,5m,2026-09-03T03:45:00+00:00,1.34945,1.3494599999999999,1.3492899999999999,1.34941,1096.0,2026-09-03T05:45:00+02:00
GBPUSD,5m,2026-09-03T03:50:00+00:00,1.34941,1.34955,1.34936,1.3495,771.0,2026-09-03T05:50:00+02:00
GBPUSD,5m,2026-09-03T03:55:00+00:00,1.3495,1.34951,1.34931,1.3494199999999998,701.0,2026-09-03T05:55:00+02:00
GBPUSD,5m,2026-09-03T04:00:00+00:00,1.3494199999999998,1.34951,1.34928,1.34933,774.0,2026-09-03T06:00:00+02:00
GBPUSD,5m,2026-09-03T04:05:00+00:00,1.34933,1.34943,1.34921,1.34935,612.0,2026-09-03T06:05:00+02:00
GBPUSD,5m,2026-09-03T04:10:00+00:00,1.34935,1.3494599999999999,1.3493199999999999,1.3494,657.0,2026-09-03T06:10:00+02:00
GBPUSD,5m,2026-09-03T04:15:00+00:00,1.3494,1.34944,1.34931,1.3494,719.0,2026-09-03T06:15:00+02:00
GBPUSD,5m,2026-09-03T04:20:00+00:00,1.3494,1.34955,1.3494,1.34954,562.0,2026-09-03T06:20:00+02:00
GBPUSD,5m,2026-09-03T04:25:00+00:00,1.34954,1.34961,1.34951,1.34954,566.0,2026-09-03T06:25:00+02:00
GBPUSD,5m,2026-09-03T04:30:00+00:00,1.34954,1.3497299999999999,1.34941,1.34962,1179.0,2026-09-03T06:30:00+02:00
GBPUSD,5m,2026-09-03T04:35:00+00:00,1.34962,1.34975,1.34953,1.34972,910.0,2026-09-03T06:35:00+02:00
GBPUSD,5m,2026-09-03T04:40:00+00:00,1.34972,1.34981,1.3496299999999999,1.34969,875.0,2026-09-03T06:40:00+02:00
GBPUSD,5m,2026-09-03T04:45:00+00:00,1.34969,1.34971,1.34952,1.34954,808.0,2026-09-03T06:45:00+02:00
GBPUSD,5m,2026-09-03T04:50:00+00:00,1.34954,1.34957,1.34931,1.34933,661.0,2026-09-03T06:50:00+02:00
GBPUSD,5m,2026-09-03T04:55:00+00:00,1.34933,1.34936,1.34918,1.34931,570.0,2026-09-03T06:55:00+02:00
GBPUSD,5m,2026-09-03T05:00:00+00:00,1.34931,1.3493899999999999,1.34909,1.34913,723.0,2026-09-03T07:00:00+02:00
GBPUSD,5m,2026-09-03T05:05:00+00:00,1.34913,1.34919,1.34899,1.34903,542.0,2026-09-03T07:05:00+02:00
GBPUSD,5m,2026-09-03T05:10:00+00:00,1.34903,1.34919,1.3490199999999999,1.3491199999999999,630.0,2026-09-03T07:10:00+02:00
GBPUSD,5m,2026-09-03T05:15:00+00:00,1.3491199999999999,1.34937,1.34909,1.34924,761.0,2026-09-03T07:15:00+02:00
GBPUSD,5m,2026-09-03T05:20:00+00:00,1.34924,1.3494599999999999,1.3491,1.34944,1161.0,2026-09-03T07:20:00+02:00
GBPUSD,5m,2026-09-03T05:25:00+00:00,1.34944,1.34964,1.34937,1.34943,1361.0,2026-09-03T07:25:00+02:00
GBPUSD,5m,2026-09-03T05:30:00+00:00,1.34943,1.3494599999999999,1.34938,1.34945,884.0,2026-09-03T07:30:00+02:00
GBPUSD,5m,2026-09-03T05:35:00+00:00,1.34945,1.34955,1.34933,1.34953,686.0,2026-09-03T07:35:00+02:00
GBPUSD,5m,2026-09-03T05:40:00+00:00,1.34953,1.34955,1.34916,1.34919,892.0,2026-09-03T07:40:00+02:00
GBPUSD,5m,2026-09-03T05:45:00+00:00,1.34919,1.3493199999999999,1.3491199999999999,1.34931,960.0,2026-09-03T07:45:00+02:00
GBPUSD,5m,2026-09-03T05:50:00+00:00,1.34931,1.34943,1.34891,1.3490199999999999,1137.0,2026-09-03T07:50:00+02:00
GBPUSD,5m,2026-09-03T05:55:00+00:00,1.3490199999999999,1.34914,1.3489799999999998,1.34911,1040.0,2026-09-03T07:55:00+02:00
GBPUSD,5m,2026-09-03T06:00:00+00:00,1.34911,1.34918,1.34853,1.3487,1887.0,2026-09-03T08:00:00+02:00
GBPUSD,5m,2026-09-03T06:05:00+00:00,1.3487,1.34914,1.34863,1.3488099999999998,1936.0,2026-09-03T08:05:00+02:00
GBPUSD,5m,2026-09-03T06:10:00+00:00,1.3488099999999998,1.3488099999999998,1.34835,1.34869,1329.0,2026-09-03T08:10:00+02:00
GBPUSD,5m,2026-09-03T06:15:00+00:00,1.34869,1.34877,1.34843,1.34845,1665.0,2026-09-03T08:15:00+02:00
GBPUSD,5m,2026-09-03T06:20:00+00:00,1.34845,1.3485399999999998,1.3483,1.34831,1281.0,2026-09-03T08:20:00+02:00
GBPUSD,5m,2026-09-03T06:25:00+00:00,1.34831,1.34859,1.34831,1.34853,1112.0,2026-09-03T08:25:00+02:00
GBPUSD,5m,2026-09-03T06:30:00+00:00,1.34853,1.34934,1.34853,1.34909,1666.0,2026-09-03T08:30:00+02:00
GBPUSD,5m,2026-09-03T06:35:00+00:00,1.34909,1.34924,1.3487799999999999,1.34891,1771.0,2026-09-03T08:35:00+02:00
GBPUSD,5m,2026-09-03T06:40:00+00:00,1.34891,1.3494199999999998,1.3488099999999998,1.3492899999999999,1773.0,2026-09-03T08:40:00+02:00
GBPUSD,5m,2026-09-03T06:45:00+00:00,1.3492899999999999,1.34965,1.3492199999999999,1.34957,1283.0,2026-09-03T08:45:00+02:00
GBPUSD,5m,2026-09-03T06:50:00+00:00,1.34957,1.3498299999999999,1.3495,1.34964,1431.0,2026-09-03T08:50:00+02:00
GBPUSD,5m,2026-09-03T06:55:00+00:00,1.34964,1.3498299999999999,1.34913,1.34914,1014.0,2026-09-03T08:55:00+02:00
GBPUSD,5m,2026-09-03T07:00:00+00:00,1.34914,1.35013,1.34892,1.34996,2114.0,2026-09-03T09:00:00+02:00
GBPUSD,5m,2026-09-03T07:05:00+00:00,1.34996,1.35022,1.34975,1.35015,1943.0,2026-09-03T09:05:00+02:00
GBPUSD,5m,2026-09-03T07:10:00+00:00,1.35015,1.3503,1.34943,1.34943,1868.0,2026-09-03T09:10:00+02:00
GBPUSD,5m,2026-09-03T07:15:00+00:00,1.34943,1.3497599999999998,1.3493,1.34964,1331.0,2026-09-03T09:15:00+02:00
GBPUSD,5m,2026-09-03T07:20:00+00:00,1.34964,1.34996,1.34931,1.34972,1457.0,2026-09-03T09:20:00+02:00
GBPUSD,5m,2026-09-03T07:25:00+00:00,1.34972,1.34974,1.34911,1.3493,1807.0,2026-09-03T09:25:00+02:00
GBPUSD,5m,2026-09-03T07:30:00+00:00,1.3493,1.34964,1.3492899999999999,1.34953,1356.0,2026-09-03T09:30:00+02:00
GBPUSD,5m,2026-09-03T07:35:00+00:00,1.34953,1.3499299999999999,1.3491,1.34954,3200.0,2026-09-03T09:35:00+02:00
GBPUSD,5m,2026-09-03T07:40:00+00:00,1.34954,1.34986,1.34933,1.34984,1390.0,2026-09-03T09:40:00+02:00
GBPUSD,5m,2026-09-03T07:45:00+00:00,1.34984,1.35026,1.34982,1.35019,1593.0,2026-09-03T09:45:00+02:00
GBPUSD,5m,2026-09-03T07:50:00+00:00,1.35019,1.3504399999999999,1.35002,1.35035,1405.0,2026-09-03T09:50:00+02:00
GBPUSD,5m,2026-09-03T07:55:00+00:00,1.35035,1.35036,1.35012,1.35025,1589.0,2026-09-03T09:55:00+02:00
GBPUSD,5m,2026-09-03T08:00:00+00:00,1.35025,1.35066,1.34995,1.35033,3124.0,2026-09-03T10:00:00+02:00
GBPUSD,5m,2026-09-03T08:05:00+00:00,1.35033,1.3507099999999999,1.35029,1.3503,2571.0,2026-09-03T10:05:00+02:00
GBPUSD,5m,2026-09-03T08:10:00+00:00,1.3503,1.35033,1.34981,1.34994,1408.0,2026-09-03T10:10:00+02:00
GBPUSD,5m,2026-09-03T08:15:00+00:00,1.34994,1.35009,1.3497999999999999,1.35005,1263.0,2026-09-03T10:15:00+02:00
GBPUSD,5m,2026-09-03T08:20:00+00:00,1.35005,1.3502399999999999,1.34962,1.34975,1199.0,2026-09-03T10:20:00+02:00
GBPUSD,5m,2026-09-03T08:25:00+00:00,1.34975,1.35015,1.34972,1.35012,1175.0,2026-09-03T10:25:00+02:00
GBPUSD,5m,2026-09-03T08:30:00+00:00,1.35012,1.35015,1.34978,1.34979,1073.0,2026-09-03T10:30:00+02:00
GBPUSD,5m,2026-09-03T08:35:00+00:00,1.34979,1.34985,1.34961,1.34974,892.0,2026-09-03T10:35:00+02:00
GBPUSD,5m,2026-09-03T08:40:00+00:00,1.34974,1.35004,1.34971,1.35001,838.0,2026-09-03T10:40:00+02:00
GBPUSD,5m,2026-09-03T08:45:00+00:00,1.35001,1.35022,1.34977,1.34986,1494.0,2026-09-03T10:45:00+02:00
GBPUSD,5m,2026-09-03T08:50:00+00:00,1.34986,1.3504,1.34975,1.35033,1251.0,2026-09-03T10:50:00+02:00
GBPUSD,5m,2026-09-03T08:55:00+00:00,1.35033,1.35038,1.34988,1.34995,1320.0,2026-09-03T10:55:00+02:00
GBPUSD,5m,2026-09-03T09:00:00+00:00,1.34995,1.35032,1.34972,1.3498299999999999,2081.0,2026-09-03T11:00:00+02:00
GBPUSD,5m,2026-09-03T09:05:00+00:00,1.3498299999999999,1.3502399999999999,1.34958,1.35019,1540.0,2026-09-03T11:05:00+02:00
GBPUSD,5m,2026-09-03T09:10:00+00:00,1.35019,1.3501999999999998,1.34979,1.34991,1396.0,2026-09-03T11:10:00+02:00
GBPUSD,5m,2026-09-03T09:15:00+00:00,1.34991,1.35002,1.34961,1.34982,1223.0,2026-09-03T11:15:00+02:00
GBPUSD,5m,2026-09-03T09:20:00+00:00,1.34982,1.3498299999999999,1.3493899999999999,1.3494,1256.0,2026-09-03T11:20:00+02:00
GBPUSD,5m,2026-09-03T09:25:00+00:00,1.3494,1.34945,1.34927,1.34943,1008.0,2026-09-03T11:25:00+02:00
GBPUSD,5m,2026-09-03T09:30:00+00:00,1.34943,1.34952,1.3489799999999998,1.34904,1365.0,2026-09-03T11:30:00+02:00
GBPUSD,5m,2026-09-03T09:35:00+00:00,1.34904,1.3492499999999998,1.34892,1.34914,996.0,2026-09-03T11:35:00+02:00
GBPUSD,5m,2026-09-03T09:40:00+00:00,1.34914,1.34936,1.34897,1.34933,938.0,2026-09-03T11:40:00+02:00
GBPUSD,5m,2026-09-03T09:45:00+00:00,1.34933,1.34968,1.3493199999999999,1.3495599999999999,1200.0,2026-09-03T11:45:00+02:00
GBPUSD,5m,2026-09-03T09:50:00+00:00,1.3495599999999999,1.34975,1.34934,1.3496,836.0,2026-09-03T11:50:00+02:00
GBPUSD,5m,2026-09-03T09:55:00+00:00,1.3496,1.34977,1.34938,1.3497599999999998,1294.0,2026-09-03T11:55:00+02:00
GBPUSD,5m,2026-09-03T10:00:00+00:00,1.3497599999999998,1.34995,1.3496299999999999,1.34981,1534.0,2026-09-03T12:00:00+02:00
GBPUSD,5m,2026-09-03T10:05:00+00:00,1.34981,1.34988,1.3493899999999999,1.3493899999999999,911.0,2026-09-03T12:05:00+02:00
GBPUSD,5m,2026-09-03T10:10:00+00:00,1.3493899999999999,1.34947,1.34897,1.349,1020.0,2026-09-03T12:10:00+02:00
GBPUSD,5m,2026-09-03T10:15:00+00:00,1.349,1.34923,1.34892,1.349,1194.0,2026-09-03T12:15:00+02:00
GBPUSD,5m,2026-09-03T10:20:00+00:00,1.349,1.34921,1.34887,1.3491499999999998,811.0,2026-09-03T12:20:00+02:00
GBPUSD,5m,2026-09-03T10:25:00+00:00,1.3491499999999998,1.34944,1.34906,1.3492,1279.0,2026-09-03T12:25:00+02:00
GBPUSD,5m,2026-09-03T10:30:00+00:00,1.3492,1.3492,1.3487099999999999,1.34876,1184.0,2026-09-03T12:30:00+02:00
GBPUSD,5m,2026-09-03T10:35:00+00:00,1.34876,1.3488,1.34843,1.34846,1092.0,2026-09-03T12:35:00+02:00
GBPUSD,5m,2026-09-03T10:40:00+00:00,1.34846,1.3487,1.3484,1.34862,1105.0,2026-09-03T12:40:00+02:00
GBPUSD,5m,2026-09-03T10:45:00+00:00,1.34862,1.34882,1.3486099999999999,1.34875,936.0,2026-09-03T12:45:00+02:00
GBPUSD,5m,2026-09-03T10:50:00+00:00,1.34875,1.34904,1.34872,1.3490199999999999,1124.0,2026-09-03T12:50:00+02:00
GBPUSD,5m,2026-09-03T10:55:00+00:00,1.3490199999999999,1.34948,1.3489499999999999,1.3494,1731.0,2026-09-03T12:55:00+02:00
GBPUSD,5m,2026-09-03T11:00:00+00:00,1.3494,1.34951,1.3490199999999999,1.34917,2221.0,2026-09-03T13:00:00+02:00
GBPUSD,5m,2026-09-03T11:05:00+00:00,1.34917,1.3496,1.3491,1.34952,1747.0,2026-09-03T13:05:00+02:00
GBPUSD,5m,2026-09-03T11:10:00+00:00,1.34952,1.3497299999999999,1.34945,1.34962,1721.0,2026-09-03T13:10:00+02:00
GBPUSD,5m,2026-09-03T11:15:00+00:00,1.34962,1.3500299999999998,1.3495899999999998,1.3496,2023.0,2026-09-03T13:15:00+02:00
GBPUSD,5m,2026-09-03T11:20:00+00:00,1.3496,1.3496299999999999,1.3493,1.34938,1225.0,2026-09-03T13:20:00+02:00
GBPUSD,5m,2026-09-03T11:25:00+00:00,1.34938,1.3493899999999999,1.34891,1.3492199999999999,1073.0,2026-09-03T13:25:00+02:00
GBPUSD,5m,2026-09-03T11:30:00+00:00,1.3492199999999999,1.34928,1.3486,1.3492199999999999,1338.0,2026-09-03T13:30:00+02:00
GBPUSD,5m,2026-09-03T11:35:00+00:00,1.3492199999999999,1.34934,1.34909,1.3492,940.0,2026-09-03T13:35:00+02:00
GBPUSD,5m,2026-09-03T11:40:00+00:00,1.3492,1.3492199999999999,1.34891,1.34892,868.0,2026-09-03T13:40:00+02:00
GBPUSD,5m,2026-09-03T11:45:00+00:00,1.34892,1.34924,1.34882,1.3492,1435.0,2026-09-03T13:45:00+02:00
GBPUSD,5m,2026-09-03T11:50:00+00:00,1.3492,1.34941,1.3491199999999999,1.34923,1329.0,2026-09-03T13:50:00+02:00
GBPUSD,5m,2026-09-03T11:55:00+00:00,1.34923,1.34958,1.3492199999999999,1.34941,1170.0,2026-09-03T13:55:00+02:00
GBPUSD,5m,2026-09-03T12:00:00+00:00,1.34941,1.34964,1.3492,1.34953,1333.0,2026-09-03T14:00:00+02:00
GBPUSD,5m,2026-09-03T12:05:00+00:00,1.34953,1.34984,1.34941,1.34974,1426.0,2026-09-03T14:05:00+02:00
GBPUSD,5m,2026-09-03T12:10:00+00:00,1.34974,1.34975,1.34931,1.34961,1304.0,2026-09-03T14:10:00+02:00
GBPUSD,5m,2026-09-03T12:15:00+00:00,1.34961,1.34962,1.34938,1.3494899999999999,1634.0,2026-09-03T14:15:00+02:00
GBPUSD,5m,2026-09-03T12:20:00+00:00,1.3494899999999999,1.3495,1.34886,1.34937,2074.0,2026-09-03T14:20:00+02:00
GBPUSD,5m,2026-09-03T12:25:00+00:00,1.34937,1.34937,1.3489,1.34911,819.0,2026-09-03T14:25:00+02:00
GBPUSD,5m,2026-09-03T12:30:00+00:00,1.34911,1.35109,1.3491,1.35021,3157.0,2026-09-03T14:30:00+02:00
GBPUSD,5m,2026-09-03T12:35:00+00:00,1.35021,1.35119,1.34987,1.3511199999999999,2764.0,2026-09-03T14:35:00+02:00
GBPUSD,5m,2026-09-03T12:40:00+00:00,1.3511199999999999,1.3512,1.35058,1.3507099999999999,2302.0,2026-09-03T14:40:00+02:00
GBPUSD,5m,2026-09-03T12:45:00+00:00,1.3507099999999999,1.35141,1.3506,1.3513199999999999,2733.0,2026-09-03T14:45:00+02:00
GBPUSD,5m,2026-09-03T12:50:00+00:00,1.3513199999999999,1.35215,1.35119,1.35199,3032.0,2026-09-03T14:50:00+02:00
GBPUSD,5m,2026-09-03T12:55:00+00:00,1.35199,1.3520999999999999,1.3515899999999998,1.35179,2911.0,2026-09-03T14:55:00+02:00
GBPUSD,5m,2026-09-03T13:00:00+00:00,1.35179,1.3519299999999999,1.3514199999999998,1.35162,2993.0,2026-09-03T15:00:00+02:00
GBPUSD,5m,2026-09-03T13:05:00+00:00,1.35162,1.35172,1.35116,1.3513199999999999,2392.0,2026-09-03T15:05:00+02:00
GBPUSD,5m,2026-09-03T13:10:00+00:00,1.3513199999999999,1.35154,1.3510199999999999,1.3514599999999999,2079.0,2026-09-03T15:10:00+02:00
GBPUSD,5m,2026-09-03T13:15:00+00:00,1.3514599999999999,1.3515599999999999,1.35084,1.35089,1947.0,2026-09-03T15:15:00+02:00
GBPUSD,5m,2026-09-03T13:20:00+00:00,1.35089,1.3511499999999999,1.3508,1.35103,1774.0,2026-09-03T15:20:00+02:00
GBPUSD,5m,2026-09-03T13:25:00+00:00,1.35103,1.35117,1.35075,1.35096,1955.0,2026-09-03T15:25:00+02:00
GBPUSD,5m,2026-09-03T13:30:00+00:00,1.35096,1.351,1.35052,1.35057,2179.0,2026-09-03T15:30:00+02:00
GBPUSD,5m,2026-09-03T13:35:00+00:00,1.35057,1.3507799999999999,1.35045,1.3505099999999999,2200.0,2026-09-03T15:35:00+02:00
GBPUSD,5m,2026-09-03T13:40:00+00:00,1.3505099999999999,1.35104,1.35026,1.35103,1903.0,2026-09-03T15:40:00+02:00
GBPUSD,5m,2026-09-03T13:45:00+00:00,1.35103,1.35113,1.3501999999999998,1.3502699999999999,1722.0,2026-09-03T15:45:00+02:00
GBPUSD,5m,2026-09-03T13:50:00+00:00,1.3502699999999999,1.3511199999999999,1.35019,1.35104,2416.0,2026-09-03T15:50:00+02:00
GBPUSD,5m,2026-09-03T13:55:00+00:00,1.35104,1.35172,1.35101,1.3517,1621.0,2026-09-03T15:55:00+02:00
GBPUSD,5m,2026-09-03T14:00:00+00:00,1.3517,1.3517299999999999,1.3506099999999999,1.3511499999999999,1746.0,2026-09-03T16:00:00+02:00
GBPUSD,5m,2026-09-03T14:05:00+00:00,1.3511499999999999,1.35143,1.35084,1.35092,2102.0,2026-09-03T16:05:00+02:00
GBPUSD,5m,2026-09-03T14:10:00+00:00,1.35092,1.35162,1.35086,1.3514199999999998,1645.0,2026-09-03T16:10:00+02:00
GBPUSD,5m,2026-09-03T14:15:00+00:00,1.3514199999999998,1.3514599999999999,1.35103,1.35116,1951.0,2026-09-03T16:15:00+02:00
GBPUSD,5m,2026-09-03T14:20:00+00:00,1.35116,1.35141,1.3507,1.3509499999999999,2142.0,2026-09-03T16:20:00+02:00
GBPUSD,5m,2026-09-03T14:25:00+00:00,1.3509499999999999,1.3511199999999999,1.35063,1.35106,1956.0,2026-09-03T16:25:00+02:00
GBPUSD,5m,2026-09-03T14:30:00+00:00,1.35106,1.3512,1.35056,1.3506,1768.0,2026-09-03T16:30:00+02:00
GBPUSD,5m,2026-09-03T14:35:00+00:00,1.3506,1.3506799999999999,1.3500999999999999,1.3500999999999999,1862.0,2026-09-03T16:35:00+02:00
GBPUSD,5m,2026-09-03T14:40:00+00:00,1.3500999999999999,1.35035,1.34999,1.35018,1600.0,2026-09-03T16:40:00+02:00
GBPUSD,5m,2026-09-03T14:45:00+00:00,1.35018,1.35079,1.3500699999999999,1.35069,2082.0,2026-09-03T16:45:00+02:00
GBPUSD,5m,2026-09-03T14:50:00+00:00,1.35069,1.3517299999999999,1.35059,1.35168,2484.0,2026-09-03T16:50:00+02:00
GBPUSD,5m,2026-09-03T14:55:00+00:00,1.35168,1.3519999999999999,1.35103,1.35175,2781.0,2026-09-03T16:55:00+02:00
GBPUSD,5m,2026-09-03T15:00:00+00:00,1.35175,1.3527099999999999,1.35175,1.3526399999999998,2262.0,2026-09-03T17:00:00+02:00
GBPUSD,5m,2026-09-03T15:05:00+00:00,1.3526399999999998,1.35387,1.35262,1.35331,2394.0,2026-09-03T17:05:00+02:00
GBPUSD,5m,2026-09-03T15:10:00+00:00,1.35331,1.35365,1.3532199999999999,1.35351,1821.0,2026-09-03T17:10:00+02:00
GBPUSD,5m,2026-09-03T15:15:00+00:00,1.35351,1.35368,1.3532,1.3536299999999999,1541.0,2026-09-03T17:15:00+02:00
GBPUSD,5m,2026-09-03T15:20:00+00:00,1.3536299999999999,1.35406,1.35351,1.3536,2174.0,2026-09-03T17:20:00+02:00
GBPUSD,5m,2026-09-03T15:25:00+00:00,1.3536,1.3538999999999999,1.3534199999999998,1.35371,1815.0,2026-09-03T17:25:00+02:00
GBPUSD,5m,2026-09-03T15:30:00+00:00,1.35371,1.35399,1.3535,1.35354,2083.0,2026-09-03T17:30:00+02:00
GBPUSD,5m,2026-09-03T15:35:00+00:00,1.35354,1.35354,1.353,1.35307,1914.0,2026-09-03T17:35:00+02:00
GBPUSD,5m,2026-09-03T15:40:00+00:00,1.35307,1.35331,1.35287,1.35319,1800.0,2026-09-03T17:40:00+02:00
GBPUSD,5m,2026-09-03T15:45:00+00:00,1.35319,1.3532499999999998,1.3527799999999999,1.35279,1464.0,2026-09-03T17:45:00+02:00
GBPUSD,5m,2026-09-03T15:50:00+00:00,1.35279,1.3528499999999999,1.35266,1.35274,1217.0,2026-09-03T17:50:00+02:00
GBPUSD,5m,2026-09-03T15:55:00+00:00,1.35274,1.35326,1.3526799999999999,1.35321,1419.0,2026-09-03T17:55:00+02:00
GBPUSD,5m,2026-09-03T16:00:00+00:00,1.35321,1.3535,1.35306,1.35324,1392.0,2026-09-03T18:00:00+02:00
GBPUSD,5m,2026-09-03T16:05:00+00:00,1.35324,1.3534899999999999,1.35321,1.35344,1151.0,2026-09-03T18:05:00+02:00
GBPUSD,5m,2026-09-03T16:10:00+00:00,1.35344,1.35398,1.35333,1.35394,1106.0,2026-09-03T18:10:00+02:00
GBPUSD,5m,2026-09-03T16:15:00+00:00,1.35394,1.35422,1.35388,1.35419,1156.0,2026-09-03T18:15:00+02:00
GBPUSD,5m,2026-09-03T16:20:00+00:00,1.35419,1.35431,1.3539999999999999,1.3543,943.0,2026-09-03T18:20:00+02:00
GBPUSD,5m,2026-09-03T16:25:00+00:00,1.3543,1.3544699999999998,1.35402,1.35445,1123.0,2026-09-03T18:25:00+02:00
GBPUSD,5m,2026-09-03T16:30:00+00:00,1.35445,1.35475,1.35429,1.35431,1065.0,2026-09-03T18:30:00+02:00
GBPUSD,5m,2026-09-03T16:35:00+00:00,1.35431,1.35442,1.35411,1.35431,1156.0,2026-09-03T18:35:00+02:00
GBPUSD,5m,2026-09-03T16:40:00+00:00,1.35431,1.3544399999999999,1.35416,1.3544,1106.0,2026-09-03T18:40:00+02:00
GBPUSD,5m,2026-09-03T16:45:00+00:00,1.3544,1.35465,1.35439,1.35463,733.0,2026-09-03T18:45:00+02:00
GBPUSD,5m,2026-09-03T16:50:00+00:00,1.35463,1.3547799999999999,1.35443,1.3544399999999999,1017.0,2026-09-03T18:50:00+02:00
GBPUSD,5m,2026-09-03T16:55:00+00:00,1.3544399999999999,1.35475,1.35436,1.3543699999999999,964.0,2026-09-03T18:55:00+02:00
GBPUSD,5m,2026-09-03T17:00:00+00:00,1.3543699999999999,1.35446,1.35411,1.35411,1032.0,2026-09-03T19:00:00+02:00
GBPUSD,5m,2026-09-03T17:05:00+00:00,1.35411,1.35432,1.3540299999999998,1.3540299999999998,950.0,2026-09-03T19:05:00+02:00
GBPUSD,5m,2026-09-03T17:10:00+00:00,1.3540299999999998,1.3542399999999999,1.35402,1.35423,564.0,2026-09-03T19:10:00+02:00
GBPUSD,5m,2026-09-03T17:15:00+00:00,1.35423,1.35443,1.35419,1.35431,732.0,2026-09-03T19:15:00+02:00
GBPUSD,5m,2026-09-03T17:20:00+00:00,1.35431,1.3546,1.3543,1.35457,689.0,2026-09-03T19:20:00+02:00
GBPUSD,5m,2026-09-03T17:25:00+00:00,1.35457,1.35457,1.35431,1.3545399999999999,725.0,2026-09-03T19:25:00+02:00
GBPUSD,5m,2026-09-03T17:30:00+00:00,1.3545399999999999,1.35467,1.35442,1.3545099999999999,533.0,2026-09-03T19:30:00+02:00
GBPUSD,5m,2026-09-03T17:35:00+00:00,1.3545099999999999,1.35458,1.3543399999999999,1.3543699999999999,608.0,2026-09-03T19:35:00+02:00
GBPUSD,5m,2026-09-03T17:40:00+00:00,1.3543699999999999,1.3544399999999999,1.35423,1.35431,593.0,2026-09-03T19:40:00+02:00
GBPUSD,5m,2026-09-03T17:45:00+00:00,1.35431,1.35435,1.3542399999999999,1.3543,575.0,2026-09-03T19:45:00+02:00
GBPUSD,5m,2026-09-03T17:50:00+00:00,1.3543,1.3543,1.35399,1.35422,639.0,2026-09-03T19:50:00+02:00
GBPUSD,5m,2026-09-03T17:55:00+00:00,1.35422,1.3542399999999999,1.35382,1.3538299999999999,827.0,2026-09-03T19:55:00+02:00
GBPUSD,5m,2026-09-03T18:00:00+00:00,1.3538299999999999,1.35411,1.3538299999999999,1.35402,908.0,2026-09-03T20:00:00+02:00
GBPUSD,5m,2026-09-03T18:05:00+00:00,1.35402,1.35416,1.3538,1.35415,838.0,2026-09-03T20:05:00+02:00
GBPUSD,5m,2026-09-03T18:10:00+00:00,1.35415,1.35432,1.35415,1.35423,897.0,2026-09-03T20:10:00+02:00
GBPUSD,5m,2026-09-03T18:15:00+00:00,1.35423,1.35436,1.35409,1.35412,869.0,2026-09-03T20:15:00+02:00
GBPUSD,5m,2026-09-03T18:20:00+00:00,1.35412,1.35418,1.35395,1.3540999999999999,856.0,2026-09-03T20:20:00+02:00
GBPUSD,5m,2026-09-03T18:25:00+00:00,1.3540999999999999,1.35425,1.35399,1.3539999999999999,782.0,2026-09-03T20:25:00+02:00
GBPUSD,5m,2026-09-03T18:30:00+00:00,1.3539999999999999,1.3540299999999998,1.35377,1.35379,588.0,2026-09-03T20:30:00+02:00
GBPUSD,5m,2026-09-03T18:35:00+00:00,1.35379,1.35385,1.35375,1.35381,722.0,2026-09-03T20:35:00+02:00
GBPUSD,5m,2026-09-03T18:40:00+00:00,1.35381,1.35391,1.35377,1.35378,661.0,2026-09-03T20:40:00+02:00
GBPUSD,5m,2026-09-03T18:45:00+00:00,1.35378,1.3538999999999999,1.35368,1.35379,578.0,2026-09-03T20:45:00+02:00
GBPUSD,5m,2026-09-03T18:50:00+00:00,1.35379,1.35396,1.35379,1.35388,552.0,2026-09-03T20:50:00+02:00
GBPUSD,5m,2026-09-03T18:55:00+00:00,1.35388,1.35395,1.35375,1.35385,448.0,2026-09-03T20:55:00+02:00
GBPUSD,5m,2026-09-03T19:00:00+00:00,1.35385,1.35395,1.3537599999999999,1.35378,540.0,2026-09-03T21:00:00+02:00
GBPUSD,5m,2026-09-03T19:05:00+00:00,1.35378,1.3538999999999999,1.35371,1.3537599999999999,353.0,2026-09-03T21:05:00+02:00
GBPUSD,5m,2026-09-03T19:10:00+00:00,1.3537599999999999,1.3538599999999998,1.35319,1.35319,660.0,2026-09-03T21:10:00+02:00
GBPUSD,5m,2026-09-03T19:15:00+00:00,1.35319,1.3532199999999999,1.35277,1.3528499999999999,1234.0,2026-09-03T21:15:00+02:00
GBPUSD,5m,2026-09-03T19:20:00+00:00,1.3528499999999999,1.3528799999999999,1.35231,1.3523699999999999,1040.0,2026-09-03T21:20:00+02:00
GBPUSD,5m,2026-09-03T19:25:00+00:00,1.3523699999999999,1.35246,1.35229,1.3524,1076.0,2026-09-03T21:25:00+02:00
GBPUSD,5m,2026-09-03T19:30:00+00:00,1.3524,1.35249,1.35221,1.35221,1059.0,2026-09-03T21:30:00+02:00
GBPUSD,5m,2026-09-03T19:35:00+00:00,1.35221,1.35245,1.35221,1.3524399999999999,794.0,2026-09-03T21:35:00+02:00
GBPUSD,5m,2026-09-03T19:40:00+00:00,1.3524399999999999,1.35256,1.35242,1.35252,590.0,2026-09-03T21:40:00+02:00
GBPUSD,5m,2026-09-03T19:45:00+00:00,1.35252,1.35283,1.3525099999999999,1.35273,485.0,2026-09-03T21:45:00+02:00
GBPUSD,5m,2026-09-03T19:50:00+00:00,1.35273,1.3527799999999999,1.3526,1.3526399999999998,720.0,2026-09-03T21:50:00+02:00
GBPUSD,5m,2026-09-03T19:55:00+00:00,1.3526399999999998,1.35279,1.35249,1.35252,1153.0,2026-09-03T21:55:00+02:00
GBPUSD,5m,2026-09-03T20:00:00+00:00,1.35252,1.35284,1.3524399999999999,1.35275,511.0,2026-09-03T22:00:00+02:00
GBPUSD,5m,2026-09-03T20:05:00+00:00,1.35275,1.35284,1.3526799999999999,1.35282,357.0,2026-09-03T22:05:00+02:00
GBPUSD,5m,2026-09-03T20:10:00+00:00,1.35282,1.35284,1.3526099999999999,1.35262,201.0,2026-09-03T22:10:00+02:00
GBPUSD,5m,2026-09-03T20:15:00+00:00,1.35262,1.35262,1.35245,1.35252,232.0,2026-09-03T22:15:00+02:00
GBPUSD,5m,2026-09-03T20:20:00+00:00,1.35252,1.3526399999999998,1.35248,1.35252,249.0,2026-09-03T22:20:00+02:00
GBPUSD,5m,2026-09-03T20:25:00+00:00,1.35252,1.35262,1.3525,1.35262,195.0,2026-09-03T22:25:00+02:00
GBPUSD,5m,2026-09-03T20:30:00+00:00,1.35262,1.35263,1.35249,1.35252,266.0,2026-09-03T22:30:00+02:00
GBPUSD,5m,2026-09-03T20:35:00+00:00,1.35252,1.35265,1.3524399999999999,1.3526399999999998,248.0,2026-09-03T22:35:00+02:00
GBPUSD,5m,2026-09-03T20:40:00+00:00,1.3526399999999998,1.35266,1.3525099999999999,1.3526,337.0,2026-09-03T22:40:00+02:00
GBPUSD,5m,2026-09-03T20:45:00+00:00,1.3526,1.35266,1.35259,1.3526399999999998,187.0,2026-09-03T22:45:00+02:00
GBPUSD,5m,2026-09-03T20:50:00+00:00,1.3526399999999998,1.3526399999999998,1.3526,1.3526,89.0,2026-09-03T22:50:00+02:00
GBPUSD,5m,2026-09-03T20:55:00+00:00,1.3526,1.35262,1.35226,1.35241,390.0,2026-09-03T22:55:00+02:00
GBPUSD,5m,2026-09-03T21:00:00+00:00,1.35241,1.35242,1.3518,1.35187,10.0,2026-09-03T23:00:00+02:00
GBPUSD,5m,2026-09-03T21:05:00+00:00,1.35187,1.3524399999999999,1.35187,1.35218,24.0,2026-09-03T23:05:00+02:00
GBPUSD,5m,2026-09-03T21:10:00+00:00,1.35218,1.3525,1.35216,1.35232,83.0,2026-09-03T23:10:00+02:00
GBPUSD,5m,2026-09-03T21:15:00+00:00,1.35232,1.3523699999999999,1.35216,1.35236,53.0,2026-09-03T23:15:00+02:00
GBPUSD,5m,2026-09-03T21:20:00+00:00,1.35236,1.35239,1.35216,1.35229,49.0,2026-09-03T23:20:00+02:00
GBPUSD,5m,2026-09-03T21:25:00+00:00,1.35229,1.35235,1.35219,1.35225,77.0,2026-09-03T23:25:00+02:00
GBPUSD,5m,2026-09-03T21:30:00+00:00,1.35225,1.35231,1.35215,1.35231,57.0,2026-09-03T23:30:00+02:00
GBPUSD,5m,2026-09-03T21:35:00+00:00,1.35231,1.35241,1.35216,1.35221,96.0,2026-09-03T23:35:00+02:00
GBPUSD,5m,2026-09-03T21:40:00+00:00,1.35221,1.35242,1.35206,1.35223,80.0,2026-09-03T23:40:00+02:00
GBPUSD,5m,2026-09-03T21:45:00+00:00,1.35223,1.35239,1.35202,1.35216,458.0,2026-09-03T23:45:00+02:00
GBPUSD,5m,2026-09-03T21:50:00+00:00,1.35216,1.35229,1.3519999999999999,1.35215,282.0,2026-09-03T23:50:00+02:00
GBPUSD,5m,2026-09-03T21:55:00+00:00,1.35215,1.3523399999999999,1.35199,1.35218,477.0,2026-09-03T23:55:00+02:00
GBPUSD,5m,2026-09-03T22:00:00+00:00,1.35218,1.35263,1.3520299999999998,1.35238,447.0,2026-09-04T00:00:00+02:00
GBPUSD,5m,2026-09-03T22:05:00+00:00,1.35238,1.3524399999999999,1.3522699999999999,1.3523399999999999,90.0,2026-09-04T00:05:00+02:00
GBPUSD,5m,2026-09-03T22:10:00+00:00,1.3523399999999999,1.35246,1.35226,1.35243,174.0,2026-09-04T00:10:00+02:00
GBPUSD,5m,2026-09-03T22:15:00+00:00,1.35243,1.3524699999999998,1.3523399999999999,1.35235,143.0,2026-09-04T00:15:00+02:00
GBPUSD,5m,2026-09-03T22:20:00+00:00,1.35235,1.35236,1.35226,1.35232,76.0,2026-09-04T00:20:00+02:00
GBPUSD,5m,2026-09-03T22:25:00+00:00,1.35232,1.35235,1.3523,1.35233,33.0,2026-09-04T00:25:00+02:00
GBPUSD,5m,2026-09-03T22:30:00+00:00,1.35233,1.3524399999999999,1.35233,1.35241,55.0,2026-09-04T00:30:00+02:00
GBPUSD,5m,2026-09-03T22:35:00+00:00,1.35241,1.35242,1.35229,1.35233,180.0,2026-09-04T00:35:00+02:00
GBPUSD,5m,2026-09-03T22:40:00+00:00,1.35233,1.35241,1.3523,1.35235,138.0,2026-09-04T00:40:00+02:00
GBPUSD,5m,2026-09-03T22:45:00+00:00,1.35235,1.3523699999999999,1.35229,1.35232,137.0,2026-09-04T00:45:00+02:00
GBPUSD,5m,2026-09-03T22:50:00+00:00,1.35232,1.35233,1.35226,1.3523,154.0,2026-09-04T00:50:00+02:00
GBPUSD,5m,2026-09-03T22:55:00+00:00,1.3523,1.35236,1.35228,1.35231,110.0,2026-09-04T00:55:00+02:00
GBPUSD,5m,2026-09-03T23:00:00+00:00,1.35231,1.35243,1.3522699999999999,1.35241,273.0,2026-09-04T01:00:00+02:00
GBPUSD,5m,2026-09-03T23:05:00+00:00,1.35241,1.3525399999999999,1.35238,1.35252,209.0,2026-09-04T01:05:00+02:00
GBPUSD,5m,2026-09-03T23:10:00+00:00,1.35252,1.35252,1.35238,1.35243,195.0,2026-09-04T01:10:00+02:00
GBPUSD,5m,2026-09-03T23:15:00+00:00,1.35243,1.3525,1.35239,1.3525,158.0,2026-09-04T01:15:00+02:00
GBPUSD,5m,2026-09-03T23:20:00+00:00,1.3525,1.35266,1.35249,1.35259,172.0,2026-09-04T01:20:00+02:00
GBPUSD,5m,2026-09-03T23:25:00+00:00,1.35259,1.3526099999999999,1.3525099999999999,1.35259,136.0,2026-09-04T01:25:00+02:00
GBPUSD,5m,2026-09-03T23:30:00+00:00,1.35259,1.35292,1.35257,1.35257,420.0,2026-09-04T01:30:00+02:00
GBPUSD,5m,2026-09-03T23:35:00+00:00,1.35257,1.3526399999999998,1.3525,1.35257,273.0,2026-09-04T01:35:00+02:00
GBPUSD,5m,2026-09-03T23:40:00+00:00,1.35257,1.3527099999999999,1.35252,1.3526,395.0,2026-09-04T01:40:00+02:00
GBPUSD,5m,2026-09-03T23:45:00+00:00,1.3526,1.3527799999999999,1.35255,1.35272,653.0,2026-09-04T01:45:00+02:00
GBPUSD,5m,2026-09-03T23:50:00+00:00,1.35272,1.3528,1.3526799999999999,1.3528,609.0,2026-09-04T01:50:00+02:00
GBPUSD,5m,2026-09-03T23:55:00+00:00,1.3528,1.35282,1.35275,1.3528,422.0,2026-09-04T01:55:00+02:00
GBPUSD,5m,2026-09-04T00:00:00+00:00,1.3528,1.35297,1.3526799999999999,1.35292,1466.0,2026-09-04T02:00:00+02:00
GBPUSD,5m,2026-09-04T00:05:00+00:00,1.35292,1.35301,1.35265,1.35266,1415.0,2026-09-04T02:05:00+02:00
GBPUSD,5m,2026-09-04T00:10:00+00:00,1.35266,1.3528099999999998,1.3526099999999999,1.3528,1155.0,2026-09-04T02:10:00+02:00
GBPUSD,5m,2026-09-04T00:15:00+00:00,1.3528,1.35283,1.3525399999999999,1.35262,1221.0,2026-09-04T02:15:00+02:00
GBPUSD,5m,2026-09-04T00:20:00+00:00,1.35262,1.35274,1.3525099999999999,1.35266,1008.0,2026-09-04T02:20:00+02:00
GBPUSD,5m,2026-09-04T00:25:00+00:00,1.35266,1.35266,1.3524699999999998,1.35248,721.0,2026-09-04T02:25:00+02:00
GBPUSD,5m,2026-09-04T00:30:00+00:00,1.35248,1.3527,1.35246,1.35258,798.0,2026-09-04T02:30:00+02:00
GBPUSD,5m,2026-09-04T00:35:00+00:00,1.35258,1.35269,1.35243,1.35252,686.0,2026-09-04T02:35:00+02:00
GBPUSD,5m,2026-09-04T00:40:00+00:00,1.35252,1.35283,1.35248,1.35279,1157.0,2026-09-04T02:40:00+02:00
GBPUSD,5m,2026-09-04T00:45:00+00:00,1.35279,1.35303,1.35275,1.353,953.0,2026-09-04T02:45:00+02:00
GBPUSD,5m,2026-09-04T00:50:00+00:00,1.353,1.35334,1.3529799999999998,1.3533,903.0,2026-09-04T02:50:00+02:00
GBPUSD,5m,2026-09-04T00:55:00+00:00,1.3533,1.35334,1.3529499999999999,1.3529499999999999,1201.0,2026-09-04T02:55:00+02:00
GBPUSD,5m,2026-09-04T01:00:00+00:00,1.3529499999999999,1.35314,1.35289,1.35292,1256.0,2026-09-04T03:00:00+02:00
GBPUSD,5m,2026-09-04T01:05:00+00:00,1.35292,1.3531,1.3528499999999999,1.35297,1348.0,2026-09-04T03:05:00+02:00
GBPUSD,5m,2026-09-04T01:10:00+00:00,1.35297,1.35314,1.3528,1.35282,1132.0,2026-09-04T03:10:00+02:00
GBPUSD,5m,2026-09-04T01:15:00+00:00,1.35282,1.35311,1.35277,1.35306,1235.0,2026-09-04T03:15:00+02:00
GBPUSD,5m,2026-09-04T01:20:00+00:00,1.35306,1.35344,1.35304,1.35316,1247.0,2026-09-04T03:20:00+02:00
GBPUSD,5m,2026-09-04T01:25:00+00:00,1.35316,1.3533199999999999,1.35303,1.3532199999999999,1024.0,2026-09-04T03:25:00+02:00
GBPUSD,5m,2026-09-04T01:30:00+00:00,1.3532199999999999,1.35327,1.35304,1.3531199999999999,885.0,2026-09-04T03:30:00+02:00
GBPUSD,5m,2026-09-04T01:35:00+00:00,1.3531199999999999,1.35334,1.35309,1.3532,1147.0,2026-09-04T03:35:00+02:00
GBPUSD,5m,2026-09-04T01:40:00+00:00,1.3532,1.35331,1.35318,1.35324,981.0,2026-09-04T03:40:00+02:00
GBPUSD,5m,2026-09-04T01:45:00+00:00,1.35324,1.35327,1.3531499999999999,1.3532199999999999,592.0,2026-09-04T03:45:00+02:00
GBPUSD,5m,2026-09-04T01:50:00+00:00,1.3532199999999999,1.35326,1.3531,1.35323,679.0,2026-09-04T03:50:00+02:00
GBPUSD,5m,2026-09-04T01:55:00+00:00,1.35323,1.35344,1.35323,1.35343,754.0,2026-09-04T03:55:00+02:00
GBPUSD,5m,2026-09-04T02:00:00+00:00,1.35343,1.3537299999999999,1.35338,1.35371,711.0,2026-09-04T04:00:00+02:00
GBPUSD,5m,2026-09-04T02:05:00+00:00,1.35371,1.35372,1.35335,1.35336,651.0,2026-09-04T04:05:00+02:00
GBPUSD,5m,2026-09-04T02:10:00+00:00,1.35336,1.35345,1.35331,1.3534199999999998,631.0,2026-09-04T04:10:00+02:00
GBPUSD,5m,2026-09-04T02:15:00+00:00,1.3534199999999998,1.35345,1.35317,1.3532,518.0,2026-09-04T04:15:00+02:00
GBPUSD,5m,2026-09-04T02:20:00+00:00,1.3532,1.35321,1.35294,1.353,477.0,2026-09-04T04:20:00+02:00
GBPUSD,5m,2026-09-04T02:25:00+00:00,1.353,1.3530499999999999,1.3529,1.35303,721.0,2026-09-04T04:25:00+02:00
GBPUSD,5m,2026-09-04T02:30:00+00:00,1.35303,1.35313,1.3529499999999999,1.3529499999999999,611.0,2026-09-04T04:30:00+02:00
GBPUSD,5m,2026-09-04T02:35:00+00:00,1.3529499999999999,1.35314,1.35292,1.3531199999999999,511.0,2026-09-04T04:35:00+02:00
GBPUSD,5m,2026-09-04T02:40:00+00:00,1.3531199999999999,1.35323,1.35309,1.3531199999999999,706.0,2026-09-04T04:40:00+02:00
GBPUSD,5m,2026-09-04T02:45:00+00:00,1.3531199999999999,1.35319,1.35306,1.35313,510.0,2026-09-04T04:45:00+02:00
GBPUSD,5m,2026-09-04T02:50:00+00:00,1.35313,1.35333,1.3531,1.3533199999999999,568.0,2026-09-04T04:50:00+02:00
GBPUSD,5m,2026-09-04T02:55:00+00:00,1.3533199999999999,1.35334,1.35303,1.3530799999999998,614.0,2026-09-04T04:55:00+02:00
GBPUSD,5m,2026-09-04T03:00:00+00:00,1.3530799999999998,1.35324,1.35306,1.3532,566.0,2026-09-04T05:00:00+02:00
GBPUSD,5m,2026-09-04T03:05:00+00:00,1.3532,1.3532499999999998,1.3530799999999998,1.3532499999999998,821.0,2026-09-04T05:05:00+02:00
GBPUSD,5m,2026-09-04T03:10:00+00:00,1.3532499999999998,1.35331,1.35316,1.3532899999999999,610.0,2026-09-04T05:10:00+02:00
GBPUSD,5m,2026-09-04T03:15:00+00:00,1.3532899999999999,1.3534,1.3532899999999999,1.3533199999999999,285.0,2026-09-04T05:15:00+02:00
GBPUSD,5m,2026-09-04T03:20:00+00:00,1.3533199999999999,1.3534199999999998,1.3532899999999999,1.3533,503.0,2026-09-04T05:20:00+02:00
GBPUSD,5m,2026-09-04T03:25:00+00:00,1.3533,1.3533199999999999,1.353,1.35303,586.0,2026-09-04T05:25:00+02:00
GBPUSD,5m,2026-09-04T03:30:00+00:00,1.35303,1.35304,1.35284,1.35299,687.0,2026-09-04T05:30:00+02:00
GBPUSD,5m,2026-09-04T03:35:00+00:00,1.35299,1.35301,1.35266,1.35273,733.0,2026-09-04T05:35:00+02:00
GBPUSD,5m,2026-09-04T03:40:00+00:00,1.35273,1.35283,1.35262,1.35262,1168.0,2026-09-04T05:40:00+02:00
GBPUSD,5m,2026-09-04T03:45:00+00:00,1.35262,1.3527799999999999,1.3526099999999999,1.3527099999999999,1005.0,2026-09-04T05:45:00+02:00
GBPUSD,5m,2026-09-04T03:50:00+00:00,1.3527099999999999,1.3529499999999999,1.35269,1.3528799999999999,814.0,2026-09-04T05:50:00+02:00
GBPUSD,5m,2026-09-04T03:55:00+00:00,1.3528799999999999,1.35302,1.3528,1.35289,771.0,2026-09-04T05:55:00+02:00
GBPUSD,5m,2026-09-04T04:00:00+00:00,1.35289,1.3532199999999999,1.35289,1.3531499999999999,1412.0,2026-09-04T06:00:00+02:00
GBPUSD,5m,2026-09-04T04:05:00+00:00,1.3531499999999999,1.3532499999999998,1.3529799999999998,1.353,816.0,2026-09-04T06:05:00+02:00
GBPUSD,5m,2026-09-04T04:10:00+00:00,1.353,1.35311,1.3529499999999999,1.35304,701.0,2026-09-04T06:10:00+02:00
GBPUSD,5m,2026-09-04T04:15:00+00:00,1.35304,1.35306,1.3529799999999998,1.353,348.0,2026-09-04T06:15:00+02:00
GBPUSD,5m,2026-09-04T04:20:00+00:00,1.353,1.35309,1.35294,1.35299,494.0,2026-09-04T06:20:00+02:00
GBPUSD,5m,2026-09-04T04:25:00+00:00,1.35299,1.35309,1.35291,1.35304,633.0,2026-09-04T06:25:00+02:00
GBPUSD,5m,2026-09-04T04:30:00+00:00,1.35304,1.3532,1.3529799999999998,1.35299,595.0,2026-09-04T06:30:00+02:00
GBPUSD,5m,2026-09-04T04:35:00+00:00,1.35299,1.3532499999999998,1.35293,1.3532,605.0,2026-09-04T06:35:00+02:00
GBPUSD,5m,2026-09-04T04:40:00+00:00,1.3532,1.35321,1.35309,1.3531199999999999,436.0,2026-09-04T06:40:00+02:00
GBPUSD,5m,2026-09-04T04:45:00+00:00,1.3531199999999999,1.35316,1.353,1.35309,413.0,2026-09-04T06:45:00+02:00
GBPUSD,5m,2026-09-04T04:50:00+00:00,1.35309,1.35319,1.35303,1.35316,497.0,2026-09-04T06:50:00+02:00
GBPUSD,5m,2026-09-04T04:55:00+00:00,1.35316,1.3532199999999999,1.35306,1.35313,425.0,2026-09-04T06:55:00+02:00
GBPUSD,5m,2026-09-04T05:00:00+00:00,1.35313,1.35314,1.35299,1.35299,628.0,2026-09-04T07:00:00+02:00
GBPUSD,5m,2026-09-04T05:05:00+00:00,1.35299,1.35314,1.35293,1.35303,537.0,2026-09-04T07:05:00+02:00
GBPUSD,5m,2026-09-04T05:10:00+00:00,1.35303,1.35321,1.35299,1.3532,435.0,2026-09-04T07:10:00+02:00
GBPUSD,5m,2026-09-04T05:15:00+00:00,1.3532,1.3532899999999999,1.35309,1.3531499999999999,618.0,2026-09-04T07:15:00+02:00
GBPUSD,5m,2026-09-04T05:20:00+00:00,1.3531499999999999,1.3532499999999998,1.35309,1.35313,349.0,2026-09-04T07:20:00+02:00
GBPUSD,5m,2026-09-04T05:25:00+00:00,1.35313,1.3532199999999999,1.3531,1.35317,452.0,2026-09-04T07:25:00+02:00
GBPUSD,5m,2026-09-04T05:30:00+00:00,1.35317,1.35335,1.35316,1.35333,584.0,2026-09-04T07:30:00+02:00
GBPUSD,5m,2026-09-04T05:35:00+00:00,1.35333,1.35345,1.3532899999999999,1.3534,482.0,2026-09-04T07:35:00+02:00
GBPUSD,5m,2026-09-04T05:40:00+00:00,1.3534,1.3534,1.35323,1.3532499999999998,486.0,2026-09-04T07:40:00+02:00
GBPUSD,5m,2026-09-04T05:45:00+00:00,1.3532499999999998,1.35343,1.35313,1.35334,653.0,2026-09-04T07:45:00+02:00
GBPUSD,5m,2026-09-04T05:50:00+00:00,1.35334,1.3534199999999998,1.3532,1.35334,579.0,2026-09-04T07:50:00+02:00
GBPUSD,5m,2026-09-04T05:55:00+00:00,1.35334,1.35354,1.3533199999999999,1.3534899999999999,769.0,2026-09-04T07:55:00+02:00
GBPUSD,5m,2026-09-04T06:00:00+00:00,1.3534899999999999,1.35372,1.35344,1.3536599999999999,1224.0,2026-09-04T08:00:00+02:00
GBPUSD,5m,2026-09-04T06:05:00+00:00,1.3536599999999999,1.3540299999999998,1.35364,1.35399,1153.0,2026-09-04T08:05:00+02:00
GBPUSD,5m,2026-09-04T06:10:00+00:00,1.35399,1.35432,1.35388,1.35429,1001.0,2026-09-04T08:10:00+02:00
GBPUSD,5m,2026-09-04T06:15:00+00:00,1.35429,1.35429,1.35398,1.35413,1052.0,2026-09-04T08:15:00+02:00
GBPUSD,5m,2026-09-04T06:20:00+00:00,1.35413,1.3543399999999999,1.35411,1.3541999999999998,1145.0,2026-09-04T08:20:00+02:00
GBPUSD,5m,2026-09-04T06:25:00+00:00,1.3541999999999998,1.35435,1.35411,1.35433,1054.0,2026-09-04T08:25:00+02:00
GBPUSD,5m,2026-09-04T06:30:00+00:00,1.35433,1.35441,1.35396,1.35429,1432.0,2026-09-04T08:30:00+02:00
GBPUSD,5m,2026-09-04T06:35:00+00:00,1.35429,1.35435,1.3540999999999999,1.35413,1108.0,2026-09-04T08:35:00+02:00
GBPUSD,5m,2026-09-04T06:40:00+00:00,1.35413,1.3544399999999999,1.35412,1.3542399999999999,720.0,2026-09-04T08:40:00+02:00
GBPUSD,5m,2026-09-04T06:45:00+00:00,1.3542399999999999,1.3544399999999999,1.35414,1.35414,910.0,2026-09-04T08:45:00+02:00
GBPUSD,5m,2026-09-04T06:50:00+00:00,1.35414,1.3542699999999999,1.35413,1.3542399999999999,920.0,2026-09-04T08:50:00+02:00
GBPUSD,5m,2026-09-04T06:55:00+00:00,1.3542399999999999,1.35433,1.35405,1.35413,1175.0,2026-09-04T08:55:00+02:00
GBPUSD,5m,2026-09-04T07:00:00+00:00,1.35413,1.3545399999999999,1.35405,1.35446,1751.0,2026-09-04T09:00:00+02:00
GBPUSD,5m,2026-09-04T07:05:00+00:00,1.35446,1.35463,1.35436,1.35441,1241.0,2026-09-04T09:05:00+02:00
GBPUSD,5m,2026-09-04T07:10:00+00:00,1.35441,1.3545099999999999,1.35409,1.3540999999999999,1128.0,2026-09-04T09:10:00+02:00
GBPUSD,5m,2026-09-04T07:15:00+00:00,1.3540999999999999,1.35432,1.35408,1.35431,947.0,2026-09-04T09:15:00+02:00
GBPUSD,5m,2026-09-04T07:20:00+00:00,1.35431,1.35435,1.35412,1.35423,1102.0,2026-09-04T09:20:00+02:00
GBPUSD,5m,2026-09-04T07:25:00+00:00,1.35423,1.35462,1.35421,1.3546,1095.0,2026-09-04T09:25:00+02:00
GBPUSD,5m,2026-09-04T07:30:00+00:00,1.3546,1.35486,1.35459,1.3546,1137.0,2026-09-04T09:30:00+02:00
GBPUSD,5m,2026-09-04T07:35:00+00:00,1.3546,1.3546,1.35408,1.3540999999999999,984.0,2026-09-04T09:35:00+02:00
GBPUSD,5m,2026-09-04T07:40:00+00:00,1.3540999999999999,1.35469,1.35408,1.3546399999999998,1094.0,2026-09-04T09:40:00+02:00
GBPUSD,5m,2026-09-04T07:45:00+00:00,1.3546399999999998,1.35472,1.35438,1.35441,973.0,2026-09-04T09:45:00+02:00
GBPUSD,5m,2026-09-04T07:50:00+00:00,1.35441,1.35448,1.35374,1.35375,1175.0,2026-09-04T09:50:00+02:00
GBPUSD,5m,2026-09-04T07:55:00+00:00,1.35375,1.35377,1.35323,1.3533899999999999,1283.0,2026-09-04T09:55:00+02:00
GBPUSD,5m,2026-09-04T08:00:00+00:00,1.3533899999999999,1.35365,1.35327,1.3536299999999999,1319.0,2026-09-04T10:00:00+02:00
GBPUSD,5m,2026-09-04T08:05:00+00:00,1.3536299999999999,1.35377,1.35327,1.35351,1404.0,2026-09-04T10:05:00+02:00
GBPUSD,5m,2026-09-04T08:10:00+00:00,1.35351,1.35362,1.35336,1.35343,1036.0,2026-09-04T10:10:00+02:00
GBPUSD,5m,2026-09-04T08:15:00+00:00,1.35343,1.35371,1.35324,1.35367,905.0,2026-09-04T10:15:00+02:00
GBPUSD,5m,2026-09-04T08:20:00+00:00,1.35367,1.35379,1.35357,1.35365,824.0,2026-09-04T10:20:00+02:00
GBPUSD,5m,2026-09-04T08:25:00+00:00,1.35365,1.35426,1.35365,1.3542399999999999,630.0,2026-09-04T10:25:00+02:00
GBPUSD,5m,2026-09-04T08:30:00+00:00,1.3542399999999999,1.3542399999999999,1.35289,1.35302,1313.0,2026-09-04T10:30:00+02:00
GBPUSD,5m,2026-09-04T08:35:00+00:00,1.35302,1.35324,1.3529499999999999,1.3532199999999999,1271.0,2026-09-04T10:35:00+02:00
GBPUSD,5m,2026-09-04T08:40:00+00:00,1.3532199999999999,1.35331,1.35309,1.3532499999999998,1306.0,2026-09-04T10:40:00+02:00
GBPUSD,5m,2026-09-04T08:45:00+00:00,1.3532499999999998,1.35344,1.35314,1.35336,976.0,2026-09-04T10:45:00+02:00
GBPUSD,5m,2026-09-04T08:50:00+00:00,1.35336,1.35345,1.35302,1.35324,730.0,2026-09-04T10:50:00+02:00
GBPUSD,5m,2026-09-04T08:55:00+00:00,1.35324,1.35347,1.3531199999999999,1.3532499999999998,580.0,2026-09-04T10:55:00+02:00
GBPUSD,5m,2026-09-04T09:00:00+00:00,1.3532499999999998,1.35326,1.35291,1.35303,1028.0,2026-09-04T11:00:00+02:00
GBPUSD,5m,2026-09-04T09:05:00+00:00,1.35303,1.3530499999999999,1.35284,1.35299,786.0,2026-09-04T11:05:00+02:00
GBPUSD,5m,2026-09-04T09:10:00+00:00,1.35299,1.35299,1.35269,1.35275,640.0,2026-09-04T11:10:00+02:00
GBPUSD,5m,2026-09-04T09:15:00+00:00,1.35275,1.35297,1.35273,1.35291,910.0,2026-09-04T11:15:00+02:00
GBPUSD,5m,2026-09-04T09:20:00+00:00,1.35291,1.3529499999999999,1.35262,1.35263,728.0,2026-09-04T11:20:00+02:00
GBPUSD,5m,2026-09-04T09:25:00+00:00,1.35263,1.35266,1.35243,1.35263,966.0,2026-09-04T11:25:00+02:00
GBPUSD,5m,2026-09-04T09:30:00+00:00,1.35263,1.35266,1.35219,1.35239,1159.0,2026-09-04T11:30:00+02:00
GBPUSD,5m,2026-09-04T09:35:00+00:00,1.35239,1.35266,1.3523,1.3526,1012.0,2026-09-04T11:35:00+02:00
GBPUSD,5m,2026-09-04T09:40:00+00:00,1.3526,1.35273,1.3521999999999998,1.35225,910.0,2026-09-04T11:40:00+02:00
GBPUSD,5m,2026-09-04T09:45:00+00:00,1.35225,1.3526399999999998,1.35223,1.3526399999999998,835.0,2026-09-04T11:45:00+02:00
GBPUSD,5m,2026-09-04T09:50:00+00:00,1.3526399999999998,1.3526399999999998,1.3521999999999998,1.35241,1230.0,2026-09-04T11:50:00+02:00
GBPUSD,5m,2026-09-04T09:55:00+00:00,1.35241,1.3526099999999999,1.35212,1.35226,1299.0,2026-09-04T11:55:00+02:00
GBPUSD,5m,2026-09-04T10:00:00+00:00,1.35226,1.35245,1.35216,1.3523,1182.0,2026-09-04T12:00:00+02:00
GBPUSD,5m,2026-09-04T10:05:00+00:00,1.3523,1.35252,1.35216,1.3525,870.0,2026-09-04T12:05:00+02:00
GBPUSD,5m,2026-09-04T10:10:00+00:00,1.3525,1.35252,1.35229,1.35241,621.0,2026-09-04T12:10:00+02:00
GBPUSD,5m,2026-09-04T10:15:00+00:00,1.35241,1.35273,1.35241,1.35265,592.0,2026-09-04T12:15:00+02:00
GBPUSD,5m,2026-09-04T10:20:00+00:00,1.35265,1.35265,1.3524399999999999,1.35255,1076.0,2026-09-04T12:20:00+02:00
GBPUSD,5m,2026-09-04T10:25:00+00:00,1.35255,1.35287,1.3523399999999999,1.35256,1254.0,2026-09-04T12:25:00+02:00
GBPUSD,5m,2026-09-04T10:30:00+00:00,1.35256,1.35293,1.35252,1.35274,912.0,2026-09-04T12:30:00+02:00
GBPUSD,5m,2026-09-04T10:35:00+00:00,1.35274,1.35287,1.3526,1.3528099999999998,656.0,2026-09-04T12:35:00+02:00
GBPUSD,5m,2026-09-04T10:40:00+00:00,1.3528099999999998,1.3531199999999999,1.35274,1.35311,819.0,2026-09-04T12:40:00+02:00
GBPUSD,5m,2026-09-04T10:45:00+00:00,1.35311,1.3534199999999998,1.35307,1.3533199999999999,909.0,2026-09-04T12:45:00+02:00
GBPUSD,5m,2026-09-04T10:50:00+00:00,1.3533199999999999,1.3534899999999999,1.35316,1.3533199999999999,768.0,2026-09-04T12:50:00+02:00
GBPUSD,5m,2026-09-04T10:55:00+00:00,1.3533199999999999,1.35334,1.3530799999999998,1.35311,932.0,2026-09-04T12:55:00+02:00
GBPUSD,5m,2026-09-04T11:00:00+00:00,1.35311,1.35338,1.35311,1.3533,996.0,2026-09-04T13:00:00+02:00
GBPUSD,5m,2026-09-04T11:05:00+00:00,1.3533,1.35337,1.35318,1.35328,852.0,2026-09-04T13:05:00+02:00
GBPUSD,5m,2026-09-04T11:10:00+00:00,1.35328,1.3536,1.3532199999999999,1.35353,1057.0,2026-09-04T13:10:00+02:00
GBPUSD,5m,2026-09-04T11:15:00+00:00,1.35353,1.35364,1.3533899999999999,1.3535899999999998,670.0,2026-09-04T13:15:00+02:00
GBPUSD,5m,2026-09-04T11:20:00+00:00,1.3535899999999998,1.35382,1.35358,1.35368,958.0,2026-09-04T13:20:00+02:00
GBPUSD,5m,2026-09-04T11:25:00+00:00,1.35368,1.35368,1.35345,1.3535899999999998,669.0,2026-09-04T13:25:00+02:00
GBPUSD,5m,2026-09-04T11:30:00+00:00,1.3535899999999998,1.35361,1.35336,1.35343,802.0,2026-09-04T13:30:00+02:00
GBPUSD,5m,2026-09-04T11:35:00+00:00,1.35343,1.35361,1.35337,1.35338,691.0,2026-09-04T13:35:00+02:00
GBPUSD,5m,2026-09-04T11:40:00+00:00,1.35338,1.3535,1.35317,1.3533899999999999,682.0,2026-09-04T13:40:00+02:00
GBPUSD,5m,2026-09-04T11:45:00+00:00,1.3533899999999999,1.35361,1.3533199999999999,1.35343,987.0,2026-09-04T13:45:00+02:00
GBPUSD,5m,2026-09-04T11:50:00+00:00,1.35343,1.35367,1.35326,1.3533899999999999,1140.0,2026-09-04T13:50:00+02:00
GBPUSD,5m,2026-09-04T11:55:00+00:00,1.3533899999999999,1.3535599999999999,1.35317,1.35317,855.0,2026-09-04T13:55:00+02:00
GBPUSD,5m,2026-09-04T12:00:00+00:00,1.35317,1.3536,1.35317,1.3534,1377.0,2026-09-04T14:00:00+02:00
GBPUSD,5m,2026-09-04T12:05:00+00:00,1.3534,1.3535,1.35289,1.3530499999999999,1274.0,2026-09-04T14:05:00+02:00
GBPUSD,5m,2026-09-04T12:10:00+00:00,1.3530499999999999,1.3531499999999999,1.35263,1.35292,1004.0,2026-09-04T14:10:00+02:00
GBPUSD,5m,2026-09-04T12:15:00+00:00,1.35292,1.3532,1.35287,1.35291,1114.0,2026-09-04T14:15:00+02:00
GBPUSD,5m,2026-09-04T12:20:00+00:00,1.35291,1.35306,1.3528,1.35287,1371.0,2026-09-04T14:20:00+02:00
GBPUSD,5m,2026-09-04T12:25:00+00:00,1.35287,1.3532199999999999,1.3528099999999998,1.3529799999999998,1410.0,2026-09-04T14:25:00+02:00
GBPUSD,5m,2026-09-04T12:30:00+00:00,1.3529799999999998,1.3531,1.34813,1.3495599999999999,6238.0,2026-09-04T14:30:00+02:00
GBPUSD,5m,2026-09-04T12:35:00+00:00,1.3495599999999999,1.3502699999999999,1.34935,1.34972,5124.0,2026-09-04T14:35:00+02:00
GBPUSD,5m,2026-09-04T12:40:00+00:00,1.34972,1.34991,1.3493,1.34974,3025.0,2026-09-04T14:40:00+02:00
GBPUSD,5m,2026-09-04T12:45:00+00:00,1.34974,1.35013,1.3488,1.35001,5054.0,2026-09-04T14:45:00+02:00
GBPUSD,5m,2026-09-04T12:50:00+00:00,1.35001,1.35053,1.34974,1.34994,5246.0,2026-09-04T14:50:00+02:00
GBPUSD,5m,2026-09-04T12:55:00+00:00,1.34994,1.35042,1.3497,1.35035,3202.0,2026-09-04T14:55:00+02:00
GBPUSD,5m,2026-09-04T13:00:00+00:00,1.35035,1.3504099999999999,1.34974,1.34975,3143.0,2026-09-04T15:00:00+02:00
GBPUSD,5m,2026-09-04T13:05:00+00:00,1.34975,1.34998,1.34954,1.34955,2255.0,2026-09-04T15:05:00+02:00
GBPUSD,5m,2026-09-04T13:10:00+00:00,1.34955,1.35012,1.34944,1.3499299999999999,2292.0,2026-09-04T15:10:00+02:00
GBPUSD,5m,2026-09-04T13:15:00+00:00,1.3499299999999999,1.3507,1.34981,1.35065,2723.0,2026-09-04T15:15:00+02:00
GBPUSD,5m,2026-09-04T13:20:00+00:00,1.35065,1.35108,1.3506099999999999,1.35103,2645.0,2026-09-04T15:20:00+02:00
GBPUSD,5m,2026-09-04T13:25:00+00:00,1.35103,1.35151,1.3510199999999999,1.3514,2470.0,2026-09-04T15:25:00+02:00
GBPUSD,5m,2026-09-04T13:30:00+00:00,1.3514,1.3517,1.35109,1.35134,2831.0,2026-09-04T15:30:00+02:00
GBPUSD,5m,2026-09-04T13:35:00+00:00,1.35134,1.35143,1.35074,1.3508,2251.0,2026-09-04T15:35:00+02:00
GBPUSD,5m,2026-09-04T13:40:00+00:00,1.3508,1.3513,1.3508,1.35119,2425.0,2026-09-04T15:40:00+02:00
GBPUSD,5m,2026-09-04T13:45:00+00:00,1.35119,1.3524,1.35118,1.35216,2663.0,2026-09-04T15:45:00+02:00
GBPUSD,5m,2026-09-04T13:50:00+00:00,1.35216,1.35228,1.35101,1.35116,2640.0,2026-09-04T15:50:00+02:00
GBPUSD,5m,2026-09-04T13:55:00+00:00,1.35116,1.35118,1.35028,1.3505099999999999,1727.0,2026-09-04T15:55:00+02:00
GBPUSD,5m,2026-09-04T14:00:00+00:00,1.3505099999999999,1.3509499999999999,1.35048,1.3508,1821.0,2026-09-04T16:00:00+02:00
GBPUSD,5m,2026-09-04T14:05:00+00:00,1.3508,1.3512899999999999,1.35072,1.35104,2467.0,2026-09-04T16:05:00+02:00
GBPUSD,5m,2026-09-04T14:10:00+00:00,1.35104,1.35109,1.35057,1.35103,1930.0,2026-09-04T16:10:00+02:00
GBPUSD,5m,2026-09-04T14:15:00+00:00,1.35103,1.35133,1.35074,1.3512899999999999,1640.0,2026-09-04T16:15:00+02:00
GBPUSD,5m,2026-09-04T14:20:00+00:00,1.3512899999999999,1.35141,1.35097,1.35099,1453.0,2026-09-04T16:20:00+02:00
GBPUSD,5m,2026-09-04T14:25:00+00:00,1.35099,1.3514,1.35099,1.35113,1703.0,2026-09-04T16:25:00+02:00
GBPUSD,5m,2026-09-04T14:30:00+00:00,1.35113,1.35175,1.3511,1.3516299999999999,2193.0,2026-09-04T16:30:00+02:00
GBPUSD,5m,2026-09-04T14:35:00+00:00,1.3516299999999999,1.35182,1.35134,1.35171,1871.0,2026-09-04T16:35:00+02:00
GBPUSD,5m,2026-09-04T14:40:00+00:00,1.35171,1.35221,1.35162,1.35202,1719.0,2026-09-04T16:40:00+02:00
GBPUSD,5m,2026-09-04T14:45:00+00:00,1.35202,1.35233,1.35174,1.35192,2031.0,2026-09-04T16:45:00+02:00
GBPUSD,5m,2026-09-04T14:50:00+00:00,1.35192,1.35194,1.3512899999999999,1.35154,2054.0,2026-09-04T16:50:00+02:00
GBPUSD,5m,2026-09-04T14:55:00+00:00,1.35154,1.35196,1.3512199999999999,1.35138,1928.0,2026-09-04T16:55:00+02:00
GBPUSD,5m,2026-09-04T15:00:00+00:00,1.35138,1.35161,1.351,1.35143,1805.0,2026-09-04T17:00:00+02:00
GBPUSD,5m,2026-09-04T15:05:00+00:00,1.35143,1.35174,1.35138,1.3515599999999999,2177.0,2026-09-04T17:05:00+02:00
GBPUSD,5m,2026-09-04T15:10:00+00:00,1.3515599999999999,1.3518999999999999,1.35152,1.35184,1844.0,2026-09-04T17:10:00+02:00
GBPUSD,5m,2026-09-04T15:15:00+00:00,1.35184,1.35233,1.35174,1.3523,1809.0,2026-09-04T17:15:00+02:00
GBPUSD,5m,2026-09-04T15:20:00+00:00,1.3523,1.3523399999999999,1.35197,1.35211,1496.0,2026-09-04T17:20:00+02:00
GBPUSD,5m,2026-09-04T15:25:00+00:00,1.35211,1.35223,1.35196,1.35201,1383.0,2026-09-04T17:25:00+02:00
GBPUSD,5m,2026-09-04T15:30:00+00:00,1.35201,1.35228,1.35191,1.35197,1656.0,2026-09-04T17:30:00+02:00
GBPUSD,5m,2026-09-04T15:35:00+00:00,1.35197,1.35233,1.35197,1.35219,1317.0,2026-09-04T17:35:00+02:00
GBPUSD,5m,2026-09-04T15:40:00+00:00,1.35219,1.35246,1.35202,1.35213,1322.0,2026-09-04T17:40:00+02:00
GBPUSD,5m,2026-09-04T15:45:00+00:00,1.35213,1.3524399999999999,1.3520299999999998,1.3524399999999999,1282.0,2026-09-04T17:45:00+02:00
GBPUSD,5m,2026-09-04T15:50:00+00:00,1.3524399999999999,1.3524699999999998,1.3518999999999999,1.3518999999999999,1074.0,2026-09-04T17:50:00+02:00
GBPUSD,5m,2026-09-04T15:55:00+00:00,1.3518999999999999,1.35221,1.3518999999999999,1.35198,1248.0,2026-09-04T17:55:00+02:00
GBPUSD,5m,2026-09-04T16:00:00+00:00,1.35198,1.35226,1.35194,1.3522399999999999,1136.0,2026-09-04T18:00:00+02:00
GBPUSD,5m,2026-09-04T16:05:00+00:00,1.3522399999999999,1.35231,1.35198,1.35208,822.0,2026-09-04T18:05:00+02:00
GBPUSD,5m,2026-09-04T16:10:00+00:00,1.35208,1.35235,1.35188,1.35231,740.0,2026-09-04T18:10:00+02:00
GBPUSD,5m,2026-09-04T16:15:00+00:00,1.35231,1.3524399999999999,1.35205,1.35214,885.0,2026-09-04T18:15:00+02:00
GBPUSD,5m,2026-09-04T16:20:00+00:00,1.35214,1.35236,1.35188,1.35191,994.0,2026-09-04T18:20:00+02:00
GBPUSD,5m,2026-09-04T16:25:00+00:00,1.35191,1.35198,1.35172,1.35179,749.0,2026-09-04T18:25:00+02:00
GBPUSD,5m,2026-09-04T16:30:00+00:00,1.35179,1.35214,1.35175,1.35211,839.0,2026-09-04T18:30:00+02:00
GBPUSD,5m,2026-09-04T16:35:00+00:00,1.35211,1.35223,1.35191,1.35191,528.0,2026-09-04T18:35:00+02:00
GBPUSD,5m,2026-09-04T16:40:00+00:00,1.35191,1.35195,1.3517299999999999,1.35194,704.0,2026-09-04T18:40:00+02:00
GBPUSD,5m,2026-09-04T16:45:00+00:00,1.35194,1.35211,1.35189,1.3520299999999998,735.0,2026-09-04T18:45:00+02:00
GBPUSD,5m,2026-09-04T16:50:00+00:00,1.3520299999999998,1.35212,1.35194,1.35194,384.0,2026-09-04T18:50:00+02:00
GBPUSD,5m,2026-09-04T16:55:00+00:00,1.35194,1.35204,1.35178,1.35196,880.0,2026-09-04T18:55:00+02:00
GBPUSD,5m,2026-09-04T17:00:00+00:00,1.35196,1.35196,1.3512,1.3512,1342.0,2026-09-04T19:00:00+02:00
GBPUSD,5m,2026-09-04T17:05:00+00:00,1.3512,1.35152,1.35117,1.3514199999999998,1222.0,2026-09-04T19:05:00+02:00
GBPUSD,5m,2026-09-04T17:10:00+00:00,1.3514199999999998,1.35154,1.3514,1.3515,664.0,2026-09-04T19:10:00+02:00
GBPUSD,5m,2026-09-04T17:15:00+00:00,1.3515,1.35172,1.3515,1.35154,714.0,2026-09-04T19:15:00+02:00
GBPUSD,5m,2026-09-04T17:20:00+00:00,1.35154,1.35171,1.3514,1.35155,636.0,2026-09-04T19:20:00+02:00
GBPUSD,5m,2026-09-04T17:25:00+00:00,1.35155,1.3516,1.35134,1.35138,872.0,2026-09-04T19:25:00+02:00
GBPUSD,5m,2026-09-04T17:30:00+00:00,1.35138,1.35155,1.35138,1.35152,823.0,2026-09-04T19:30:00+02:00
GBPUSD,5m,2026-09-04T17:35:00+00:00,1.35152,1.35155,1.35133,1.3514599999999999,726.0,2026-09-04T19:35:00+02:00
GBPUSD,5m,2026-09-04T17:40:00+00:00,1.3514599999999999,1.3514599999999999,1.35124,1.35124,561.0,2026-09-04T19:40:00+02:00
GBPUSD,5m,2026-09-04T17:45:00+00:00,1.35124,1.3513,1.35111,1.35114,368.0,2026-09-04T19:45:00+02:00
GBPUSD,5m,2026-09-04T17:50:00+00:00,1.35114,1.35135,1.3511199999999999,1.35133,659.0,2026-09-04T19:50:00+02:00
GBPUSD,5m,2026-09-04T17:55:00+00:00,1.35133,1.35137,1.3512199999999999,1.3513,582.0,2026-09-04T19:55:00+02:00
GBPUSD,5m,2026-09-04T18:00:00+00:00,1.3513,1.3514,1.35119,1.3513199999999999,750.0,2026-09-04T20:00:00+02:00
GBPUSD,5m,2026-09-04T18:05:00+00:00,1.3513199999999999,1.3514,1.35113,1.35124,760.0,2026-09-04T20:05:00+02:00
GBPUSD,5m,2026-09-04T18:10:00+00:00,1.35124,1.35141,1.3512199999999999,1.3513,611.0,2026-09-04T20:10:00+02:00
GBPUSD,5m,2026-09-04T18:15:00+00:00,1.3513,1.35131,1.35114,1.3512,640.0,2026-09-04T20:15:00+02:00
GBPUSD,5m,2026-09-04T18:20:00+00:00,1.3512,1.35133,1.35111,1.3512199999999999,635.0,2026-09-04T20:20:00+02:00
GBPUSD,5m,2026-09-04T18:25:00+00:00,1.3512199999999999,1.35135,1.35116,1.35123,757.0,2026-09-04T20:25:00+02:00
GBPUSD,5m,2026-09-04T18:30:00+00:00,1.35123,1.35131,1.3512,1.35127,531.0,2026-09-04T20:30:00+02:00
GBPUSD,5m,2026-09-04T18:35:00+00:00,1.35127,1.35127,1.35106,1.35114,623.0,2026-09-04T20:35:00+02:00
GBPUSD,5m,2026-09-04T18:40:00+00:00,1.35114,1.35133,1.3511199999999999,1.3511499999999999,977.0,2026-09-04T20:40:00+02:00
GBPUSD,5m,2026-09-04T18:45:00+00:00,1.3511499999999999,1.35117,1.3510199999999999,1.35113,698.0,2026-09-04T20:45:00+02:00
GBPUSD,5m,2026-09-04T18:50:00+00:00,1.35113,1.35117,1.35111,1.35113,244.0,2026-09-04T20:50:00+02:00
GBPUSD,5m,2026-09-04T18:55:00+00:00,1.35113,1.35138,1.35113,1.35134,631.0,2026-09-04T20:55:00+02:00
GBPUSD,5m,2026-09-04T19:00:00+00:00,1.35134,1.3515,1.35127,1.35147,801.0,2026-09-04T21:00:00+02:00
GBPUSD,5m,2026-09-04T19:05:00+00:00,1.35147,1.3515899999999998,1.3514599999999999,1.35154,584.0,2026-09-04T21:05:00+02:00
GBPUSD,5m,2026-09-04T19:10:00+00:00,1.35154,1.35158,1.35145,1.35151,536.0,2026-09-04T21:10:00+02:00
GBPUSD,5m,2026-09-04T19:15:00+00:00,1.35151,1.3516599999999999,1.3515,1.3516,531.0,2026-09-04T21:15:00+02:00
GBPUSD,5m,2026-09-04T19:20:00+00:00,1.3516,1.3518,1.35153,1.3517,542.0,2026-09-04T21:20:00+02:00
GBPUSD,5m,2026-09-04T19:25:00+00:00,1.3517,1.3518299999999999,1.35167,1.35179,451.0,2026-09-04T21:25:00+02:00
GBPUSD,5m,2026-09-04T19:30:00+00:00,1.35179,1.35199,1.35175,1.35191,771.0,2026-09-04T21:30:00+02:00
GBPUSD,5m,2026-09-04T19:35:00+00:00,1.35191,1.35197,1.3518299999999999,1.35195,600.0,2026-09-04T21:35:00+02:00
GBPUSD,5m,2026-09-04T19:40:00+00:00,1.35195,1.35214,1.35189,1.35212,310.0,2026-09-04T21:40:00+02:00
GBPUSD,5m,2026-09-04T19:45:00+00:00,1.35212,1.35212,1.35191,1.35192,423.0,2026-09-04T21:45:00+02:00
GBPUSD,5m,2026-09-04T19:50:00+00:00,1.35192,1.35202,1.35191,1.35192,345.0,2026-09-04T21:50:00+02:00
GBPUSD,5m,2026-09-04T19:55:00+00:00,1.35192,1.35196,1.35178,1.3518299999999999,413.0,2026-09-04T21:55:00+02:00
GBPUSD,5m,2026-09-04T20:00:00+00:00,1.3518299999999999,1.35192,1.35168,1.35179,287.0,2026-09-04T22:00:00+02:00
GBPUSD,5m,2026-09-04T20:05:00+00:00,1.35179,1.3518299999999999,1.35144,1.35145,264.0,2026-09-04T22:05:00+02:00
GBPUSD,5m,2026-09-04T20:10:00+00:00,1.35145,1.35151,1.35138,1.3515,118.0,2026-09-04T22:10:00+02:00
GBPUSD,5m,2026-09-04T20:15:00+00:00,1.3515,1.3515599999999999,1.3514899999999999,1.3515599999999999,128.0,2026-09-04T22:15:00+02:00
GBPUSD,5m,2026-09-04T20:20:00+00:00,1.3515599999999999,1.3516299999999999,1.35153,1.3515899999999998,193.0,2026-09-04T22:20:00+02:00
GBPUSD,5m,2026-09-04T20:25:00+00:00,1.3515899999999998,1.35179,1.35152,1.35171,278.0,2026-09-04T22:25:00+02:00
GBPUSD,5m,2026-09-04T20:30:00+00:00,1.35171,1.35172,1.35144,1.35148,134.0,2026-09-04T22:30:00+02:00
GBPUSD,5m,2026-09-04T20:35:00+00:00,1.35148,1.35148,1.3513899999999999,1.35147,88.0,2026-09-04T22:35:00+02:00
GBPUSD,5m,2026-09-04T20:40:00+00:00,1.35147,1.35148,1.3514199999999998,1.3514599999999999,190.0,2026-09-04T22:40:00+02:00
GBPUSD,5m,2026-09-04T20:45:00+00:00,1.3514599999999999,1.35147,1.35134,1.3514,353.0,2026-09-04T22:45:00+02:00
GBPUSD,5m,2026-09-04T20:50:00+00:00,1.3514,1.35147,1.3512899999999999,1.3514199999999998,377.0,2026-09-04T22:50:00+02:00
GBPUSD,5m,2026-09-04T20:55:00+00:00,1.3514199999999998,1.3516,1.3506099999999999,1.3510199999999999,552.0,2026-09-04T22:55:00+02:00
GBPUSD,5m,2026-09-06T19:30:00+00:00,1.3510199999999999,1.3510199999999999,1.3501999999999998,1.3501999999999998,1.0,2026-09-06T21:30:00+02:00
GBPUSD,5m,2026-09-06T19:35:00+00:00,1.3501999999999998,1.35022,1.3501999999999998,1.35022,1.0,2026-09-06T21:35:00+02:00
GBPUSD,5m,2026-09-06T19:40:00+00:00,1.35022,1.35025,1.35022,1.35025,6.0,2026-09-06T21:40:00+02:00
GBPUSD,5m,2026-09-06T19:45:00+00:00,1.35025,1.3503399999999999,1.35025,1.3503399999999999,13.0,2026-09-06T21:45:00+02:00
GBPUSD,5m,2026-09-06T19:50:00+00:00,1.3503399999999999,1.35036,1.35033,1.35036,4.0,2026-09-06T21:50:00+02:00
GBPUSD,5m,2026-09-06T19:55:00+00:00,1.35036,1.35045,1.35035,1.35045,9.0,2026-09-06T21:55:00+02:00
GBPUSD,5m,2026-09-06T20:00:00+00:00,1.35045,1.35049,1.3504399999999999,1.35047,10.0,2026-09-06T22:00:00+02:00
GBPUSD,5m,2026-09-06T20:05:00+00:00,1.35047,1.35062,1.3504399999999999,1.35062,9.0,2026-09-06T22:05:00+02:00
GBPUSD,5m,2026-09-06T20:20:00+00:00,1.35062,1.3507799999999999,1.35059,1.3507799999999999,5.0,2026-09-06T22:20:00+02:00
GBPUSD,5m,2026-09-06T20:25:00+00:00,1.3507799999999999,1.35109,1.3507799999999999,1.35109,7.0,2026-09-06T22:25:00+02:00
GBPUSD,5m,2026-09-06T20:30:00+00:00,1.35109,1.35157,1.35109,1.35148,16.0,2026-09-06T22:30:00+02:00
GBPUSD,5m,2026-09-06T20:35:00+00:00,1.35148,1.35148,1.35121,1.3512199999999999,5.0,2026-09-06T22:35:00+02:00
GBPUSD,5m,2026-09-06T20:40:00+00:00,1.3512199999999999,1.3512199999999999,1.3512,1.3512,2.0,2026-09-06T22:40:00+02:00
GBPUSD,5m,2026-09-06T20:45:00+00:00,1.3512,1.3512,1.3509,1.3509499999999999,5.0,2026-09-06T22:45:00+02:00
GBPUSD,5m,2026-09-06T20:50:00+00:00,1.3509499999999999,1.3509499999999999,1.35082,1.35082,6.0,2026-09-06T22:50:00+02:00
GBPUSD,5m,2026-09-06T20:55:00+00:00,1.35082,1.35083,1.35082,1.35083,1.0,2026-09-06T22:55:00+02:00
GBPUSD,5m,2026-09-06T21:00:00+00:00,1.35083,1.35184,1.35083,1.35184,2.0,2026-09-06T23:00:00+02:00
GBPUSD,5m,2026-09-06T21:05:00+00:00,1.35184,1.35184,1.3518299999999999,1.3518299999999999,2.0,2026-09-06T23:05:00+02:00
GBPUSD,5m,2026-09-06T21:10:00+00:00,1.3518299999999999,1.3518299999999999,1.35075,1.35079,13.0,2026-09-06T23:10:00+02:00
GBPUSD,5m,2026-09-06T21:15:00+00:00,1.35079,1.35091,1.35073,1.35091,118.0,2026-09-06T23:15:00+02:00
GBPUSD,5m,2026-09-06T21:20:00+00:00,1.35091,1.35099,1.3507799999999999,1.35082,88.0,2026-09-06T23:20:00+02:00
GBPUSD,5m,2026-09-06T21:25:00+00:00,1.35082,1.35107,1.35077,1.35104,88.0,2026-09-06T23:25:00+02:00
GBPUSD,5m,2026-09-06T21:30:00+00:00,1.35104,1.3514199999999998,1.35094,1.35134,244.0,2026-09-06T23:30:00+02:00
GBPUSD,5m,2026-09-06T21:35:00+00:00,1.35134,1.35135,1.3510499999999999,1.35114,341.0,2026-09-06T23:35:00+02:00
GBPUSD,5m,2026-09-06T21:40:00+00:00,1.35114,1.35141,1.35108,1.35118,765.0,2026-09-06T23:40:00+02:00
GBPUSD,5m,2026-09-06T21:45:00+00:00,1.35118,1.35135,1.35106,1.35124,162.0,2026-09-06T23:45:00+02:00
GBPUSD,5m,2026-09-06T21:50:00+00:00,1.35124,1.35136,1.351,1.35124,217.0,2026-09-06T23:50:00+02:00
GBPUSD,5m,2026-09-06T21:55:00+00:00,1.35124,1.3513,1.3508799999999999,1.35106,2093.0,2026-09-06T23:55:00+02:00
GBPUSD,5m,2026-09-06T22:00:00+00:00,1.35106,1.35174,1.35106,1.35153,605.0,2026-09-07T00:00:00+02:00
GBPUSD,5m,2026-09-06T22:05:00+00:00,1.35153,1.35162,1.35137,1.3515899999999998,110.0,2026-09-07T00:05:00+02:00
GBPUSD,5m,2026-09-06T22:10:00+00:00,1.3515899999999998,1.3515899999999998,1.35143,1.3515599999999999,147.0,2026-09-07T00:10:00+02:00
GBPUSD,5m,2026-09-06T22:15:00+00:00,1.3515599999999999,1.35164,1.35155,1.35157,174.0,2026-09-07T00:15:00+02:00
GBPUSD,5m,2026-09-06T22:20:00+00:00,1.35157,1.35158,1.35151,1.3515599999999999,70.0,2026-09-07T00:20:00+02:00
GBPUSD,5m,2026-09-06T22:25:00+00:00,1.3515599999999999,1.35157,1.35148,1.3514899999999999,46.0,2026-09-07T00:25:00+02:00
GBPUSD,5m,2026-09-06T22:30:00+00:00,1.3514899999999999,1.3514899999999999,1.35143,1.3514599999999999,112.0,2026-09-07T00:30:00+02:00
GBPUSD,5m,2026-09-06T22:35:00+00:00,1.3514599999999999,1.35147,1.35138,1.3514,67.0,2026-09-07T00:35:00+02:00
GBPUSD,5m,2026-09-06T22:40:00+00:00,1.3514,1.35145,1.35138,1.35144,111.0,2026-09-07T00:40:00+02:00
GBPUSD,5m,2026-09-06T22:45:00+00:00,1.35144,1.35162,1.35141,1.35161,110.0,2026-09-07T00:45:00+02:00
GBPUSD,5m,2026-09-06T22:50:00+00:00,1.35161,1.35162,1.3515,1.3515,91.0,2026-09-07T00:50:00+02:00
GBPUSD,5m,2026-09-06T22:55:00+00:00,1.3515,1.35153,1.3514899999999999,1.35152,123.0,2026-09-07T00:55:00+02:00
GBPUSD,5m,2026-09-06T23:00:00+00:00,1.35152,1.35169,1.35148,1.35165,284.0,2026-09-07T01:00:00+02:00
GBPUSD,5m,2026-09-06T23:05:00+00:00,1.35165,1.3517299999999999,1.35164,1.3517,134.0,2026-09-07T01:05:00+02:00
GBPUSD,5m,2026-09-06T23:10:00+00:00,1.3517,1.35184,1.35161,1.35179,200.0,2026-09-07T01:10:00+02:00
GBPUSD,5m,2026-09-06T23:15:00+00:00,1.35179,1.35182,1.3517599999999999,1.3518,114.0,2026-09-07T01:15:00+02:00
GBPUSD,5m,2026-09-06T23:20:00+00:00,1.3518,1.35181,1.3517,1.3517,101.0,2026-09-07T01:20:00+02:00
GBPUSD,5m,2026-09-06T23:25:00+00:00,1.3517,1.35179,1.35169,1.3517599999999999,279.0,2026-09-07T01:25:00+02:00
GBPUSD,5m,2026-09-06T23:30:00+00:00,1.3517599999999999,1.35192,1.35168,1.3518999999999999,313.0,2026-09-07T01:30:00+02:00
GBPUSD,5m,2026-09-06T23:35:00+00:00,1.3518999999999999,1.3519299999999999,1.35181,1.35191,253.0,2026-09-07T01:35:00+02:00
GBPUSD,5m,2026-09-06T23:40:00+00:00,1.35191,1.35191,1.35181,1.35188,317.0,2026-09-07T01:40:00+02:00
GBPUSD,5m,2026-09-06T23:45:00+00:00,1.35188,1.3519299999999999,1.35167,1.35167,479.0,2026-09-07T01:45:00+02:00
GBPUSD,5m,2026-09-06T23:50:00+00:00,1.35167,1.3518,1.35158,1.35179,520.0,2026-09-07T01:50:00+02:00
GBPUSD,5m,2026-09-06T23:55:00+00:00,1.35179,1.35181,1.35158,1.35162,554.0,2026-09-07T01:55:00+02:00
GBPUSD,5m,2026-09-07T00:00:00+00:00,1.35162,1.35172,1.35152,1.35165,1422.0,2026-09-07T02:00:00+02:00
GBPUSD,5m,2026-09-07T00:05:00+00:00,1.35165,1.35181,1.3514899999999999,1.35157,1056.0,2026-09-07T02:05:00+02:00
GBPUSD,5m,2026-09-07T00:10:00+00:00,1.35157,1.35189,1.3515599999999999,1.35179,1095.0,2026-09-07T02:10:00+02:00
GBPUSD,5m,2026-09-07T00:15:00+00:00,1.35179,1.3520299999999998,1.35178,1.35185,955.0,2026-09-07T02:15:00+02:00
GBPUSD,5m,2026-09-07T00:20:00+00:00,1.35185,1.35191,1.35162,1.35178,1017.0,2026-09-07T02:20:00+02:00
GBPUSD,5m,2026-09-07T00:25:00+00:00,1.35178,1.3520999999999999,1.35177,1.35199,1012.0,2026-09-07T02:25:00+02:00
GBPUSD,5m,2026-09-07T00:30:00+00:00,1.35199,1.35208,1.3518999999999999,1.35191,1034.0,2026-09-07T02:30:00+02:00
GBPUSD,5m,2026-09-07T00:35:00+00:00,1.35191,1.3520999999999999,1.3518599999999998,1.3520299999999998,1085.0,2026-09-07T02:35:00+02:00
GBPUSD,5m,2026-09-07T00:40:00+00:00,1.3520299999999998,1.35218,1.35199,1.35211,800.0,2026-09-07T02:40:00+02:00
GBPUSD,5m,2026-09-07T00:45:00+00:00,1.35211,1.35214,1.35198,1.35209,855.0,2026-09-07T02:45:00+02:00
GBPUSD,5m,2026-09-07T00:50:00+00:00,1.35209,1.35213,1.35191,1.35202,994.0,2026-09-07T02:50:00+02:00
GBPUSD,5m,2026-09-07T00:55:00+00:00,1.35202,1.35204,1.35179,1.35196,827.0,2026-09-07T02:55:00+02:00
GBPUSD,5m,2026-09-07T01:00:00+00:00,1.35196,1.3519999999999999,1.3516599999999999,1.35167,1153.0,2026-09-07T03:00:00+02:00
GBPUSD,5m,2026-09-07T01:05:00+00:00,1.35167,1.3518999999999999,1.35157,1.3515899999999998,1266.0,2026-09-07T03:05:00+02:00
GBPUSD,5m,2026-09-07T01:10:00+00:00,1.3515899999999998,1.35174,1.3515,1.35164,874.0,2026-09-07T03:10:00+02:00
GBPUSD,5m,2026-09-07T01:15:00+00:00,1.35164,1.35172,1.3512,1.35131,1109.0,2026-09-07T03:15:00+02:00
GBPUSD,5m,2026-09-07T01:20:00+00:00,1.35131,1.35157,1.35127,1.35141,823.0,2026-09-07T03:20:00+02:00
GBPUSD,5m,2026-09-07T01:25:00+00:00,1.35141,1.35171,1.3514,1.35162,823.0,2026-09-07T03:25:00+02:00
GBPUSD,5m,2026-09-07T01:30:00+00:00,1.35162,1.35164,1.3514,1.3514199999999998,872.0,2026-09-07T03:30:00+02:00
GBPUSD,5m,2026-09-07T01:35:00+00:00,1.3514199999999998,1.35155,1.3513899999999999,1.35151,791.0,2026-09-07T03:35:00+02:00
GBPUSD,5m,2026-09-07T01:40:00+00:00,1.35151,1.35153,1.3512,1.35135,764.0,2026-09-07T03:40:00+02:00
GBPUSD,5m,2026-09-07T01:45:00+00:00,1.35135,1.3514199999999998,1.3512199999999999,1.35137,943.0,2026-09-07T03:45:00+02:00
GBPUSD,5m,2026-09-07T01:50:00+00:00,1.35137,1.35153,1.35135,1.3514199999999998,699.0,2026-09-07T03:50:00+02:00
GBPUSD,5m,2026-09-07T01:55:00+00:00,1.3514199999999998,1.3514199999999998,1.35114,1.3512,939.0,2026-09-07T03:55:00+02:00
GBPUSD,5m,2026-09-07T02:00:00+00:00,1.3512,1.35123,1.35099,1.35106,825.0,2026-09-07T04:00:00+02:00
GBPUSD,5m,2026-09-07T02:05:00+00:00,1.35106,1.3511,1.3508099999999998,1.35083,722.0,2026-09-07T04:05:00+02:00
GBPUSD,5m,2026-09-07T02:10:00+00:00,1.35083,1.35087,1.35069,1.3507099999999999,597.0,2026-09-07T04:10:00+02:00
GBPUSD,5m,2026-09-07T02:15:00+00:00,1.3507099999999999,1.3508099999999998,1.35063,1.35079,667.0,2026-09-07T04:15:00+02:00
GBPUSD,5m,2026-09-07T02:20:00+00:00,1.35079,1.35083,1.3506,1.35082,579.0,2026-09-07T04:20:00+02:00
GBPUSD,5m,2026-09-07T02:25:00+00:00,1.35082,1.3508799999999999,1.3507099999999999,1.35083,526.0,2026-09-07T04:25:00+02:00
GBPUSD,5m,2026-09-07T02:30:00+00:00,1.35083,1.35093,1.3508,1.35091,598.0,2026-09-07T04:30:00+02:00
GBPUSD,5m,2026-09-07T02:35:00+00:00,1.35091,1.35096,1.35082,1.35086,371.0,2026-09-07T04:35:00+02:00
GBPUSD,5m,2026-09-07T02:40:00+00:00,1.35086,1.3508799999999999,1.3506,1.3506099999999999,490.0,2026-09-07T04:40:00+02:00
GBPUSD,5m,2026-09-07T02:45:00+00:00,1.3506099999999999,1.35075,1.35057,1.3506799999999999,458.0,2026-09-07T04:45:00+02:00
GBPUSD,5m,2026-09-07T02:50:00+00:00,1.3506799999999999,1.3507099999999999,1.3506099999999999,1.3506099999999999,557.0,2026-09-07T04:50:00+02:00
GBPUSD,5m,2026-09-07T02:55:00+00:00,1.3506099999999999,1.3507099999999999,1.3505,1.3507,721.0,2026-09-07T04:55:00+02:00
GBPUSD,5m,2026-09-07T03:00:00+00:00,1.3507,1.3509,1.35065,1.35089,711.0,2026-09-07T05:00:00+02:00
GBPUSD,5m,2026-09-07T03:05:00+00:00,1.35089,1.35091,1.35073,1.35076,766.0,2026-09-07T05:05:00+02:00
GBPUSD,5m,2026-09-07T03:10:00+00:00,1.35076,1.35082,1.3507,1.35082,659.0,2026-09-07T05:10:00+02:00
GBPUSD,5m,2026-09-07T03:15:00+00:00,1.35082,1.3510499999999999,1.3508,1.35103,822.0,2026-09-07T05:15:00+02:00
GBPUSD,5m,2026-09-07T03:20:00+00:00,1.35103,1.3512,1.35101,1.35116,712.0,2026-09-07T05:20:00+02:00
GBPUSD,5m,2026-09-07T03:25:00+00:00,1.35116,1.35123,1.35113,1.35121,365.0,2026-09-07T05:25:00+02:00
GBPUSD,5m,2026-09-07T03:30:00+00:00,1.35121,1.35123,1.35089,1.35091,821.0,2026-09-07T05:30:00+02:00
GBPUSD,5m,2026-09-07T03:35:00+00:00,1.35091,1.35096,1.3508099999999998,1.35083,789.0,2026-09-07T05:35:00+02:00
GBPUSD,5m,2026-09-07T03:40:00+00:00,1.35083,1.35093,1.35073,1.3508,633.0,2026-09-07T05:40:00+02:00
GBPUSD,5m,2026-09-07T03:45:00+00:00,1.3508,1.35087,1.3507799999999999,1.3508,460.0,2026-09-07T05:45:00+02:00
GBPUSD,5m,2026-09-07T03:50:00+00:00,1.3508,1.35084,1.35073,1.35079,746.0,2026-09-07T05:50:00+02:00
GBPUSD,5m,2026-09-07T03:55:00+00:00,1.35079,1.3511,1.35079,1.35107,519.0,2026-09-07T05:55:00+02:00
GBPUSD,5m,2026-09-07T04:00:00+00:00,1.35107,1.3511199999999999,1.35091,1.35094,870.0,2026-09-07T06:00:00+02:00
GBPUSD,5m,2026-09-07T04:05:00+00:00,1.35094,1.35109,1.35093,1.35104,501.0,2026-09-07T06:05:00+02:00
GBPUSD,5m,2026-09-07T04:10:00+00:00,1.35104,1.35109,1.3509799999999998,1.35104,618.0,2026-09-07T06:10:00+02:00
GBPUSD,5m,2026-09-07T04:15:00+00:00,1.35104,1.35107,1.35094,1.3509799999999998,373.0,2026-09-07T06:15:00+02:00
GBPUSD,5m,2026-09-07T04:20:00+00:00,1.3509799999999998,1.3510199999999999,1.35086,1.3509499999999999,459.0,2026-09-07T06:20:00+02:00
GBPUSD,5m,2026-09-07T04:25:00+00:00,1.3509499999999999,1.351,1.35091,1.3509499999999999,218.0,2026-09-07T06:25:00+02:00
GBPUSD,5m,2026-09-07T04:30:00+00:00,1.3509499999999999,1.3509799999999998,1.3508799999999999,1.35096,415.0,2026-09-07T06:30:00+02:00
GBPUSD,5m,2026-09-07T04:35:00+00:00,1.35096,1.35099,1.3508,1.35083,535.0,2026-09-07T06:35:00+02:00
GBPUSD,5m,2026-09-07T04:40:00+00:00,1.35083,1.35094,1.3507799999999999,1.35091,603.0,2026-09-07T06:40:00+02:00
GBPUSD,5m,2026-09-07T04:45:00+00:00,1.35091,1.35111,1.3509,1.3510499999999999,476.0,2026-09-07T06:45:00+02:00
GBPUSD,5m,2026-09-07T04:50:00+00:00,1.3510499999999999,1.35116,1.35101,1.35111,708.0,2026-09-07T06:50:00+02:00
GBPUSD,5m,2026-09-07T04:55:00+00:00,1.35111,1.35121,1.35109,1.3511499999999999,392.0,2026-09-07T06:55:00+02:00
GBPUSD,5m,2026-09-07T05:00:00+00:00,1.3511499999999999,1.3512499999999998,1.35109,1.3512199999999999,526.0,2026-09-07T07:00:00+02:00
GBPUSD,5m,2026-09-07T05:05:00+00:00,1.3512199999999999,1.35123,1.3510499999999999,1.3511,278.0,2026-09-07T07:05:00+02:00
GBPUSD,5m,2026-09-07T05:10:00+00:00,1.3511,1.3512199999999999,1.3510499999999999,1.35106,606.0,2026-09-07T07:10:00+02:00
GBPUSD,5m,2026-09-07T05:15:00+00:00,1.35106,1.3511,1.351,1.3510199999999999,482.0,2026-09-07T07:15:00+02:00
GBPUSD,5m,2026-09-07T05:20:00+00:00,1.3510199999999999,1.35107,1.35097,1.3510499999999999,559.0,2026-09-07T07:20:00+02:00
GBPUSD,5m,2026-09-07T05:25:00+00:00,1.3510499999999999,1.3512499999999998,1.35093,1.35121,431.0,2026-09-07T07:25:00+02:00
GBPUSD,5m,2026-09-07T05:30:00+00:00,1.35121,1.35126,1.35111,1.35123,848.0,2026-09-07T07:30:00+02:00
GBPUSD,5m,2026-09-07T05:35:00+00:00,1.35123,1.3514,1.35123,1.35138,634.0,2026-09-07T07:35:00+02:00
GBPUSD,5m,2026-09-07T05:40:00+00:00,1.35138,1.3513899999999999,1.35127,1.35135,476.0,2026-09-07T07:40:00+02:00
GBPUSD,5m,2026-09-07T05:45:00+00:00,1.35135,1.35145,1.35133,1.3514,611.0,2026-09-07T07:45:00+02:00
GBPUSD,5m,2026-09-07T05:50:00+00:00,1.3514,1.35155,1.35133,1.35143,1133.0,2026-09-07T07:50:00+02:00
GBPUSD,5m,2026-09-07T05:55:00+00:00,1.35143,1.35191,1.3514,1.35182,803.0,2026-09-07T07:55:00+02:00
GBPUSD,5m,2026-09-07T06:00:00+00:00,1.35182,1.3518299999999999,1.35131,1.35155,738.0,2026-09-07T08:00:00+02:00
GBPUSD,5m,2026-09-07T06:05:00+00:00,1.35155,1.3517599999999999,1.3514899999999999,1.3516599999999999,806.0,2026-09-07T08:05:00+02:00
GBPUSD,5m,2026-09-07T06:10:00+00:00,1.3516599999999999,1.3517599999999999,1.35155,1.35169,887.0,2026-09-07T08:10:00+02:00
GBPUSD,5m,2026-09-07T06:15:00+00:00,1.35169,1.35206,1.3515899999999998,1.35204,635.0,2026-09-07T08:15:00+02:00
GBPUSD,5m,2026-09-07T06:20:00+00:00,1.35204,1.35256,1.35195,1.35255,768.0,2026-09-07T08:20:00+02:00
GBPUSD,5m,2026-09-07T06:25:00+00:00,1.35255,1.35265,1.35235,1.35255,920.0,2026-09-07T08:25:00+02:00
GBPUSD,5m,2026-09-07T06:30:00+00:00,1.35255,1.35311,1.3525099999999999,1.35304,1074.0,2026-09-07T08:30:00+02:00
GBPUSD,5m,2026-09-07T06:35:00+00:00,1.35304,1.3530499999999999,1.3526,1.3529499999999999,1201.0,2026-09-07T08:35:00+02:00
GBPUSD,5m,2026-09-07T06:40:00+00:00,1.3529499999999999,1.35302,1.35277,1.3528,846.0,2026-09-07T08:40:00+02:00
GBPUSD,5m,2026-09-07T06:45:00+00:00,1.3528,1.35292,1.35267,1.3527,817.0,2026-09-07T08:45:00+02:00
GBPUSD,5m,2026-09-07T06:50:00+00:00,1.3527,1.35277,1.35266,1.3526799999999999,675.0,2026-09-07T08:50:00+02:00
GBPUSD,5m,2026-09-07T06:55:00+00:00,1.3526799999999999,1.3527099999999999,1.3525,1.3526,794.0,2026-09-07T08:55:00+02:00
GBPUSD,5m,2026-09-07T07:00:00+00:00,1.3526,1.35282,1.3523699999999999,1.35277,997.0,2026-09-07T09:00:00+02:00
GBPUSD,5m,2026-09-07T07:05:00+00:00,1.35277,1.3528,1.35239,1.35239,969.0,2026-09-07T09:05:00+02:00
GBPUSD,5m,2026-09-07T07:10:00+00:00,1.35239,1.35245,1.35215,1.35233,908.0,2026-09-07T09:10:00+02:00
GBPUSD,5m,2026-09-07T07:15:00+00:00,1.35233,1.35245,1.35226,1.35228,846.0,2026-09-07T09:15:00+02:00
GBPUSD,5m,2026-09-07T07:20:00+00:00,1.35228,1.35243,1.35226,1.35239,897.0,2026-09-07T09:20:00+02:00
GBPUSD,5m,2026-09-07T07:25:00+00:00,1.35239,1.35263,1.35233,1.35245,923.0,2026-09-07T09:25:00+02:00
GBPUSD,5m,2026-09-07T07:30:00+00:00,1.35245,1.35273,1.35245,1.35266,990.0,2026-09-07T09:30:00+02:00
GBPUSD,5m,2026-09-07T07:35:00+00:00,1.35266,1.35266,1.3523,1.3524,743.0,2026-09-07T09:35:00+02:00
GBPUSD,5m,2026-09-07T07:40:00+00:00,1.3524,1.35255,1.35219,1.35253,1075.0,2026-09-07T09:40:00+02:00
GBPUSD,5m,2026-09-07T07:45:00+00:00,1.35253,1.35276,1.35249,1.35274,1059.0,2026-09-07T09:45:00+02:00
GBPUSD,5m,2026-09-07T07:50:00+00:00,1.35274,1.35299,1.35263,1.35289,1469.0,2026-09-07T09:50:00+02:00
GBPUSD,5m,2026-09-07T07:55:00+00:00,1.35289,1.35334,1.3528799999999999,1.35321,1872.0,2026-09-07T09:55:00+02:00
GBPUSD,5m,2026-09-07T08:00:00+00:00,1.35321,1.35334,1.3529799999999998,1.35314,1237.0,2026-09-07T10:00:00+02:00
GBPUSD,5m,2026-09-07T08:05:00+00:00,1.35314,1.35372,1.353,1.3534599999999999,2197.0,2026-09-07T10:05:00+02:00
GBPUSD,5m,2026-09-07T08:10:00+00:00,1.3534599999999999,1.35396,1.35343,1.35379,2123.0,2026-09-07T10:10:00+02:00
GBPUSD,5m,2026-09-07T08:15:00+00:00,1.35379,1.35422,1.35351,1.35412,1575.0,2026-09-07T10:15:00+02:00
GBPUSD,5m,2026-09-07T08:20:00+00:00,1.35412,1.3544699999999998,1.35389,1.35392,1574.0,2026-09-07T10:20:00+02:00
GBPUSD,5m,2026-09-07T08:25:00+00:00,1.35392,1.35435,1.3538999999999999,1.35409,1655.0,2026-09-07T10:25:00+02:00
GBPUSD,5m,2026-09-07T08:30:00+00:00,1.35409,1.35435,1.35402,1.35431,1630.0,2026-09-07T10:30:00+02:00
GBPUSD,5m,2026-09-07T08:35:00+00:00,1.35431,1.3543399999999999,1.3537299999999999,1.3537299999999999,1332.0,2026-09-07T10:35:00+02:00
GBPUSD,5m,2026-09-07T08:40:00+00:00,1.3537299999999999,1.35381,1.35344,1.35344,1162.0,2026-09-07T10:40:00+02:00
GBPUSD,5m,2026-09-07T08:45:00+00:00,1.35344,1.3536299999999999,1.3532499999999998,1.35331,970.0,2026-09-07T10:45:00+02:00
GBPUSD,5m,2026-09-07T08:50:00+00:00,1.35331,1.3534199999999998,1.3531199999999999,1.35341,890.0,2026-09-07T10:50:00+02:00
GBPUSD,5m,2026-09-07T08:55:00+00:00,1.35341,1.35352,1.3531499999999999,1.3535,686.0,2026-09-07T10:55:00+02:00
GBPUSD,5m,2026-09-07T09:00:00+00:00,1.3535,1.35362,1.35333,1.3534199999999998,811.0,2026-09-07T11:00:00+02:00
GBPUSD,5m,2026-09-07T09:05:00+00:00,1.3534199999999998,1.35361,1.3532199999999999,1.35357,707.0,2026-09-07T11:05:00+02:00
GBPUSD,5m,2026-09-07T09:10:00+00:00,1.35357,1.3535899999999998,1.35337,1.35355,825.0,2026-09-07T11:10:00+02:00
GBPUSD,5m,2026-09-07T09:15:00+00:00,1.35355,1.35375,1.35355,1.3536599999999999,688.0,2026-09-07T11:15:00+02:00
GBPUSD,5m,2026-09-07T09:20:00+00:00,1.3536599999999999,1.35384,1.35352,1.35379,766.0,2026-09-07T11:20:00+02:00
GBPUSD,5m,2026-09-07T09:25:00+00:00,1.35379,1.35404,1.3537,1.3538999999999999,919.0,2026-09-07T11:25:00+02:00
GBPUSD,5m,2026-09-07T09:30:00+00:00,1.3538999999999999,1.35432,1.3538299999999999,1.35412,877.0,2026-09-07T11:30:00+02:00
GBPUSD,5m,2026-09-07T09:35:00+00:00,1.35412,1.35422,1.35402,1.35415,464.0,2026-09-07T11:35:00+02:00
GBPUSD,5m,2026-09-07T09:40:00+00:00,1.35415,1.35415,1.35362,1.35365,716.0,2026-09-07T11:40:00+02:00
GBPUSD,5m,2026-09-07T09:45:00+00:00,1.35365,1.3538599999999998,1.35362,1.3537299999999999,722.0,2026-09-07T11:45:00+02:00
GBPUSD,5m,2026-09-07T09:50:00+00:00,1.3537299999999999,1.35374,1.35331,1.3534899999999999,758.0,2026-09-07T11:50:00+02:00
GBPUSD,5m,2026-09-07T09:55:00+00:00,1.3534899999999999,1.35364,1.35348,1.35355,668.0,2026-09-07T11:55:00+02:00
GBPUSD,5m,2026-09-07T10:00:00+00:00,1.35355,1.35365,1.3534899999999999,1.35355,631.0,2026-09-07T12:00:00+02:00
GBPUSD,5m,2026-09-07T10:05:00+00:00,1.35355,1.35358,1.3533,1.3534,739.0,2026-09-07T12:05:00+02:00
GBPUSD,5m,2026-09-07T10:10:00+00:00,1.3534,1.3535,1.35331,1.35335,596.0,2026-09-07T12:10:00+02:00
GBPUSD,5m,2026-09-07T10:15:00+00:00,1.35335,1.35375,1.3532899999999999,1.3537299999999999,560.0,2026-09-07T12:15:00+02:00
GBPUSD,5m,2026-09-07T10:20:00+00:00,1.3537299999999999,1.35381,1.35352,1.35378,494.0,2026-09-07T12:20:00+02:00
GBPUSD,5m,2026-09-07T10:25:00+00:00,1.35378,1.35378,1.35347,1.3535,401.0,2026-09-07T12:25:00+02:00
GBPUSD,5m,2026-09-07T10:30:00+00:00,1.3535,1.35364,1.3534199999999998,1.35344,504.0,2026-09-07T12:30:00+02:00
GBPUSD,5m,2026-09-07T10:35:00+00:00,1.35344,1.35361,1.35338,1.3536,503.0,2026-09-07T12:35:00+02:00
GBPUSD,5m,2026-09-07T10:40:00+00:00,1.3536,1.3539299999999999,1.35357,1.3538299999999999,501.0,2026-09-07T12:40:00+02:00
GBPUSD,5m,2026-09-07T10:45:00+00:00,1.3538299999999999,1.35402,1.35382,1.3538299999999999,364.0,2026-09-07T12:45:00+02:00
GBPUSD,5m,2026-09-07T10:50:00+00:00,1.3538299999999999,1.35405,1.35382,1.35389,550.0,2026-09-07T12:50:00+02:00
GBPUSD,5m,2026-09-07T10:55:00+00:00,1.35389,1.3539299999999999,1.35354,1.35381,1256.0,2026-09-07T12:55:00+02:00
GBPUSD,5m,2026-09-07T11:00:00+00:00,1.35381,1.35388,1.3536,1.3537,957.0,2026-09-07T13:00:00+02:00
GBPUSD,5m,2026-09-07T11:05:00+00:00,1.3537,1.35395,1.3537,1.35374,712.0,2026-09-07T13:05:00+02:00
GBPUSD,5m,2026-09-07T11:10:00+00:00,1.35374,1.35377,1.3534199999999998,1.3535599999999999,660.0,2026-09-07T13:10:00+02:00
GBPUSD,5m,2026-09-07T11:15:00+00:00,1.3535599999999999,1.35368,1.35345,1.35352,677.0,2026-09-07T13:15:00+02:00
GBPUSD,5m,2026-09-07T11:20:00+00:00,1.35352,1.3536599999999999,1.3534899999999999,1.35362,540.0,2026-09-07T13:20:00+02:00
GBPUSD,5m,2026-09-07T11:25:00+00:00,1.35362,1.35365,1.3534599999999999,1.35353,739.0,2026-09-07T13:25:00+02:00
GBPUSD,5m,2026-09-07T11:30:00+00:00,1.35353,1.35355,1.35337,1.35341,690.0,2026-09-07T13:30:00+02:00
GBPUSD,5m,2026-09-07T11:35:00+00:00,1.35341,1.35368,1.35336,1.35361,419.0,2026-09-07T13:35:00+02:00
GBPUSD,5m,2026-09-07T11:40:00+00:00,1.35361,1.35364,1.3534899999999999,1.35355,417.0,2026-09-07T13:40:00+02:00
GBPUSD,5m,2026-09-07T11:45:00+00:00,1.35355,1.35369,1.35345,1.35362,530.0,2026-09-07T13:45:00+02:00
GBPUSD,5m,2026-09-07T11:50:00+00:00,1.35362,1.35369,1.35334,1.35334,625.0,2026-09-07T13:50:00+02:00
GBPUSD,5m,2026-09-07T11:55:00+00:00,1.35334,1.3534199999999998,1.35311,1.35314,837.0,2026-09-07T13:55:00+02:00
GBPUSD,5m,2026-09-07T12:00:00+00:00,1.35314,1.35326,1.3528799999999999,1.35291,828.0,2026-09-07T14:00:00+02:00
GBPUSD,5m,2026-09-07T12:05:00+00:00,1.35291,1.3532899999999999,1.35291,1.35301,813.0,2026-09-07T14:05:00+02:00
GBPUSD,5m,2026-09-07T12:10:00+00:00,1.35301,1.35306,1.35289,1.3529499999999999,732.0,2026-09-07T14:10:00+02:00
GBPUSD,5m,2026-09-07T12:15:00+00:00,1.3529499999999999,1.35321,1.3528499999999999,1.35317,871.0,2026-09-07T14:15:00+02:00
GBPUSD,5m,2026-09-07T12:20:00+00:00,1.35317,1.3534,1.35304,1.35331,1165.0,2026-09-07T14:20:00+02:00
GBPUSD,5m,2026-09-07T12:25:00+00:00,1.35331,1.35354,1.3532199999999999,1.35354,976.0,2026-09-07T14:25:00+02:00
GBPUSD,5m,2026-09-07T12:30:00+00:00,1.35354,1.3537,1.35345,1.3536,777.0,2026-09-07T14:30:00+02:00
GBPUSD,5m,2026-09-07T12:35:00+00:00,1.3536,1.35382,1.35348,1.35368,846.0,2026-09-07T14:35:00+02:00
GBPUSD,5m,2026-09-07T12:40:00+00:00,1.35368,1.35384,1.35357,1.3538299999999999,1007.0,2026-09-07T14:40:00+02:00
GBPUSD,5m,2026-09-07T12:45:00+00:00,1.3538299999999999,1.35385,1.3536,1.35375,967.0,2026-09-07T14:45:00+02:00
GBPUSD,5m,2026-09-07T12:50:00+00:00,1.35375,1.35388,1.35338,1.35345,904.0,2026-09-07T14:50:00+02:00
GBPUSD,5m,2026-09-07T12:55:00+00:00,1.35345,1.3537299999999999,1.35343,1.3537,924.0,2026-09-07T14:55:00+02:00
GBPUSD,5m,2026-09-07T13:00:00+00:00,1.3537,1.3539299999999999,1.3536599999999999,1.35372,811.0,2026-09-07T15:00:00+02:00
GBPUSD,5m,2026-09-07T13:05:00+00:00,1.35372,1.3537299999999999,1.35353,1.35369,687.0,2026-09-07T15:05:00+02:00
GBPUSD,5m,2026-09-07T13:10:00+00:00,1.35369,1.35389,1.35367,1.3538599999999998,714.0,2026-09-07T15:10:00+02:00
GBPUSD,5m,2026-09-07T13:15:00+00:00,1.3538599999999998,1.3538599999999998,1.3535,1.3536,803.0,2026-09-07T15:15:00+02:00
GBPUSD,5m,2026-09-07T13:20:00+00:00,1.3536,1.35387,1.3535899999999998,1.35374,819.0,2026-09-07T15:20:00+02:00
GBPUSD,5m,2026-09-07T13:25:00+00:00,1.35374,1.3537599999999999,1.3535899999999998,1.35362,505.0,2026-09-07T15:25:00+02:00
GBPUSD,5m,2026-09-07T13:30:00+00:00,1.35362,1.3538,1.35351,1.35369,784.0,2026-09-07T15:30:00+02:00
GBPUSD,5m,2026-09-07T13:35:00+00:00,1.35369,1.35375,1.35355,1.3536,610.0,2026-09-07T15:35:00+02:00
GBPUSD,5m,2026-09-07T13:40:00+00:00,1.3536,1.35375,1.3535899999999998,1.3537,739.0,2026-09-07T15:40:00+02:00
GBPUSD,5m,2026-09-07T13:45:00+00:00,1.3537,1.35398,1.3536599999999999,1.35372,865.0,2026-09-07T15:45:00+02:00
GBPUSD,5m,2026-09-07T13:50:00+00:00,1.35372,1.3539299999999999,1.35369,1.35379,845.0,2026-09-07T15:50:00+02:00
GBPUSD,5m,2026-09-07T13:55:00+00:00,1.35379,1.3538599999999998,1.3537,1.3538599999999998,913.0,2026-09-07T15:55:00+02:00
GBPUSD,5m,2026-09-07T14:00:00+00:00,1.3538599999999998,1.35397,1.35362,1.35364,1056.0,2026-09-07T16:00:00+02:00
GBPUSD,5m,2026-09-07T14:05:00+00:00,1.35364,1.35377,1.3535899999999998,1.3537599999999999,771.0,2026-09-07T16:05:00+02:00
GBPUSD,5m,2026-09-07T14:10:00+00:00,1.3537599999999999,1.35413,1.35374,1.35396,1010.0,2026-09-07T16:10:00+02:00
GBPUSD,5m,2026-09-07T14:15:00+00:00,1.35396,1.3542399999999999,1.35388,1.35413,930.0,2026-09-07T16:15:00+02:00
GBPUSD,5m,2026-09-07T14:20:00+00:00,1.35413,1.35415,1.35382,1.35405,1013.0,2026-09-07T16:20:00+02:00
GBPUSD,5m,2026-09-07T14:25:00+00:00,1.35405,1.35414,1.35389,1.35389,893.0,2026-09-07T16:25:00+02:00
GBPUSD,5m,2026-09-07T14:30:00+00:00,1.35389,1.35391,1.35377,1.35378,572.0,2026-09-07T16:30:00+02:00
GBPUSD,5m,2026-09-07T14:35:00+00:00,1.35378,1.35414,1.35378,1.35404,744.0,2026-09-07T16:35:00+02:00
GBPUSD,5m,2026-09-07T14:40:00+00:00,1.35404,1.35409,1.35388,1.3538999999999999,780.0,2026-09-07T16:40:00+02:00
GBPUSD,5m,2026-09-07T14:45:00+00:00,1.3538999999999999,1.35401,1.35377,1.35392,798.0,2026-09-07T16:45:00+02:00
GBPUSD,5m,2026-09-07T14:50:00+00:00,1.35392,1.35421,1.35388,1.35402,798.0,2026-09-07T16:50:00+02:00
GBPUSD,5m,2026-09-07T14:55:00+00:00,1.35402,1.35456,1.35398,1.3545,1302.0,2026-09-07T16:55:00+02:00
GBPUSD,5m,2026-09-07T15:00:00+00:00,1.3545,1.3546799999999999,1.35436,1.35452,1462.0,2026-09-07T17:00:00+02:00
GBPUSD,5m,2026-09-07T15:05:00+00:00,1.35452,1.35453,1.3540999999999999,1.35433,983.0,2026-09-07T17:05:00+02:00
GBPUSD,5m,2026-09-07T15:10:00+00:00,1.35433,1.3543699999999999,1.35418,1.3542699999999999,736.0,2026-09-07T17:10:00+02:00
GBPUSD,5m,2026-09-07T15:15:00+00:00,1.3542699999999999,1.35431,1.35408,1.35415,783.0,2026-09-07T17:15:00+02:00
GBPUSD,5m,2026-09-07T15:20:00+00:00,1.35415,1.3543,1.3540999999999999,1.3542399999999999,402.0,2026-09-07T17:20:00+02:00
GBPUSD,5m,2026-09-07T15:25:00+00:00,1.3542399999999999,1.3544399999999999,1.3541999999999998,1.35428,508.0,2026-09-07T17:25:00+02:00
GBPUSD,5m,2026-09-07T15:30:00+00:00,1.35428,1.35436,1.35409,1.35412,466.0,2026-09-07T17:30:00+02:00
GBPUSD,5m,2026-09-07T15:35:00+00:00,1.35412,1.3542399999999999,1.3540999999999999,1.35419,246.0,2026-09-07T17:35:00+02:00
GBPUSD,5m,2026-09-07T15:40:00+00:00,1.35419,1.3542399999999999,1.35401,1.3541699999999999,312.0,2026-09-07T17:40:00+02:00
GBPUSD,5m,2026-09-07T15:45:00+00:00,1.3541699999999999,1.35418,1.35404,1.35413,295.0,2026-09-07T17:45:00+02:00
GBPUSD,5m,2026-09-07T15:50:00+00:00,1.35413,1.35413,1.35392,1.35392,258.0,2026-09-07T17:50:00+02:00
GBPUSD,5m,2026-09-07T15:55:00+00:00,1.35392,1.35402,1.3538999999999999,1.35394,339.0,2026-09-07T17:55:00+02:00
GBPUSD,5m,2026-09-07T16:00:00+00:00,1.35394,1.35395,1.35379,1.3539299999999999,328.0,2026-09-07T18:00:00+02:00
GBPUSD,5m,2026-09-07T16:05:00+00:00,1.3539299999999999,1.35412,1.35392,1.35411,213.0,2026-09-07T18:05:00+02:00
GBPUSD,5m,2026-09-07T16:10:00+00:00,1.35411,1.35414,1.3539999999999999,1.35411,204.0,2026-09-07T18:10:00+02:00
GBPUSD,5m,2026-09-07T16:15:00+00:00,1.35411,1.35411,1.3539999999999999,1.35402,148.0,2026-09-07T18:15:00+02:00
GBPUSD,5m,2026-09-07T16:20:00+00:00,1.35402,1.35406,1.35398,1.3539999999999999,175.0,2026-09-07T18:20:00+02:00
GBPUSD,5m,2026-09-07T16:25:00+00:00,1.3539999999999999,1.35425,1.35399,1.3542399999999999,173.0,2026-09-07T18:25:00+02:00
GBPUSD,5m,2026-09-07T16:30:00+00:00,1.3542399999999999,1.35441,1.35423,1.35439,244.0,2026-09-07T18:30:00+02:00
GBPUSD,5m,2026-09-07T16:35:00+00:00,1.35439,1.35445,1.35438,1.35443,158.0,2026-09-07T18:35:00+02:00
GBPUSD,5m,2026-09-07T16:40:00+00:00,1.35443,1.35455,1.35443,1.35455,177.0,2026-09-07T18:40:00+02:00
GBPUSD,5m,2026-09-07T16:45:00+00:00,1.35455,1.35466,1.35455,1.35466,221.0,2026-09-07T18:45:00+02:00
GBPUSD,5m,2026-09-07T16:50:00+00:00,1.35466,1.35473,1.35459,1.35463,164.0,2026-09-07T18:50:00+02:00
GBPUSD,5m,2026-09-07T16:55:00+00:00,1.35463,1.35465,1.35456,1.3546,134.0,2026-09-07T18:55:00+02:00
GBPUSD,5m,2026-09-07T17:00:00+00:00,1.3546,1.35462,1.35435,1.35436,304.0,2026-09-07T19:00:00+02:00
GBPUSD,5m,2026-09-07T17:05:00+00:00,1.35436,1.35443,1.35433,1.35436,233.0,2026-09-07T19:05:00+02:00
GBPUSD,5m,2026-09-07T17:10:00+00:00,1.35436,1.35441,1.35428,1.35439,179.0,2026-09-07T19:10:00+02:00
GBPUSD,5m,2026-09-07T17:15:00+00:00,1.35439,1.35441,1.35419,1.35419,142.0,2026-09-07T19:15:00+02:00
GBPUSD,5m,2026-09-07T17:20:00+00:00,1.35419,1.35425,1.35419,1.35419,166.0,2026-09-07T19:20:00+02:00
GBPUSD,5m,2026-09-07T17:25:00+00:00,1.35419,1.35428,1.35419,1.35423,175.0,2026-09-07T19:25:00+02:00
GBPUSD,5m,2026-09-07T17:30:00+00:00,1.35423,1.35426,1.35422,1.35425,116.0,2026-09-07T19:30:00+02:00
GBPUSD,5m,2026-09-07T17:35:00+00:00,1.35425,1.35425,1.35421,1.35423,97.0,2026-09-07T19:35:00+02:00
GBPUSD,5m,2026-09-07T17:40:00+00:00,1.35423,1.35425,1.35418,1.35425,104.0,2026-09-07T19:40:00+02:00
GBPUSD,5m,2026-09-07T17:45:00+00:00,1.35425,1.35425,1.35411,1.35412,137.0,2026-09-07T19:45:00+02:00
GBPUSD,5m,2026-09-07T17:50:00+00:00,1.35412,1.35415,1.35412,1.35412,47.0,2026-09-07T19:50:00+02:00
GBPUSD,5m,2026-09-07T17:55:00+00:00,1.35412,1.35422,1.35411,1.35418,126.0,2026-09-07T19:55:00+02:00
GBPUSD,5m,2026-09-07T18:00:00+00:00,1.35418,1.35423,1.35418,1.3541999999999998,156.0,2026-09-07T20:00:00+02:00
GBPUSD,5m,2026-09-07T18:05:00+00:00,1.3541999999999998,1.35421,1.35409,1.35411,147.0,2026-09-07T20:05:00+02:00
GBPUSD,5m,2026-09-07T18:10:00+00:00,1.35411,1.35414,1.3540999999999999,1.3540999999999999,135.0,2026-09-07T20:10:00+02:00
GBPUSD,5m,2026-09-07T18:15:00+00:00,1.3540999999999999,1.35412,1.3540999999999999,1.35411,107.0,2026-09-07T20:15:00+02:00
GBPUSD,5m,2026-09-07T18:20:00+00:00,1.35411,1.35412,1.35408,1.35408,120.0,2026-09-07T20:20:00+02:00
GBPUSD,5m,2026-09-07T18:25:00+00:00,1.35408,1.35409,1.35399,1.35401,72.0,2026-09-07T20:25:00+02:00
GBPUSD,5m,2026-09-07T18:30:00+00:00,1.35401,1.35412,1.35399,1.35411,128.0,2026-09-07T20:30:00+02:00
GBPUSD,5m,2026-09-07T18:35:00+00:00,1.35411,1.35415,1.3540699999999999,1.35414,126.0,2026-09-07T20:35:00+02:00
GBPUSD,5m,2026-09-07T18:40:00+00:00,1.35414,1.35418,1.35413,1.35415,239.0,2026-09-07T20:40:00+02:00
GBPUSD,5m,2026-09-07T18:45:00+00:00,1.35415,1.35416,1.35404,1.3540999999999999,141.0,2026-09-07T20:45:00+02:00
GBPUSD,5m,2026-09-07T18:50:00+00:00,1.3540999999999999,1.35411,1.35401,1.35402,116.0,2026-09-07T20:50:00+02:00
GBPUSD,5m,2026-09-07T18:55:00+00:00,1.35402,1.35414,1.3539999999999999,1.35413,106.0,2026-09-07T20:55:00+02:00
GBPUSD,5m,2026-09-07T19:00:00+00:00,1.35413,1.35415,1.35408,1.35409,141.0,2026-09-07T21:00:00+02:00
GBPUSD,5m,2026-09-07T19:05:00+00:00,1.35409,1.3540999999999999,1.3539999999999999,1.35402,170.0,2026-09-07T21:05:00+02:00
GBPUSD,5m,2026-09-07T19:10:00+00:00,1.35402,1.35409,1.35399,1.3539999999999999,193.0,2026-09-07T21:10:00+02:00
GBPUSD,5m,2026-09-07T19:15:00+00:00,1.3539999999999999,1.35402,1.35396,1.35399,178.0,2026-09-07T21:15:00+02:00
GBPUSD,5m,2026-09-07T19:20:00+00:00,1.35399,1.35399,1.35389,1.35396,203.0,2026-09-07T21:20:00+02:00
GBPUSD,5m,2026-09-07T19:25:00+00:00,1.35396,1.35399,1.35395,1.35397,52.0,2026-09-07T21:25:00+02:00
GBPUSD,5m,2026-09-07T19:30:00+00:00,1.35397,1.35397,1.35384,1.35391,475.0,2026-09-07T21:30:00+02:00
GBPUSD,5m,2026-09-07T19:35:00+00:00,1.35391,1.3539299999999999,1.3538299999999999,1.35391,240.0,2026-09-07T21:35:00+02:00
GBPUSD,5m,2026-09-07T19:40:00+00:00,1.35391,1.35392,1.35385,1.35389,156.0,2026-09-07T21:40:00+02:00
GBPUSD,5m,2026-09-07T19:45:00+00:00,1.35389,1.35395,1.35388,1.35394,93.0,2026-09-07T21:45:00+02:00
GBPUSD,5m,2026-09-07T19:50:00+00:00,1.35394,1.35394,1.35389,1.35392,42.0,2026-09-07T21:50:00+02:00
GBPUSD,5m,2026-09-07T19:55:00+00:00,1.35392,1.35395,1.35391,1.35394,39.0,2026-09-07T21:55:00+02:00
GBPUSD,5m,2026-09-07T20:00:00+00:00,1.35394,1.35395,1.3538999999999999,1.35395,53.0,2026-09-07T22:00:00+02:00
GBPUSD,5m,2026-09-07T20:05:00+00:00,1.35395,1.35395,1.3539299999999999,1.35394,16.0,2026-09-07T22:05:00+02:00
GBPUSD,5m,2026-09-07T20:10:00+00:00,1.35394,1.35394,1.35392,1.3539299999999999,52.0,2026-09-07T22:10:00+02:00
GBPUSD,5m,2026-09-07T20:15:00+00:00,1.3539299999999999,1.35405,1.3539299999999999,1.3540299999999998,39.0,2026-09-07T22:15:00+02:00
GBPUSD,5m,2026-09-07T20:20:00+00:00,1.3540299999999998,1.35404,1.35401,1.35402,59.0,2026-09-07T22:20:00+02:00
GBPUSD,5m,2026-09-07T20:25:00+00:00,1.35402,1.3540299999999998,1.3539999999999999,1.35401,35.0,2026-09-07T22:25:00+02:00
GBPUSD,5m,2026-09-07T20:30:00+00:00,1.35401,1.3540299999999998,1.35398,1.35402,96.0,2026-09-07T22:30:00+02:00
GBPUSD,5m,2026-09-07T20:35:00+00:00,1.35402,1.3540299999999998,1.35399,1.35402,55.0,2026-09-07T22:35:00+02:00
GBPUSD,5m,2026-09-07T20:40:00+00:00,1.35402,1.3540699999999999,1.35401,1.35406,170.0,2026-09-07T22:40:00+02:00
GBPUSD,5m,2026-09-07T20:45:00+00:00,1.35406,1.3540699999999999,1.3540299999999998,1.3540699999999999,95.0,2026-09-07T22:45:00+02:00
GBPUSD,5m,2026-09-07T20:50:00+00:00,1.3540699999999999,1.3540999999999999,1.35401,1.35402,234.0,2026-09-07T22:50:00+02:00
GBPUSD,5m,2026-09-07T20:55:00+00:00,1.35402,1.35409,1.35396,1.35396,117.0,2026-09-07T22:55:00+02:00
GBPUSD,5m,2026-09-07T21:00:00+00:00,1.35396,1.35396,1.35302,1.35302,5.0,2026-09-07T23:00:00+02:00
GBPUSD,5m,2026-09-07T21:05:00+00:00,1.35302,1.3533,1.35302,1.3533,1.0,2026-09-07T23:05:00+02:00
GBPUSD,5m,2026-09-07T21:15:00+00:00,1.3533,1.3533,1.35309,1.35309,1.0,2026-09-07T23:15:00+02:00
GBPUSD,5m,2026-09-07T21:20:00+00:00,1.35309,1.35328,1.3530799999999998,1.3532199999999999,66.0,2026-09-07T23:20:00+02:00
GBPUSD,5m,2026-09-07T21:25:00+00:00,1.3532199999999999,1.35336,1.35314,1.35321,85.0,2026-09-07T23:25:00+02:00
GBPUSD,5m,2026-09-07T21:30:00+00:00,1.35321,1.35362,1.3531499999999999,1.3535599999999999,201.0,2026-09-07T23:30:00+02:00
GBPUSD,5m,2026-09-07T21:35:00+00:00,1.3535599999999999,1.3536,1.35318,1.35327,97.0,2026-09-07T23:35:00+02:00
GBPUSD,5m,2026-09-07T21:40:00+00:00,1.35327,1.3534599999999999,1.35319,1.35341,55.0,2026-09-07T23:40:00+02:00
GBPUSD,5m,2026-09-07T21:45:00+00:00,1.35341,1.35358,1.35334,1.35358,46.0,2026-09-07T23:45:00+02:00
GBPUSD,5m,2026-09-07T21:50:00+00:00,1.35358,1.3536,1.35353,1.35354,7.0,2026-09-07T23:50:00+02:00
GBPUSD,5m,2026-09-07T21:55:00+00:00,1.35354,1.3536599999999999,1.35323,1.35338,54.0,2026-09-07T23:55:00+02:00
GBPUSD,5m,2026-09-07T22:00:00+00:00,1.35338,1.35445,1.35338,1.3542399999999999,185.0,2026-09-08T00:00:00+02:00
GBPUSD,5m,2026-09-07T22:05:00+00:00,1.3542399999999999,1.3542399999999999,1.35406,1.3540699999999999,117.0,2026-09-08T00:05:00+02:00
GBPUSD,5m,2026-09-07T22:10:00+00:00,1.3540699999999999,1.3542399999999999,1.35406,1.35422,129.0,2026-09-08T00:10:00+02:00
GBPUSD,5m,2026-09-07T22:15:00+00:00,1.35422,1.35432,1.35415,1.35431,98.0,2026-09-08T00:15:00+02:00
GBPUSD,5m,2026-09-07T22:20:00+00:00,1.35431,1.35433,1.35414,1.3542399999999999,145.0,2026-09-08T00:20:00+02:00
GBPUSD,5m,2026-09-07T22:25:00+00:00,1.3542399999999999,1.35433,1.3541999999999998,1.35432,151.0,2026-09-08T00:25:00+02:00
GBPUSD,5m,2026-09-07T22:30:00+00:00,1.35432,1.35433,1.35419,1.35421,148.0,2026-09-08T00:30:00+02:00
GBPUSD,5m,2026-09-07T22:35:00+00:00,1.35421,1.35422,1.35404,1.35409,202.0,2026-09-08T00:35:00+02:00
GBPUSD,5m,2026-09-07T22:40:00+00:00,1.35409,1.35411,1.3540699999999999,1.35409,127.0,2026-09-08T00:40:00+02:00
GBPUSD,5m,2026-09-07T22:45:00+00:00,1.35409,1.3541699999999999,1.35406,1.35411,101.0,2026-09-08T00:45:00+02:00
GBPUSD,5m,2026-09-07T22:50:00+00:00,1.35411,1.3541999999999998,1.3540999999999999,1.35416,143.0,2026-09-08T00:50:00+02:00
GBPUSD,5m,2026-09-07T22:55:00+00:00,1.35416,1.35425,1.35415,1.35422,130.0,2026-09-08T00:55:00+02:00
GBPUSD,5m,2026-09-07T23:00:00+00:00,1.35422,1.3543399999999999,1.35418,1.35433,409.0,2026-09-08T01:00:00+02:00
GBPUSD,5m,2026-09-07T23:05:00+00:00,1.35433,1.35443,1.3542399999999999,1.35442,296.0,2026-09-08T01:05:00+02:00
GBPUSD,5m,2026-09-07T23:10:00+00:00,1.35442,1.3545399999999999,1.35435,1.35452,358.0,2026-09-08T01:10:00+02:00
GBPUSD,5m,2026-09-07T23:15:00+00:00,1.35452,1.35467,1.35432,1.35467,958.0,2026-09-08T01:15:00+02:00
GBPUSD,5m,2026-09-07T23:20:00+00:00,1.35467,1.35473,1.3545399999999999,1.35459,638.0,2026-09-08T01:20:00+02:00
GBPUSD,5m,2026-09-07T23:25:00+00:00,1.35459,1.35466,1.35446,1.3546099999999999,368.0,2026-09-08T01:25:00+02:00
GBPUSD,5m,2026-09-07T23:30:00+00:00,1.3546099999999999,1.35472,1.3545,1.3546099999999999,394.0,2026-09-08T01:30:00+02:00
GBPUSD,5m,2026-09-07T23:35:00+00:00,1.3546099999999999,1.35474,1.35453,1.35463,295.0,2026-09-08T01:35:00+02:00
GBPUSD,5m,2026-09-07T23:40:00+00:00,1.35463,1.35479,1.35459,1.35479,491.0,2026-09-08T01:40:00+02:00
GBPUSD,5m,2026-09-07T23:45:00+00:00,1.35479,1.35482,1.35472,1.3548099999999998,214.0,2026-09-08T01:45:00+02:00
GBPUSD,5m,2026-09-07T23:50:00+00:00,1.3548099999999998,1.3548099999999998,1.35442,1.3544699999999998,471.0,2026-09-08T01:50:00+02:00
GBPUSD,5m,2026-09-07T23:55:00+00:00,1.3544699999999998,1.3546799999999999,1.35445,1.35462,646.0,2026-09-08T01:55:00+02:00
GBPUSD,5m,2026-09-08T00:00:00+00:00,1.35462,1.3548499999999999,1.35449,1.3545099999999999,1917.0,2026-09-08T02:00:00+02:00
GBPUSD,5m,2026-09-08T00:05:00+00:00,1.3545099999999999,1.35457,1.35439,1.3544399999999999,1559.0,2026-09-08T02:05:00+02:00
GBPUSD,5m,2026-09-08T00:10:00+00:00,1.3544399999999999,1.35445,1.35409,1.35409,1357.0,2026-09-08T02:10:00+02:00
GBPUSD,5m,2026-09-08T00:15:00+00:00,1.35409,1.3542699999999999,1.35401,1.35423,1273.0,2026-09-08T02:15:00+02:00
GBPUSD,5m,2026-09-08T00:20:00+00:00,1.35423,1.35441,1.35414,1.3541999999999998,1111.0,2026-09-08T02:20:00+02:00
GBPUSD,5m,2026-09-08T00:25:00+00:00,1.3541999999999998,1.3544699999999998,1.3541999999999998,1.35441,1015.0,2026-09-08T02:25:00+02:00
GBPUSD,5m,2026-09-08T00:30:00+00:00,1.35441,1.35456,1.35433,1.3544,1113.0,2026-09-08T02:30:00+02:00
GBPUSD,5m,2026-09-08T00:35:00+00:00,1.3544,1.3544699999999998,1.35428,1.35435,896.0,2026-09-08T02:35:00+02:00
GBPUSD,5m,2026-09-08T00:40:00+00:00,1.35435,1.35449,1.35421,1.35425,852.0,2026-09-08T02:40:00+02:00
GBPUSD,5m,2026-09-08T00:45:00+00:00,1.35425,1.35438,1.35416,1.35438,862.0,2026-09-08T02:45:00+02:00
GBPUSD,5m,2026-09-08T00:50:00+00:00,1.35438,1.35448,1.35428,1.35443,1049.0,2026-09-08T02:50:00+02:00
GBPUSD,5m,2026-09-08T00:55:00+00:00,1.35443,1.3544399999999999,1.35422,1.35422,1167.0,2026-09-08T02:55:00+02:00
GBPUSD,5m,2026-09-08T01:00:00+00:00,1.35422,1.35435,1.35402,1.35409,989.0,2026-09-08T03:00:00+02:00
GBPUSD,5m,2026-09-08T01:05:00+00:00,1.35409,1.35443,1.35409,1.3544,934.0,2026-09-08T03:05:00+02:00
GBPUSD,5m,2026-09-08T01:10:00+00:00,1.3544,1.35441,1.35422,1.3543399999999999,881.0,2026-09-08T03:10:00+02:00
GBPUSD,5m,2026-09-08T01:15:00+00:00,1.3543399999999999,1.35462,1.35431,1.35442,950.0,2026-09-08T03:15:00+02:00
GBPUSD,5m,2026-09-08T01:20:00+00:00,1.35442,1.35475,1.3543399999999999,1.35473,1201.0,2026-09-08T03:20:00+02:00
GBPUSD,5m,2026-09-08T01:25:00+00:00,1.35473,1.35494,1.35467,1.35473,1043.0,2026-09-08T03:25:00+02:00
GBPUSD,5m,2026-09-08T01:30:00+00:00,1.35473,1.35473,1.35449,1.3545,899.0,2026-09-08T03:30:00+02:00
GBPUSD,5m,2026-09-08T01:35:00+00:00,1.3545,1.35462,1.35438,1.35439,829.0,2026-09-08T03:35:00+02:00
GBPUSD,5m,2026-09-08T01:40:00+00:00,1.35439,1.3546,1.35429,1.3545099999999999,888.0,2026-09-08T03:40:00+02:00
GBPUSD,5m,2026-09-08T01:45:00+00:00,1.3545099999999999,1.3546099999999999,1.3544699999999998,1.3545099999999999,834.0,2026-09-08T03:45:00+02:00
GBPUSD,5m,2026-09-08T01:50:00+00:00,1.3545099999999999,1.35457,1.35433,1.35453,924.0,2026-09-08T03:50:00+02:00
GBPUSD,5m,2026-09-08T01:55:00+00:00,1.35453,1.35477,1.35449,1.35477,816.0,2026-09-08T03:55:00+02:00
GBPUSD,5m,2026-09-08T02:00:00+00:00,1.35477,1.3548499999999999,1.35452,1.35459,1221.0,2026-09-08T04:00:00+02:00
GBPUSD,5m,2026-09-08T02:05:00+00:00,1.35459,1.3546399999999998,1.35439,1.35442,1185.0,2026-09-08T04:05:00+02:00
GBPUSD,5m,2026-09-08T02:10:00+00:00,1.35442,1.35448,1.35414,1.35423,903.0,2026-09-08T04:10:00+02:00
GBPUSD,5m,2026-09-08T02:15:00+00:00,1.35423,1.35448,1.35422,1.35429,751.0,2026-09-08T04:15:00+02:00
GBPUSD,5m,2026-09-08T02:20:00+00:00,1.35429,1.35456,1.35419,1.3543699999999999,1163.0,2026-09-08T04:20:00+02:00
GBPUSD,5m,2026-09-08T02:25:00+00:00,1.3543699999999999,1.35442,1.35384,1.35401,1061.0,2026-09-08T04:25:00+02:00
GBPUSD,5m,2026-09-08T02:30:00+00:00,1.35401,1.35405,1.3537299999999999,1.35375,1216.0,2026-09-08T04:30:00+02:00
GBPUSD,5m,2026-09-08T02:35:00+00:00,1.35375,1.35377,1.35345,1.35355,1151.0,2026-09-08T04:35:00+02:00
GBPUSD,5m,2026-09-08T02:40:00+00:00,1.35355,1.35372,1.35352,1.35371,781.0,2026-09-08T04:40:00+02:00
GBPUSD,5m,2026-09-08T02:45:00+00:00,1.35371,1.3537299999999999,1.3535,1.35351,845.0,2026-09-08T04:45:00+02:00
GBPUSD,5m,2026-09-08T02:50:00+00:00,1.35351,1.35365,1.35335,1.35343,659.0,2026-09-08T04:50:00+02:00
GBPUSD,5m,2026-09-08T02:55:00+00:00,1.35343,1.3534899999999999,1.3533899999999999,1.3534,637.0,2026-09-08T04:55:00+02:00
GBPUSD,5m,2026-09-08T03:00:00+00:00,1.3534,1.35345,1.35331,1.35344,556.0,2026-09-08T05:00:00+02:00
GBPUSD,5m,2026-09-08T03:05:00+00:00,1.35344,1.35362,1.35341,1.35351,527.0,2026-09-08T05:05:00+02:00
GBPUSD,5m,2026-09-08T03:10:00+00:00,1.35351,1.3535899999999998,1.35341,1.35358,575.0,2026-09-08T05:10:00+02:00
GBPUSD,5m,2026-09-08T03:15:00+00:00,1.35358,1.35377,1.3534899999999999,1.35372,447.0,2026-09-08T05:15:00+02:00
GBPUSD,5m,2026-09-08T03:20:00+00:00,1.35372,1.35382,1.35362,1.3537,502.0,2026-09-08T05:20:00+02:00
GBPUSD,5m,2026-09-08T03:25:00+00:00,1.3537,1.35381,1.35369,1.35371,323.0,2026-09-08T05:25:00+02:00
GBPUSD,5m,2026-09-08T03:30:00+00:00,1.35371,1.35382,1.35353,1.35364,467.0,2026-09-08T05:30:00+02:00
GBPUSD,5m,2026-09-08T03:35:00+00:00,1.35364,1.3537299999999999,1.3535899999999998,1.35369,576.0,2026-09-08T05:35:00+02:00
GBPUSD,5m,2026-09-08T03:40:00+00:00,1.35369,1.3538999999999999,1.35368,1.35387,575.0,2026-09-08T05:40:00+02:00
GBPUSD,5m,2026-09-08T03:45:00+00:00,1.35387,1.3539999999999999,1.35379,1.3539999999999999,756.0,2026-09-08T05:45:00+02:00
GBPUSD,5m,2026-09-08T03:50:00+00:00,1.3539999999999999,1.3539999999999999,1.3535899999999998,1.35371,711.0,2026-09-08T05:50:00+02:00
GBPUSD,5m,2026-09-08T03:55:00+00:00,1.35371,1.3537599999999999,1.35358,1.35372,520.0,2026-09-08T05:55:00+02:00
GBPUSD,5m,2026-09-08T04:00:00+00:00,1.35372,1.3538299999999999,1.35362,1.35374,537.0,2026-09-08T06:00:00+02:00
GBPUSD,5m,2026-09-08T04:05:00+00:00,1.35374,1.3538299999999999,1.3536299999999999,1.35368,748.0,2026-09-08T06:05:00+02:00
GBPUSD,5m,2026-09-08T04:10:00+00:00,1.35368,1.3538,1.35362,1.3536299999999999,706.0,2026-09-08T06:10:00+02:00
GBPUSD,5m,2026-09-08T04:15:00+00:00,1.3536299999999999,1.35364,1.35354,1.35361,530.0,2026-09-08T06:15:00+02:00
GBPUSD,5m,2026-09-08T04:20:00+00:00,1.35361,1.35384,1.3535,1.3538299999999999,539.0,2026-09-08T06:20:00+02:00
GBPUSD,5m,2026-09-08T04:25:00+00:00,1.3538299999999999,1.3538299999999999,1.3536,1.35362,581.0,2026-09-08T06:25:00+02:00
GBPUSD,5m,2026-09-08T04:30:00+00:00,1.35362,1.35374,1.35361,1.35362,577.0,2026-09-08T06:30:00+02:00
GBPUSD,5m,2026-09-08T04:35:00+00:00,1.35362,1.35364,1.35352,1.3536299999999999,702.0,2026-09-08T06:35:00+02:00
GBPUSD,5m,2026-09-08T04:40:00+00:00,1.3536299999999999,1.35378,1.35362,1.35378,476.0,2026-09-08T06:40:00+02:00
GBPUSD,5m,2026-09-08T04:45:00+00:00,1.35378,1.3538299999999999,1.3537,1.35378,506.0,2026-09-08T06:45:00+02:00
GBPUSD,5m,2026-09-08T04:50:00+00:00,1.35378,1.35384,1.35368,1.35381,503.0,2026-09-08T06:50:00+02:00
GBPUSD,5m,2026-09-08T04:55:00+00:00,1.35381,1.35398,1.35375,1.3539299999999999,673.0,2026-09-08T06:55:00+02:00
GBPUSD,5m,2026-09-08T05:00:00+00:00,1.3539299999999999,1.35404,1.35389,1.3539999999999999,523.0,2026-09-08T07:00:00+02:00
GBPUSD,5m,2026-09-08T05:05:00+00:00,1.3539999999999999,1.35404,1.35391,1.35395,569.0,2026-09-08T07:05:00+02:00
GBPUSD,5m,2026-09-08T05:10:00+00:00,1.35395,1.3540299999999998,1.35391,1.3539299999999999,581.0,2026-09-08T07:10:00+02:00
GBPUSD,5m,2026-09-08T05:15:00+00:00,1.3539299999999999,1.35415,1.35392,1.35404,561.0,2026-09-08T07:15:00+02:00
GBPUSD,5m,2026-09-08T05:20:00+00:00,1.35404,1.35406,1.35374,1.35378,786.0,2026-09-08T07:20:00+02:00
GBPUSD,5m,2026-09-08T05:25:00+00:00,1.35378,1.35384,1.35369,1.35369,832.0,2026-09-08T07:25:00+02:00
GBPUSD,5m,2026-09-08T05:30:00+00:00,1.35369,1.35387,1.35362,1.35387,999.0,2026-09-08T07:30:00+02:00
GBPUSD,5m,2026-09-08T05:35:00+00:00,1.35387,1.35396,1.35379,1.35381,766.0,2026-09-08T07:35:00+02:00
GBPUSD,5m,2026-09-08T05:40:00+00:00,1.35381,1.35406,1.35379,1.3540299999999998,726.0,2026-09-08T07:40:00+02:00
GBPUSD,5m,2026-09-08T05:45:00+00:00,1.3540299999999998,1.35405,1.35382,1.35394,855.0,2026-09-08T07:45:00+02:00
GBPUSD,5m,2026-09-08T05:50:00+00:00,1.35394,1.35404,1.3538299999999999,1.35384,769.0,2026-09-08T07:50:00+02:00
GBPUSD,5m,2026-09-08T05:55:00+00:00,1.35384,1.35433,1.35384,1.35431,1034.0,2026-09-08T07:55:00+02:00
GBPUSD,5m,2026-09-08T06:00:00+00:00,1.35431,1.3551199999999999,1.3542699999999999,1.3551199999999999,1466.0,2026-09-08T08:00:00+02:00
GBPUSD,5m,2026-09-08T06:05:00+00:00,1.3551199999999999,1.3552499999999998,1.3546,1.35469,1672.0,2026-09-08T08:05:00+02:00
GBPUSD,5m,2026-09-08T06:10:00+00:00,1.35469,1.3547,1.3542699999999999,1.35449,1455.0,2026-09-08T08:10:00+02:00
GBPUSD,5m,2026-09-08T06:15:00+00:00,1.35449,1.3545,1.35389,1.35389,1227.0,2026-09-08T08:15:00+02:00
GBPUSD,5m,2026-09-08T06:20:00+00:00,1.35389,1.3539299999999999,1.3535,1.35381,1784.0,2026-09-08T08:20:00+02:00
GBPUSD,5m,2026-09-08T06:25:00+00:00,1.35381,1.35391,1.35364,1.35368,1869.0,2026-09-08T08:25:00+02:00
GBPUSD,5m,2026-09-08T06:30:00+00:00,1.35368,1.3539299999999999,1.35358,1.3536299999999999,1702.0,2026-09-08T08:30:00+02:00
GBPUSD,5m,2026-09-08T06:35:00+00:00,1.3536299999999999,1.35385,1.35347,1.3537599999999999,1080.0,2026-09-08T08:35:00+02:00
GBPUSD,5m,2026-09-08T06:40:00+00:00,1.3537599999999999,1.35416,1.35374,1.35399,1131.0,2026-09-08T08:40:00+02:00
GBPUSD,5m,2026-09-08T06:45:00+00:00,1.35399,1.35404,1.35379,1.35398,971.0,2026-09-08T08:45:00+02:00
GBPUSD,5m,2026-09-08T06:50:00+00:00,1.35398,1.3540299999999998,1.35371,1.35387,970.0,2026-09-08T08:50:00+02:00
GBPUSD,5m,2026-09-08T06:55:00+00:00,1.35387,1.35391,1.3535899999999998,1.35362,1159.0,2026-09-08T08:55:00+02:00
GBPUSD,5m,2026-09-08T07:00:00+00:00,1.35362,1.35398,1.35337,1.3539299999999999,1269.0,2026-09-08T09:00:00+02:00
GBPUSD,5m,2026-09-08T07:05:00+00:00,1.3539299999999999,1.35413,1.35381,1.35392,1275.0,2026-09-08T09:05:00+02:00
GBPUSD,5m,2026-09-08T07:10:00+00:00,1.35392,1.35405,1.3537,1.3539299999999999,1199.0,2026-09-08T09:10:00+02:00
GBPUSD,5m,2026-09-08T07:15:00+00:00,1.3539299999999999,1.35395,1.3535899999999998,1.35384,1520.0,2026-09-08T09:15:00+02:00
GBPUSD,5m,2026-09-08T07:20:00+00:00,1.35384,1.35394,1.3532899999999999,1.3533199999999999,1156.0,2026-09-08T09:20:00+02:00
GBPUSD,5m,2026-09-08T07:25:00+00:00,1.3533199999999999,1.3535599999999999,1.3532499999999998,1.3534199999999998,930.0,2026-09-08T09:25:00+02:00
GBPUSD,5m,2026-09-08T07:30:00+00:00,1.3534199999999998,1.3538,1.35338,1.35341,1264.0,2026-09-08T09:30:00+02:00
GBPUSD,5m,2026-09-08T07:35:00+00:00,1.35341,1.35352,1.35309,1.3531199999999999,1110.0,2026-09-08T09:35:00+02:00
GBPUSD,5m,2026-09-08T07:40:00+00:00,1.3531199999999999,1.35313,1.35258,1.35292,1462.0,2026-09-08T09:40:00+02:00
GBPUSD,5m,2026-09-08T07:45:00+00:00,1.35292,1.35317,1.35273,1.35294,970.0,2026-09-08T09:45:00+02:00
GBPUSD,5m,2026-09-08T07:50:00+00:00,1.35294,1.35324,1.35284,1.35294,1111.0,2026-09-08T09:50:00+02:00
GBPUSD,5m,2026-09-08T07:55:00+00:00,1.35294,1.35313,1.3528499999999999,1.3531,1094.0,2026-09-08T09:55:00+02:00
GBPUSD,5m,2026-09-08T08:00:00+00:00,1.3531,1.35335,1.35294,1.35333,1857.0,2026-09-08T10:00:00+02:00
GBPUSD,5m,2026-09-08T08:05:00+00:00,1.35333,1.35353,1.35273,1.35274,1546.0,2026-09-08T10:05:00+02:00
GBPUSD,5m,2026-09-08T08:10:00+00:00,1.35274,1.35301,1.35248,1.35248,1345.0,2026-09-08T10:10:00+02:00
GBPUSD,5m,2026-09-08T08:15:00+00:00,1.35248,1.35255,1.35215,1.3525399999999999,1727.0,2026-09-08T10:15:00+02:00
GBPUSD,5m,2026-09-08T08:20:00+00:00,1.3525399999999999,1.3527799999999999,1.35239,1.35274,1127.0,2026-09-08T10:20:00+02:00
GBPUSD,5m,2026-09-08T08:25:00+00:00,1.35274,1.3530499999999999,1.35274,1.35286,1443.0,2026-09-08T10:25:00+02:00
GBPUSD,5m,2026-09-08T08:30:00+00:00,1.35286,1.3532499999999998,1.3527799999999999,1.35309,1021.0,2026-09-08T10:30:00+02:00
GBPUSD,5m,2026-09-08T08:35:00+00:00,1.35309,1.3531,1.3528099999999998,1.3530499999999999,928.0,2026-09-08T10:35:00+02:00
GBPUSD,5m,2026-09-08T08:40:00+00:00,1.3530499999999999,1.35306,1.35263,1.35263,1074.0,2026-09-08T10:40:00+02:00
GBPUSD,5m,2026-09-08T08:45:00+00:00,1.35263,1.35297,1.35246,1.35272,1809.0,2026-09-08T10:45:00+02:00
GBPUSD,5m,2026-09-08T08:50:00+00:00,1.35272,1.35284,1.3524,1.35259,1156.0,2026-09-08T10:50:00+02:00
GBPUSD,5m,2026-09-08T08:55:00+00:00,1.35259,1.3526,1.35222,1.3525,1277.0,2026-09-08T10:55:00+02:00
GBPUSD,5m,2026-09-08T09:00:00+00:00,1.3525,1.35274,1.35231,1.3526399999999998,1212.0,2026-09-08T11:00:00+02:00
GBPUSD,5m,2026-09-08T09:05:00+00:00,1.3526399999999998,1.35304,1.3524,1.35242,1254.0,2026-09-08T11:05:00+02:00
GBPUSD,5m,2026-09-08T09:10:00+00:00,1.35242,1.35252,1.35225,1.35245,1112.0,2026-09-08T11:10:00+02:00
GBPUSD,5m,2026-09-08T09:15:00+00:00,1.35245,1.35255,1.3523,1.3523399999999999,978.0,2026-09-08T11:15:00+02:00
GBPUSD,5m,2026-09-08T09:20:00+00:00,1.3523399999999999,1.3525399999999999,1.35228,1.35241,873.0,2026-09-08T11:20:00+02:00
GBPUSD,5m,2026-09-08T09:25:00+00:00,1.35241,1.35256,1.35236,1.3525099999999999,787.0,2026-09-08T11:25:00+02:00
GBPUSD,5m,2026-09-08T09:30:00+00:00,1.3525099999999999,1.3528099999999998,1.3524399999999999,1.35256,1182.0,2026-09-08T11:30:00+02:00
GBPUSD,5m,2026-09-08T09:35:00+00:00,1.35256,1.35294,1.35255,1.35292,933.0,2026-09-08T11:35:00+02:00
GBPUSD,5m,2026-09-08T09:40:00+00:00,1.35292,1.35337,1.35273,1.35283,1944.0,2026-09-08T11:40:00+02:00
GBPUSD,5m,2026-09-08T09:45:00+00:00,1.35283,1.35294,1.35259,1.35279,933.0,2026-09-08T11:45:00+02:00
GBPUSD,5m,2026-09-08T09:50:00+00:00,1.35279,1.35296,1.35258,1.35262,1051.0,2026-09-08T11:50:00+02:00
GBPUSD,5m,2026-09-08T09:55:00+00:00,1.35262,1.35313,1.3526,1.35302,1116.0,2026-09-08T11:55:00+02:00
GBPUSD,5m,2026-09-08T10:00:00+00:00,1.35302,1.35302,1.3524699999999998,1.3525,944.0,2026-09-08T12:00:00+02:00
GBPUSD,5m,2026-09-08T10:05:00+00:00,1.3525,1.35286,1.3524699999999998,1.35273,837.0,2026-09-08T12:05:00+02:00
GBPUSD,5m,2026-09-08T10:10:00+00:00,1.35273,1.3530499999999999,1.3526099999999999,1.35283,982.0,2026-09-08T12:10:00+02:00
GBPUSD,5m,2026-09-08T10:15:00+00:00,1.35283,1.353,1.3527799999999999,1.35292,996.0,2026-09-08T12:15:00+02:00
GBPUSD,5m,2026-09-08T10:20:00+00:00,1.35292,1.3537599999999999,1.35282,1.35283,1795.0,2026-09-08T12:20:00+02:00
GBPUSD,5m,2026-09-08T10:25:00+00:00,1.35283,1.35294,1.3527099999999999,1.3529,691.0,2026-09-08T12:25:00+02:00
GBPUSD,5m,2026-09-08T10:30:00+00:00,1.3529,1.35291,1.35241,1.3525099999999999,736.0,2026-09-08T12:30:00+02:00
GBPUSD,5m,2026-09-08T10:35:00+00:00,1.3525099999999999,1.35255,1.35219,1.35222,652.0,2026-09-08T12:35:00+02:00
GBPUSD,5m,2026-09-08T10:40:00+00:00,1.35222,1.3523699999999999,1.35211,1.35223,790.0,2026-09-08T12:40:00+02:00
GBPUSD,5m,2026-09-08T10:45:00+00:00,1.35223,1.35256,1.35223,1.35252,621.0,2026-09-08T12:45:00+02:00
GBPUSD,5m,2026-09-08T10:50:00+00:00,1.35252,1.3527799999999999,1.3525099999999999,1.35262,827.0,2026-09-08T12:50:00+02:00
GBPUSD,5m,2026-09-08T10:55:00+00:00,1.35262,1.35294,1.35256,1.35273,922.0,2026-09-08T12:55:00+02:00
GBPUSD,5m,2026-09-08T11:00:00+00:00,1.35273,1.35283,1.3524699999999998,1.35253,1058.0,2026-09-08T13:00:00+02:00
GBPUSD,5m,2026-09-08T11:05:00+00:00,1.35253,1.3529499999999999,1.35238,1.35256,1558.0,2026-09-08T13:05:00+02:00
GBPUSD,5m,2026-09-08T11:10:00+00:00,1.35256,1.35258,1.35219,1.35242,1185.0,2026-09-08T13:10:00+02:00
GBPUSD,5m,2026-09-08T11:15:00+00:00,1.35242,1.3530499999999999,1.3523399999999999,1.35302,1285.0,2026-09-08T13:15:00+02:00
GBPUSD,5m,2026-09-08T11:20:00+00:00,1.35302,1.3534,1.3529,1.35338,771.0,2026-09-08T13:20:00+02:00
GBPUSD,5m,2026-09-08T11:25:00+00:00,1.35338,1.35358,1.35323,1.3535,919.0,2026-09-08T13:25:00+02:00
GBPUSD,5m,2026-09-08T11:30:00+00:00,1.3535,1.35385,1.35343,1.35379,947.0,2026-09-08T13:30:00+02:00
GBPUSD,5m,2026-09-08T11:35:00+00:00,1.35379,1.35425,1.35377,1.3539999999999999,1172.0,2026-09-08T13:35:00+02:00
GBPUSD,5m,2026-09-08T11:40:00+00:00,1.3539999999999999,1.35404,1.35358,1.35367,1026.0,2026-09-08T13:40:00+02:00
GBPUSD,5m,2026-09-08T11:45:00+00:00,1.35367,1.35384,1.35348,1.3538,1140.0,2026-09-08T13:45:00+02:00
GBPUSD,5m,2026-09-08T11:50:00+00:00,1.3538,1.35388,1.35331,1.35354,953.0,2026-09-08T13:50:00+02:00
GBPUSD,5m,2026-09-08T11:55:00+00:00,1.35354,1.35455,1.35351,1.3544,1548.0,2026-09-08T13:55:00+02:00
GBPUSD,5m,2026-09-08T12:00:00+00:00,1.3544,1.35452,1.35419,1.3544399999999999,1462.0,2026-09-08T14:00:00+02:00
GBPUSD,5m,2026-09-08T12:05:00+00:00,1.3544399999999999,1.35472,1.3544,1.35457,980.0,2026-09-08T14:05:00+02:00
GBPUSD,5m,2026-09-08T12:10:00+00:00,1.35457,1.35466,1.35438,1.3545099999999999,1187.0,2026-09-08T14:10:00+02:00
GBPUSD,5m,2026-09-08T12:15:00+00:00,1.3545099999999999,1.3547,1.35416,1.35469,1440.0,2026-09-08T14:15:00+02:00
GBPUSD,5m,2026-09-08T12:20:00+00:00,1.35469,1.3548099999999998,1.3544699999999998,1.35469,1339.0,2026-09-08T14:20:00+02:00
GBPUSD,5m,2026-09-08T12:25:00+00:00,1.35469,1.35513,1.35458,1.35509,1224.0,2026-09-08T14:25:00+02:00
GBPUSD,5m,2026-09-08T12:30:00+00:00,1.35509,1.35517,1.35469,1.35511,1383.0,2026-09-08T14:30:00+02:00
GBPUSD,5m,2026-09-08T12:35:00+00:00,1.35511,1.35526,1.35494,1.35511,1306.0,2026-09-08T14:35:00+02:00
GBPUSD,5m,2026-09-08T12:40:00+00:00,1.35511,1.3552,1.35476,1.35501,1431.0,2026-09-08T14:40:00+02:00
GBPUSD,5m,2026-09-08T12:45:00+00:00,1.35501,1.35544,1.35484,1.3554,1363.0,2026-09-08T14:45:00+02:00
GBPUSD,5m,2026-09-08T12:50:00+00:00,1.3554,1.3555,1.35517,1.35538,1168.0,2026-09-08T14:50:00+02:00
GBPUSD,5m,2026-09-08T12:55:00+00:00,1.35538,1.35551,1.35521,1.35537,996.0,2026-09-08T14:55:00+02:00
GBPUSD,5m,2026-09-08T13:00:00+00:00,1.35537,1.3555,1.3550799999999998,1.35524,1572.0,2026-09-08T15:00:00+02:00
GBPUSD,5m,2026-09-08T13:05:00+00:00,1.35524,1.35578,1.35521,1.35565,1558.0,2026-09-08T15:05:00+02:00
GBPUSD,5m,2026-09-08T13:10:00+00:00,1.35565,1.35596,1.35555,1.35558,1017.0,2026-09-08T15:10:00+02:00
GBPUSD,5m,2026-09-08T13:15:00+00:00,1.35558,1.3557299999999999,1.35543,1.35568,919.0,2026-09-08T15:15:00+02:00
GBPUSD,5m,2026-09-08T13:20:00+00:00,1.35568,1.35615,1.35567,1.3558599999999998,1190.0,2026-09-08T15:20:00+02:00
GBPUSD,5m,2026-09-08T13:25:00+00:00,1.3558599999999998,1.3559999999999999,1.35535,1.35538,1235.0,2026-09-08T15:25:00+02:00
GBPUSD,5m,2026-09-08T13:30:00+00:00,1.35538,1.35552,1.35519,1.3552,1874.0,2026-09-08T15:30:00+02:00
GBPUSD,5m,2026-09-08T13:35:00+00:00,1.3552,1.35553,1.35494,1.3554899999999999,1298.0,2026-09-08T15:35:00+02:00
GBPUSD,5m,2026-09-08T13:40:00+00:00,1.3554899999999999,1.3554899999999999,1.35516,1.35519,1088.0,2026-09-08T15:40:00+02:00
GBPUSD,5m,2026-09-08T13:45:00+00:00,1.35519,1.35521,1.3547,1.35499,1320.0,2026-09-08T15:45:00+02:00
GBPUSD,5m,2026-09-08T13:50:00+00:00,1.35499,1.3552899999999999,1.3548,1.35514,1324.0,2026-09-08T15:50:00+02:00
GBPUSD,5m,2026-09-08T13:55:00+00:00,1.35514,1.3552499999999998,1.35492,1.3551199999999999,1306.0,2026-09-08T15:55:00+02:00
GBPUSD,5m,2026-09-08T14:00:00+00:00,1.3551199999999999,1.35531,1.35487,1.35501,1447.0,2026-09-08T16:00:00+02:00
GBPUSD,5m,2026-09-08T14:05:00+00:00,1.35501,1.35519,1.35472,1.35472,1239.0,2026-09-08T16:05:00+02:00
GBPUSD,5m,2026-09-08T14:10:00+00:00,1.35472,1.35472,1.35419,1.35431,1305.0,2026-09-08T16:10:00+02:00
GBPUSD,5m,2026-09-08T14:15:00+00:00,1.35431,1.35469,1.3543,1.3546,1078.0,2026-09-08T16:15:00+02:00
GBPUSD,5m,2026-09-08T14:20:00+00:00,1.3546,1.3551499999999999,1.3544699999999998,1.3551199999999999,898.0,2026-09-08T16:20:00+02:00
GBPUSD,5m,2026-09-08T14:25:00+00:00,1.3551199999999999,1.35535,1.355,1.35524,1126.0,2026-09-08T16:25:00+02:00
GBPUSD,5m,2026-09-08T14:30:00+00:00,1.35524,1.35551,1.3552,1.35543,1181.0,2026-09-08T16:30:00+02:00
GBPUSD,5m,2026-09-08T14:35:00+00:00,1.35543,1.35563,1.35519,1.3552899999999999,1357.0,2026-09-08T16:35:00+02:00
GBPUSD,5m,2026-09-08T14:40:00+00:00,1.3552899999999999,1.35552,1.35514,1.3554,1361.0,2026-09-08T16:40:00+02:00
GBPUSD,5m,2026-09-08T14:45:00+00:00,1.3554,1.35561,1.35516,1.3553,1161.0,2026-09-08T16:45:00+02:00
GBPUSD,5m,2026-09-08T14:50:00+00:00,1.3553,1.3554599999999999,1.3549,1.35506,1392.0,2026-09-08T16:50:00+02:00
GBPUSD,5m,2026-09-08T14:55:00+00:00,1.35506,1.3552499999999998,1.35474,1.35524,1588.0,2026-09-08T16:55:00+02:00
GBPUSD,5m,2026-09-08T15:00:00+00:00,1.35524,1.35524,1.3547799999999999,1.3550499999999999,1794.0,2026-09-08T17:00:00+02:00
GBPUSD,5m,2026-09-08T15:05:00+00:00,1.3550499999999999,1.3551499999999999,1.35494,1.35513,1041.0,2026-09-08T17:05:00+02:00
GBPUSD,5m,2026-09-08T15:10:00+00:00,1.35513,1.3554199999999998,1.3549,1.35491,913.0,2026-09-08T17:10:00+02:00
GBPUSD,5m,2026-09-08T15:15:00+00:00,1.35491,1.35514,1.35469,1.35492,1114.0,2026-09-08T17:15:00+02:00
GBPUSD,5m,2026-09-08T15:20:00+00:00,1.35492,1.35493,1.35457,1.3548,1029.0,2026-09-08T17:20:00+02:00
GBPUSD,5m,2026-09-08T15:25:00+00:00,1.3548,1.3550799999999998,1.35458,1.35462,1109.0,2026-09-08T17:25:00+02:00
GBPUSD,5m,2026-09-08T15:30:00+00:00,1.35462,1.35479,1.35411,1.3541999999999998,1196.0,2026-09-08T17:30:00+02:00
GBPUSD,5m,2026-09-08T15:35:00+00:00,1.3541999999999998,1.3542399999999999,1.3540699999999999,1.35423,880.0,2026-09-08T17:35:00+02:00
GBPUSD,5m,2026-09-08T15:40:00+00:00,1.35423,1.35433,1.35408,1.35415,864.0,2026-09-08T17:40:00+02:00
GBPUSD,5m,2026-09-08T15:45:00+00:00,1.35415,1.35416,1.35388,1.3540299999999998,867.0,2026-09-08T17:45:00+02:00
GBPUSD,5m,2026-09-08T15:50:00+00:00,1.3540299999999998,1.35423,1.3538999999999999,1.35409,916.0,2026-09-08T17:50:00+02:00
GBPUSD,5m,2026-09-08T15:55:00+00:00,1.35409,1.35423,1.3539999999999999,1.35402,750.0,2026-09-08T17:55:00+02:00
GBPUSD,5m,2026-09-08T16:00:00+00:00,1.35402,1.35413,1.35389,1.35412,748.0,2026-09-08T18:00:00+02:00
GBPUSD,5m,2026-09-08T16:05:00+00:00,1.35412,1.35412,1.35358,1.3536,610.0,2026-09-08T18:05:00+02:00
GBPUSD,5m,2026-09-08T16:10:00+00:00,1.3536,1.3536299999999999,1.35328,1.3533899999999999,772.0,2026-09-08T18:10:00+02:00
GBPUSD,5m,2026-09-08T16:15:00+00:00,1.3533899999999999,1.35355,1.3532499999999998,1.35333,925.0,2026-09-08T18:15:00+02:00
GBPUSD,5m,2026-09-08T16:20:00+00:00,1.35333,1.35348,1.35324,1.35345,756.0,2026-09-08T18:20:00+02:00
GBPUSD,5m,2026-09-08T16:25:00+00:00,1.35345,1.3535,1.3532899999999999,1.35343,882.0,2026-09-08T18:25:00+02:00
GBPUSD,5m,2026-09-08T16:30:00+00:00,1.35343,1.35358,1.35335,1.35352,530.0,2026-09-08T18:30:00+02:00
GBPUSD,5m,2026-09-08T16:35:00+00:00,1.35352,1.35358,1.35324,1.35334,631.0,2026-09-08T18:35:00+02:00
GBPUSD,5m,2026-09-08T16:40:00+00:00,1.35334,1.3534199999999998,1.35306,1.3531499999999999,698.0,2026-09-08T18:40:00+02:00
GBPUSD,5m,2026-09-08T16:45:00+00:00,1.3531499999999999,1.3532499999999998,1.353,1.3532499999999998,475.0,2026-09-08T18:45:00+02:00
GBPUSD,5m,2026-09-08T16:50:00+00:00,1.3532499999999998,1.3536,1.35321,1.35334,1070.0,2026-09-08T18:50:00+02:00
GBPUSD,5m,2026-09-08T16:55:00+00:00,1.35334,1.35361,1.3531,1.35361,1333.0,2026-09-08T18:55:00+02:00
GBPUSD,5m,2026-09-08T17:00:00+00:00,1.35361,1.3539299999999999,1.3535899999999998,1.3538,1237.0,2026-09-08T19:00:00+02:00
GBPUSD,5m,2026-09-08T17:05:00+00:00,1.3538,1.3538999999999999,1.35368,1.35371,672.0,2026-09-08T19:05:00+02:00
GBPUSD,5m,2026-09-08T17:10:00+00:00,1.35371,1.3538299999999999,1.35371,1.35374,447.0,2026-09-08T19:10:00+02:00
GBPUSD,5m,2026-09-08T17:15:00+00:00,1.35374,1.3538999999999999,1.35371,1.35375,418.0,2026-09-08T19:15:00+02:00
GBPUSD,5m,2026-09-08T17:20:00+00:00,1.35375,1.3537599999999999,1.3535599999999999,1.3537599999999999,292.0,2026-09-08T19:20:00+02:00
GBPUSD,5m,2026-09-08T17:25:00+00:00,1.3537599999999999,1.3537599999999999,1.35354,1.3537299999999999,502.0,2026-09-08T19:25:00+02:00
GBPUSD,5m,2026-09-08T17:30:00+00:00,1.3537299999999999,1.35384,1.35365,1.35369,501.0,2026-09-08T19:30:00+02:00
GBPUSD,5m,2026-09-08T17:35:00+00:00,1.35369,1.35375,1.3535899999999998,1.35365,522.0,2026-09-08T19:35:00+02:00
GBPUSD,5m,2026-09-08T17:40:00+00:00,1.35365,1.35367,1.3536,1.35362,267.0,2026-09-08T19:40:00+02:00
GBPUSD,5m,2026-09-08T17:45:00+00:00,1.35362,1.35378,1.35362,1.35374,304.0,2026-09-08T19:45:00+02:00
GBPUSD,5m,2026-09-08T17:50:00+00:00,1.35374,1.3541999999999998,1.35374,1.35397,616.0,2026-09-08T19:50:00+02:00
GBPUSD,5m,2026-09-08T17:55:00+00:00,1.35397,1.35415,1.35392,1.35413,413.0,2026-09-08T19:55:00+02:00
GBPUSD,5m,2026-09-08T18:00:00+00:00,1.35413,1.3542399999999999,1.35408,1.35419,533.0,2026-09-08T20:00:00+02:00
GBPUSD,5m,2026-09-08T18:05:00+00:00,1.35419,1.3542399999999999,1.35397,1.3540999999999999,375.0,2026-09-08T20:05:00+02:00
GBPUSD,5m,2026-09-08T18:10:00+00:00,1.3540999999999999,1.35422,1.35408,1.35409,420.0,2026-09-08T20:10:00+02:00
GBPUSD,5m,2026-09-08T18:15:00+00:00,1.35409,1.35412,1.35391,1.35401,662.0,2026-09-08T20:15:00+02:00
GBPUSD,5m,2026-09-08T18:20:00+00:00,1.35401,1.35431,1.35401,1.35428,603.0,2026-09-08T20:20:00+02:00
GBPUSD,5m,2026-09-08T18:25:00+00:00,1.35428,1.35443,1.35421,1.35442,577.0,2026-09-08T20:25:00+02:00
GBPUSD,5m,2026-09-08T18:30:00+00:00,1.35442,1.3546399999999998,1.35439,1.35462,588.0,2026-09-08T20:30:00+02:00
GBPUSD,5m,2026-09-08T18:35:00+00:00,1.35462,1.35473,1.35459,1.35472,430.0,2026-09-08T20:35:00+02:00
GBPUSD,5m,2026-09-08T18:40:00+00:00,1.35472,1.35492,1.3547,1.35489,485.0,2026-09-08T20:40:00+02:00
GBPUSD,5m,2026-09-08T18:45:00+00:00,1.35489,1.35502,1.3538299999999999,1.35391,2685.0,2026-09-08T20:45:00+02:00
GBPUSD,5m,2026-09-08T18:50:00+00:00,1.35391,1.3545099999999999,1.35391,1.3545,1975.0,2026-09-08T20:50:00+02:00
GBPUSD,5m,2026-09-08T18:55:00+00:00,1.3545,1.35474,1.35431,1.35462,1636.0,2026-09-08T20:55:00+02:00
GBPUSD,5m,2026-09-08T19:00:00+00:00,1.35462,1.3547099999999999,1.35449,1.3546099999999999,1132.0,2026-09-08T21:00:00+02:00
GBPUSD,5m,2026-09-08T19:05:00+00:00,1.3546099999999999,1.35469,1.35428,1.35428,738.0,2026-09-08T21:05:00+02:00
GBPUSD,5m,2026-09-08T19:10:00+00:00,1.35428,1.35442,1.35419,1.3543,666.0,2026-09-08T21:10:00+02:00
GBPUSD,5m,2026-09-08T19:15:00+00:00,1.3543,1.3544,1.35419,1.3543,798.0,2026-09-08T21:15:00+02:00
GBPUSD,5m,2026-09-08T19:20:00+00:00,1.3543,1.3544,1.35409,1.35409,717.0,2026-09-08T21:20:00+02:00
GBPUSD,5m,2026-09-08T19:25:00+00:00,1.35409,1.35425,1.35409,1.35413,510.0,2026-09-08T21:25:00+02:00
GBPUSD,5m,2026-09-08T19:30:00+00:00,1.35413,1.35428,1.3539999999999999,1.35411,595.0,2026-09-08T21:30:00+02:00
GBPUSD,5m,2026-09-08T19:35:00+00:00,1.35411,1.35423,1.35406,1.35415,677.0,2026-09-08T21:35:00+02:00
GBPUSD,5m,2026-09-08T19:40:00+00:00,1.35415,1.3542399999999999,1.35413,1.35422,489.0,2026-09-08T21:40:00+02:00
GBPUSD,5m,2026-09-08T19:45:00+00:00,1.35422,1.35423,1.35408,1.35409,353.0,2026-09-08T21:45:00+02:00
GBPUSD,5m,2026-09-08T19:50:00+00:00,1.35409,1.35414,1.35378,1.3538299999999999,1032.0,2026-09-08T21:50:00+02:00
GBPUSD,5m,2026-09-08T19:55:00+00:00,1.3538299999999999,1.3539999999999999,1.3537299999999999,1.35389,924.0,2026-09-08T21:55:00+02:00
GBPUSD,5m,2026-09-08T20:00:00+00:00,1.35389,1.35413,1.35389,1.35401,493.0,2026-09-08T22:00:00+02:00
GBPUSD,5m,2026-09-08T20:05:00+00:00,1.35401,1.35402,1.35372,1.3538,322.0,2026-09-08T22:05:00+02:00
GBPUSD,5m,2026-09-08T20:10:00+00:00,1.3538,1.35381,1.35368,1.35379,180.0,2026-09-08T22:10:00+02:00
GBPUSD,5m,2026-09-08T20:15:00+00:00,1.35379,1.3539299999999999,1.35378,1.35392,187.0,2026-09-08T22:15:00+02:00
GBPUSD,5m,2026-09-08T20:20:00+00:00,1.35392,1.35415,1.3538999999999999,1.35401,136.0,2026-09-08T22:20:00+02:00
GBPUSD,5m,2026-09-08T20:25:00+00:00,1.35401,1.35402,1.35368,1.35378,310.0,2026-09-08T22:25:00+02:00
GBPUSD,5m,2026-09-08T20:30:00+00:00,1.35378,1.35402,1.35369,1.35398,252.0,2026-09-08T22:30:00+02:00
GBPUSD,5m,2026-09-08T20:35:00+00:00,1.35398,1.35413,1.35398,1.35412,163.0,2026-09-08T22:35:00+02:00
GBPUSD,5m,2026-09-08T20:40:00+00:00,1.35412,1.35413,1.35399,1.35404,152.0,2026-09-08T22:40:00+02:00
GBPUSD,5m,2026-09-08T20:45:00+00:00,1.35404,1.35404,1.35388,1.3538999999999999,210.0,2026-09-08T22:45:00+02:00
GBPUSD,5m,2026-09-08T20:50:00+00:00,1.3538999999999999,1.3540699999999999,1.35388,1.35405,124.0,2026-09-08T22:50:00+02:00
GBPUSD,5m,2026-09-08T20:55:00+00:00,1.35405,1.35405,1.35387,1.3538999999999999,248.0,2026-09-08T22:55:00+02:00
GBPUSD,5m,2026-09-08T21:00:00+00:00,1.3538999999999999,1.3538999999999999,1.35294,1.35304,25.0,2026-09-08T23:00:00+02:00
GBPUSD,5m,2026-09-08T21:05:00+00:00,1.35304,1.35361,1.35304,1.3533,60.0,2026-09-08T23:05:00+02:00
GBPUSD,5m,2026-09-08T21:10:00+00:00,1.3533,1.3534599999999999,1.3530499999999999,1.3531,122.0,2026-09-08T23:10:00+02:00
GBPUSD,5m,2026-09-08T21:15:00+00:00,1.3531,1.35316,1.35307,1.3531,26.0,2026-09-08T23:15:00+02:00
GBPUSD,5m,2026-09-08T21:20:00+00:00,1.3531,1.3531499999999999,1.35307,1.35311,61.0,2026-09-08T23:20:00+02:00
GBPUSD,5m,2026-09-08T21:25:00+00:00,1.35311,1.35317,1.35306,1.35313,24.0,2026-09-08T23:25:00+02:00
GBPUSD,5m,2026-09-08T21:30:00+00:00,1.35313,1.35318,1.35304,1.35318,35.0,2026-09-08T23:30:00+02:00
GBPUSD,5m,2026-09-08T21:35:00+00:00,1.35318,1.3532899999999999,1.35309,1.3532499999999998,70.0,2026-09-08T23:35:00+02:00
GBPUSD,5m,2026-09-08T21:40:00+00:00,1.3532499999999998,1.35331,1.35316,1.35324,67.0,2026-09-08T23:40:00+02:00
GBPUSD,5m,2026-09-08T21:45:00+00:00,1.35324,1.35327,1.3531499999999999,1.3532499999999998,54.0,2026-09-08T23:45:00+02:00
GBPUSD,5m,2026-09-08T21:50:00+00:00,1.3532499999999998,1.3532899999999999,1.3532,1.35326,69.0,2026-09-08T23:50:00+02:00
GBPUSD,5m,2026-09-08T21:55:00+00:00,1.35326,1.35341,1.35316,1.35335,138.0,2026-09-08T23:55:00+02:00
GBPUSD,5m,2026-09-08T22:00:00+00:00,1.35335,1.35404,1.35335,1.35396,219.0,2026-09-09T00:00:00+02:00
GBPUSD,5m,2026-09-08T22:05:00+00:00,1.35396,1.3540699999999999,1.35387,1.35402,71.0,2026-09-09T00:05:00+02:00
GBPUSD,5m,2026-09-08T22:10:00+00:00,1.35402,1.35405,1.35395,1.3540299999999998,93.0,2026-09-09T00:10:00+02:00
GBPUSD,5m,2026-09-08T22:15:00+00:00,1.3540299999999998,1.35413,1.35402,1.35412,183.0,2026-09-09T00:15:00+02:00
GBPUSD,5m,2026-09-08T22:20:00+00:00,1.35412,1.35413,1.3539999999999999,1.3540999999999999,99.0,2026-09-09T00:20:00+02:00
GBPUSD,5m,2026-09-08T22:25:00+00:00,1.3540999999999999,1.35415,1.3540699999999999,1.35415,77.0,2026-09-09T00:25:00+02:00
GBPUSD,5m,2026-09-08T22:30:00+00:00,1.35415,1.35419,1.35404,1.35404,146.0,2026-09-09T00:30:00+02:00
GBPUSD,5m,2026-09-08T22:35:00+00:00,1.35404,1.35404,1.35394,1.3539999999999999,40.0,2026-09-09T00:35:00+02:00
GBPUSD,5m,2026-09-08T22:40:00+00:00,1.3539999999999999,1.35402,1.35394,1.35397,83.0,2026-09-09T00:40:00+02:00
GBPUSD,5m,2026-09-08T22:45:00+00:00,1.35397,1.3540699999999999,1.35397,1.3540699999999999,90.0,2026-09-09T00:45:00+02:00
GBPUSD,5m,2026-09-08T22:50:00+00:00,1.3540699999999999,1.35411,1.3539999999999999,1.3539999999999999,108.0,2026-09-09T00:50:00+02:00
GBPUSD,5m,2026-09-08T22:55:00+00:00,1.3539999999999999,1.35406,1.35399,1.35402,106.0,2026-09-09T00:55:00+02:00
GBPUSD,5m,2026-09-08T23:00:00+00:00,1.35402,1.35413,1.35396,1.35397,179.0,2026-09-09T01:00:00+02:00
GBPUSD,5m,2026-09-08T23:05:00+00:00,1.35397,1.35415,1.35396,1.35409,207.0,2026-09-09T01:05:00+02:00
GBPUSD,5m,2026-09-08T23:10:00+00:00,1.35409,1.35413,1.35401,1.35408,172.0,2026-09-09T01:10:00+02:00
GBPUSD,5m,2026-09-08T23:15:00+00:00,1.35408,1.3541699999999999,1.3540699999999999,1.3540999999999999,160.0,2026-09-09T01:15:00+02:00
GBPUSD,5m,2026-09-08T23:20:00+00:00,1.3540999999999999,1.35414,1.35399,1.35408,365.0,2026-09-09T01:20:00+02:00
GBPUSD,5m,2026-09-08T23:25:00+00:00,1.35408,1.35411,1.35404,1.3540999999999999,68.0,2026-09-09T01:25:00+02:00
GBPUSD,5m,2026-09-08T23:30:00+00:00,1.3540999999999999,1.3541699999999999,1.35398,1.35398,383.0,2026-09-09T01:30:00+02:00
GBPUSD,5m,2026-09-08T23:35:00+00:00,1.35398,1.35409,1.35394,1.35409,160.0,2026-09-09T01:35:00+02:00
GBPUSD,5m,2026-09-08T23:40:00+00:00,1.35409,1.35426,1.35406,1.35419,368.0,2026-09-09T01:40:00+02:00
GBPUSD,5m,2026-09-08T23:45:00+00:00,1.35419,1.35436,1.35413,1.35433,433.0,2026-09-09T01:45:00+02:00
GBPUSD,5m,2026-09-08T23:50:00+00:00,1.35433,1.35433,1.35412,1.35423,479.0,2026-09-09T01:50:00+02:00
GBPUSD,5m,2026-09-08T23:55:00+00:00,1.35423,1.35432,1.3541699999999999,1.35429,540.0,2026-09-09T01:55:00+02:00
GBPUSD,5m,2026-09-09T00:00:00+00:00,1.35429,1.3547,1.35429,1.3546799999999999,1063.0,2026-09-09T02:00:00+02:00
GBPUSD,5m,2026-09-09T00:05:00+00:00,1.3546799999999999,1.3546799999999999,1.35445,1.3545099999999999,1203.0,2026-09-09T02:05:00+02:00
GBPUSD,5m,2026-09-09T00:10:00+00:00,1.3545099999999999,1.35465,1.35445,1.35453,1020.0,2026-09-09T02:10:00+02:00
GBPUSD,5m,2026-09-09T00:15:00+00:00,1.35453,1.35469,1.3544699999999998,1.3546,1206.0,2026-09-09T02:15:00+02:00
GBPUSD,5m,2026-09-09T00:20:00+00:00,1.3546,1.3546099999999999,1.35443,1.3544699999999998,963.0,2026-09-09T02:20:00+02:00
GBPUSD,5m,2026-09-09T00:25:00+00:00,1.3544699999999998,1.35462,1.35442,1.3546,939.0,2026-09-09T02:25:00+02:00
GBPUSD,5m,2026-09-09T00:30:00+00:00,1.3546,1.3546099999999999,1.3543699999999999,1.35442,1035.0,2026-09-09T02:30:00+02:00
GBPUSD,5m,2026-09-09T00:35:00+00:00,1.35442,1.3544699999999998,1.3542699999999999,1.35445,827.0,2026-09-09T02:35:00+02:00
GBPUSD,5m,2026-09-09T00:40:00+00:00,1.35445,1.35448,1.35433,1.35445,635.0,2026-09-09T02:40:00+02:00
GBPUSD,5m,2026-09-09T00:45:00+00:00,1.35445,1.35453,1.35438,1.3545099999999999,673.0,2026-09-09T02:45:00+02:00
GBPUSD,5m,2026-09-09T00:50:00+00:00,1.3545099999999999,1.35469,1.3544699999999998,1.35459,1009.0,2026-09-09T02:50:00+02:00
GBPUSD,5m,2026-09-09T00:55:00+00:00,1.35459,1.3547799999999999,1.35449,1.3547799999999999,877.0,2026-09-09T02:55:00+02:00
GBPUSD,5m,2026-09-09T01:00:00+00:00,1.3547799999999999,1.3548,1.3542699999999999,1.35432,1317.0,2026-09-09T03:00:00+02:00
GBPUSD,5m,2026-09-09T01:05:00+00:00,1.35432,1.35452,1.35425,1.3545,900.0,2026-09-09T03:05:00+02:00
GBPUSD,5m,2026-09-09T01:10:00+00:00,1.3545,1.35462,1.35448,1.35462,931.0,2026-09-09T03:10:00+02:00
GBPUSD,5m,2026-09-09T01:15:00+00:00,1.35462,1.35474,1.35446,1.35452,1145.0,2026-09-09T03:15:00+02:00
GBPUSD,5m,2026-09-09T01:20:00+00:00,1.35452,1.35452,1.3542399999999999,1.35431,901.0,2026-09-09T03:20:00+02:00
GBPUSD,5m,2026-09-09T01:25:00+00:00,1.35431,1.3543399999999999,1.35423,1.3543,407.0,2026-09-09T03:25:00+02:00
GBPUSD,5m,2026-09-09T01:30:00+00:00,1.3543,1.3543,1.35411,1.35423,487.0,2026-09-09T03:30:00+02:00
GBPUSD,5m,2026-09-09T01:35:00+00:00,1.35423,1.35428,1.35412,1.35422,751.0,2026-09-09T03:35:00+02:00
GBPUSD,5m,2026-09-09T01:40:00+00:00,1.35422,1.35432,1.35416,1.3541699999999999,593.0,2026-09-09T03:40:00+02:00
GBPUSD,5m,2026-09-09T01:45:00+00:00,1.3541699999999999,1.3544,1.35416,1.3542399999999999,776.0,2026-09-09T03:45:00+02:00
GBPUSD,5m,2026-09-09T01:50:00+00:00,1.3542399999999999,1.3544399999999999,1.35423,1.3544,977.0,2026-09-09T03:50:00+02:00
GBPUSD,5m,2026-09-09T01:55:00+00:00,1.3544,1.3546099999999999,1.35438,1.35456,857.0,2026-09-09T03:55:00+02:00
GBPUSD,5m,2026-09-09T02:00:00+00:00,1.35456,1.35456,1.35425,1.35429,787.0,2026-09-09T04:00:00+02:00
GBPUSD,5m,2026-09-09T02:05:00+00:00,1.35429,1.35432,1.35414,1.35429,554.0,2026-09-09T04:05:00+02:00
GBPUSD,5m,2026-09-09T02:10:00+00:00,1.35429,1.35441,1.35419,1.35428,625.0,2026-09-09T04:10:00+02:00
GBPUSD,5m,2026-09-09T02:15:00+00:00,1.35428,1.35435,1.35419,1.35433,615.0,2026-09-09T04:15:00+02:00
GBPUSD,5m,2026-09-09T02:20:00+00:00,1.35433,1.35433,1.35412,1.35422,578.0,2026-09-09T04:20:00+02:00
GBPUSD,5m,2026-09-09T02:25:00+00:00,1.35422,1.35423,1.35409,1.35414,498.0,2026-09-09T04:25:00+02:00
GBPUSD,5m,2026-09-09T02:30:00+00:00,1.35414,1.35431,1.35411,1.35423,517.0,2026-09-09T04:30:00+02:00
GBPUSD,5m,2026-09-09T02:35:00+00:00,1.35423,1.35426,1.35411,1.35421,529.0,2026-09-09T04:35:00+02:00
GBPUSD,5m,2026-09-09T02:40:00+00:00,1.35421,1.35436,1.35418,1.35433,557.0,2026-09-09T04:40:00+02:00
GBPUSD,5m,2026-09-09T02:45:00+00:00,1.35433,1.3546099999999999,1.35432,1.3545099999999999,672.0,2026-09-09T04:45:00+02:00
GBPUSD,5m,2026-09-09T02:50:00+00:00,1.3545099999999999,1.3546,1.35441,1.3545099999999999,610.0,2026-09-09T04:50:00+02:00
GBPUSD,5m,2026-09-09T02:55:00+00:00,1.3545099999999999,1.35467,1.35442,1.35463,496.0,2026-09-09T04:55:00+02:00
GBPUSD,5m,2026-09-09T03:00:00+00:00,1.35463,1.35463,1.3545,1.3545399999999999,696.0,2026-09-09T05:00:00+02:00
GBPUSD,5m,2026-09-09T03:05:00+00:00,1.3545399999999999,1.35465,1.35442,1.3545,786.0,2026-09-09T05:05:00+02:00
GBPUSD,5m,2026-09-09T03:10:00+00:00,1.3545,1.3546799999999999,1.35446,1.35452,641.0,2026-09-09T05:10:00+02:00
GBPUSD,5m,2026-09-09T03:15:00+00:00,1.35452,1.35452,1.35438,1.3545099999999999,696.0,2026-09-09T05:15:00+02:00
GBPUSD,5m,2026-09-09T03:20:00+00:00,1.3545099999999999,1.35452,1.3544,1.3544699999999998,576.0,2026-09-09T05:20:00+02:00
GBPUSD,5m,2026-09-09T03:25:00+00:00,1.3544699999999998,1.35457,1.3544399999999999,1.35446,532.0,2026-09-09T05:25:00+02:00
GBPUSD,5m,2026-09-09T03:30:00+00:00,1.35446,1.35456,1.3543399999999999,1.35452,529.0,2026-09-09T05:30:00+02:00
GBPUSD,5m,2026-09-09T03:35:00+00:00,1.35452,1.3547,1.3545099999999999,1.35465,650.0,2026-09-09T05:35:00+02:00
GBPUSD,5m,2026-09-09T03:40:00+00:00,1.35465,1.35473,1.3546099999999999,1.3546799999999999,767.0,2026-09-09T05:40:00+02:00
GBPUSD,5m,2026-09-09T03:45:00+00:00,1.3546799999999999,1.35479,1.3546799999999999,1.35477,600.0,2026-09-09T05:45:00+02:00
GBPUSD,5m,2026-09-09T03:50:00+00:00,1.35477,1.35483,1.35459,1.35462,645.0,2026-09-09T05:50:00+02:00
GBPUSD,5m,2026-09-09T03:55:00+00:00,1.35462,1.35463,1.35439,1.35446,640.0,2026-09-09T05:55:00+02:00
GBPUSD,5m,2026-09-09T04:00:00+00:00,1.35446,1.35462,1.3544,1.3546099999999999,632.0,2026-09-09T06:00:00+02:00
GBPUSD,5m,2026-09-09T04:05:00+00:00,1.3546099999999999,1.35462,1.35452,1.3546,548.0,2026-09-09T06:05:00+02:00
GBPUSD,5m,2026-09-09T04:10:00+00:00,1.3546,1.35463,1.3545,1.3546099999999999,505.0,2026-09-09T06:10:00+02:00
GBPUSD,5m,2026-09-09T04:15:00+00:00,1.3546099999999999,1.35463,1.3545,1.35462,510.0,2026-09-09T06:15:00+02:00
GBPUSD,5m,2026-09-09T04:20:00+00:00,1.35462,1.35472,1.3545,1.3546399999999998,573.0,2026-09-09T06:20:00+02:00
GBPUSD,5m,2026-09-09T04:25:00+00:00,1.3546399999999998,1.3548799999999999,1.35462,1.35477,669.0,2026-09-09T06:25:00+02:00
GBPUSD,5m,2026-09-09T04:30:00+00:00,1.35477,1.35484,1.3547,1.35472,495.0,2026-09-09T06:30:00+02:00
GBPUSD,5m,2026-09-09T04:35:00+00:00,1.35472,1.35479,1.35467,1.3547099999999999,501.0,2026-09-09T06:35:00+02:00
GBPUSD,5m,2026-09-09T04:40:00+00:00,1.3547099999999999,1.35473,1.3546,1.35469,502.0,2026-09-09T06:40:00+02:00
GBPUSD,5m,2026-09-09T04:45:00+00:00,1.35469,1.35479,1.3546399999999998,1.3547099999999999,538.0,2026-09-09T06:45:00+02:00
GBPUSD,5m,2026-09-09T04:50:00+00:00,1.3547099999999999,1.35483,1.35467,1.35479,459.0,2026-09-09T06:50:00+02:00
GBPUSD,5m,2026-09-09T04:55:00+00:00,1.35479,1.35501,1.3547799999999999,1.3549799999999999,596.0,2026-09-09T06:55:00+02:00
GBPUSD,5m,2026-09-09T05:00:00+00:00,1.3549799999999999,1.35506,1.35484,1.35506,582.0,2026-09-09T07:00:00+02:00
GBPUSD,5m,2026-09-09T05:05:00+00:00,1.35506,1.35518,1.355,1.35518,579.0,2026-09-09T07:05:00+02:00
GBPUSD,5m,2026-09-09T05:10:00+00:00,1.35518,1.3552199999999999,1.35504,1.35509,608.0,2026-09-09T07:10:00+02:00
GBPUSD,5m,2026-09-09T05:15:00+00:00,1.35509,1.3552,1.35496,1.35519,430.0,2026-09-09T07:15:00+02:00
GBPUSD,5m,2026-09-09T05:20:00+00:00,1.35519,1.35524,1.3550799999999998,1.35521,427.0,2026-09-09T07:20:00+02:00
GBPUSD,5m,2026-09-09T05:25:00+00:00,1.35521,1.3554199999999998,1.35513,1.35531,779.0,2026-09-09T07:25:00+02:00
GBPUSD,5m,2026-09-09T05:30:00+00:00,1.35531,1.35541,1.35513,1.3552,813.0,2026-09-09T07:30:00+02:00
GBPUSD,5m,2026-09-09T05:35:00+00:00,1.3552,1.35523,1.3550499999999999,1.3552,777.0,2026-09-09T07:35:00+02:00
GBPUSD,5m,2026-09-09T05:40:00+00:00,1.3552,1.3552,1.35499,1.355,725.0,2026-09-09T07:40:00+02:00
GBPUSD,5m,2026-09-09T05:45:00+00:00,1.355,1.355,1.35479,1.35492,867.0,2026-09-09T07:45:00+02:00
GBPUSD,5m,2026-09-09T05:50:00+00:00,1.35492,1.3551199999999999,1.3548,1.3551199999999999,916.0,2026-09-09T07:50:00+02:00
GBPUSD,5m,2026-09-09T05:55:00+00:00,1.3551199999999999,1.35526,1.35507,1.3551,990.0,2026-09-09T07:55:00+02:00
GBPUSD,5m,2026-09-09T06:00:00+00:00,1.3551,1.35561,1.35509,1.35557,1577.0,2026-09-09T08:00:00+02:00
GBPUSD,5m,2026-09-09T06:05:00+00:00,1.35557,1.35561,1.35524,1.3553,1053.0,2026-09-09T08:05:00+02:00
GBPUSD,5m,2026-09-09T06:10:00+00:00,1.3553,1.3557,1.3552199999999999,1.35561,1173.0,2026-09-09T08:10:00+02:00
GBPUSD,5m,2026-09-09T06:15:00+00:00,1.35561,1.35621,1.35558,1.35618,1112.0,2026-09-09T08:15:00+02:00
GBPUSD,5m,2026-09-09T06:20:00+00:00,1.35618,1.3561999999999999,1.3557599999999999,1.35589,1368.0,2026-09-09T08:20:00+02:00
GBPUSD,5m,2026-09-09T06:25:00+00:00,1.35589,1.35592,1.3557299999999999,1.3558,1170.0,2026-09-09T08:25:00+02:00
GBPUSD,5m,2026-09-09T06:30:00+00:00,1.3558,1.35611,1.35568,1.35608,1061.0,2026-09-09T08:30:00+02:00
GBPUSD,5m,2026-09-09T06:35:00+00:00,1.35608,1.35615,1.3559299999999999,1.3559999999999999,914.0,2026-09-09T08:35:00+02:00
GBPUSD,5m,2026-09-09T06:40:00+00:00,1.3559999999999999,1.3559999999999999,1.3555599999999999,1.35561,902.0,2026-09-09T08:40:00+02:00
GBPUSD,5m,2026-09-09T06:45:00+00:00,1.35561,1.3558999999999999,1.35554,1.35579,869.0,2026-09-09T08:45:00+02:00
GBPUSD,5m,2026-09-09T06:50:00+00:00,1.35579,1.35584,1.35564,1.3558299999999999,768.0,2026-09-09T08:50:00+02:00
GBPUSD,5m,2026-09-09T06:55:00+00:00,1.3558299999999999,1.35595,1.3558,1.35589,1001.0,2026-09-09T08:55:00+02:00
GBPUSD,5m,2026-09-09T07:00:00+00:00,1.35589,1.35609,1.35581,1.35588,1246.0,2026-09-09T09:00:00+02:00
GBPUSD,5m,2026-09-09T07:05:00+00:00,1.35588,1.3561699999999999,1.35582,1.35612,1148.0,2026-09-09T09:05:00+02:00
GBPUSD,5m,2026-09-09T07:10:00+00:00,1.35612,1.35666,1.35612,1.3565099999999999,1161.0,2026-09-09T09:10:00+02:00
GBPUSD,5m,2026-09-09T07:15:00+00:00,1.3565099999999999,1.35675,1.35641,1.35641,1005.0,2026-09-09T09:15:00+02:00
GBPUSD,5m,2026-09-09T07:20:00+00:00,1.35641,1.35645,1.3560699999999999,1.3560999999999999,1159.0,2026-09-09T09:20:00+02:00
GBPUSD,5m,2026-09-09T07:25:00+00:00,1.3560999999999999,1.35614,1.35587,1.3560999999999999,1017.0,2026-09-09T09:25:00+02:00
GBPUSD,5m,2026-09-09T07:30:00+00:00,1.3560999999999999,1.35622,1.3557599999999999,1.35588,888.0,2026-09-09T09:30:00+02:00
GBPUSD,5m,2026-09-09T07:35:00+00:00,1.35588,1.35625,1.35585,1.35622,793.0,2026-09-09T09:35:00+02:00
GBPUSD,5m,2026-09-09T07:40:00+00:00,1.35622,1.35633,1.3561699999999999,1.35632,1083.0,2026-09-09T09:40:00+02:00
GBPUSD,5m,2026-09-09T07:45:00+00:00,1.35632,1.35648,1.3560699999999999,1.35615,1255.0,2026-09-09T09:45:00+02:00
GBPUSD,5m,2026-09-09T07:50:00+00:00,1.35615,1.35619,1.35558,1.35567,942.0,2026-09-09T09:50:00+02:00
GBPUSD,5m,2026-09-09T07:55:00+00:00,1.35567,1.35594,1.35562,1.35587,1027.0,2026-09-09T09:55:00+02:00
GBPUSD,5m,2026-09-09T08:00:00+00:00,1.35587,1.35591,1.3551499999999999,1.35517,1462.0,2026-09-09T10:00:00+02:00
GBPUSD,5m,2026-09-09T08:05:00+00:00,1.35517,1.35517,1.35457,1.3546099999999999,1256.0,2026-09-09T10:05:00+02:00
GBPUSD,5m,2026-09-09T08:10:00+00:00,1.3546099999999999,1.35493,1.35457,1.3548799999999999,806.0,2026-09-09T10:10:00+02:00
GBPUSD,5m,2026-09-09T08:15:00+00:00,1.3548799999999999,1.35513,1.3546099999999999,1.355,1028.0,2026-09-09T10:15:00+02:00
GBPUSD,5m,2026-09-09T08:20:00+00:00,1.355,1.3551199999999999,1.3546,1.3546799999999999,951.0,2026-09-09T10:20:00+02:00
GBPUSD,5m,2026-09-09T08:25:00+00:00,1.3546799999999999,1.35475,1.3544,1.35458,950.0,2026-09-09T10:25:00+02:00
GBPUSD,5m,2026-09-09T08:30:00+00:00,1.35458,1.35476,1.3545099999999999,1.3546799999999999,1036.0,2026-09-09T10:30:00+02:00
GBPUSD,5m,2026-09-09T08:35:00+00:00,1.3546799999999999,1.35469,1.35441,1.35449,775.0,2026-09-09T10:35:00+02:00
GBPUSD,5m,2026-09-09T08:40:00+00:00,1.35449,1.35453,1.35426,1.35443,1165.0,2026-09-09T10:40:00+02:00
GBPUSD,5m,2026-09-09T08:45:00+00:00,1.35443,1.35465,1.3544,1.35442,1005.0,2026-09-09T10:45:00+02:00
GBPUSD,5m,2026-09-09T08:50:00+00:00,1.35442,1.35452,1.3543,1.35435,547.0,2026-09-09T10:50:00+02:00
GBPUSD,5m,2026-09-09T08:55:00+00:00,1.35435,1.35449,1.35414,1.35423,850.0,2026-09-09T10:55:00+02:00
GBPUSD,5m,2026-09-09T09:00:00+00:00,1.35423,1.35441,1.35406,1.35428,945.0,2026-09-09T11:00:00+02:00
GBPUSD,5m,2026-09-09T09:05:00+00:00,1.35428,1.35438,1.35415,1.35433,806.0,2026-09-09T11:05:00+02:00
GBPUSD,5m,2026-09-09T09:10:00+00:00,1.35433,1.35433,1.35404,1.35423,919.0,2026-09-09T11:10:00+02:00
GBPUSD,5m,2026-09-09T09:15:00+00:00,1.35423,1.35449,1.3541999999999998,1.3544699999999998,924.0,2026-09-09T11:15:00+02:00
GBPUSD,5m,2026-09-09T09:20:00+00:00,1.3544699999999998,1.35466,1.35433,1.3546099999999999,904.0,2026-09-09T11:20:00+02:00
GBPUSD,5m,2026-09-09T09:25:00+00:00,1.3546099999999999,1.3548099999999998,1.35457,1.35469,809.0,2026-09-09T11:25:00+02:00
GBPUSD,5m,2026-09-09T09:30:00+00:00,1.35469,1.3547099999999999,1.35426,1.35426,1226.0,2026-09-09T11:30:00+02:00
GBPUSD,5m,2026-09-09T09:35:00+00:00,1.35426,1.35446,1.35408,1.35442,809.0,2026-09-09T11:35:00+02:00
GBPUSD,5m,2026-09-09T09:40:00+00:00,1.35442,1.35452,1.35422,1.35426,813.0,2026-09-09T11:40:00+02:00
GBPUSD,5m,2026-09-09T09:45:00+00:00,1.35426,1.35431,1.35387,1.35391,823.0,2026-09-09T11:45:00+02:00
GBPUSD,5m,2026-09-09T09:50:00+00:00,1.35391,1.35401,1.3534599999999999,1.35353,990.0,2026-09-09T11:50:00+02:00
GBPUSD,5m,2026-09-09T09:55:00+00:00,1.35353,1.3536299999999999,1.35318,1.35324,1225.0,2026-09-09T11:55:00+02:00
GBPUSD,5m,2026-09-09T10:00:00+00:00,1.35324,1.3534,1.3529799999999998,1.3532899999999999,1518.0,2026-09-09T12:00:00+02:00
GBPUSD,5m,2026-09-09T10:05:00+00:00,1.3532899999999999,1.3534899999999999,1.3532899999999999,1.35344,982.0,2026-09-09T12:05:00+02:00
GBPUSD,5m,2026-09-09T10:10:00+00:00,1.35344,1.35369,1.3531,1.3532199999999999,1091.0,2026-09-09T12:10:00+02:00
GBPUSD,5m,2026-09-09T10:15:00+00:00,1.3532199999999999,1.3534,1.35302,1.35338,1089.0,2026-09-09T12:15:00+02:00
GBPUSD,5m,2026-09-09T10:20:00+00:00,1.35338,1.3536,1.35338,1.3534199999999998,749.0,2026-09-09T12:20:00+02:00
GBPUSD,5m,2026-09-09T10:25:00+00:00,1.3534199999999998,1.3536599999999999,1.35338,1.3535599999999999,549.0,2026-09-09T12:25:00+02:00
GBPUSD,5m,2026-09-09T10:30:00+00:00,1.3535599999999999,1.3538299999999999,1.35337,1.35382,1055.0,2026-09-09T12:30:00+02:00
GBPUSD,5m,2026-09-09T10:35:00+00:00,1.35382,1.35414,1.35375,1.35401,958.0,2026-09-09T12:35:00+02:00
GBPUSD,5m,2026-09-09T10:40:00+00:00,1.35401,1.35405,1.35378,1.3538299999999999,926.0,2026-09-09T12:40:00+02:00
GBPUSD,5m,2026-09-09T10:45:00+00:00,1.3538299999999999,1.35413,1.35377,1.35409,726.0,2026-09-09T12:45:00+02:00
GBPUSD,5m,2026-09-09T10:50:00+00:00,1.35409,1.3541699999999999,1.35368,1.35375,980.0,2026-09-09T12:50:00+02:00
GBPUSD,5m,2026-09-09T10:55:00+00:00,1.35375,1.3538,1.35337,1.35361,677.0,2026-09-09T12:55:00+02:00
GBPUSD,5m,2026-09-09T11:00:00+00:00,1.35361,1.3538,1.35347,1.35374,705.0,2026-09-09T13:00:00+02:00
GBPUSD,5m,2026-09-09T11:05:00+00:00,1.35374,1.35398,1.35367,1.35396,957.0,2026-09-09T13:05:00+02:00
GBPUSD,5m,2026-09-09T11:10:00+00:00,1.35396,1.35397,1.3537599999999999,1.35384,809.0,2026-09-09T13:10:00+02:00
GBPUSD,5m,2026-09-09T11:15:00+00:00,1.35384,1.35491,1.3538299999999999,1.35477,1078.0,2026-09-09T13:15:00+02:00
GBPUSD,5m,2026-09-09T11:20:00+00:00,1.35477,1.3553,1.3547099999999999,1.35524,1271.0,2026-09-09T13:20:00+02:00
GBPUSD,5m,2026-09-09T11:25:00+00:00,1.35524,1.35643,1.35521,1.3564,1313.0,2026-09-09T13:25:00+02:00
GBPUSD,5m,2026-09-09T11:30:00+00:00,1.3564,1.3565099999999999,1.35572,1.35629,2116.0,2026-09-09T13:30:00+02:00
GBPUSD,5m,2026-09-09T11:35:00+00:00,1.35629,1.35635,1.35589,1.35604,1602.0,2026-09-09T13:35:00+02:00
GBPUSD,5m,2026-09-09T11:40:00+00:00,1.35604,1.35619,1.3556899999999998,1.3558,1085.0,2026-09-09T13:40:00+02:00
GBPUSD,5m,2026-09-09T11:45:00+00:00,1.3558,1.35657,1.3556899999999998,1.35632,1643.0,2026-09-09T13:45:00+02:00
GBPUSD,5m,2026-09-09T11:50:00+00:00,1.35632,1.3566,1.3557299999999999,1.35578,1561.0,2026-09-09T13:50:00+02:00
GBPUSD,5m,2026-09-09T11:55:00+00:00,1.35578,1.3560999999999999,1.35565,1.3560699999999999,1303.0,2026-09-09T13:55:00+02:00
GBPUSD,5m,2026-09-09T12:00:00+00:00,1.3560699999999999,1.35642,1.35597,1.35608,2046.0,2026-09-09T14:00:00+02:00
GBPUSD,5m,2026-09-09T12:05:00+00:00,1.35608,1.35645,1.35596,1.3564399999999999,1690.0,2026-09-09T14:05:00+02:00
GBPUSD,5m,2026-09-09T12:10:00+00:00,1.3564399999999999,1.35659,1.35606,1.3560999999999999,1636.0,2026-09-09T14:10:00+02:00
GBPUSD,5m,2026-09-09T12:15:00+00:00,1.3560999999999999,1.35616,1.3557,1.3560299999999998,1229.0,2026-09-09T14:15:00+02:00
GBPUSD,5m,2026-09-09T12:20:00+00:00,1.3560299999999998,1.35609,1.35561,1.35568,1252.0,2026-09-09T14:20:00+02:00
GBPUSD,5m,2026-09-09T12:25:00+00:00,1.35568,1.3557599999999999,1.35547,1.35547,1071.0,2026-09-09T14:25:00+02:00
GBPUSD,5m,2026-09-09T12:30:00+00:00,1.35547,1.35552,1.3552499999999998,1.35541,1002.0,2026-09-09T14:30:00+02:00
GBPUSD,5m,2026-09-09T12:35:00+00:00,1.35541,1.35563,1.35524,1.35528,1244.0,2026-09-09T14:35:00+02:00
GBPUSD,5m,2026-09-09T12:40:00+00:00,1.35528,1.3553199999999999,1.3551,1.35511,950.0,2026-09-09T14:40:00+02:00
GBPUSD,5m,2026-09-09T12:45:00+00:00,1.35511,1.35558,1.35493,1.35497,1007.0,2026-09-09T14:45:00+02:00
GBPUSD,5m,2026-09-09T12:50:00+00:00,1.35497,1.35499,1.35469,1.3547799999999999,1154.0,2026-09-09T14:50:00+02:00
GBPUSD,5m,2026-09-09T12:55:00+00:00,1.3547799999999999,1.35504,1.3547,1.35504,1139.0,2026-09-09T14:55:00+02:00
GBPUSD,5m,2026-09-09T13:00:00+00:00,1.35504,1.35553,1.35496,1.3554,1395.0,2026-09-09T15:00:00+02:00
GBPUSD,5m,2026-09-09T13:05:00+00:00,1.3554,1.35555,1.3553199999999999,1.35548,1033.0,2026-09-09T15:05:00+02:00
GBPUSD,5m,2026-09-09T13:10:00+00:00,1.35548,1.3557299999999999,1.35535,1.35563,1324.0,2026-09-09T15:10:00+02:00
GBPUSD,5m,2026-09-09T13:15:00+00:00,1.35563,1.35563,1.3550799999999998,1.35519,1380.0,2026-09-09T15:15:00+02:00
GBPUSD,5m,2026-09-09T13:20:00+00:00,1.35519,1.35523,1.35487,1.35514,1416.0,2026-09-09T15:20:00+02:00
GBPUSD,5m,2026-09-09T13:25:00+00:00,1.35514,1.35533,1.3549799999999999,1.35518,1341.0,2026-09-09T15:25:00+02:00
GBPUSD,5m,2026-09-09T13:30:00+00:00,1.35518,1.35577,1.35514,1.35561,1858.0,2026-09-09T15:30:00+02:00
GBPUSD,5m,2026-09-09T13:35:00+00:00,1.35561,1.35567,1.3552899999999999,1.3552899999999999,1702.0,2026-09-09T15:35:00+02:00
GBPUSD,5m,2026-09-09T13:40:00+00:00,1.3552899999999999,1.35594,1.35513,1.3558999999999999,1673.0,2026-09-09T15:40:00+02:00
GBPUSD,5m,2026-09-09T13:45:00+00:00,1.3558999999999999,1.35613,1.35579,1.3559299999999999,1368.0,2026-09-09T15:45:00+02:00
GBPUSD,5m,2026-09-09T13:50:00+00:00,1.3559299999999999,1.35608,1.35544,1.35547,1717.0,2026-09-09T15:50:00+02:00
GBPUSD,5m,2026-09-09T13:55:00+00:00,1.35547,1.35598,1.35547,1.35577,1662.0,2026-09-09T15:55:00+02:00
GBPUSD,5m,2026-09-09T14:00:00+00:00,1.35577,1.35602,1.35561,1.3558599999999998,1886.0,2026-09-09T16:00:00+02:00
GBPUSD,5m,2026-09-09T14:05:00+00:00,1.3558599999999998,1.35614,1.3558599999999998,1.35611,1591.0,2026-09-09T16:05:00+02:00
GBPUSD,5m,2026-09-09T14:10:00+00:00,1.35611,1.35635,1.35589,1.35623,1235.0,2026-09-09T16:10:00+02:00
GBPUSD,5m,2026-09-09T14:15:00+00:00,1.35623,1.35624,1.35579,1.35601,1800.0,2026-09-09T16:15:00+02:00
GBPUSD,5m,2026-09-09T14:20:00+00:00,1.35601,1.35624,1.3557,1.35578,2124.0,2026-09-09T16:20:00+02:00
GBPUSD,5m,2026-09-09T14:25:00+00:00,1.35578,1.35625,1.35578,1.35623,1717.0,2026-09-09T16:25:00+02:00
GBPUSD,5m,2026-09-09T14:30:00+00:00,1.35623,1.35624,1.3558299999999999,1.35599,1110.0,2026-09-09T16:30:00+02:00
GBPUSD,5m,2026-09-09T14:35:00+00:00,1.35599,1.35624,1.35589,1.35612,988.0,2026-09-09T16:35:00+02:00
GBPUSD,5m,2026-09-09T14:40:00+00:00,1.35612,1.35613,1.3558299999999999,1.35587,1164.0,2026-09-09T16:40:00+02:00
GBPUSD,5m,2026-09-09T14:45:00+00:00,1.35587,1.3560699999999999,1.35581,1.35594,1030.0,2026-09-09T16:45:00+02:00
GBPUSD,5m,2026-09-09T14:50:00+00:00,1.35594,1.35622,1.3558999999999999,1.35612,1216.0,2026-09-09T16:50:00+02:00
GBPUSD,5m,2026-09-09T14:55:00+00:00,1.35612,1.35626,1.35592,1.3561999999999999,1467.0,2026-09-09T16:55:00+02:00
GBPUSD,5m,2026-09-09T15:00:00+00:00,1.3561999999999999,1.35646,1.35476,1.3548499999999999,4731.0,2026-09-09T17:00:00+02:00
GBPUSD,5m,2026-09-09T15:05:00+00:00,1.3548499999999999,1.3549799999999999,1.35441,1.35465,3513.0,2026-09-09T17:05:00+02:00
GBPUSD,5m,2026-09-09T15:10:00+00:00,1.35465,1.35465,1.35384,1.35406,2748.0,2026-09-09T17:10:00+02:00
GBPUSD,5m,2026-09-09T15:15:00+00:00,1.35406,1.35433,1.35358,1.3538299999999999,2458.0,2026-09-09T17:15:00+02:00
GBPUSD,5m,2026-09-09T15:20:00+00:00,1.3538299999999999,1.35413,1.3534,1.35351,2327.0,2026-09-09T17:20:00+02:00
GBPUSD,5m,2026-09-09T15:25:00+00:00,1.35351,1.35453,1.35351,1.3545,2453.0,2026-09-09T17:25:00+02:00
GBPUSD,5m,2026-09-09T15:30:00+00:00,1.3545,1.35463,1.35409,1.35463,1607.0,2026-09-09T17:30:00+02:00
GBPUSD,5m,2026-09-09T15:35:00+00:00,1.35463,1.3554599999999999,1.3546099999999999,1.35537,2200.0,2026-09-09T17:35:00+02:00
GBPUSD,5m,2026-09-09T15:40:00+00:00,1.35537,1.35541,1.3549,1.35492,1475.0,2026-09-09T17:40:00+02:00
GBPUSD,5m,2026-09-09T15:45:00+00:00,1.35492,1.3550499999999999,1.3545,1.3547,1104.0,2026-09-09T17:45:00+02:00
GBPUSD,5m,2026-09-09T15:50:00+00:00,1.3547,1.3550799999999998,1.3547,1.3548,1318.0,2026-09-09T17:50:00+02:00
GBPUSD,5m,2026-09-09T15:55:00+00:00,1.3548,1.35489,1.35458,1.35465,1286.0,2026-09-09T17:55:00+02:00
GBPUSD,5m,2026-09-09T16:00:00+00:00,1.35465,1.35541,1.35463,1.3554,1347.0,2026-09-09T18:00:00+02:00
GBPUSD,5m,2026-09-09T16:05:00+00:00,1.3554,1.35551,1.35467,1.35472,1549.0,2026-09-09T18:05:00+02:00
GBPUSD,5m,2026-09-09T16:10:00+00:00,1.35472,1.3549,1.35467,1.3548099999999998,944.0,2026-09-09T18:10:00+02:00
GBPUSD,5m,2026-09-09T16:15:00+00:00,1.3548099999999998,1.35483,1.3544399999999999,1.3546,1050.0,2026-09-09T18:15:00+02:00
GBPUSD,5m,2026-09-09T16:20:00+00:00,1.3546,1.35479,1.3545,1.3547799999999999,1077.0,2026-09-09T18:20:00+02:00
GBPUSD,5m,2026-09-09T16:25:00+00:00,1.3547799999999999,1.35491,1.3545399999999999,1.3546399999999998,1287.0,2026-09-09T18:25:00+02:00
GBPUSD,5m,2026-09-09T16:30:00+00:00,1.3546399999999998,1.3548799999999999,1.35459,1.35484,971.0,2026-09-09T18:30:00+02:00
GBPUSD,5m,2026-09-09T16:35:00+00:00,1.35484,1.35497,1.35462,1.3548,938.0,2026-09-09T18:35:00+02:00
GBPUSD,5m,2026-09-09T16:40:00+00:00,1.3548,1.35503,1.3547799999999999,1.35499,861.0,2026-09-09T18:40:00+02:00
GBPUSD,5m,2026-09-09T16:45:00+00:00,1.35499,1.35534,1.3549799999999999,1.3552899999999999,787.0,2026-09-09T18:45:00+02:00
GBPUSD,5m,2026-09-09T16:50:00+00:00,1.3552899999999999,1.35553,1.35524,1.35531,886.0,2026-09-09T18:50:00+02:00
GBPUSD,5m,2026-09-09T16:55:00+00:00,1.35531,1.35531,1.35507,1.35514,813.0,2026-09-09T18:55:00+02:00
GBPUSD,5m,2026-09-09T17:00:00+00:00,1.35514,1.35558,1.35509,1.35553,1685.0,2026-09-09T19:00:00+02:00
GBPUSD,5m,2026-09-09T17:05:00+00:00,1.35553,1.3558,1.35553,1.35562,1270.0,2026-09-09T19:05:00+02:00
GBPUSD,5m,2026-09-09T17:10:00+00:00,1.35562,1.3557299999999999,1.35558,1.35563,740.0,2026-09-09T19:10:00+02:00
GBPUSD,5m,2026-09-09T17:15:00+00:00,1.35563,1.35584,1.35557,1.3557299999999999,812.0,2026-09-09T19:15:00+02:00
GBPUSD,5m,2026-09-09T17:20:00+00:00,1.3557299999999999,1.35595,1.35572,1.35595,592.0,2026-09-09T19:20:00+02:00
GBPUSD,5m,2026-09-09T17:25:00+00:00,1.35595,1.3560299999999998,1.3558999999999999,1.35594,606.0,2026-09-09T19:25:00+02:00
GBPUSD,5m,2026-09-09T17:30:00+00:00,1.35594,1.35601,1.35581,1.35591,657.0,2026-09-09T19:30:00+02:00
GBPUSD,5m,2026-09-09T17:35:00+00:00,1.35591,1.35591,1.3555899999999999,1.35562,638.0,2026-09-09T19:35:00+02:00
GBPUSD,5m,2026-09-09T17:40:00+00:00,1.35562,1.35601,1.35562,1.3559299999999999,600.0,2026-09-09T19:40:00+02:00
GBPUSD,5m,2026-09-09T17:45:00+00:00,1.3559299999999999,1.35598,1.35575,1.3558,488.0,2026-09-09T19:45:00+02:00
GBPUSD,5m,2026-09-09T17:50:00+00:00,1.3558,1.35581,1.3557,1.3557599999999999,463.0,2026-09-09T19:50:00+02:00
GBPUSD,5m,2026-09-09T17:55:00+00:00,1.3557599999999999,1.35592,1.35575,1.35581,373.0,2026-09-09T19:55:00+02:00
GBPUSD,5m,2026-09-09T18:00:00+00:00,1.35581,1.3559299999999999,1.35575,1.3558999999999999,820.0,2026-09-09T20:00:00+02:00
GBPUSD,5m,2026-09-09T18:05:00+00:00,1.3558999999999999,1.3559299999999999,1.3557,1.35574,638.0,2026-09-09T20:05:00+02:00
GBPUSD,5m,2026-09-09T18:10:00+00:00,1.35574,1.35585,1.3556899999999998,1.35578,534.0,2026-09-09T20:10:00+02:00
GBPUSD,5m,2026-09-09T18:15:00+00:00,1.35578,1.35578,1.35545,1.35547,525.0,2026-09-09T20:15:00+02:00
GBPUSD,5m,2026-09-09T18:20:00+00:00,1.35547,1.35564,1.35538,1.35553,563.0,2026-09-09T20:20:00+02:00
GBPUSD,5m,2026-09-09T18:25:00+00:00,1.35553,1.35561,1.35541,1.35545,658.0,2026-09-09T20:25:00+02:00
GBPUSD,5m,2026-09-09T18:30:00+00:00,1.35545,1.35547,1.3552,1.35528,701.0,2026-09-09T20:30:00+02:00
GBPUSD,5m,2026-09-09T18:35:00+00:00,1.35528,1.3553,1.3551499999999999,1.35521,582.0,2026-09-09T20:35:00+02:00
GBPUSD,5m,2026-09-09T18:40:00+00:00,1.35521,1.35528,1.35491,1.35496,573.0,2026-09-09T20:40:00+02:00
GBPUSD,5m,2026-09-09T18:45:00+00:00,1.35496,1.3549799999999999,1.35469,1.3547,620.0,2026-09-09T20:45:00+02:00
GBPUSD,5m,2026-09-09T18:50:00+00:00,1.3547,1.35472,1.35448,1.35452,779.0,2026-09-09T20:50:00+02:00
GBPUSD,5m,2026-09-09T18:55:00+00:00,1.35452,1.35459,1.35439,1.3545099999999999,1021.0,2026-09-09T20:55:00+02:00
GBPUSD,5m,2026-09-09T19:00:00+00:00,1.3545099999999999,1.3546099999999999,1.3541999999999998,1.35423,852.0,2026-09-09T21:00:00+02:00
GBPUSD,5m,2026-09-09T19:05:00+00:00,1.35423,1.35438,1.35413,1.35426,727.0,2026-09-09T21:05:00+02:00
GBPUSD,5m,2026-09-09T19:10:00+00:00,1.35426,1.35429,1.35413,1.35422,421.0,2026-09-09T21:10:00+02:00
GBPUSD,5m,2026-09-09T19:15:00+00:00,1.35422,1.3544,1.35419,1.3543399999999999,348.0,2026-09-09T21:15:00+02:00
GBPUSD,5m,2026-09-09T19:20:00+00:00,1.3543399999999999,1.3544699999999998,1.3543,1.35431,537.0,2026-09-09T21:20:00+02:00
GBPUSD,5m,2026-09-09T19:25:00+00:00,1.35431,1.35433,1.3541699999999999,1.3541999999999998,372.0,2026-09-09T21:25:00+02:00
GBPUSD,5m,2026-09-09T19:30:00+00:00,1.3541999999999998,1.35433,1.35413,1.35431,624.0,2026-09-09T21:30:00+02:00
GBPUSD,5m,2026-09-09T19:35:00+00:00,1.35431,1.3543399999999999,1.35418,1.3543399999999999,536.0,2026-09-09T21:35:00+02:00
GBPUSD,5m,2026-09-09T19:40:00+00:00,1.3543399999999999,1.35445,1.35432,1.35443,360.0,2026-09-09T21:40:00+02:00
GBPUSD,5m,2026-09-09T19:45:00+00:00,1.35443,1.35473,1.35443,1.3546099999999999,552.0,2026-09-09T21:45:00+02:00
GBPUSD,5m,2026-09-09T19:50:00+00:00,1.3546099999999999,1.3546099999999999,1.35442,1.35459,514.0,2026-09-09T21:50:00+02:00
GBPUSD,5m,2026-09-09T19:55:00+00:00,1.35459,1.3546,1.35438,1.3545399999999999,670.0,2026-09-09T21:55:00+02:00
GBPUSD,5m,2026-09-09T20:00:00+00:00,1.3545399999999999,1.35455,1.35435,1.35436,338.0,2026-09-09T22:00:00+02:00
GBPUSD,5m,2026-09-09T20:05:00+00:00,1.35436,1.3544,1.35425,1.35429,192.0,2026-09-09T22:05:00+02:00
GBPUSD,5m,2026-09-09T20:10:00+00:00,1.35429,1.35438,1.35429,1.35431,88.0,2026-09-09T22:10:00+02:00
GBPUSD,5m,2026-09-09T20:15:00+00:00,1.35431,1.35432,1.35411,1.35413,143.0,2026-09-09T22:15:00+02:00
GBPUSD,5m,2026-09-09T20:20:00+00:00,1.35413,1.35428,1.35411,1.3542699999999999,83.0,2026-09-09T22:20:00+02:00
GBPUSD,5m,2026-09-09T20:25:00+00:00,1.3542699999999999,1.35445,1.3542699999999999,1.35442,159.0,2026-09-09T22:25:00+02:00
GBPUSD,5m,2026-09-09T20:30:00+00:00,1.35442,1.3545399999999999,1.35442,1.35449,157.0,2026-09-09T22:30:00+02:00
GBPUSD,5m,2026-09-09T20:35:00+00:00,1.35449,1.35462,1.35449,1.35455,122.0,2026-09-09T22:35:00+02:00
GBPUSD,5m,2026-09-09T20:40:00+00:00,1.35455,1.3546099999999999,1.35449,1.3545399999999999,158.0,2026-09-09T22:40:00+02:00
GBPUSD,5m,2026-09-09T20:45:00+00:00,1.3545399999999999,1.35462,1.35449,1.3546099999999999,212.0,2026-09-09T22:45:00+02:00
GBPUSD,5m,2026-09-09T20:50:00+00:00,1.3546099999999999,1.3547099999999999,1.35459,1.35467,151.0,2026-09-09T22:50:00+02:00
GBPUSD,5m,2026-09-09T20:55:00+00:00,1.35467,1.35474,1.3545,1.35453,330.0,2026-09-09T22:55:00+02:00
GBPUSD,5m,2026-09-09T21:00:00+00:00,1.35453,1.35453,1.35334,1.35402,125.0,2026-09-09T23:00:00+02:00
GBPUSD,5m,2026-09-09T21:05:00+00:00,1.35402,1.35431,1.35364,1.35402,326.0,2026-09-09T23:05:00+02:00
GBPUSD,5m,2026-09-09T21:10:00+00:00,1.35402,1.35456,1.35397,1.35433,640.0,2026-09-09T23:10:00+02:00
GBPUSD,5m,2026-09-09T21:15:00+00:00,1.35433,1.35473,1.35395,1.35422,1241.0,2026-09-09T23:15:00+02:00
GBPUSD,5m,2026-09-09T21:20:00+00:00,1.35422,1.35443,1.35397,1.35442,798.0,2026-09-09T23:20:00+02:00
GBPUSD,5m,2026-09-09T21:25:00+00:00,1.35442,1.35452,1.35406,1.3541999999999998,437.0,2026-09-09T23:25:00+02:00
GBPUSD,5m,2026-09-09T21:30:00+00:00,1.3541999999999998,1.35442,1.35398,1.3544,744.0,2026-09-09T23:30:00+02:00
GBPUSD,5m,2026-09-09T21:35:00+00:00,1.3544,1.3546099999999999,1.35433,1.3545099999999999,103.0,2026-09-09T23:35:00+02:00
GBPUSD,5m,2026-09-09T21:40:00+00:00,1.3545099999999999,1.35459,1.35425,1.35435,231.0,2026-09-09T23:40:00+02:00
GBPUSD,5m,2026-09-09T21:45:00+00:00,1.35435,1.35446,1.35425,1.35442,876.0,2026-09-09T23:45:00+02:00
GBPUSD,5m,2026-09-09T21:50:00+00:00,1.35442,1.35458,1.35433,1.3545399999999999,451.0,2026-09-09T23:50:00+02:00
GBPUSD,5m,2026-09-09T21:55:00+00:00,1.3545399999999999,1.35459,1.3540299999999998,1.3541999999999998,157.0,2026-09-09T23:55:00+02:00
GBPUSD,5m,2026-09-09T22:00:00+00:00,1.3541999999999998,1.3549799999999999,1.3541999999999998,1.35472,195.0,2026-09-10T00:00:00+02:00
GBPUSD,5m,2026-09-09T22:05:00+00:00,1.35472,1.3548499999999999,1.3546799999999999,1.3548,81.0,2026-09-10T00:05:00+02:00
GBPUSD,5m,2026-09-09T22:10:00+00:00,1.3548,1.35496,1.35479,1.35492,130.0,2026-09-10T00:10:00+02:00
GBPUSD,5m,2026-09-09T22:15:00+00:00,1.35492,1.35504,1.35492,1.35503,125.0,2026-09-10T00:15:00+02:00
GBPUSD,5m,2026-09-09T22:20:00+00:00,1.35503,1.35519,1.35502,1.35511,181.0,2026-09-10T00:20:00+02:00
GBPUSD,5m,2026-09-09T22:25:00+00:00,1.35511,1.35514,1.35509,1.35511,93.0,2026-09-10T00:25:00+02:00
GBPUSD,5m,2026-09-09T22:30:00+00:00,1.35511,1.35513,1.35502,1.35504,142.0,2026-09-10T00:30:00+02:00
GBPUSD,5m,2026-09-09T22:35:00+00:00,1.35504,1.35504,1.35491,1.35491,149.0,2026-09-10T00:35:00+02:00
GBPUSD,5m,2026-09-09T22:40:00+00:00,1.35491,1.3551,1.35491,1.3550799999999998,150.0,2026-09-10T00:40:00+02:00
GBPUSD,5m,2026-09-09T22:45:00+00:00,1.3550799999999998,1.3550799999999998,1.35502,1.35506,102.0,2026-09-10T00:45:00+02:00
GBPUSD,5m,2026-09-09T22:50:00+00:00,1.35506,1.3550799999999998,1.35504,1.3550499999999999,103.0,2026-09-10T00:50:00+02:00
GBPUSD,5m,2026-09-09T22:55:00+00:00,1.3550499999999999,1.35518,1.35499,1.3551199999999999,210.0,2026-09-10T00:55:00+02:00
GBPUSD,5m,2026-09-09T23:00:00+00:00,1.3551199999999999,1.35517,1.3550799999999998,1.3551,156.0,2026-09-10T01:00:00+02:00
GBPUSD,5m,2026-09-09T23:05:00+00:00,1.3551,1.35511,1.35504,1.35504,61.0,2026-09-10T01:05:00+02:00
GBPUSD,5m,2026-09-09T23:10:00+00:00,1.35504,1.3552,1.35504,1.35519,146.0,2026-09-10T01:10:00+02:00
GBPUSD,5m,2026-09-09T23:15:00+00:00,1.35519,1.35521,1.3551499999999999,1.35516,73.0,2026-09-10T01:15:00+02:00
GBPUSD,5m,2026-09-09T23:20:00+00:00,1.35516,1.35516,1.35506,1.35507,172.0,2026-09-10T01:20:00+02:00
GBPUSD,5m,2026-09-09T23:25:00+00:00,1.35507,1.35516,1.35506,1.35513,207.0,2026-09-10T01:25:00+02:00
GBPUSD,5m,2026-09-09T23:30:00+00:00,1.35513,1.35519,1.35506,1.3550799999999998,206.0,2026-09-10T01:30:00+02:00
GBPUSD,5m,2026-09-09T23:35:00+00:00,1.3550799999999998,1.35511,1.3550499999999999,1.3550799999999998,170.0,2026-09-10T01:35:00+02:00
GBPUSD,5m,2026-09-09T23:40:00+00:00,1.3550799999999998,1.3551199999999999,1.35497,1.3551199999999999,140.0,2026-09-10T01:40:00+02:00
GBPUSD,5m,2026-09-09T23:45:00+00:00,1.3551199999999999,1.3551499999999999,1.3549799999999999,1.35506,183.0,2026-09-10T01:45:00+02:00
GBPUSD,5m,2026-09-09T23:50:00+00:00,1.35506,1.3550799999999998,1.3548799999999999,1.3548799999999999,354.0,2026-09-10T01:50:00+02:00
GBPUSD,5m,2026-09-09T23:55:00+00:00,1.3548799999999999,1.3549,1.35477,1.35489,384.0,2026-09-10T01:55:00+02:00
GBPUSD,5m,2026-09-10T00:00:00+00:00,1.35489,1.35497,1.35462,1.3546399999999998,1199.0,2026-09-10T02:00:00+02:00
GBPUSD,5m,2026-09-10T00:05:00+00:00,1.3546399999999998,1.3547099999999999,1.3545099999999999,1.3547,831.0,2026-09-10T02:05:00+02:00
GBPUSD,5m,2026-09-10T00:10:00+00:00,1.3547,1.3548799999999999,1.35466,1.35474,844.0,2026-09-10T02:10:00+02:00
GBPUSD,5m,2026-09-10T00:15:00+00:00,1.35474,1.35486,1.3546799999999999,1.35472,951.0,2026-09-10T02:15:00+02:00
GBPUSD,5m,2026-09-10T00:20:00+00:00,1.35472,1.35486,1.35452,1.35456,828.0,2026-09-10T02:20:00+02:00
GBPUSD,5m,2026-09-10T00:25:00+00:00,1.35456,1.35469,1.3544699999999998,1.35448,1031.0,2026-09-10T02:25:00+02:00
GBPUSD,5m,2026-09-10T00:30:00+00:00,1.35448,1.35459,1.35442,1.35448,761.0,2026-09-10T02:30:00+02:00
GBPUSD,5m,2026-09-10T00:35:00+00:00,1.35448,1.3547099999999999,1.35443,1.35469,763.0,2026-09-10T02:35:00+02:00
GBPUSD,5m,2026-09-10T00:40:00+00:00,1.35469,1.35475,1.3546,1.35472,582.0,2026-09-10T02:40:00+02:00
GBPUSD,5m,2026-09-10T00:45:00+00:00,1.35472,1.3548,1.35462,1.35479,789.0,2026-09-10T02:45:00+02:00
GBPUSD,5m,2026-09-10T00:50:00+00:00,1.35479,1.35492,1.35467,1.3547799999999999,1170.0,2026-09-10T02:50:00+02:00
GBPUSD,5m,2026-09-10T00:55:00+00:00,1.3547799999999999,1.3548,1.35449,1.3545,1004.0,2026-09-10T02:55:00+02:00
GBPUSD,5m,2026-09-10T01:00:00+00:00,1.3545,1.3547,1.3544699999999998,1.3546,1089.0,2026-09-10T03:00:00+02:00
GBPUSD,5m,2026-09-10T01:05:00+00:00,1.3546,1.35497,1.3546,1.3549499999999999,862.0,2026-09-10T03:05:00+02:00
GBPUSD,5m,2026-09-10T01:10:00+00:00,1.3549499999999999,1.355,1.35469,1.35492,970.0,2026-09-10T03:10:00+02:00
GBPUSD,5m,2026-09-10T01:15:00+00:00,1.35492,1.3551199999999999,1.35484,1.355,1141.0,2026-09-10T03:15:00+02:00
GBPUSD,5m,2026-09-10T01:20:00+00:00,1.355,1.35501,1.3548099999999998,1.35483,873.0,2026-09-10T03:20:00+02:00
GBPUSD,5m,2026-09-10T01:25:00+00:00,1.35483,1.35483,1.35467,1.3546799999999999,937.0,2026-09-10T03:25:00+02:00
GBPUSD,5m,2026-09-10T01:30:00+00:00,1.3546799999999999,1.3548,1.35456,1.3548,1091.0,2026-09-10T03:30:00+02:00
GBPUSD,5m,2026-09-10T01:35:00+00:00,1.3548,1.35489,1.35474,1.35482,1038.0,2026-09-10T03:35:00+02:00
GBPUSD,5m,2026-09-10T01:40:00+00:00,1.35482,1.35491,1.3548,1.35489,650.0,2026-09-10T03:40:00+02:00
GBPUSD,5m,2026-09-10T01:45:00+00:00,1.35489,1.3552,1.3548499999999999,1.3551199999999999,854.0,2026-09-10T03:45:00+02:00
GBPUSD,5m,2026-09-10T01:50:00+00:00,1.3551199999999999,1.35551,1.35511,1.35544,816.0,2026-09-10T03:50:00+02:00
GBPUSD,5m,2026-09-10T01:55:00+00:00,1.35544,1.35575,1.35544,1.35571,1175.0,2026-09-10T03:55:00+02:00
GBPUSD,5m,2026-09-10T02:00:00+00:00,1.35571,1.35597,1.35567,1.3558,989.0,2026-09-10T04:00:00+02:00
GBPUSD,5m,2026-09-10T02:05:00+00:00,1.3558,1.35585,1.35571,1.3557299999999999,708.0,2026-09-10T04:05:00+02:00
GBPUSD,5m,2026-09-10T02:10:00+00:00,1.3557299999999999,1.3557299999999999,1.35555,1.3556,675.0,2026-09-10T04:10:00+02:00
GBPUSD,5m,2026-09-10T02:15:00+00:00,1.3556,1.35563,1.35541,1.35547,556.0,2026-09-10T04:15:00+02:00
GBPUSD,5m,2026-09-10T02:20:00+00:00,1.35547,1.35555,1.35541,1.35544,474.0,2026-09-10T04:20:00+02:00
GBPUSD,5m,2026-09-10T02:25:00+00:00,1.35544,1.3555,1.35538,1.35543,419.0,2026-09-10T04:25:00+02:00
GBPUSD,5m,2026-09-10T02:30:00+00:00,1.35543,1.35543,1.35517,1.35523,592.0,2026-09-10T04:30:00+02:00
GBPUSD,5m,2026-09-10T02:35:00+00:00,1.35523,1.35558,1.35518,1.35553,529.0,2026-09-10T04:35:00+02:00
GBPUSD,5m,2026-09-10T02:40:00+00:00,1.35553,1.35563,1.35548,1.3554899999999999,582.0,2026-09-10T04:40:00+02:00
GBPUSD,5m,2026-09-10T02:45:00+00:00,1.3554899999999999,1.35562,1.3554199999999998,1.3556,531.0,2026-09-10T04:45:00+02:00
GBPUSD,5m,2026-09-10T02:50:00+00:00,1.3556,1.35578,1.35552,1.35572,738.0,2026-09-10T04:50:00+02:00
GBPUSD,5m,2026-09-10T02:55:00+00:00,1.35572,1.35592,1.35561,1.35591,639.0,2026-09-10T04:55:00+02:00
GBPUSD,5m,2026-09-10T03:00:00+00:00,1.35591,1.3559299999999999,1.35578,1.35579,490.0,2026-09-10T05:00:00+02:00
GBPUSD,5m,2026-09-10T03:05:00+00:00,1.35579,1.35581,1.35543,1.3555,523.0,2026-09-10T05:05:00+02:00
GBPUSD,5m,2026-09-10T03:10:00+00:00,1.3555,1.3556,1.35545,1.35547,382.0,2026-09-10T05:10:00+02:00
GBPUSD,5m,2026-09-10T03:15:00+00:00,1.35547,1.35555,1.3554,1.35554,365.0,2026-09-10T05:15:00+02:00
GBPUSD,5m,2026-09-10T03:20:00+00:00,1.35554,1.3555599999999999,1.35538,1.35551,745.0,2026-09-10T05:20:00+02:00
GBPUSD,5m,2026-09-10T03:25:00+00:00,1.35551,1.3556,1.35544,1.35553,730.0,2026-09-10T05:25:00+02:00
GBPUSD,5m,2026-09-10T03:30:00+00:00,1.35553,1.3555599999999999,1.3553899999999999,1.35551,611.0,2026-09-10T05:30:00+02:00
GBPUSD,5m,2026-09-10T03:35:00+00:00,1.35551,1.35553,1.3553899999999999,1.3553899999999999,516.0,2026-09-10T05:35:00+02:00
GBPUSD,5m,2026-09-10T03:40:00+00:00,1.3553899999999999,1.35543,1.35533,1.35541,359.0,2026-09-10T05:40:00+02:00
GBPUSD,5m,2026-09-10T03:45:00+00:00,1.35541,1.3555,1.35538,1.3554899999999999,450.0,2026-09-10T05:45:00+02:00
GBPUSD,5m,2026-09-10T03:50:00+00:00,1.3554899999999999,1.3555,1.3554199999999998,1.35548,480.0,2026-09-10T05:50:00+02:00
GBPUSD,5m,2026-09-10T03:55:00+00:00,1.35548,1.35563,1.35547,1.35561,439.0,2026-09-10T05:55:00+02:00
GBPUSD,5m,2026-09-10T04:00:00+00:00,1.35561,1.35564,1.3554199999999998,1.35551,556.0,2026-09-10T06:00:00+02:00
GBPUSD,5m,2026-09-10T04:05:00+00:00,1.35551,1.35563,1.35547,1.3554899999999999,345.0,2026-09-10T06:05:00+02:00
GBPUSD,5m,2026-09-10T04:10:00+00:00,1.3554899999999999,1.3557,1.35548,1.3556,533.0,2026-09-10T06:10:00+02:00
GBPUSD,5m,2026-09-10T04:15:00+00:00,1.3556,1.35568,1.3555899999999999,1.35563,688.0,2026-09-10T06:15:00+02:00
GBPUSD,5m,2026-09-10T04:20:00+00:00,1.35563,1.35564,1.35548,1.3554899999999999,421.0,2026-09-10T06:20:00+02:00
GBPUSD,5m,2026-09-10T04:25:00+00:00,1.3554899999999999,1.35551,1.35541,1.35541,314.0,2026-09-10T06:25:00+02:00
GBPUSD,5m,2026-09-10T04:30:00+00:00,1.35541,1.3556,1.35541,1.35553,597.0,2026-09-10T06:30:00+02:00
GBPUSD,5m,2026-09-10T04:35:00+00:00,1.35553,1.3556,1.35548,1.35558,531.0,2026-09-10T06:35:00+02:00
GBPUSD,5m,2026-09-10T04:40:00+00:00,1.35558,1.35561,1.35538,1.3554,386.0,2026-09-10T06:40:00+02:00
GBPUSD,5m,2026-09-10T04:45:00+00:00,1.3554,1.35541,1.35533,1.35537,233.0,2026-09-10T06:45:00+02:00
GBPUSD,5m,2026-09-10T04:50:00+00:00,1.35537,1.3553899999999999,1.3552,1.35521,567.0,2026-09-10T06:50:00+02:00
GBPUSD,5m,2026-09-10T04:55:00+00:00,1.35521,1.3553199999999999,1.3552,1.3553,375.0,2026-09-10T06:55:00+02:00
GBPUSD,5m,2026-09-10T05:00:00+00:00,1.3553,1.35548,1.3552899999999999,1.35534,881.0,2026-09-10T07:00:00+02:00
GBPUSD,5m,2026-09-10T05:05:00+00:00,1.35534,1.35536,1.35517,1.3552,676.0,2026-09-10T07:05:00+02:00
GBPUSD,5m,2026-09-10T05:10:00+00:00,1.3552,1.35534,1.35519,1.35533,378.0,2026-09-10T07:10:00+02:00
GBPUSD,5m,2026-09-10T05:15:00+00:00,1.35533,1.35547,1.35528,1.35533,502.0,2026-09-10T07:15:00+02:00
GBPUSD,5m,2026-09-10T05:20:00+00:00,1.35533,1.3554,1.3552899999999999,1.35537,497.0,2026-09-10T07:20:00+02:00
GBPUSD,5m,2026-09-10T05:25:00+00:00,1.35537,1.3555,1.3553,1.3555,447.0,2026-09-10T07:25:00+02:00
GBPUSD,5m,2026-09-10T05:30:00+00:00,1.3555,1.3556,1.35541,1.35558,1005.0,2026-09-10T07:30:00+02:00
GBPUSD,5m,2026-09-10T05:35:00+00:00,1.35558,1.3555899999999999,1.35528,1.3553,596.0,2026-09-10T07:35:00+02:00
GBPUSD,5m,2026-09-10T05:40:00+00:00,1.3553,1.35538,1.35518,1.3552199999999999,620.0,2026-09-10T07:40:00+02:00
GBPUSD,5m,2026-09-10T05:45:00+00:00,1.3552199999999999,1.3554199999999998,1.3552,1.35531,703.0,2026-09-10T07:45:00+02:00
GBPUSD,5m,2026-09-10T05:50:00+00:00,1.35531,1.35557,1.35531,1.35557,899.0,2026-09-10T07:50:00+02:00
GBPUSD,5m,2026-09-10T05:55:00+00:00,1.35557,1.35578,1.3555599999999999,1.3557599999999999,839.0,2026-09-10T07:55:00+02:00
GBPUSD,5m,2026-09-10T06:00:00+00:00,1.3557599999999999,1.35589,1.35565,1.35572,946.0,2026-09-10T08:00:00+02:00
GBPUSD,5m,2026-09-10T06:05:00+00:00,1.35572,1.3558299999999999,1.35563,1.3558,867.0,2026-09-10T08:05:00+02:00
GBPUSD,5m,2026-09-10T06:10:00+00:00,1.3558,1.35584,1.35541,1.35544,1018.0,2026-09-10T08:10:00+02:00
GBPUSD,5m,2026-09-10T06:15:00+00:00,1.35544,1.35561,1.3553899999999999,1.35558,1147.0,2026-09-10T08:15:00+02:00
GBPUSD,5m,2026-09-10T06:20:00+00:00,1.35558,1.35564,1.35545,1.35557,623.0,2026-09-10T08:20:00+02:00
GBPUSD,5m,2026-09-10T06:25:00+00:00,1.35557,1.35562,1.35548,1.35557,595.0,2026-09-10T08:25:00+02:00
GBPUSD,5m,2026-09-10T06:30:00+00:00,1.35557,1.35563,1.35536,1.35558,640.0,2026-09-10T08:30:00+02:00
GBPUSD,5m,2026-09-10T06:35:00+00:00,1.35558,1.3556899999999998,1.35557,1.35568,553.0,2026-09-10T08:35:00+02:00
GBPUSD,5m,2026-09-10T06:40:00+00:00,1.35568,1.35572,1.3554,1.3554899999999999,794.0,2026-09-10T08:40:00+02:00
GBPUSD,5m,2026-09-10T06:45:00+00:00,1.3554899999999999,1.35571,1.35548,1.3556599999999999,685.0,2026-09-10T08:45:00+02:00
GBPUSD,5m,2026-09-10T06:50:00+00:00,1.3556599999999999,1.35572,1.3554,1.35571,943.0,2026-09-10T08:50:00+02:00
GBPUSD,5m,2026-09-10T06:55:00+00:00,1.35571,1.3557299999999999,1.35558,1.35568,697.0,2026-09-10T08:55:00+02:00
GBPUSD,5m,2026-09-10T07:00:00+00:00,1.35568,1.3556899999999998,1.35511,1.3551499999999999,870.0,2026-09-10T09:00:00+02:00
GBPUSD,5m,2026-09-10T07:05:00+00:00,1.3551499999999999,1.35519,1.35506,1.3550799999999998,608.0,2026-09-10T09:05:00+02:00
GBPUSD,5m,2026-09-10T07:10:00+00:00,1.3550799999999998,1.35531,1.3550499999999999,1.35528,672.0,2026-09-10T09:10:00+02:00
GBPUSD,5m,2026-09-10T07:15:00+00:00,1.35528,1.35552,1.35518,1.35528,522.0,2026-09-10T09:15:00+02:00
GBPUSD,5m,2026-09-10T07:20:00+00:00,1.35528,1.3554199999999998,1.35526,1.3554,674.0,2026-09-10T09:20:00+02:00
GBPUSD,5m,2026-09-10T07:25:00+00:00,1.3554,1.3554199999999998,1.3551499999999999,1.35528,512.0,2026-09-10T09:25:00+02:00
GBPUSD,5m,2026-09-10T07:30:00+00:00,1.35528,1.35562,1.35528,1.3555,840.0,2026-09-10T09:30:00+02:00
GBPUSD,5m,2026-09-10T07:35:00+00:00,1.3555,1.35561,1.3552199999999999,1.35528,686.0,2026-09-10T09:35:00+02:00
GBPUSD,5m,2026-09-10T07:40:00+00:00,1.35528,1.35552,1.35521,1.35547,834.0,2026-09-10T09:40:00+02:00
GBPUSD,5m,2026-09-10T07:45:00+00:00,1.35547,1.35551,1.3551499999999999,1.35517,631.0,2026-09-10T09:45:00+02:00
GBPUSD,5m,2026-09-10T07:50:00+00:00,1.35517,1.35557,1.35516,1.35557,758.0,2026-09-10T09:50:00+02:00
GBPUSD,5m,2026-09-10T07:55:00+00:00,1.35557,1.35558,1.35519,1.35533,980.0,2026-09-10T09:55:00+02:00
GBPUSD,5m,2026-09-10T08:00:00+00:00,1.35533,1.35535,1.35486,1.35487,844.0,2026-09-10T10:00:00+02:00
GBPUSD,5m,2026-09-10T08:05:00+00:00,1.35487,1.35496,1.3546799999999999,1.3549,868.0,2026-09-10T10:05:00+02:00
GBPUSD,5m,2026-09-10T08:10:00+00:00,1.3549,1.3549799999999999,1.35473,1.3548,1096.0,2026-09-10T10:10:00+02:00
GBPUSD,5m,2026-09-10T08:15:00+00:00,1.3548,1.35506,1.35477,1.355,838.0,2026-09-10T10:15:00+02:00
GBPUSD,5m,2026-09-10T08:20:00+00:00,1.355,1.35507,1.35467,1.3547,847.0,2026-09-10T10:20:00+02:00
GBPUSD,5m,2026-09-10T08:25:00+00:00,1.3547,1.3549,1.35466,1.35489,737.0,2026-09-10T10:25:00+02:00
GBPUSD,5m,2026-09-10T08:30:00+00:00,1.35489,1.35497,1.35466,1.35493,874.0,2026-09-10T10:30:00+02:00
GBPUSD,5m,2026-09-10T08:35:00+00:00,1.35493,1.35521,1.35493,1.35502,931.0,2026-09-10T10:35:00+02:00
GBPUSD,5m,2026-09-10T08:40:00+00:00,1.35502,1.3551,1.35494,1.35501,841.0,2026-09-10T10:40:00+02:00
GBPUSD,5m,2026-09-10T08:45:00+00:00,1.35501,1.35526,1.35501,1.3551,795.0,2026-09-10T10:45:00+02:00
GBPUSD,5m,2026-09-10T08:50:00+00:00,1.3551,1.35523,1.35497,1.35517,880.0,2026-09-10T10:50:00+02:00
GBPUSD,5m,2026-09-10T08:55:00+00:00,1.35517,1.35563,1.35494,1.35562,981.0,2026-09-10T10:55:00+02:00
GBPUSD,5m,2026-09-10T09:00:00+00:00,1.35562,1.35572,1.3552199999999999,1.35534,851.0,2026-09-10T11:00:00+02:00
GBPUSD,5m,2026-09-10T09:05:00+00:00,1.35534,1.35558,1.3552899999999999,1.35535,518.0,2026-09-10T11:05:00+02:00
GBPUSD,5m,2026-09-10T09:10:00+00:00,1.35535,1.35562,1.3552899999999999,1.35561,753.0,2026-09-10T11:10:00+02:00
GBPUSD,5m,2026-09-10T09:15:00+00:00,1.35561,1.35563,1.35544,1.3555,491.0,2026-09-10T11:15:00+02:00
GBPUSD,5m,2026-09-10T09:20:00+00:00,1.3555,1.35551,1.3551199999999999,1.3551499999999999,553.0,2026-09-10T11:20:00+02:00
GBPUSD,5m,2026-09-10T09:25:00+00:00,1.3551499999999999,1.35517,1.35491,1.3549799999999999,904.0,2026-09-10T11:25:00+02:00
GBPUSD,5m,2026-09-10T09:30:00+00:00,1.3549799999999999,1.35499,1.35455,1.3546799999999999,911.0,2026-09-10T11:30:00+02:00
GBPUSD,5m,2026-09-10T09:35:00+00:00,1.3546799999999999,1.3547099999999999,1.35446,1.3544699999999998,855.0,2026-09-10T11:35:00+02:00
GBPUSD,5m,2026-09-10T09:40:00+00:00,1.3544699999999998,1.35452,1.3540999999999999,1.35448,1115.0,2026-09-10T11:40:00+02:00
GBPUSD,5m,2026-09-10T09:45:00+00:00,1.35448,1.3545399999999999,1.35436,1.35449,869.0,2026-09-10T11:45:00+02:00
GBPUSD,5m,2026-09-10T09:50:00+00:00,1.35449,1.35474,1.3542699999999999,1.3546399999999998,942.0,2026-09-10T11:50:00+02:00
GBPUSD,5m,2026-09-10T09:55:00+00:00,1.3546399999999998,1.35494,1.35463,1.35491,863.0,2026-09-10T11:55:00+02:00
GBPUSD,5m,2026-09-10T10:00:00+00:00,1.35491,1.35517,1.35477,1.35511,802.0,2026-09-10T12:00:00+02:00
GBPUSD,5m,2026-09-10T10:05:00+00:00,1.35511,1.35524,1.3549799999999999,1.35517,505.0,2026-09-10T12:05:00+02:00
GBPUSD,5m,2026-09-10T10:10:00+00:00,1.35517,1.35521,1.3549,1.35492,730.0,2026-09-10T12:10:00+02:00
GBPUSD,5m,2026-09-10T10:15:00+00:00,1.35492,1.3550799999999998,1.35448,1.35448,991.0,2026-09-10T12:15:00+02:00
GBPUSD,5m,2026-09-10T10:20:00+00:00,1.35448,1.3546399999999998,1.3543,1.3544,879.0,2026-09-10T12:20:00+02:00
GBPUSD,5m,2026-09-10T10:25:00+00:00,1.3544,1.35446,1.35415,1.35418,950.0,2026-09-10T12:25:00+02:00
GBPUSD,5m,2026-09-10T10:30:00+00:00,1.35418,1.35419,1.35391,1.35399,988.0,2026-09-10T12:30:00+02:00
GBPUSD,5m,2026-09-10T10:35:00+00:00,1.35399,1.35399,1.35357,1.3537599999999999,1486.0,2026-09-10T12:35:00+02:00
GBPUSD,5m,2026-09-10T10:40:00+00:00,1.3537599999999999,1.3539999999999999,1.35364,1.35371,1301.0,2026-09-10T12:40:00+02:00
GBPUSD,5m,2026-09-10T10:45:00+00:00,1.35371,1.3538299999999999,1.35365,1.35379,1116.0,2026-09-10T12:45:00+02:00
GBPUSD,5m,2026-09-10T10:50:00+00:00,1.35379,1.35402,1.35368,1.3537299999999999,1104.0,2026-09-10T12:50:00+02:00
GBPUSD,5m,2026-09-10T10:55:00+00:00,1.3537299999999999,1.3542699999999999,1.35369,1.35389,2110.0,2026-09-10T12:55:00+02:00
GBPUSD,5m,2026-09-10T11:00:00+00:00,1.35389,1.35391,1.3536,1.35371,1748.0,2026-09-10T13:00:00+02:00
GBPUSD,5m,2026-09-10T11:05:00+00:00,1.35371,1.35377,1.35318,1.35321,1086.0,2026-09-10T13:05:00+02:00
GBPUSD,5m,2026-09-10T11:10:00+00:00,1.35321,1.35327,1.35291,1.3532199999999999,1090.0,2026-09-10T13:10:00+02:00
GBPUSD,5m,2026-09-10T11:15:00+00:00,1.3532199999999999,1.35338,1.3532,1.35337,1188.0,2026-09-10T13:15:00+02:00
GBPUSD,5m,2026-09-10T11:20:00+00:00,1.35337,1.3533899999999999,1.35306,1.3530799999999998,1210.0,2026-09-10T13:20:00+02:00
GBPUSD,5m,2026-09-10T11:25:00+00:00,1.3530799999999998,1.35347,1.35307,1.35311,827.0,2026-09-10T13:25:00+02:00
GBPUSD,5m,2026-09-10T11:30:00+00:00,1.35311,1.35338,1.35307,1.3532199999999999,992.0,2026-09-10T13:30:00+02:00
GBPUSD,5m,2026-09-10T11:35:00+00:00,1.3532199999999999,1.35353,1.3532,1.3534899999999999,796.0,2026-09-10T13:35:00+02:00
GBPUSD,5m,2026-09-10T11:40:00+00:00,1.3534899999999999,1.3535899999999998,1.35304,1.3532199999999999,1118.0,2026-09-10T13:40:00+02:00
GBPUSD,5m,2026-09-10T11:45:00+00:00,1.3532199999999999,1.3534,1.35299,1.35338,1172.0,2026-09-10T13:45:00+02:00
GBPUSD,5m,2026-09-10T11:50:00+00:00,1.35338,1.3534199999999998,1.35301,1.35316,1315.0,2026-09-10T13:50:00+02:00
GBPUSD,5m,2026-09-10T11:55:00+00:00,1.35316,1.35316,1.35255,1.35283,1674.0,2026-09-10T13:55:00+02:00
GBPUSD,5m,2026-09-10T12:00:00+00:00,1.35283,1.35301,1.35228,1.3523,1901.0,2026-09-10T14:00:00+02:00
GBPUSD,5m,2026-09-10T12:05:00+00:00,1.3523,1.35236,1.3518999999999999,1.3519299999999999,1880.0,2026-09-10T14:05:00+02:00
GBPUSD,5m,2026-09-10T12:10:00+00:00,1.3519299999999999,1.35225,1.3518599999999998,1.35199,968.0,2026-09-10T14:10:00+02:00
GBPUSD,5m,2026-09-10T12:15:00+00:00,1.35199,1.35208,1.35135,1.35177,2611.0,2026-09-10T14:15:00+02:00
GBPUSD,5m,2026-09-10T12:20:00+00:00,1.35177,1.35212,1.35169,1.35196,2327.0,2026-09-10T14:20:00+02:00
GBPUSD,5m,2026-09-10T12:25:00+00:00,1.35196,1.3522699999999999,1.35194,1.35211,1644.0,2026-09-10T14:25:00+02:00
GBPUSD,5m,2026-09-10T12:30:00+00:00,1.35211,1.35287,1.35026,1.3503399999999999,3491.0,2026-09-10T14:30:00+02:00
GBPUSD,5m,2026-09-10T12:35:00+00:00,1.3503399999999999,1.35066,1.34918,1.3493899999999999,4317.0,2026-09-10T14:35:00+02:00
GBPUSD,5m,2026-09-10T12:40:00+00:00,1.3493899999999999,1.35018,1.34908,1.35001,3752.0,2026-09-10T14:40:00+02:00
GBPUSD,5m,2026-09-10T12:45:00+00:00,1.35001,1.35096,1.34997,1.35087,2852.0,2026-09-10T14:45:00+02:00
GBPUSD,5m,2026-09-10T12:50:00+00:00,1.35087,1.35113,1.3505,1.35072,3360.0,2026-09-10T14:50:00+02:00
GBPUSD,5m,2026-09-10T12:55:00+00:00,1.35072,1.35107,1.34995,1.35107,3620.0,2026-09-10T14:55:00+02:00
GBPUSD,5m,2026-09-10T13:00:00+00:00,1.35107,1.35113,1.35042,1.35097,3093.0,2026-09-10T15:00:00+02:00
GBPUSD,5m,2026-09-10T13:05:00+00:00,1.35097,1.35114,1.35013,1.35014,3104.0,2026-09-10T15:05:00+02:00
GBPUSD,5m,2026-09-10T13:10:00+00:00,1.35014,1.3503399999999999,1.34978,1.34989,2337.0,2026-09-10T15:10:00+02:00
GBPUSD,5m,2026-09-10T13:15:00+00:00,1.34989,1.35031,1.3497599999999998,1.34992,2674.0,2026-09-10T15:15:00+02:00
GBPUSD,5m,2026-09-10T13:20:00+00:00,1.34992,1.3505099999999999,1.34981,1.34991,2618.0,2026-09-10T15:20:00+02:00
GBPUSD,5m,2026-09-10T13:25:00+00:00,1.34991,1.3501999999999998,1.34957,1.35012,3004.0,2026-09-10T15:25:00+02:00
GBPUSD,5m,2026-09-10T13:30:00+00:00,1.35012,1.3508499999999999,1.34986,1.35073,3148.0,2026-09-10T15:30:00+02:00
GBPUSD,5m,2026-09-10T13:35:00+00:00,1.35073,1.3511199999999999,1.3506799999999999,1.35091,2609.0,2026-09-10T15:35:00+02:00
GBPUSD,5m,2026-09-10T13:40:00+00:00,1.35091,1.3517,1.35086,1.35147,2621.0,2026-09-10T15:40:00+02:00
GBPUSD,5m,2026-09-10T13:45:00+00:00,1.35147,1.35201,1.35145,1.3518999999999999,2142.0,2026-09-10T15:45:00+02:00
GBPUSD,5m,2026-09-10T13:50:00+00:00,1.3518999999999999,1.3519299999999999,1.3514899999999999,1.3514899999999999,1785.0,2026-09-10T15:50:00+02:00
GBPUSD,5m,2026-09-10T13:55:00+00:00,1.3514899999999999,1.3517,1.35136,1.3514899999999999,1466.0,2026-09-10T15:55:00+02:00
GBPUSD,5m,2026-09-10T14:00:00+00:00,1.3514899999999999,1.35202,1.35138,1.35189,1660.0,2026-09-10T16:00:00+02:00
GBPUSD,5m,2026-09-10T14:05:00+00:00,1.35189,1.35206,1.35151,1.3515899999999998,2085.0,2026-09-10T16:05:00+02:00
GBPUSD,5m,2026-09-10T14:10:00+00:00,1.3515899999999998,1.35167,1.3512899999999999,1.35147,1981.0,2026-09-10T16:10:00+02:00
GBPUSD,5m,2026-09-10T14:15:00+00:00,1.35147,1.3516599999999999,1.35121,1.3514899999999999,1998.0,2026-09-10T16:15:00+02:00
GBPUSD,5m,2026-09-10T14:20:00+00:00,1.3514899999999999,1.35222,1.35145,1.35208,2636.0,2026-09-10T16:20:00+02:00
GBPUSD,5m,2026-09-10T14:25:00+00:00,1.35208,1.3523399999999999,1.3514599999999999,1.35175,2364.0,2026-09-10T16:25:00+02:00
GBPUSD,5m,2026-09-10T14:30:00+00:00,1.35175,1.35206,1.35161,1.35194,1877.0,2026-09-10T16:30:00+02:00
GBPUSD,5m,2026-09-10T14:35:00+00:00,1.35194,1.3523399999999999,1.3519299999999999,1.35202,1743.0,2026-09-10T16:35:00+02:00
GBPUSD,5m,2026-09-10T14:40:00+00:00,1.35202,1.3525099999999999,1.35202,1.3522399999999999,1325.0,2026-09-10T16:40:00+02:00
GBPUSD,5m,2026-09-10T14:45:00+00:00,1.3522399999999999,1.35249,1.3522399999999999,1.35242,1381.0,2026-09-10T16:45:00+02:00
GBPUSD,5m,2026-09-10T14:50:00+00:00,1.35242,1.35253,1.35233,1.35236,1333.0,2026-09-10T16:50:00+02:00
GBPUSD,5m,2026-09-10T14:55:00+00:00,1.35236,1.35304,1.3522399999999999,1.3529799999999998,1794.0,2026-09-10T16:55:00+02:00
GBPUSD,5m,2026-09-10T15:00:00+00:00,1.3529799999999998,1.35303,1.35246,1.35283,2262.0,2026-09-10T17:00:00+02:00
GBPUSD,5m,2026-09-10T15:05:00+00:00,1.35283,1.3531499999999999,1.35279,1.3529799999999998,1343.0,2026-09-10T17:05:00+02:00
GBPUSD,5m,2026-09-10T15:10:00+00:00,1.3529799999999998,1.35341,1.3527799999999999,1.3527799999999999,2073.0,2026-09-10T17:10:00+02:00
GBPUSD,5m,2026-09-10T15:15:00+00:00,1.3527799999999999,1.3533,1.35269,1.3529,1490.0,2026-09-10T17:15:00+02:00
GBPUSD,5m,2026-09-10T15:20:00+00:00,1.3529,1.35324,1.35284,1.35291,1229.0,2026-09-10T17:20:00+02:00
GBPUSD,5m,2026-09-10T15:25:00+00:00,1.35291,1.35291,1.35266,1.35273,1562.0,2026-09-10T17:25:00+02:00
GBPUSD,5m,2026-09-10T15:30:00+00:00,1.35273,1.35303,1.35259,1.35301,1277.0,2026-09-10T17:30:00+02:00
GBPUSD,5m,2026-09-10T15:35:00+00:00,1.35301,1.3532199999999999,1.3529,1.35318,1574.0,2026-09-10T17:35:00+02:00
GBPUSD,5m,2026-09-10T15:40:00+00:00,1.35318,1.3532199999999999,1.35293,1.3531,1360.0,2026-09-10T17:40:00+02:00
GBPUSD,5m,2026-09-10T15:45:00+00:00,1.3531,1.35318,1.35258,1.3528499999999999,1008.0,2026-09-10T17:45:00+02:00
GBPUSD,5m,2026-09-10T15:50:00+00:00,1.3528499999999999,1.35331,1.35282,1.35304,1262.0,2026-09-10T17:50:00+02:00
GBPUSD,5m,2026-09-10T15:55:00+00:00,1.35304,1.35324,1.35292,1.3530499999999999,1130.0,2026-09-10T17:55:00+02:00
GBPUSD,5m,2026-09-10T16:00:00+00:00,1.3530499999999999,1.35317,1.35274,1.35274,1622.0,2026-09-10T18:00:00+02:00
GBPUSD,5m,2026-09-10T16:05:00+00:00,1.35274,1.3528,1.35243,1.35253,1035.0,2026-09-10T18:05:00+02:00
GBPUSD,5m,2026-09-10T16:10:00+00:00,1.35253,1.35279,1.3524,1.35267,1184.0,2026-09-10T18:10:00+02:00
GBPUSD,5m,2026-09-10T16:15:00+00:00,1.35267,1.3527099999999999,1.35249,1.3527,1034.0,2026-09-10T18:15:00+02:00
GBPUSD,5m,2026-09-10T16:20:00+00:00,1.3527,1.35311,1.3527,1.35309,1106.0,2026-09-10T18:20:00+02:00
GBPUSD,5m,2026-09-10T16:25:00+00:00,1.35309,1.35313,1.35289,1.3529499999999999,1026.0,2026-09-10T18:25:00+02:00
GBPUSD,5m,2026-09-10T16:30:00+00:00,1.3529499999999999,1.35307,1.35245,1.35252,1419.0,2026-09-10T18:30:00+02:00
GBPUSD,5m,2026-09-10T16:35:00+00:00,1.35252,1.3526099999999999,1.3522699999999999,1.35232,1472.0,2026-09-10T18:35:00+02:00
GBPUSD,5m,2026-09-10T16:40:00+00:00,1.35232,1.35242,1.35219,1.35236,1175.0,2026-09-10T18:40:00+02:00
GBPUSD,5m,2026-09-10T16:45:00+00:00,1.35236,1.3524699999999998,1.35228,1.3523,1152.0,2026-09-10T18:45:00+02:00
GBPUSD,5m,2026-09-10T16:50:00+00:00,1.3523,1.35246,1.35228,1.35231,911.0,2026-09-10T18:50:00+02:00
GBPUSD,5m,2026-09-10T16:55:00+00:00,1.35231,1.35241,1.35214,1.35229,962.0,2026-09-10T18:55:00+02:00
GBPUSD,5m,2026-09-10T17:00:00+00:00,1.35229,1.35246,1.35192,1.35225,1574.0,2026-09-10T19:00:00+02:00
GBPUSD,5m,2026-09-10T17:05:00+00:00,1.35225,1.3523399999999999,1.35206,1.3522699999999999,1253.0,2026-09-10T19:05:00+02:00
GBPUSD,5m,2026-09-10T17:10:00+00:00,1.3522699999999999,1.35282,1.35222,1.3528,1256.0,2026-09-10T19:10:00+02:00
GBPUSD,5m,2026-09-10T17:15:00+00:00,1.3528,1.35282,1.35258,1.3526799999999999,750.0,2026-09-10T19:15:00+02:00
GBPUSD,5m,2026-09-10T17:20:00+00:00,1.3526799999999999,1.353,1.35267,1.35294,751.0,2026-09-10T19:20:00+02:00
GBPUSD,5m,2026-09-10T17:25:00+00:00,1.35294,1.35302,1.35275,1.35289,857.0,2026-09-10T19:25:00+02:00
GBPUSD,5m,2026-09-10T17:30:00+00:00,1.35289,1.3529499999999999,1.3527099999999999,1.3528,819.0,2026-09-10T19:30:00+02:00
GBPUSD,5m,2026-09-10T17:35:00+00:00,1.3528,1.35284,1.35257,1.3526099999999999,819.0,2026-09-10T19:35:00+02:00
GBPUSD,5m,2026-09-10T17:40:00+00:00,1.3526099999999999,1.35266,1.35241,1.35245,990.0,2026-09-10T19:40:00+02:00
GBPUSD,5m,2026-09-10T17:45:00+00:00,1.35245,1.35245,1.35228,1.3523699999999999,830.0,2026-09-10T19:45:00+02:00
GBPUSD,5m,2026-09-10T17:50:00+00:00,1.3523699999999999,1.3524399999999999,1.3522699999999999,1.3523699999999999,948.0,2026-09-10T19:50:00+02:00
GBPUSD,5m,2026-09-10T17:55:00+00:00,1.3523699999999999,1.3523699999999999,1.35196,1.35206,1028.0,2026-09-10T19:55:00+02:00
GBPUSD,5m,2026-09-10T18:00:00+00:00,1.35206,1.35208,1.3517,1.35191,1106.0,2026-09-10T20:00:00+02:00
GBPUSD,5m,2026-09-10T18:05:00+00:00,1.35191,1.35197,1.35154,1.3515899999999998,1310.0,2026-09-10T20:05:00+02:00
GBPUSD,5m,2026-09-10T18:10:00+00:00,1.3515899999999998,1.3515899999999998,1.3511199999999999,1.35119,1539.0,2026-09-10T20:10:00+02:00
GBPUSD,5m,2026-09-10T18:15:00+00:00,1.35119,1.35137,1.3511,1.35133,945.0,2026-09-10T20:15:00+02:00
GBPUSD,5m,2026-09-10T18:20:00+00:00,1.35133,1.35167,1.35133,1.35161,1104.0,2026-09-10T20:20:00+02:00
GBPUSD,5m,2026-09-10T18:25:00+00:00,1.35161,1.35165,1.35126,1.3514899999999999,1213.0,2026-09-10T20:25:00+02:00
GBPUSD,5m,2026-09-10T18:30:00+00:00,1.3514899999999999,1.35151,1.35106,1.35124,1305.0,2026-09-10T20:30:00+02:00
GBPUSD,5m,2026-09-10T18:35:00+00:00,1.35124,1.35137,1.35116,1.3512199999999999,816.0,2026-09-10T20:35:00+02:00
GBPUSD,5m,2026-09-10T18:40:00+00:00,1.3512199999999999,1.3514,1.35119,1.35133,728.0,2026-09-10T20:40:00+02:00
GBPUSD,5m,2026-09-10T18:45:00+00:00,1.35133,1.35133,1.3509799999999998,1.35109,901.0,2026-09-10T20:45:00+02:00
GBPUSD,5m,2026-09-10T18:50:00+00:00,1.35109,1.35155,1.35104,1.35136,2158.0,2026-09-10T20:50:00+02:00
GBPUSD,5m,2026-09-10T18:55:00+00:00,1.35136,1.35145,1.35117,1.3513,1189.0,2026-09-10T20:55:00+02:00
GBPUSD,5m,2026-09-10T19:00:00+00:00,1.3513,1.35131,1.35097,1.351,1253.0,2026-09-10T21:00:00+02:00
GBPUSD,5m,2026-09-10T19:05:00+00:00,1.351,1.3512499999999998,1.35091,1.3512,1148.0,2026-09-10T21:05:00+02:00
GBPUSD,5m,2026-09-10T19:10:00+00:00,1.3512,1.3512,1.3506799999999999,1.35082,1198.0,2026-09-10T21:10:00+02:00
GBPUSD,5m,2026-09-10T19:15:00+00:00,1.35082,1.3509499999999999,1.35079,1.35093,881.0,2026-09-10T21:15:00+02:00
GBPUSD,5m,2026-09-10T19:20:00+00:00,1.35093,1.35114,1.35091,1.35107,837.0,2026-09-10T21:20:00+02:00
GBPUSD,5m,2026-09-10T19:25:00+00:00,1.35107,1.35113,1.3509499999999999,1.3510499999999999,668.0,2026-09-10T21:25:00+02:00
GBPUSD,5m,2026-09-10T19:30:00+00:00,1.3510499999999999,1.3511499999999999,1.3509,1.351,889.0,2026-09-10T21:30:00+02:00
GBPUSD,5m,2026-09-10T19:35:00+00:00,1.351,1.35106,1.3509,1.35093,1054.0,2026-09-10T21:35:00+02:00
GBPUSD,5m,2026-09-10T19:40:00+00:00,1.35093,1.35109,1.35092,1.3510199999999999,717.0,2026-09-10T21:40:00+02:00
GBPUSD,5m,2026-09-10T19:45:00+00:00,1.3510199999999999,1.35106,1.3509,1.35104,823.0,2026-09-10T21:45:00+02:00
GBPUSD,5m,2026-09-10T19:50:00+00:00,1.35104,1.35108,1.35089,1.3509799999999998,1023.0,2026-09-10T21:50:00+02:00
GBPUSD,5m,2026-09-10T19:55:00+00:00,1.3509799999999998,1.3510199999999999,1.3507799999999999,1.35092,734.0,2026-09-10T21:55:00+02:00
GBPUSD,5m,2026-09-10T20:00:00+00:00,1.35092,1.35092,1.35075,1.3508099999999998,404.0,2026-09-10T22:00:00+02:00
GBPUSD,5m,2026-09-10T20:05:00+00:00,1.3508099999999998,1.35091,1.35077,1.3508,176.0,2026-09-10T22:05:00+02:00
GBPUSD,5m,2026-09-10T20:10:00+00:00,1.3508,1.35083,1.35077,1.3508099999999998,130.0,2026-09-10T22:10:00+02:00
GBPUSD,5m,2026-09-10T20:15:00+00:00,1.3508099999999998,1.35082,1.35056,1.3506099999999999,267.0,2026-09-10T22:15:00+02:00
GBPUSD,5m,2026-09-10T20:20:00+00:00,1.3506099999999999,1.35062,1.3504099999999999,1.35049,269.0,2026-09-10T22:20:00+02:00
GBPUSD,5m,2026-09-10T20:25:00+00:00,1.35049,1.35057,1.35039,1.35057,267.0,2026-09-10T22:25:00+02:00
GBPUSD,5m,2026-09-10T20:30:00+00:00,1.35057,1.35084,1.35056,1.35083,353.0,2026-09-10T22:30:00+02:00
GBPUSD,5m,2026-09-10T20:35:00+00:00,1.35083,1.351,1.3508,1.35091,278.0,2026-09-10T22:35:00+02:00
GBPUSD,5m,2026-09-10T20:40:00+00:00,1.35091,1.35093,1.35069,1.35069,282.0,2026-09-10T22:40:00+02:00
GBPUSD,5m,2026-09-10T20:45:00+00:00,1.35069,1.3509499999999999,1.35069,1.35092,685.0,2026-09-10T22:45:00+02:00
GBPUSD,5m,2026-09-10T20:50:00+00:00,1.35092,1.35101,1.35089,1.35096,421.0,2026-09-10T22:50:00+02:00
GBPUSD,5m,2026-09-10T20:55:00+00:00,1.35096,1.3511499999999999,1.3509499999999999,1.35101,428.0,2026-09-10T22:55:00+02:00
GBPUSD,5m,2026-09-10T21:00:00+00:00,1.35101,1.3510199999999999,1.3501699999999999,1.3501699999999999,4.0,2026-09-10T23:00:00+02:00
GBPUSD,5m,2026-09-10T21:05:00+00:00,1.3501699999999999,1.3504399999999999,1.3501699999999999,1.35018,52.0,2026-09-10T23:05:00+02:00
GBPUSD,5m,2026-09-10T21:10:00+00:00,1.35018,1.35018,1.34968,1.35014,22.0,2026-09-10T23:10:00+02:00
GBPUSD,5m,2026-09-10T22:00:00+00:00,1.35014,1.35137,1.35014,1.35106,328.0,2026-09-11T00:00:00+02:00
GBPUSD,5m,2026-09-10T22:05:00+00:00,1.35106,1.35126,1.3509499999999999,1.35104,176.0,2026-09-11T00:05:00+02:00
GBPUSD,5m,2026-09-10T22:10:00+00:00,1.35104,1.35106,1.3509,1.35106,201.0,2026-09-11T00:10:00+02:00
GBPUSD,5m,2026-09-10T22:15:00+00:00,1.35106,1.35113,1.35099,1.35106,136.0,2026-09-11T00:15:00+02:00
GBPUSD,5m,2026-09-10T22:20:00+00:00,1.35106,1.3512199999999999,1.3510499999999999,1.35116,199.0,2026-09-11T00:20:00+02:00
GBPUSD,5m,2026-09-10T22:25:00+00:00,1.35116,1.35117,1.35106,1.35108,203.0,2026-09-11T00:25:00+02:00
GBPUSD,5m,2026-09-10T22:30:00+00:00,1.35108,1.35109,1.35094,1.35106,196.0,2026-09-11T00:30:00+02:00
GBPUSD,5m,2026-09-10T22:35:00+00:00,1.35106,1.35107,1.35099,1.351,145.0,2026-09-11T00:35:00+02:00
GBPUSD,5m,2026-09-10T22:40:00+00:00,1.351,1.3511199999999999,1.35096,1.3510199999999999,203.0,2026-09-11T00:40:00+02:00
GBPUSD,5m,2026-09-10T22:45:00+00:00,1.3510199999999999,1.35109,1.35101,1.35107,110.0,2026-09-11T00:45:00+02:00
GBPUSD,5m,2026-09-10T22:50:00+00:00,1.35107,1.35116,1.35106,1.35111,184.0,2026-09-11T00:50:00+02:00
GBPUSD,5m,2026-09-10T22:55:00+00:00,1.35111,1.35121,1.35104,1.35111,192.0,2026-09-11T00:55:00+02:00
GBPUSD,5m,2026-09-10T23:00:00+00:00,1.35111,1.35119,1.3509499999999999,1.35096,433.0,2026-09-11T01:00:00+02:00
GBPUSD,5m,2026-09-10T23:05:00+00:00,1.35096,1.35096,1.35084,1.35086,272.0,2026-09-11T01:05:00+02:00
GBPUSD,5m,2026-09-10T23:10:00+00:00,1.35086,1.3509499999999999,1.35084,1.35094,210.0,2026-09-11T01:10:00+02:00
GBPUSD,5m,2026-09-10T23:15:00+00:00,1.35094,1.3510199999999999,1.35091,1.351,294.0,2026-09-11T01:15:00+02:00
GBPUSD,5m,2026-09-10T23:20:00+00:00,1.351,1.3510199999999999,1.35082,1.35084,347.0,2026-09-11T01:20:00+02:00
GBPUSD,5m,2026-09-10T23:25:00+00:00,1.35084,1.35092,1.3508,1.35083,315.0,2026-09-11T01:25:00+02:00
GBPUSD,5m,2026-09-10T23:30:00+00:00,1.35083,1.35092,1.35074,1.3508499999999999,299.0,2026-09-11T01:30:00+02:00
GBPUSD,5m,2026-09-10T23:35:00+00:00,1.3508499999999999,1.35092,1.35079,1.3508799999999999,274.0,2026-09-11T01:35:00+02:00
GBPUSD,5m,2026-09-10T23:40:00+00:00,1.3508799999999999,1.35094,1.3507799999999999,1.35094,413.0,2026-09-11T01:40:00+02:00
GBPUSD,5m,2026-09-10T23:45:00+00:00,1.35094,1.35099,1.35082,1.3508499999999999,553.0,2026-09-11T01:45:00+02:00
GBPUSD,5m,2026-09-10T23:50:00+00:00,1.3508499999999999,1.35094,1.35077,1.35083,574.0,2026-09-11T01:50:00+02:00
GBPUSD,5m,2026-09-10T23:55:00+00:00,1.35083,1.35097,1.3508,1.35096,366.0,2026-09-11T01:55:00+02:00
GBPUSD,5m,2026-09-11T00:00:00+00:00,1.35096,1.3514,1.35091,1.35117,1635.0,2026-09-11T02:00:00+02:00
GBPUSD,5m,2026-09-11T00:05:00+00:00,1.35117,1.35145,1.35113,1.35123,1453.0,2026-09-11T02:05:00+02:00
GBPUSD,5m,2026-09-11T00:10:00+00:00,1.35123,1.35128,1.3510499999999999,1.3511199999999999,1106.0,2026-09-11T02:10:00+02:00
GBPUSD,5m,2026-09-11T00:15:00+00:00,1.3511199999999999,1.35136,1.35107,1.35135,1089.0,2026-09-11T02:15:00+02:00
GBPUSD,5m,2026-09-11T00:20:00+00:00,1.35135,1.3513899999999999,1.3511199999999999,1.35114,820.0,2026-09-11T02:20:00+02:00
GBPUSD,5m,2026-09-11T00:25:00+00:00,1.35114,1.3512499999999998,1.35104,1.3512499999999998,964.0,2026-09-11T02:25:00+02:00
GBPUSD,5m,2026-09-11T00:30:00+00:00,1.3512499999999998,1.35136,1.35114,1.35135,626.0,2026-09-11T02:30:00+02:00
GBPUSD,5m,2026-09-11T00:35:00+00:00,1.35135,1.3514599999999999,1.35134,1.35138,700.0,2026-09-11T02:35:00+02:00
GBPUSD,5m,2026-09-11T00:40:00+00:00,1.35138,1.35141,1.35124,1.35133,668.0,2026-09-11T02:40:00+02:00
GBPUSD,5m,2026-09-11T00:45:00+00:00,1.35133,1.35153,1.35131,1.35133,871.0,2026-09-11T02:45:00+02:00
GBPUSD,5m,2026-09-11T00:50:00+00:00,1.35133,1.35145,1.3512199999999999,1.35124,924.0,2026-09-11T02:50:00+02:00
GBPUSD,5m,2026-09-11T00:55:00+00:00,1.35124,1.35155,1.3512199999999999,1.35152,896.0,2026-09-11T02:55:00+02:00
GBPUSD,5m,2026-09-11T01:00:00+00:00,1.35152,1.3516,1.35134,1.35157,1482.0,2026-09-11T03:00:00+02:00
GBPUSD,5m,2026-09-11T01:05:00+00:00,1.35157,1.35158,1.35141,1.35147,1085.0,2026-09-11T03:05:00+02:00
GBPUSD,5m,2026-09-11T01:10:00+00:00,1.35147,1.35154,1.35133,1.35143,1110.0,2026-09-11T03:10:00+02:00
GBPUSD,5m,2026-09-11T01:15:00+00:00,1.35143,1.3515599999999999,1.35136,1.35153,906.0,2026-09-11T03:15:00+02:00
GBPUSD,5m,2026-09-11T01:20:00+00:00,1.35153,1.35154,1.3511499999999999,1.35118,831.0,2026-09-11T03:20:00+02:00
GBPUSD,5m,2026-09-11T01:25:00+00:00,1.35118,1.3514,1.35118,1.3512199999999999,777.0,2026-09-11T03:25:00+02:00
GBPUSD,5m,2026-09-11T01:30:00+00:00,1.3512199999999999,1.35127,1.3511199999999999,1.3511499999999999,1095.0,2026-09-11T03:30:00+02:00
GBPUSD,5m,2026-09-11T01:35:00+00:00,1.3511499999999999,1.3514,1.3511499999999999,1.35127,994.0,2026-09-11T03:35:00+02:00
GBPUSD,5m,2026-09-11T01:40:00+00:00,1.35127,1.35127,1.35104,1.3511499999999999,860.0,2026-09-11T03:40:00+02:00
GBPUSD,5m,2026-09-11T01:45:00+00:00,1.3511499999999999,1.3511499999999999,1.3508099999999998,1.3508499999999999,1034.0,2026-09-11T03:45:00+02:00
GBPUSD,5m,2026-09-11T01:50:00+00:00,1.3508499999999999,1.35091,1.3507,1.35072,932.0,2026-09-11T03:50:00+02:00
GBPUSD,5m,2026-09-11T01:55:00+00:00,1.35072,1.35083,1.35063,1.35082,1038.0,2026-09-11T03:55:00+02:00
GBPUSD,5m,2026-09-11T02:00:00+00:00,1.35082,1.35086,1.3504099999999999,1.35053,1201.0,2026-09-11T04:00:00+02:00
GBPUSD,5m,2026-09-11T02:05:00+00:00,1.35053,1.3506399999999998,1.35039,1.35063,1011.0,2026-09-11T04:05:00+02:00
GBPUSD,5m,2026-09-11T02:10:00+00:00,1.35063,1.35079,1.35057,1.35065,765.0,2026-09-11T04:10:00+02:00
GBPUSD,5m,2026-09-11T02:15:00+00:00,1.35065,1.35067,1.35046,1.35065,760.0,2026-09-11T04:15:00+02:00
GBPUSD,5m,2026-09-11T02:20:00+00:00,1.35065,1.3506799999999999,1.35042,1.3504399999999999,694.0,2026-09-11T04:20:00+02:00
GBPUSD,5m,2026-09-11T02:25:00+00:00,1.3504399999999999,1.3504399999999999,1.35019,1.3501999999999998,949.0,2026-09-11T04:25:00+02:00
GBPUSD,5m,2026-09-11T02:30:00+00:00,1.3501999999999998,1.35025,1.35005,1.35012,876.0,2026-09-11T04:30:00+02:00
GBPUSD,5m,2026-09-11T02:35:00+00:00,1.35012,1.35028,1.35001,1.35025,981.0,2026-09-11T04:35:00+02:00
GBPUSD,5m,2026-09-11T02:40:00+00:00,1.35025,1.35038,1.35021,1.35022,995.0,2026-09-11T04:40:00+02:00
GBPUSD,5m,2026-09-11T02:45:00+00:00,1.35022,1.3504099999999999,1.35022,1.35039,1136.0,2026-09-11T04:45:00+02:00
GBPUSD,5m,2026-09-11T02:50:00+00:00,1.35039,1.35046,1.35032,1.35033,712.0,2026-09-11T04:50:00+02:00
GBPUSD,5m,2026-09-11T02:55:00+00:00,1.35033,1.3504399999999999,1.35032,1.3503399999999999,786.0,2026-09-11T04:55:00+02:00
GBPUSD,5m,2026-09-11T03:00:00+00:00,1.3503399999999999,1.3504099999999999,1.35023,1.3502399999999999,907.0,2026-09-11T05:00:00+02:00
GBPUSD,5m,2026-09-11T03:05:00+00:00,1.3502399999999999,1.35025,1.34996,1.35013,936.0,2026-09-11T05:05:00+02:00
GBPUSD,5m,2026-09-11T03:10:00+00:00,1.35013,1.35025,1.3500999999999999,1.3502399999999999,981.0,2026-09-11T05:10:00+02:00
GBPUSD,5m,2026-09-11T03:15:00+00:00,1.3502399999999999,1.35028,1.3499299999999999,1.34996,817.0,2026-09-11T05:15:00+02:00
GBPUSD,5m,2026-09-11T03:20:00+00:00,1.34996,1.35005,1.34969,1.34971,868.0,2026-09-11T05:20:00+02:00
GBPUSD,5m,2026-09-11T03:25:00+00:00,1.34971,1.34984,1.34968,1.3497,914.0,2026-09-11T05:25:00+02:00
GBPUSD,5m,2026-09-11T03:30:00+00:00,1.3497,1.34978,1.34951,1.34955,909.0,2026-09-11T05:30:00+02:00
GBPUSD,5m,2026-09-11T03:35:00+00:00,1.34955,1.34975,1.34954,1.34965,738.0,2026-09-11T05:35:00+02:00
GBPUSD,5m,2026-09-11T03:40:00+00:00,1.34965,1.34986,1.3496299999999999,1.3497599999999998,941.0,2026-09-11T05:40:00+02:00
GBPUSD,5m,2026-09-11T03:45:00+00:00,1.3497599999999998,1.3497599999999998,1.3495899999999998,1.3496599999999999,754.0,2026-09-11T05:45:00+02:00
GBPUSD,5m,2026-09-11T03:50:00+00:00,1.3496599999999999,1.34984,1.34962,1.34982,632.0,2026-09-11T05:50:00+02:00
GBPUSD,5m,2026-09-11T03:55:00+00:00,1.34982,1.35012,1.34982,1.3499299999999999,807.0,2026-09-11T05:55:00+02:00
GBPUSD,5m,2026-09-11T04:00:00+00:00,1.3499299999999999,1.35018,1.34978,1.35016,1359.0,2026-09-11T06:00:00+02:00
GBPUSD,5m,2026-09-11T04:05:00+00:00,1.35016,1.35038,1.35012,1.3503399999999999,1099.0,2026-09-11T06:05:00+02:00
GBPUSD,5m,2026-09-11T04:10:00+00:00,1.3503399999999999,1.3506099999999999,1.3503399999999999,1.35046,1161.0,2026-09-11T06:10:00+02:00
GBPUSD,5m,2026-09-11T04:15:00+00:00,1.35046,1.35057,1.35043,1.35056,1375.0,2026-09-11T06:15:00+02:00
GBPUSD,5m,2026-09-11T04:20:00+00:00,1.35056,1.35066,1.35045,1.35046,824.0,2026-09-11T06:20:00+02:00
GBPUSD,5m,2026-09-11T04:25:00+00:00,1.35046,1.35056,1.3504099999999999,1.35053,922.0,2026-09-11T06:25:00+02:00
GBPUSD,5m,2026-09-11T04:30:00+00:00,1.35053,1.3506099999999999,1.35032,1.3503399999999999,747.0,2026-09-11T06:30:00+02:00
GBPUSD,5m,2026-09-11T04:35:00+00:00,1.3503399999999999,1.35039,1.35025,1.35036,576.0,2026-09-11T06:35:00+02:00
GBPUSD,5m,2026-09-11T04:40:00+00:00,1.35036,1.35046,1.3502399999999999,1.35045,781.0,2026-09-11T06:40:00+02:00
GBPUSD,5m,2026-09-11T04:45:00+00:00,1.35045,1.3505,1.3502699999999999,1.3503,1233.0,2026-09-11T06:45:00+02:00
GBPUSD,5m,2026-09-11T04:50:00+00:00,1.3503,1.3504399999999999,1.35025,1.35026,640.0,2026-09-11T06:50:00+02:00
GBPUSD,5m,2026-09-11T04:55:00+00:00,1.35026,1.35029,1.35023,1.3502399999999999,492.0,2026-09-11T06:55:00+02:00
GBPUSD,5m,2026-09-11T05:00:00+00:00,1.3502399999999999,1.3504399999999999,1.35015,1.35029,871.0,2026-09-11T07:00:00+02:00
GBPUSD,5m,2026-09-11T05:05:00+00:00,1.35029,1.35055,1.35029,1.35049,1137.0,2026-09-11T07:05:00+02:00
GBPUSD,5m,2026-09-11T05:10:00+00:00,1.35049,1.35069,1.35039,1.35067,1108.0,2026-09-11T07:10:00+02:00
GBPUSD,5m,2026-09-11T05:15:00+00:00,1.35067,1.35091,1.35066,1.35086,674.0,2026-09-11T07:15:00+02:00
GBPUSD,5m,2026-09-11T05:20:00+00:00,1.35086,1.35093,1.35074,1.35087,685.0,2026-09-11T07:20:00+02:00
GBPUSD,5m,2026-09-11T05:25:00+00:00,1.35087,1.35087,1.35059,1.35077,593.0,2026-09-11T07:25:00+02:00
GBPUSD,5m,2026-09-11T05:30:00+00:00,1.35077,1.35106,1.35077,1.3509799999999998,1036.0,2026-09-11T07:30:00+02:00
GBPUSD,5m,2026-09-11T05:35:00+00:00,1.3509799999999998,1.35135,1.3509799999999998,1.35127,1301.0,2026-09-11T07:35:00+02:00
GBPUSD,5m,2026-09-11T05:40:00+00:00,1.35127,1.35138,1.35107,1.35128,1066.0,2026-09-11T07:40:00+02:00
GBPUSD,5m,2026-09-11T05:45:00+00:00,1.35128,1.35137,1.35108,1.35116,1039.0,2026-09-11T07:45:00+02:00
GBPUSD,5m,2026-09-11T05:50:00+00:00,1.35116,1.35134,1.35094,1.3509499999999999,1043.0,2026-09-11T07:50:00+02:00
GBPUSD,5m,2026-09-11T05:55:00+00:00,1.3509499999999999,1.35121,1.35094,1.35094,1073.0,2026-09-11T07:55:00+02:00
GBPUSD,5m,2026-09-11T06:00:00+00:00,1.35094,1.35185,1.35094,1.35136,1835.0,2026-09-11T08:00:00+02:00
GBPUSD,5m,2026-09-11T06:05:00+00:00,1.35136,1.35172,1.35127,1.35145,1522.0,2026-09-11T08:05:00+02:00
GBPUSD,5m,2026-09-11T06:10:00+00:00,1.35145,1.35238,1.35134,1.3522699999999999,1893.0,2026-09-11T08:10:00+02:00
GBPUSD,5m,2026-09-11T06:15:00+00:00,1.3522699999999999,1.3526,1.35209,1.35219,1742.0,2026-09-11T08:15:00+02:00
GBPUSD,5m,2026-09-11T06:20:00+00:00,1.35219,1.35226,1.3520299999999998,1.35211,1204.0,2026-09-11T08:20:00+02:00
GBPUSD,5m,2026-09-11T06:25:00+00:00,1.35211,1.35242,1.35208,1.35233,1260.0,2026-09-11T08:25:00+02:00
GBPUSD,5m,2026-09-11T06:30:00+00:00,1.35233,1.35256,1.35181,1.35187,1793.0,2026-09-11T08:30:00+02:00
GBPUSD,5m,2026-09-11T06:35:00+00:00,1.35187,1.3523699999999999,1.3518,1.35218,1452.0,2026-09-11T08:35:00+02:00
GBPUSD,5m,2026-09-11T06:40:00+00:00,1.35218,1.35228,1.35199,1.35226,1102.0,2026-09-11T08:40:00+02:00
GBPUSD,5m,2026-09-11T06:45:00+00:00,1.35226,1.35252,1.3521999999999998,1.3523399999999999,769.0,2026-09-11T08:45:00+02:00
GBPUSD,5m,2026-09-11T06:50:00+00:00,1.3523399999999999,1.35252,1.3522699999999999,1.35252,947.0,2026-09-11T08:50:00+02:00
GBPUSD,5m,2026-09-11T06:55:00+00:00,1.35252,1.35262,1.35233,1.35241,1053.0,2026-09-11T08:55:00+02:00
GBPUSD,5m,2026-09-11T07:00:00+00:00,1.35241,1.35258,1.35178,1.35192,1901.0,2026-09-11T09:00:00+02:00
GBPUSD,5m,2026-09-11T07:05:00+00:00,1.35192,1.35215,1.35187,1.35209,1495.0,2026-09-11T09:05:00+02:00
GBPUSD,5m,2026-09-11T07:10:00+00:00,1.35209,1.3523399999999999,1.35199,1.3519999999999999,1288.0,2026-09-11T09:10:00+02:00
GBPUSD,5m,2026-09-11T07:15:00+00:00,1.3519999999999999,1.35202,1.3517599999999999,1.3518,1204.0,2026-09-11T09:15:00+02:00
GBPUSD,5m,2026-09-11T07:20:00+00:00,1.3518,1.35235,1.3517599999999999,1.3523,1125.0,2026-09-11T09:20:00+02:00
GBPUSD,5m,2026-09-11T07:25:00+00:00,1.3523,1.35239,1.3519299999999999,1.35194,1174.0,2026-09-11T09:25:00+02:00
GBPUSD,5m,2026-09-11T07:30:00+00:00,1.35194,1.35214,1.35178,1.3518599999999998,1237.0,2026-09-11T09:30:00+02:00
GBPUSD,5m,2026-09-11T07:35:00+00:00,1.3518599999999998,1.35202,1.35179,1.35197,1165.0,2026-09-11T09:35:00+02:00
GBPUSD,5m,2026-09-11T07:40:00+00:00,1.35197,1.35205,1.35162,1.3516599999999999,1456.0,2026-09-11T09:40:00+02:00
GBPUSD,5m,2026-09-11T07:45:00+00:00,1.3516599999999999,1.3516599999999999,1.3513199999999999,1.35151,1183.0,2026-09-11T09:45:00+02:00
GBPUSD,5m,2026-09-11T07:50:00+00:00,1.35151,1.35171,1.35134,1.35153,860.0,2026-09-11T09:50:00+02:00
GBPUSD,5m,2026-09-11T07:55:00+00:00,1.35153,1.35174,1.35137,1.35155,931.0,2026-09-11T09:55:00+02:00
GBPUSD,5m,2026-09-11T08:00:00+00:00,1.35155,1.35162,1.3511499999999999,1.35123,1250.0,2026-09-11T10:00:00+02:00
GBPUSD,5m,2026-09-11T08:05:00+00:00,1.35123,1.35157,1.35113,1.35118,929.0,2026-09-11T10:05:00+02:00
GBPUSD,5m,2026-09-11T08:10:00+00:00,1.35118,1.35152,1.351,1.35128,1477.0,2026-09-11T10:10:00+02:00
GBPUSD,5m,2026-09-11T08:15:00+00:00,1.35128,1.35144,1.35108,1.35111,1034.0,2026-09-11T10:15:00+02:00
GBPUSD,5m,2026-09-11T08:20:00+00:00,1.35111,1.3517,1.3508799999999999,1.3514,2085.0,2026-09-11T10:20:00+02:00
GBPUSD,5m,2026-09-11T08:25:00+00:00,1.3514,1.3514199999999998,1.35093,1.3509499999999999,1156.0,2026-09-11T10:25:00+02:00
GBPUSD,5m,2026-09-11T08:30:00+00:00,1.3509499999999999,1.35116,1.35074,1.3508,1148.0,2026-09-11T10:30:00+02:00
GBPUSD,5m,2026-09-11T08:35:00+00:00,1.3508,1.3509799999999998,1.3506399999999998,1.35067,1024.0,2026-09-11T10:35:00+02:00
GBPUSD,5m,2026-09-11T08:40:00+00:00,1.35067,1.35108,1.35067,1.35097,1097.0,2026-09-11T10:40:00+02:00
GBPUSD,5m,2026-09-11T08:45:00+00:00,1.35097,1.3511199999999999,1.35075,1.35083,1015.0,2026-09-11T10:45:00+02:00
GBPUSD,5m,2026-09-11T08:50:00+00:00,1.35083,1.35099,1.35075,1.35086,1015.0,2026-09-11T10:50:00+02:00
GBPUSD,5m,2026-09-11T08:55:00+00:00,1.35086,1.35087,1.35049,1.35056,1127.0,2026-09-11T10:55:00+02:00
GBPUSD,5m,2026-09-11T09:00:00+00:00,1.35056,1.35094,1.35035,1.3503699999999998,1230.0,2026-09-11T11:00:00+02:00
GBPUSD,5m,2026-09-11T09:05:00+00:00,1.3503699999999998,1.3505399999999999,1.35004,1.35005,1003.0,2026-09-11T11:05:00+02:00
GBPUSD,5m,2026-09-11T09:10:00+00:00,1.35005,1.35033,1.3497299999999999,1.3502699999999999,1144.0,2026-09-11T11:10:00+02:00
GBPUSD,5m,2026-09-11T09:15:00+00:00,1.3502699999999999,1.35058,1.35016,1.35057,837.0,2026-09-11T11:15:00+02:00
GBPUSD,5m,2026-09-11T09:20:00+00:00,1.35057,1.35106,1.3505399999999999,1.35106,1267.0,2026-09-11T11:20:00+02:00
GBPUSD,5m,2026-09-11T09:25:00+00:00,1.35106,1.3514599999999999,1.3508499999999999,1.35086,1021.0,2026-09-11T11:25:00+02:00
GBPUSD,5m,2026-09-11T09:30:00+00:00,1.35086,1.3508799999999999,1.3505399999999999,1.35062,711.0,2026-09-11T11:30:00+02:00
GBPUSD,5m,2026-09-11T09:35:00+00:00,1.35062,1.35083,1.3504399999999999,1.35065,759.0,2026-09-11T11:35:00+02:00
GBPUSD,5m,2026-09-11T09:40:00+00:00,1.35065,1.3507799999999999,1.35053,1.35077,782.0,2026-09-11T11:40:00+02:00
GBPUSD,5m,2026-09-11T09:45:00+00:00,1.35077,1.35079,1.3506099999999999,1.35077,805.0,2026-09-11T11:45:00+02:00
GBPUSD,5m,2026-09-11T09:50:00+00:00,1.35077,1.3509499999999999,1.35055,1.35057,948.0,2026-09-11T11:50:00+02:00
GBPUSD,5m,2026-09-11T09:55:00+00:00,1.35057,1.35087,1.35033,1.3508499999999999,1215.0,2026-09-11T11:55:00+02:00
GBPUSD,5m,2026-09-11T10:00:00+00:00,1.3508499999999999,1.3512899999999999,1.35062,1.3511499999999999,2204.0,2026-09-11T12:00:00+02:00
GBPUSD,5m,2026-09-11T10:05:00+00:00,1.3511499999999999,1.3512,1.35073,1.35074,969.0,2026-09-11T12:05:00+02:00
GBPUSD,5m,2026-09-11T10:10:00+00:00,1.35074,1.35093,1.35059,1.35092,688.0,2026-09-11T12:10:00+02:00
GBPUSD,5m,2026-09-11T10:15:00+00:00,1.35092,1.35092,1.35055,1.35062,832.0,2026-09-11T12:15:00+02:00
GBPUSD,5m,2026-09-11T10:20:00+00:00,1.35062,1.35066,1.35038,1.35056,854.0,2026-09-11T12:20:00+02:00
GBPUSD,5m,2026-09-11T10:25:00+00:00,1.35056,1.35067,1.3504099999999999,1.35047,930.0,2026-09-11T12:25:00+02:00
GBPUSD,5m,2026-09-11T10:30:00+00:00,1.35047,1.35058,1.3503399999999999,1.3504399999999999,923.0,2026-09-11T12:30:00+02:00
GBPUSD,5m,2026-09-11T10:35:00+00:00,1.3504399999999999,1.35045,1.3501999999999998,1.3504,941.0,2026-09-11T12:35:00+02:00
GBPUSD,5m,2026-09-11T10:40:00+00:00,1.3504,1.3504,1.35006,1.35028,1105.0,2026-09-11T12:40:00+02:00
GBPUSD,5m,2026-09-11T10:45:00+00:00,1.35028,1.3505099999999999,1.35016,1.35047,1035.0,2026-09-11T12:45:00+02:00
GBPUSD,5m,2026-09-11T10:50:00+00:00,1.35047,1.35056,1.35038,1.35045,917.0,2026-09-11T12:50:00+02:00
GBPUSD,5m,2026-09-11T10:55:00+00:00,1.35045,1.35057,1.35036,1.35048,959.0,2026-09-11T12:55:00+02:00
GBPUSD,5m,2026-09-11T11:00:00+00:00,1.35048,1.35079,1.35038,1.35075,1183.0,2026-09-11T13:00:00+02:00
GBPUSD,5m,2026-09-11T11:05:00+00:00,1.35075,1.35097,1.35065,1.35093,1190.0,2026-09-11T13:05:00+02:00
GBPUSD,5m,2026-09-11T11:10:00+00:00,1.35093,1.35093,1.35065,1.35084,954.0,2026-09-11T13:10:00+02:00
GBPUSD,5m,2026-09-11T11:15:00+00:00,1.35084,1.3509799999999998,1.3506099999999999,1.35086,1220.0,2026-09-11T13:15:00+02:00
GBPUSD,5m,2026-09-11T11:20:00+00:00,1.35086,1.35089,1.35053,1.35056,946.0,2026-09-11T13:20:00+02:00
GBPUSD,5m,2026-09-11T11:25:00+00:00,1.35056,1.35089,1.35053,1.3506,1412.0,2026-09-11T13:25:00+02:00
GBPUSD,5m,2026-09-11T11:30:00+00:00,1.3506,1.35077,1.35052,1.3506,1018.0,2026-09-11T13:30:00+02:00
GBPUSD,5m,2026-09-11T11:35:00+00:00,1.3506,1.3507099999999999,1.3504,1.35056,997.0,2026-09-11T13:35:00+02:00
GBPUSD,5m,2026-09-11T11:40:00+00:00,1.35056,1.35079,1.35031,1.35059,1211.0,2026-09-11T13:40:00+02:00
GBPUSD,5m,2026-09-11T11:45:00+00:00,1.35059,1.35062,1.3503,1.35043,1092.0,2026-09-11T13:45:00+02:00
GBPUSD,5m,2026-09-11T11:50:00+00:00,1.35043,1.3507799999999999,1.3503399999999999,1.35045,924.0,2026-09-11T13:50:00+02:00
GBPUSD,5m,2026-09-11T11:55:00+00:00,1.35045,1.35056,1.35014,1.35033,1321.0,2026-09-11T13:55:00+02:00
GBPUSD,5m,2026-09-11T12:00:00+00:00,1.35033,1.35087,1.3503,1.3508099999999998,1851.0,2026-09-11T14:00:00+02:00
GBPUSD,5m,2026-09-11T12:05:00+00:00,1.3508099999999998,1.3511199999999999,1.35075,1.35083,1573.0,2026-09-11T14:05:00+02:00
GBPUSD,5m,2026-09-11T12:10:00+00:00,1.35083,1.3511499999999999,1.3507,1.35109,1532.0,2026-09-11T14:10:00+02:00
GBPUSD,5m,2026-09-11T12:15:00+00:00,1.35109,1.35137,1.35092,1.35119,1605.0,2026-09-11T14:15:00+02:00
GBPUSD,5m,2026-09-11T12:20:00+00:00,1.35119,1.35138,1.351,1.3512199999999999,1539.0,2026-09-11T14:20:00+02:00
GBPUSD,5m,2026-09-11T12:25:00+00:00,1.3512199999999999,1.35161,1.35103,1.3513199999999999,1447.0,2026-09-11T14:25:00+02:00
GBPUSD,5m,2026-09-11T12:30:00+00:00,1.3513199999999999,1.35134,1.3464399999999999,1.3495599999999999,6762.0,2026-09-11T14:30:00+02:00
GBPUSD,5m,2026-09-11T12:35:00+00:00,1.3495599999999999,1.3505,1.34955,1.3501699999999999,5395.0,2026-09-11T14:35:00+02:00
GBPUSD,5m,2026-09-11T12:40:00+00:00,1.3501699999999999,1.3509799999999998,1.3500999999999999,1.3507799999999999,4001.0,2026-09-11T14:40:00+02:00
GBPUSD,5m,2026-09-11T12:45:00+00:00,1.3507799999999999,1.35191,1.3507799999999999,1.35131,4696.0,2026-09-11T14:45:00+02:00
GBPUSD,5m,2026-09-11T12:50:00+00:00,1.35131,1.3522399999999999,1.35121,1.35175,3754.0,2026-09-11T14:50:00+02:00
GBPUSD,5m,2026-09-11T12:55:00+00:00,1.35175,1.35236,1.3517,1.35236,3380.0,2026-09-11T14:55:00+02:00
GBPUSD,5m,2026-09-11T13:00:00+00:00,1.35236,1.3529,1.35221,1.35253,3856.0,2026-09-11T15:00:00+02:00
GBPUSD,5m,2026-09-11T13:05:00+00:00,1.35253,1.35273,1.35169,1.35187,2811.0,2026-09-11T15:05:00+02:00
GBPUSD,5m,2026-09-11T13:10:00+00:00,1.35187,1.35231,1.35165,1.3520999999999999,2481.0,2026-09-11T15:10:00+02:00
GBPUSD,5m,2026-09-11T13:15:00+00:00,1.3520999999999999,1.35216,1.3513199999999999,1.35153,2549.0,2026-09-11T15:15:00+02:00
GBPUSD,5m,2026-09-11T13:20:00+00:00,1.35153,1.35205,1.35153,1.35184,2041.0,2026-09-11T15:20:00+02:00
GBPUSD,5m,2026-09-11T13:25:00+00:00,1.35184,1.35246,1.35162,1.35197,3626.0,2026-09-11T15:25:00+02:00
GBPUSD,5m,2026-09-11T13:30:00+00:00,1.35197,1.3522699999999999,1.3516,1.35206,3256.0,2026-09-11T15:30:00+02:00
GBPUSD,5m,2026-09-11T13:35:00+00:00,1.35206,1.35233,1.35169,1.3520299999999998,2759.0,2026-09-11T15:35:00+02:00
GBPUSD,5m,2026-09-11T13:40:00+00:00,1.3520299999999998,1.3528099999999998,1.35162,1.35195,3226.0,2026-09-11T15:40:00+02:00
GBPUSD,5m,2026-09-11T13:45:00+00:00,1.35195,1.3526799999999999,1.35187,1.35241,2653.0,2026-09-11T15:45:00+02:00
GBPUSD,5m,2026-09-11T13:50:00+00:00,1.35241,1.35266,1.35214,1.35265,2291.0,2026-09-11T15:50:00+02:00
GBPUSD,5m,2026-09-11T13:55:00+00:00,1.35265,1.35345,1.35246,1.3531,1566.0,2026-09-11T15:55:00+02:00
GBPUSD,5m,2026-09-11T14:00:00+00:00,1.3531,1.35326,1.35222,1.35303,2495.0,2026-09-11T16:00:00+02:00
GBPUSD,5m,2026-09-11T14:05:00+00:00,1.35303,1.3534,1.35292,1.35321,2609.0,2026-09-11T16:05:00+02:00
GBPUSD,5m,2026-09-11T14:10:00+00:00,1.35321,1.35334,1.35263,1.35263,2462.0,2026-09-11T16:10:00+02:00
GBPUSD,5m,2026-09-11T14:15:00+00:00,1.35263,1.35297,1.35256,1.3529499999999999,2125.0,2026-09-11T16:15:00+02:00
GBPUSD,5m,2026-09-11T14:20:00+00:00,1.3529499999999999,1.353,1.35269,1.35292,1995.0,2026-09-11T16:20:00+02:00
GBPUSD,5m,2026-09-11T14:25:00+00:00,1.35292,1.35293,1.35236,1.35243,1655.0,2026-09-11T16:25:00+02:00
GBPUSD,5m,2026-09-11T14:30:00+00:00,1.35243,1.35263,1.35212,1.35246,2021.0,2026-09-11T16:30:00+02:00
GBPUSD,5m,2026-09-11T14:35:00+00:00,1.35246,1.35274,1.3522699999999999,1.3523699999999999,1980.0,2026-09-11T16:35:00+02:00
GBPUSD,5m,2026-09-11T14:40:00+00:00,1.3523699999999999,1.3527,1.35216,1.35238,2223.0,2026-09-11T16:40:00+02:00
GBPUSD,5m,2026-09-11T14:45:00+00:00,1.35238,1.35307,1.3523699999999999,1.3527799999999999,3169.0,2026-09-11T16:45:00+02:00
GBPUSD,5m,2026-09-11T14:50:00+00:00,1.3527799999999999,1.3529799999999998,1.35238,1.35256,2418.0,2026-09-11T16:50:00+02:00
GBPUSD,5m,2026-09-11T14:55:00+00:00,1.35256,1.3529799999999998,1.3525099999999999,1.3528799999999999,2149.0,2026-09-11T16:55:00+02:00
GBPUSD,5m,2026-09-11T15:00:00+00:00,1.3528799999999999,1.35306,1.3526099999999999,1.35274,2480.0,2026-09-11T17:00:00+02:00
GBPUSD,5m,2026-09-11T15:05:00+00:00,1.35274,1.35296,1.35241,1.3525399999999999,1927.0,2026-09-11T17:05:00+02:00
GBPUSD,5m,2026-09-11T15:10:00+00:00,1.3525399999999999,1.3526399999999998,1.35231,1.3525,1387.0,2026-09-11T17:10:00+02:00
GBPUSD,5m,2026-09-11T15:15:00+00:00,1.3525,1.3528,1.3524,1.35258,1196.0,2026-09-11T17:15:00+02:00
GBPUSD,5m,2026-09-11T15:20:00+00:00,1.35258,1.35276,1.3522699999999999,1.35232,1452.0,2026-09-11T17:20:00+02:00
GBPUSD,5m,2026-09-11T15:25:00+00:00,1.35232,1.3524399999999999,1.35222,1.35228,1134.0,2026-09-11T17:25:00+02:00
GBPUSD,5m,2026-09-11T15:30:00+00:00,1.35228,1.35232,1.3520699999999999,1.35221,1185.0,2026-09-11T17:30:00+02:00
GBPUSD,5m,2026-09-11T15:35:00+00:00,1.35221,1.3523,1.3518999999999999,1.35208,1434.0,2026-09-11T17:35:00+02:00
GBPUSD,5m,2026-09-11T15:40:00+00:00,1.35208,1.35219,1.35184,1.35204,1292.0,2026-09-11T17:40:00+02:00
GBPUSD,5m,2026-09-11T15:45:00+00:00,1.35204,1.35208,1.35171,1.3519299999999999,1389.0,2026-09-11T17:45:00+02:00
GBPUSD,5m,2026-09-11T15:50:00+00:00,1.3519299999999999,1.35196,1.35177,1.35187,983.0,2026-09-11T17:50:00+02:00
GBPUSD,5m,2026-09-11T15:55:00+00:00,1.35187,1.35202,1.35179,1.35201,1346.0,2026-09-11T17:55:00+02:00
GBPUSD,5m,2026-09-11T16:00:00+00:00,1.35201,1.35233,1.35199,1.35229,1163.0,2026-09-11T18:00:00+02:00
GBPUSD,5m,2026-09-11T16:05:00+00:00,1.35229,1.3523,1.35206,1.35221,1362.0,2026-09-11T18:05:00+02:00
GBPUSD,5m,2026-09-11T16:10:00+00:00,1.35221,1.35232,1.3520699999999999,1.35208,1128.0,2026-09-11T18:10:00+02:00
GBPUSD,5m,2026-09-11T16:15:00+00:00,1.35208,1.35232,1.35202,1.35223,1170.0,2026-09-11T18:15:00+02:00
GBPUSD,5m,2026-09-11T16:20:00+00:00,1.35223,1.35243,1.35223,1.35233,1283.0,2026-09-11T18:20:00+02:00
GBPUSD,5m,2026-09-11T16:25:00+00:00,1.35233,1.3525399999999999,1.35212,1.35214,1740.0,2026-09-11T18:25:00+02:00
GBPUSD,5m,2026-09-11T16:30:00+00:00,1.35214,1.35245,1.35201,1.35233,2079.0,2026-09-11T18:30:00+02:00
GBPUSD,5m,2026-09-11T16:35:00+00:00,1.35233,1.35233,1.35198,1.35199,1255.0,2026-09-11T18:35:00+02:00
GBPUSD,5m,2026-09-11T16:40:00+00:00,1.35199,1.3521999999999998,1.3519299999999999,1.35208,1330.0,2026-09-11T18:40:00+02:00
GBPUSD,5m,2026-09-11T16:45:00+00:00,1.35208,1.35243,1.35206,1.35219,913.0,2026-09-11T18:45:00+02:00
GBPUSD,5m,2026-09-11T16:50:00+00:00,1.35219,1.35219,1.35196,1.35213,731.0,2026-09-11T18:50:00+02:00
GBPUSD,5m,2026-09-11T16:55:00+00:00,1.35213,1.35238,1.3520999999999999,1.3522699999999999,874.0,2026-09-11T18:55:00+02:00
GBPUSD,5m,2026-09-11T17:00:00+00:00,1.3522699999999999,1.3522699999999999,1.3518299999999999,1.3518599999999998,933.0,2026-09-11T19:00:00+02:00
GBPUSD,5m,2026-09-11T17:05:00+00:00,1.3518599999999998,1.3521999999999998,1.35168,1.35174,1383.0,2026-09-11T19:05:00+02:00
GBPUSD,5m,2026-09-11T17:10:00+00:00,1.35174,1.35199,1.3517,1.3519299999999999,1287.0,2026-09-11T19:10:00+02:00
GBPUSD,5m,2026-09-11T17:15:00+00:00,1.3519299999999999,1.35219,1.35189,1.35211,1051.0,2026-09-11T19:15:00+02:00
GBPUSD,5m,2026-09-11T17:20:00+00:00,1.35211,1.35228,1.3520699999999999,1.35221,1006.0,2026-09-11T19:20:00+02:00
GBPUSD,5m,2026-09-11T17:25:00+00:00,1.35221,1.35232,1.35213,1.3521699999999999,908.0,2026-09-11T19:25:00+02:00
GBPUSD,5m,2026-09-11T17:30:00+00:00,1.3521699999999999,1.35239,1.3521699999999999,1.35232,817.0,2026-09-11T19:30:00+02:00
GBPUSD,5m,2026-09-11T17:35:00+00:00,1.35232,1.35239,1.35222,1.35238,884.0,2026-09-11T19:35:00+02:00
GBPUSD,5m,2026-09-11T17:40:00+00:00,1.35238,1.35246,1.35221,1.35238,794.0,2026-09-11T19:40:00+02:00
GBPUSD,5m,2026-09-11T17:45:00+00:00,1.35238,1.35243,1.35222,1.35239,834.0,2026-09-11T19:45:00+02:00
GBPUSD,5m,2026-09-11T17:50:00+00:00,1.35239,1.35263,1.35231,1.35262,627.0,2026-09-11T19:50:00+02:00
GBPUSD,5m,2026-09-11T17:55:00+00:00,1.35262,1.35263,1.3522699999999999,1.35232,769.0,2026-09-11T19:55:00+02:00
GBPUSD,5m,2026-09-11T18:00:00+00:00,1.35232,1.35274,1.35226,1.35273,684.0,2026-09-11T20:00:00+02:00
GBPUSD,5m,2026-09-11T18:05:00+00:00,1.35273,1.35275,1.3526099999999999,1.35262,627.0,2026-09-11T20:05:00+02:00
GBPUSD,5m,2026-09-11T18:10:00+00:00,1.35262,1.35272,1.3525099999999999,1.3525399999999999,575.0,2026-09-11T20:10:00+02:00
GBPUSD,5m,2026-09-11T18:15:00+00:00,1.3525399999999999,1.35267,1.35249,1.35262,612.0,2026-09-11T20:15:00+02:00
GBPUSD,5m,2026-09-11T18:20:00+00:00,1.35262,1.35265,1.35223,1.3525099999999999,1642.0,2026-09-11T20:20:00+02:00
GBPUSD,5m,2026-09-11T18:25:00+00:00,1.3525099999999999,1.35257,1.3523699999999999,1.3525099999999999,1053.0,2026-09-11T20:25:00+02:00
GBPUSD,5m,2026-09-11T18:30:00+00:00,1.3525099999999999,1.3525399999999999,1.35219,1.3522399999999999,806.0,2026-09-11T20:30:00+02:00
GBPUSD,5m,2026-09-11T18:35:00+00:00,1.3522399999999999,1.3522399999999999,1.35191,1.35194,588.0,2026-09-11T20:35:00+02:00
GBPUSD,5m,2026-09-11T18:40:00+00:00,1.35194,1.35212,1.35188,1.35202,615.0,2026-09-11T20:40:00+02:00
GBPUSD,5m,2026-09-11T18:45:00+00:00,1.35202,1.35204,1.35191,1.35199,675.0,2026-09-11T20:45:00+02:00
GBPUSD,5m,2026-09-11T18:50:00+00:00,1.35199,1.35223,1.35195,1.35219,534.0,2026-09-11T20:50:00+02:00
GBPUSD,5m,2026-09-11T18:55:00+00:00,1.35219,1.3524399999999999,1.35213,1.35243,790.0,2026-09-11T20:55:00+02:00
GBPUSD,5m,2026-09-11T19:00:00+00:00,1.35243,1.35252,1.35228,1.35249,919.0,2026-09-11T21:00:00+02:00
GBPUSD,5m,2026-09-11T19:05:00+00:00,1.35249,1.35256,1.35228,1.3525,455.0,2026-09-11T21:05:00+02:00
GBPUSD,5m,2026-09-11T19:10:00+00:00,1.3525,1.35265,1.35246,1.35262,513.0,2026-09-11T21:10:00+02:00
GBPUSD,5m,2026-09-11T19:15:00+00:00,1.35262,1.35279,1.35248,1.3525,483.0,2026-09-11T21:15:00+02:00
GBPUSD,5m,2026-09-11T19:20:00+00:00,1.3525,1.35266,1.3524699999999998,1.3526099999999999,543.0,2026-09-11T21:20:00+02:00
GBPUSD,5m,2026-09-11T19:25:00+00:00,1.3526099999999999,1.35266,1.3525399999999999,1.35258,457.0,2026-09-11T21:25:00+02:00
GBPUSD,5m,2026-09-11T19:30:00+00:00,1.35258,1.35265,1.35245,1.3525099999999999,427.0,2026-09-11T21:30:00+02:00
GBPUSD,5m,2026-09-11T19:35:00+00:00,1.3525099999999999,1.3526099999999999,1.35233,1.35241,544.0,2026-09-11T21:35:00+02:00
GBPUSD,5m,2026-09-11T19:40:00+00:00,1.35241,1.35257,1.35238,1.35249,396.0,2026-09-11T21:40:00+02:00
GBPUSD,5m,2026-09-11T19:45:00+00:00,1.35249,1.35259,1.35242,1.35246,339.0,2026-09-11T21:45:00+02:00
GBPUSD,5m,2026-09-11T19:50:00+00:00,1.35246,1.3526,1.35235,1.35258,409.0,2026-09-11T21:50:00+02:00
GBPUSD,5m,2026-09-11T19:55:00+00:00,1.35258,1.35275,1.3525399999999999,1.35259,491.0,2026-09-11T21:55:00+02:00
GBPUSD,5m,2026-09-11T20:00:00+00:00,1.35259,1.35272,1.35258,1.3526799999999999,325.0,2026-09-11T22:00:00+02:00
GBPUSD,5m,2026-09-11T20:05:00+00:00,1.3526799999999999,1.35283,1.35266,1.3528099999999998,256.0,2026-09-11T22:05:00+02:00
GBPUSD,5m,2026-09-11T20:10:00+00:00,1.3528099999999998,1.3528099999999998,1.35253,1.35258,192.0,2026-09-11T22:10:00+02:00
GBPUSD,5m,2026-09-11T20:15:00+00:00,1.35258,1.35262,1.35248,1.35262,125.0,2026-09-11T22:15:00+02:00
GBPUSD,5m,2026-09-11T20:20:00+00:00,1.35262,1.35265,1.3525399999999999,1.35262,233.0,2026-09-11T22:20:00+02:00
GBPUSD,5m,2026-09-11T20:25:00+00:00,1.35262,1.35267,1.35249,1.3525399999999999,169.0,2026-09-11T22:25:00+02:00
GBPUSD,5m,2026-09-11T20:30:00+00:00,1.3525399999999999,1.35258,1.35214,1.35215,249.0,2026-09-11T22:30:00+02:00
GBPUSD,5m,2026-09-11T20:35:00+00:00,1.35215,1.35228,1.35215,1.3522399999999999,384.0,2026-09-11T22:35:00+02:00
GBPUSD,5m,2026-09-11T20:40:00+00:00,1.3522399999999999,1.35242,1.3521999999999998,1.35233,224.0,2026-09-11T22:40:00+02:00
GBPUSD,5m,2026-09-11T20:45:00+00:00,1.35233,1.35245,1.35222,1.3523399999999999,317.0,2026-09-11T22:45:00+02:00
GBPUSD,5m,2026-09-11T20:50:00+00:00,1.3523399999999999,1.3526399999999998,1.3523399999999999,1.35259,603.0,2026-09-11T22:50:00+02:00
GBPUSD,5m,2026-09-11T20:55:00+00:00,1.35259,1.35263,1.35148,1.35226,704.0,2026-09-11T22:55:00+02:00
GBPUSD,5m,2026-09-13T19:00:00+00:00,1.35226,1.35226,1.35162,1.35165,100.0,2026-09-13T21:00:00+02:00
GBPUSD,5m,2026-09-13T19:05:00+00:00,1.35165,1.3518,1.35161,1.3518,107.0,2026-09-13T21:05:00+02:00
GBPUSD,5m,2026-09-13T19:10:00+00:00,1.3518,1.35181,1.35162,1.3518,94.0,2026-09-13T21:10:00+02:00
GBPUSD,5m,2026-09-13T19:15:00+00:00,1.3518,1.35181,1.35161,1.3518,109.0,2026-09-13T21:15:00+02:00
GBPUSD,5m,2026-09-13T19:20:00+00:00,1.3518,1.3518299999999999,1.35161,1.3518,55.0,2026-09-13T21:20:00+02:00
GBPUSD,5m,2026-09-13T19:25:00+00:00,1.3518,1.35181,1.35161,1.3518,93.0,2026-09-13T21:25:00+02:00
GBPUSD,5m,2026-09-13T19:30:00+00:00,1.3518,1.35181,1.35162,1.3518,96.0,2026-09-13T21:30:00+02:00
GBPUSD,5m,2026-09-13T19:35:00+00:00,1.3518,1.35181,1.3518,1.3518,40.0,2026-09-13T21:35:00+02:00
GBPUSD,5m,2026-09-13T19:40:00+00:00,1.3518,1.35181,1.3518,1.3518,30.0,2026-09-13T21:40:00+02:00
GBPUSD,5m,2026-09-13T19:45:00+00:00,1.3518,1.35181,1.3518,1.3518,32.0,2026-09-13T21:45:00+02:00
GBPUSD,5m,2026-09-13T19:50:00+00:00,1.3518,1.35181,1.3516299999999999,1.3518,47.0,2026-09-13T21:50:00+02:00
GBPUSD,5m,2026-09-13T19:55:00+00:00,1.3518,1.35181,1.35161,1.3518,104.0,2026-09-13T21:55:00+02:00
GBPUSD,5m,2026-09-13T20:00:00+00:00,1.3518,1.35181,1.35162,1.3518,91.0,2026-09-13T22:00:00+02:00
GBPUSD,5m,2026-09-13T20:05:00+00:00,1.3518,1.35181,1.3516299999999999,1.3518,101.0,2026-09-13T22:05:00+02:00
GBPUSD,5m,2026-09-13T20:10:00+00:00,1.3518,1.35181,1.35162,1.3518,97.0,2026-09-13T22:10:00+02:00
GBPUSD,5m,2026-09-13T20:15:00+00:00,1.3518,1.35181,1.35162,1.3518,107.0,2026-09-13T22:15:00+02:00
GBPUSD,5m,2026-09-13T20:20:00+00:00,1.3518,1.35181,1.35162,1.35181,102.0,2026-09-13T22:20:00+02:00
GBPUSD,5m,2026-09-13T20:25:00+00:00,1.35181,1.35181,1.35162,1.3518,104.0,2026-09-13T22:25:00+02:00
GBPUSD,5m,2026-09-13T20:30:00+00:00,1.3518,1.35181,1.35162,1.35164,94.0,2026-09-13T22:30:00+02:00
GBPUSD,5m,2026-09-13T20:35:00+00:00,1.35164,1.35181,1.35162,1.35164,119.0,2026-09-13T22:35:00+02:00
GBPUSD,5m,2026-09-13T20:40:00+00:00,1.35164,1.35181,1.35162,1.3518,114.0,2026-09-13T22:40:00+02:00
GBPUSD,5m,2026-09-13T20:45:00+00:00,1.3518,1.35181,1.35162,1.3518,94.0,2026-09-13T22:45:00+02:00
GBPUSD,5m,2026-09-13T20:50:00+00:00,1.3518,1.35181,1.35162,1.3518,97.0,2026-09-13T22:50:00+02:00
GBPUSD,5m,2026-09-13T20:55:00+00:00,1.3518,1.35182,1.35162,1.35164,38.0,2026-09-13T22:55:00+02:00
GBPUSD,5m,2026-09-13T21:00:00+00:00,1.35164,1.35184,1.3516299999999999,1.35184,53.0,2026-09-13T23:00:00+02:00
GBPUSD,5m,2026-09-13T21:05:00+00:00,1.35184,1.35184,1.35161,1.35177,99.0,2026-09-13T23:05:00+02:00
GBPUSD,5m,2026-09-13T21:10:00+00:00,1.35177,1.35178,1.35161,1.3517299999999999,152.0,2026-09-13T23:10:00+02:00
GBPUSD,5m,2026-09-13T21:15:00+00:00,1.3517299999999999,1.35178,1.3516,1.35167,173.0,2026-09-13T23:15:00+02:00
GBPUSD,5m,2026-09-13T21:20:00+00:00,1.35167,1.35174,1.3516,1.35167,162.0,2026-09-13T23:20:00+02:00
GBPUSD,5m,2026-09-13T21:25:00+00:00,1.35167,1.35175,1.3516,1.3517,152.0,2026-09-13T23:25:00+02:00
GBPUSD,5m,2026-09-13T21:30:00+00:00,1.3517,1.35185,1.35161,1.35184,143.0,2026-09-13T23:30:00+02:00
GBPUSD,5m,2026-09-13T21:35:00+00:00,1.35184,1.35184,1.35161,1.35182,153.0,2026-09-13T23:35:00+02:00
GBPUSD,5m,2026-09-13T21:40:00+00:00,1.35182,1.35185,1.35161,1.3518,153.0,2026-09-13T23:40:00+02:00
GBPUSD,5m,2026-09-13T21:45:00+00:00,1.3518,1.3518999999999999,1.35161,1.35189,131.0,2026-09-13T23:45:00+02:00
GBPUSD,5m,2026-09-13T21:50:00+00:00,1.35189,1.35191,1.35161,1.35185,138.0,2026-09-13T23:50:00+02:00
GBPUSD,5m,2026-09-13T21:55:00+00:00,1.35185,1.35189,1.35161,1.35181,141.0,2026-09-13T23:55:00+02:00
GBPUSD,5m,2026-09-13T22:00:00+00:00,1.35181,1.3526399999999998,1.35144,1.3525,2946.0,2026-09-14T00:00:00+02:00
GBPUSD,5m,2026-09-13T22:05:00+00:00,1.3525,1.35259,1.35214,1.35221,1591.0,2026-09-14T00:05:00+02:00
GBPUSD,5m,2026-09-13T22:10:00+00:00,1.35221,1.35232,1.35212,1.3521699999999999,442.0,2026-09-14T00:10:00+02:00
GBPUSD,5m,2026-09-13T22:15:00+00:00,1.3521699999999999,1.35222,1.35187,1.35202,404.0,2026-09-14T00:15:00+02:00
GBPUSD,5m,2026-09-13T22:20:00+00:00,1.35202,1.35202,1.3517599999999999,1.35177,353.0,2026-09-14T00:20:00+02:00
GBPUSD,5m,2026-09-13T22:25:00+00:00,1.35177,1.35201,1.3517,1.35197,1589.0,2026-09-14T00:25:00+02:00
GBPUSD,5m,2026-09-13T22:30:00+00:00,1.35197,1.35205,1.35182,1.35201,261.0,2026-09-14T00:30:00+02:00
GBPUSD,5m,2026-09-13T22:35:00+00:00,1.35201,1.35202,1.35189,1.35191,142.0,2026-09-14T00:35:00+02:00
GBPUSD,5m,2026-09-13T22:40:00+00:00,1.35191,1.35212,1.3518299999999999,1.35211,241.0,2026-09-14T00:40:00+02:00
GBPUSD,5m,2026-09-13T22:45:00+00:00,1.35211,1.35232,1.3520699999999999,1.35232,283.0,2026-09-14T00:45:00+02:00
GBPUSD,5m,2026-09-13T22:50:00+00:00,1.35232,1.35233,1.35208,1.3521699999999999,301.0,2026-09-14T00:50:00+02:00
GBPUSD,5m,2026-09-13T22:55:00+00:00,1.3521699999999999,1.3522399999999999,1.35208,1.35223,299.0,2026-09-14T00:55:00+02:00
GBPUSD,5m,2026-09-13T23:00:00+00:00,1.35223,1.3523,1.3521699999999999,1.3522399999999999,379.0,2026-09-14T01:00:00+02:00
GBPUSD,5m,2026-09-13T23:05:00+00:00,1.3522399999999999,1.35235,1.35221,1.35231,306.0,2026-09-14T01:05:00+02:00
GBPUSD,5m,2026-09-13T23:10:00+00:00,1.35231,1.35246,1.35219,1.35221,363.0,2026-09-14T01:10:00+02:00
GBPUSD,5m,2026-09-13T23:15:00+00:00,1.35221,1.35225,1.3519999999999999,1.3520699999999999,381.0,2026-09-14T01:15:00+02:00
GBPUSD,5m,2026-09-13T23:20:00+00:00,1.3520699999999999,1.35209,1.35199,1.35206,346.0,2026-09-14T01:20:00+02:00
GBPUSD,5m,2026-09-13T23:25:00+00:00,1.35206,1.35212,1.35199,1.35211,387.0,2026-09-14T01:25:00+02:00
GBPUSD,5m,2026-09-13T23:30:00+00:00,1.35211,1.35222,1.3518999999999999,1.35211,524.0,2026-09-14T01:30:00+02:00
GBPUSD,5m,2026-09-13T23:35:00+00:00,1.35211,1.35216,1.35192,1.3520299999999998,2710.0,2026-09-14T01:35:00+02:00
GBPUSD,5m,2026-09-13T23:40:00+00:00,1.3520299999999998,1.35221,1.35199,1.35212,1595.0,2026-09-14T01:40:00+02:00
GBPUSD,5m,2026-09-13T23:45:00+00:00,1.35212,1.35235,1.35202,1.35209,1557.0,2026-09-14T01:45:00+02:00
GBPUSD,5m,2026-09-13T23:50:00+00:00,1.35209,1.35228,1.3520699999999999,1.35214,1698.0,2026-09-14T01:50:00+02:00
GBPUSD,5m,2026-09-13T23:55:00+00:00,1.35214,1.35263,1.35208,1.35248,2697.0,2026-09-14T01:55:00+02:00
GBPUSD,5m,2026-09-14T00:00:00+00:00,1.35248,1.35259,1.35229,1.35241,2577.0,2026-09-14T02:00:00+02:00
GBPUSD,5m,2026-09-14T00:05:00+00:00,1.35241,1.3528,1.35239,1.3526399999999998,1899.0,2026-09-14T02:05:00+02:00
GBPUSD,5m,2026-09-14T00:10:00+00:00,1.3526399999999998,1.35266,1.3523,1.35246,1318.0,2026-09-14T02:10:00+02:00
GBPUSD,5m,2026-09-14T00:15:00+00:00,1.35246,1.3526,1.3523,1.35233,1047.0,2026-09-14T02:15:00+02:00
GBPUSD,5m,2026-09-14T00:20:00+00:00,1.35233,1.3523699999999999,1.35209,1.35219,1535.0,2026-09-14T02:20:00+02:00
GBPUSD,5m,2026-09-14T00:25:00+00:00,1.35219,1.35226,1.35165,1.3517299999999999,1289.0,2026-09-14T02:25:00+02:00
GBPUSD,5m,2026-09-14T00:30:00+00:00,1.3517299999999999,1.35189,1.35155,1.35169,1225.0,2026-09-14T02:30:00+02:00
GBPUSD,5m,2026-09-14T00:35:00+00:00,1.35169,1.35178,1.35157,1.35157,991.0,2026-09-14T02:35:00+02:00
GBPUSD,5m,2026-09-14T00:40:00+00:00,1.35157,1.35171,1.35148,1.35161,1166.0,2026-09-14T02:40:00+02:00
GBPUSD,5m,2026-09-14T00:45:00+00:00,1.35161,1.35172,1.35155,1.35157,3137.0,2026-09-14T02:45:00+02:00
GBPUSD,5m,2026-09-14T00:50:00+00:00,1.35157,1.3518599999999998,1.3515599999999999,1.3518599999999998,2861.0,2026-09-14T02:50:00+02:00
GBPUSD,5m,2026-09-14T00:55:00+00:00,1.3518599999999998,1.35191,1.35158,1.3518,2568.0,2026-09-14T02:55:00+02:00
GBPUSD,5m,2026-09-14T01:00:00+00:00,1.3518,1.35184,1.35153,1.35154,1776.0,2026-09-14T03:00:00+02:00
GBPUSD,5m,2026-09-14T01:05:00+00:00,1.35154,1.35164,1.3513,1.3513899999999999,1430.0,2026-09-14T03:05:00+02:00
GBPUSD,5m,2026-09-14T01:10:00+00:00,1.3513899999999999,1.35145,1.35126,1.35127,1667.0,2026-09-14T03:10:00+02:00
GBPUSD,5m,2026-09-14T01:15:00+00:00,1.35127,1.3514,1.35123,1.3512899999999999,2816.0,2026-09-14T03:15:00+02:00
GBPUSD,5m,2026-09-14T01:20:00+00:00,1.3512899999999999,1.35162,1.35127,1.35157,3728.0,2026-09-14T03:20:00+02:00
GBPUSD,5m,2026-09-14T01:25:00+00:00,1.35157,1.35161,1.35143,1.3515899999999998,2067.0,2026-09-14T03:25:00+02:00
GBPUSD,5m,2026-09-14T01:30:00+00:00,1.3515899999999998,1.35162,1.3512199999999999,1.35133,2547.0,2026-09-14T03:30:00+02:00
GBPUSD,5m,2026-09-14T01:35:00+00:00,1.35133,1.3516599999999999,1.3513,1.35157,948.0,2026-09-14T03:35:00+02:00
GBPUSD,5m,2026-09-14T01:40:00+00:00,1.35157,1.3518,1.3515599999999999,1.3518,2606.0,2026-09-14T03:40:00+02:00
GBPUSD,5m,2026-09-14T01:45:00+00:00,1.3518,1.35189,1.3516599999999999,1.3516599999999999,1468.0,2026-09-14T03:45:00+02:00
GBPUSD,5m,2026-09-14T01:50:00+00:00,1.3516599999999999,1.35167,1.35154,1.35157,863.0,2026-09-14T03:50:00+02:00
GBPUSD,5m,2026-09-14T01:55:00+00:00,1.35157,1.35174,1.35155,1.35162,1380.0,2026-09-14T03:55:00+02:00
GBPUSD,5m,2026-09-14T02:00:00+00:00,1.35162,1.35169,1.3515,1.35162,1114.0,2026-09-14T04:00:00+02:00
GBPUSD,5m,2026-09-14T02:05:00+00:00,1.35162,1.35192,1.35157,1.35187,1355.0,2026-09-14T04:05:00+02:00
GBPUSD,5m,2026-09-14T02:10:00+00:00,1.35187,1.35194,1.35172,1.35178,866.0,2026-09-14T04:10:00+02:00
GBPUSD,5m,2026-09-14T02:15:00+00:00,1.35178,1.35181,1.3516,1.3516,1106.0,2026-09-14T04:15:00+02:00
GBPUSD,5m,2026-09-14T02:20:00+00:00,1.3516,1.3518,1.35157,1.35168,1115.0,2026-09-14T04:20:00+02:00
GBPUSD,5m,2026-09-14T02:25:00+00:00,1.35168,1.35169,1.35154,1.35164,1997.0,2026-09-14T04:25:00+02:00
GBPUSD,5m,2026-09-14T02:30:00+00:00,1.35164,1.35171,1.35138,1.3514199999999998,1479.0,2026-09-14T04:30:00+02:00
GBPUSD,5m,2026-09-14T02:35:00+00:00,1.3514199999999998,1.3514899999999999,1.35124,1.3512499999999998,1524.0,2026-09-14T04:35:00+02:00
GBPUSD,5m,2026-09-14T02:40:00+00:00,1.3512499999999998,1.35136,1.35119,1.3512899999999999,1650.0,2026-09-14T04:40:00+02:00
GBPUSD,5m,2026-09-14T02:45:00+00:00,1.3512899999999999,1.3514599999999999,1.35119,1.35134,4395.0,2026-09-14T04:45:00+02:00
GBPUSD,5m,2026-09-14T02:50:00+00:00,1.35134,1.35144,1.3513,1.35131,3940.0,2026-09-14T04:50:00+02:00
GBPUSD,5m,2026-09-14T02:55:00+00:00,1.35131,1.3514,1.35119,1.35123,1056.0,2026-09-14T04:55:00+02:00
GBPUSD,5m,2026-09-14T03:00:00+00:00,1.35123,1.35123,1.35084,1.3508499999999999,1969.0,2026-09-14T05:00:00+02:00
GBPUSD,5m,2026-09-14T03:05:00+00:00,1.3508499999999999,1.35109,1.3508499999999999,1.3509799999999998,1319.0,2026-09-14T05:05:00+02:00
GBPUSD,5m,2026-09-14T03:10:00+00:00,1.3509799999999998,1.35099,1.35069,1.35074,2825.0,2026-09-14T05:10:00+02:00
GBPUSD,5m,2026-09-14T03:15:00+00:00,1.35074,1.3508099999999998,1.3506099999999999,1.3506799999999999,2158.0,2026-09-14T05:15:00+02:00
GBPUSD,5m,2026-09-14T03:20:00+00:00,1.3506799999999999,1.35074,1.35057,1.35059,905.0,2026-09-14T05:20:00+02:00
GBPUSD,5m,2026-09-14T03:25:00+00:00,1.35059,1.3508099999999998,1.35056,1.3507799999999999,913.0,2026-09-14T05:25:00+02:00
GBPUSD,5m,2026-09-14T03:30:00+00:00,1.3507799999999999,1.35079,1.35036,1.3503699999999998,1781.0,2026-09-14T05:30:00+02:00
GBPUSD,5m,2026-09-14T03:35:00+00:00,1.3503699999999998,1.35056,1.35036,1.3504399999999999,2034.0,2026-09-14T05:35:00+02:00
GBPUSD,5m,2026-09-14T03:40:00+00:00,1.3504399999999999,1.35046,1.3502699999999999,1.35036,1110.0,2026-09-14T05:40:00+02:00
GBPUSD,5m,2026-09-14T03:45:00+00:00,1.35036,1.35046,1.35031,1.3504099999999999,622.0,2026-09-14T05:45:00+02:00
GBPUSD,5m,2026-09-14T03:50:00+00:00,1.3504099999999999,1.35057,1.3503699999999998,1.35052,2340.0,2026-09-14T05:50:00+02:00
GBPUSD,5m,2026-09-14T03:55:00+00:00,1.35052,1.35057,1.3504,1.3505,3876.0,2026-09-14T05:55:00+02:00
GBPUSD,5m,2026-09-14T04:00:00+00:00,1.3505,1.3506,1.35043,1.35059,3799.0,2026-09-14T06:00:00+02:00
GBPUSD,5m,2026-09-14T04:05:00+00:00,1.35059,1.35066,1.35035,1.3505099999999999,1680.0,2026-09-14T06:05:00+02:00
GBPUSD,5m,2026-09-14T04:10:00+00:00,1.3505099999999999,1.35063,1.3505099999999999,1.35056,2658.0,2026-09-14T06:10:00+02:00
GBPUSD,5m,2026-09-14T04:15:00+00:00,1.35056,1.3506099999999999,1.35043,1.35046,1562.0,2026-09-14T06:15:00+02:00
GBPUSD,5m,2026-09-14T04:20:00+00:00,1.35046,1.35049,1.35032,1.35033,508.0,2026-09-14T06:20:00+02:00
GBPUSD,5m,2026-09-14T04:25:00+00:00,1.35033,1.35047,1.3502699999999999,1.35029,547.0,2026-09-14T06:25:00+02:00
GBPUSD,5m,2026-09-14T04:30:00+00:00,1.35029,1.35042,1.35023,1.3504,1425.0,2026-09-14T06:30:00+02:00
GBPUSD,5m,2026-09-14T04:35:00+00:00,1.3504,1.35052,1.35036,1.35052,535.0,2026-09-14T06:35:00+02:00
GBPUSD,5m,2026-09-14T04:40:00+00:00,1.35052,1.3505399999999999,1.35016,1.35018,1188.0,2026-09-14T06:40:00+02:00
GBPUSD,5m,2026-09-14T04:45:00+00:00,1.35018,1.3503399999999999,1.35011,1.3502699999999999,1657.0,2026-09-14T06:45:00+02:00
GBPUSD,5m,2026-09-14T04:50:00+00:00,1.3502699999999999,1.3503699999999998,1.35016,1.35035,1052.0,2026-09-14T06:50:00+02:00
GBPUSD,5m,2026-09-14T04:55:00+00:00,1.35035,1.35045,1.35026,1.3503,1678.0,2026-09-14T06:55:00+02:00
GBPUSD,5m,2026-09-14T05:00:00+00:00,1.3503,1.3503399999999999,1.35022,1.3502699999999999,2699.0,2026-09-14T07:00:00+02:00
GBPUSD,5m,2026-09-14T05:05:00+00:00,1.3502699999999999,1.3503699999999998,1.35016,1.35018,2272.0,2026-09-14T07:05:00+02:00
GBPUSD,5m,2026-09-14T05:10:00+00:00,1.35018,1.35018,1.3499999999999999,1.3500999999999999,1837.0,2026-09-14T07:10:00+02:00
GBPUSD,5m,2026-09-14T05:15:00+00:00,1.3500999999999999,1.35029,1.35009,1.3501999999999998,2024.0,2026-09-14T07:15:00+02:00
GBPUSD,5m,2026-09-14T05:20:00+00:00,1.3501999999999998,1.3502399999999999,1.35014,1.35018,2954.0,2026-09-14T07:20:00+02:00
GBPUSD,5m,2026-09-14T05:25:00+00:00,1.35018,1.35042,1.3501699999999999,1.35033,3131.0,2026-09-14T07:25:00+02:00
GBPUSD,5m,2026-09-14T05:30:00+00:00,1.35033,1.35059,1.35028,1.35049,2903.0,2026-09-14T07:30:00+02:00
GBPUSD,5m,2026-09-14T05:35:00+00:00,1.35049,1.35056,1.35036,1.3505099999999999,1827.0,2026-09-14T07:35:00+02:00
GBPUSD,5m,2026-09-14T05:40:00+00:00,1.3505099999999999,1.3505099999999999,1.35026,1.35042,1872.0,2026-09-14T07:40:00+02:00
GBPUSD,5m,2026-09-14T05:45:00+00:00,1.35042,1.3505,1.3502699999999999,1.35029,802.0,2026-09-14T07:45:00+02:00
GBPUSD,5m,2026-09-14T05:50:00+00:00,1.35029,1.35049,1.35026,1.3504399999999999,2210.0,2026-09-14T07:50:00+02:00
GBPUSD,5m,2026-09-14T05:55:00+00:00,1.3504399999999999,1.3506,1.3504399999999999,1.35052,2033.0,2026-09-14T07:55:00+02:00
GBPUSD,5m,2026-09-14T06:00:00+00:00,1.35052,1.3505399999999999,1.34999,1.3500299999999998,1471.0,2026-09-14T08:00:00+02:00
GBPUSD,5m,2026-09-14T06:05:00+00:00,1.3500299999999998,1.35004,1.34916,1.34951,1905.0,2026-09-14T08:05:00+02:00
GBPUSD,5m,2026-09-14T06:10:00+00:00,1.34951,1.34961,1.34941,1.34947,1870.0,2026-09-14T08:10:00+02:00
GBPUSD,5m,2026-09-14T06:15:00+00:00,1.34947,1.34947,1.3487,1.3487099999999999,1471.0,2026-09-14T08:15:00+02:00
GBPUSD,5m,2026-09-14T06:20:00+00:00,1.3487099999999999,1.3491199999999999,1.34858,1.34906,1694.0,2026-09-14T08:20:00+02:00
GBPUSD,5m,2026-09-14T06:25:00+00:00,1.34906,1.3493,1.349,1.3492,1398.0,2026-09-14T08:25:00+02:00
GBPUSD,5m,2026-09-14T06:30:00+00:00,1.3492,1.34971,1.34917,1.34952,1709.0,2026-09-14T08:30:00+02:00
GBPUSD,5m,2026-09-14T06:35:00+00:00,1.34952,1.3499999999999999,1.34951,1.34992,1874.0,2026-09-14T08:35:00+02:00
GBPUSD,5m,2026-09-14T06:40:00+00:00,1.34992,1.35012,1.34975,1.34996,1352.0,2026-09-14T08:40:00+02:00
GBPUSD,5m,2026-09-14T06:45:00+00:00,1.34996,1.35002,1.3491499999999998,1.3492,2128.0,2026-09-14T08:45:00+02:00
GBPUSD,5m,2026-09-14T06:50:00+00:00,1.3492,1.34937,1.34891,1.34892,1704.0,2026-09-14T08:50:00+02:00
GBPUSD,5m,2026-09-14T06:55:00+00:00,1.34892,1.34911,1.34886,1.34909,1632.0,2026-09-14T08:55:00+02:00
GBPUSD,5m,2026-09-14T07:00:00+00:00,1.34909,1.3492199999999999,1.34869,1.34921,2191.0,2026-09-14T09:00:00+02:00
GBPUSD,5m,2026-09-14T07:05:00+00:00,1.34921,1.3495,1.34911,1.34934,2189.0,2026-09-14T09:05:00+02:00
GBPUSD,5m,2026-09-14T07:10:00+00:00,1.34934,1.34971,1.3492499999999998,1.3497,1741.0,2026-09-14T09:10:00+02:00
GBPUSD,5m,2026-09-14T07:15:00+00:00,1.3497,1.3498999999999999,1.34957,1.3496,2010.0,2026-09-14T09:15:00+02:00
GBPUSD,5m,2026-09-14T07:20:00+00:00,1.3496,1.34974,1.34954,1.3495899999999998,1938.0,2026-09-14T09:20:00+02:00
GBPUSD,5m,2026-09-14T07:25:00+00:00,1.3495899999999998,1.34982,1.34921,1.3492199999999999,1697.0,2026-09-14T09:25:00+02:00
GBPUSD,5m,2026-09-14T07:30:00+00:00,1.3492199999999999,1.3494899999999999,1.34904,1.3493199999999999,1509.0,2026-09-14T09:30:00+02:00
GBPUSD,5m,2026-09-14T07:35:00+00:00,1.3493199999999999,1.34941,1.34917,1.3493899999999999,1574.0,2026-09-14T09:35:00+02:00
GBPUSD,5m,2026-09-14T07:40:00+00:00,1.3493899999999999,1.3494199999999998,1.3489499999999999,1.34911,1837.0,2026-09-14T09:40:00+02:00
GBPUSD,5m,2026-09-14T07:45:00+00:00,1.34911,1.34938,1.34908,1.34923,1400.0,2026-09-14T09:45:00+02:00
GBPUSD,5m,2026-09-14T07:50:00+00:00,1.34923,1.34927,1.3488,1.34894,2861.0,2026-09-14T09:50:00+02:00
GBPUSD,5m,2026-09-14T07:55:00+00:00,1.34894,1.3493199999999999,1.3489,1.34917,1958.0,2026-09-14T09:55:00+02:00
GBPUSD,5m,2026-09-14T08:00:00+00:00,1.34917,1.34927,1.34848,1.34849,2767.0,2026-09-14T10:00:00+02:00
GBPUSD,5m,2026-09-14T08:05:00+00:00,1.34849,1.34862,1.34829,1.34848,1989.0,2026-09-14T10:05:00+02:00
GBPUSD,5m,2026-09-14T08:10:00+00:00,1.34848,1.34849,1.3481999999999998,1.3481999999999998,1952.0,2026-09-14T10:10:00+02:00
GBPUSD,5m,2026-09-14T08:15:00+00:00,1.3481999999999998,1.34831,1.34806,1.3483,1757.0,2026-09-14T10:15:00+02:00
GBPUSD,5m,2026-09-14T08:20:00+00:00,1.3483,1.34831,1.34795,1.3480299999999998,1541.0,2026-09-14T10:20:00+02:00
GBPUSD,5m,2026-09-14T08:25:00+00:00,1.3480299999999998,1.34821,1.3478999999999999,1.3479999999999999,2114.0,2026-09-14T10:25:00+02:00
GBPUSD,5m,2026-09-14T08:30:00+00:00,1.3479999999999999,1.34818,1.34789,1.34809,2529.0,2026-09-14T10:30:00+02:00
GBPUSD,5m,2026-09-14T08:35:00+00:00,1.34809,1.34832,1.34808,1.3481699999999999,1890.0,2026-09-14T10:35:00+02:00
GBPUSD,5m,2026-09-14T08:40:00+00:00,1.3481699999999999,1.34821,1.34801,1.34808,1469.0,2026-09-14T10:40:00+02:00
GBPUSD,5m,2026-09-14T08:45:00+00:00,1.34808,1.34838,1.3479999999999999,1.34826,1940.0,2026-09-14T10:45:00+02:00
GBPUSD,5m,2026-09-14T08:50:00+00:00,1.34826,1.34838,1.34805,1.34809,1884.0,2026-09-14T10:50:00+02:00
GBPUSD,5m,2026-09-14T08:55:00+00:00,1.34809,1.3484099999999999,1.34806,1.34829,1970.0,2026-09-14T10:55:00+02:00
GBPUSD,5m,2026-09-14T09:00:00+00:00,1.34829,1.3486099999999999,1.3482399999999999,1.3483699999999998,1876.0,2026-09-14T11:00:00+02:00
GBPUSD,5m,2026-09-14T09:05:00+00:00,1.3483699999999998,1.3485,1.3482699999999999,1.3483,1375.0,2026-09-14T11:05:00+02:00
GBPUSD,5m,2026-09-14T09:10:00+00:00,1.3483,1.3484,1.34761,1.3477,1791.0,2026-09-14T11:10:00+02:00
GBPUSD,5m,2026-09-14T09:15:00+00:00,1.3477,1.34771,1.3472899999999999,1.3475,1978.0,2026-09-14T11:15:00+02:00
GBPUSD,5m,2026-09-14T09:20:00+00:00,1.3475,1.34806,1.34738,1.34801,2359.0,2026-09-14T11:20:00+02:00
GBPUSD,5m,2026-09-14T09:25:00+00:00,1.34801,1.34839,1.34792,1.34833,1349.0,2026-09-14T11:25:00+02:00
GBPUSD,5m,2026-09-14T09:30:00+00:00,1.34833,1.3483399999999999,1.34785,1.34818,1957.0,2026-09-14T11:30:00+02:00
GBPUSD,5m,2026-09-14T09:35:00+00:00,1.34818,1.3484399999999999,1.34809,1.34842,1778.0,2026-09-14T11:35:00+02:00
GBPUSD,5m,2026-09-14T09:40:00+00:00,1.34842,1.34882,1.3483,1.34869,2221.0,2026-09-14T11:40:00+02:00
GBPUSD,5m,2026-09-14T09:45:00+00:00,1.34869,1.34883,1.34853,1.3486099999999999,1686.0,2026-09-14T11:45:00+02:00
GBPUSD,5m,2026-09-14T09:50:00+00:00,1.3486099999999999,1.34903,1.3484,1.34901,1394.0,2026-09-14T11:50:00+02:00
GBPUSD,5m,2026-09-14T09:55:00+00:00,1.34901,1.34901,1.34862,1.34872,1078.0,2026-09-14T11:55:00+02:00
GBPUSD,5m,2026-09-14T10:00:00+00:00,1.34872,1.34872,1.34815,1.3482399999999999,2728.0,2026-09-14T12:00:00+02:00
GBPUSD,5m,2026-09-14T10:05:00+00:00,1.3482399999999999,1.34836,1.34805,1.34813,1572.0,2026-09-14T12:05:00+02:00
GBPUSD,5m,2026-09-14T10:10:00+00:00,1.34813,1.34831,1.3479999999999999,1.34821,1638.0,2026-09-14T12:10:00+02:00
GBPUSD,5m,2026-09-14T10:15:00+00:00,1.34821,1.34833,1.34808,1.3482699999999999,1535.0,2026-09-14T12:15:00+02:00
GBPUSD,5m,2026-09-14T10:20:00+00:00,1.3482699999999999,1.34831,1.34779,1.3481699999999999,1807.0,2026-09-14T12:20:00+02:00
GBPUSD,5m,2026-09-14T10:25:00+00:00,1.3481699999999999,1.3483399999999999,1.34806,1.34831,1123.0,2026-09-14T12:25:00+02:00
GBPUSD,5m,2026-09-14T10:30:00+00:00,1.34831,1.3487099999999999,1.34828,1.34856,1245.0,2026-09-14T12:30:00+02:00
GBPUSD,5m,2026-09-14T10:35:00+00:00,1.34856,1.34877,1.34855,1.34856,1188.0,2026-09-14T12:35:00+02:00
GBPUSD,5m,2026-09-14T10:40:00+00:00,1.34856,1.34859,1.3482399999999999,1.34845,1933.0,2026-09-14T12:40:00+02:00
GBPUSD,5m,2026-09-14T10:45:00+00:00,1.34845,1.34866,1.34838,1.3484,1320.0,2026-09-14T12:45:00+02:00
GBPUSD,5m,2026-09-14T10:50:00+00:00,1.3484,1.3487099999999999,1.34819,1.3487,1633.0,2026-09-14T12:50:00+02:00
GBPUSD,5m,2026-09-14T10:55:00+00:00,1.3487,1.3488,1.34833,1.3486,2069.0,2026-09-14T12:55:00+02:00
GBPUSD,5m,2026-09-14T11:00:00+00:00,1.3486,1.3491199999999999,1.34852,1.3491,1418.0,2026-09-14T13:00:00+02:00
GBPUSD,5m,2026-09-14T11:05:00+00:00,1.3491,1.3492499999999998,1.34884,1.34886,1594.0,2026-09-14T13:05:00+02:00
GBPUSD,5m,2026-09-14T11:10:00+00:00,1.34886,1.34897,1.34879,1.34896,1172.0,2026-09-14T13:10:00+02:00
GBPUSD,5m,2026-09-14T11:15:00+00:00,1.34896,1.3491199999999999,1.34887,1.34908,1898.0,2026-09-14T13:15:00+02:00
GBPUSD,5m,2026-09-14T11:20:00+00:00,1.34908,1.34913,1.34877,1.34887,1084.0,2026-09-14T13:20:00+02:00
GBPUSD,5m,2026-09-14T11:25:00+00:00,1.34887,1.34919,1.34887,1.34911,1679.0,2026-09-14T13:25:00+02:00
GBPUSD,5m,2026-09-14T11:30:00+00:00,1.34911,1.3492899999999999,1.34903,1.34916,1428.0,2026-09-14T13:30:00+02:00
GBPUSD,5m,2026-09-14T11:35:00+00:00,1.34916,1.34951,1.3491499999999998,1.34948,1371.0,2026-09-14T13:35:00+02:00
GBPUSD,5m,2026-09-14T11:40:00+00:00,1.34948,1.34958,1.3492,1.3492,2010.0,2026-09-14T13:40:00+02:00
GBPUSD,5m,2026-09-14T11:45:00+00:00,1.3492,1.34928,1.3486099999999999,1.34866,1626.0,2026-09-14T13:45:00+02:00
GBPUSD,5m,2026-09-14T11:50:00+00:00,1.34866,1.34891,1.34855,1.34879,1559.0,2026-09-14T13:50:00+02:00
GBPUSD,5m,2026-09-14T11:55:00+00:00,1.34879,1.34907,1.34879,1.34904,1817.0,2026-09-14T13:55:00+02:00
GBPUSD,5m,2026-09-14T12:00:00+00:00,1.34904,1.3492,1.34889,1.34916,1775.0,2026-09-14T14:00:00+02:00
GBPUSD,5m,2026-09-14T12:05:00+00:00,1.34916,1.34952,1.34916,1.34945,2174.0,2026-09-14T14:05:00+02:00
GBPUSD,5m,2026-09-14T12:10:00+00:00,1.34945,1.34948,1.34914,1.34917,1381.0,2026-09-14T14:10:00+02:00
GBPUSD,5m,2026-09-14T12:15:00+00:00,1.34917,1.34945,1.34877,1.3488,3164.0,2026-09-14T14:15:00+02:00
GBPUSD,5m,2026-09-14T12:20:00+00:00,1.3488,1.34893,1.34855,1.34873,2299.0,2026-09-14T14:20:00+02:00
GBPUSD,5m,2026-09-14T12:25:00+00:00,1.34873,1.34882,1.34862,1.3487099999999999,1294.0,2026-09-14T14:25:00+02:00
GBPUSD,5m,2026-09-14T12:30:00+00:00,1.3487099999999999,1.34896,1.3484399999999999,1.34858,1605.0,2026-09-14T14:30:00+02:00
GBPUSD,5m,2026-09-14T12:35:00+00:00,1.34858,1.3487,1.34762,1.34765,3401.0,2026-09-14T14:35:00+02:00
GBPUSD,5m,2026-09-14T12:40:00+00:00,1.34765,1.34818,1.34752,1.34804,3252.0,2026-09-14T14:40:00+02:00
GBPUSD,5m,2026-09-14T12:45:00+00:00,1.34804,1.34805,1.3475599999999999,1.34786,2256.0,2026-09-14T14:45:00+02:00
GBPUSD,5m,2026-09-14T12:50:00+00:00,1.34786,1.34787,1.34674,1.34686,1919.0,2026-09-14T14:50:00+02:00
GBPUSD,5m,2026-09-14T12:55:00+00:00,1.34686,1.34709,1.3466099999999999,1.34687,1907.0,2026-09-14T14:55:00+02:00
GBPUSD,5m,2026-09-14T13:00:00+00:00,1.34687,1.3469799999999998,1.3463699999999998,1.34643,1690.0,2026-09-14T15:00:00+02:00
GBPUSD,5m,2026-09-14T13:05:00+00:00,1.34643,1.34677,1.34635,1.34669,1949.0,2026-09-14T15:05:00+02:00
GBPUSD,5m,2026-09-14T13:10:00+00:00,1.34669,1.34728,1.34669,1.34726,2132.0,2026-09-14T15:10:00+02:00
GBPUSD,5m,2026-09-14T13:15:00+00:00,1.34726,1.34751,1.34706,1.34747,1743.0,2026-09-14T15:15:00+02:00
GBPUSD,5m,2026-09-14T13:20:00+00:00,1.34747,1.34771,1.3473899999999999,1.34761,1283.0,2026-09-14T15:20:00+02:00
GBPUSD,5m,2026-09-14T13:25:00+00:00,1.34761,1.34771,1.3473899999999999,1.3475599999999999,1395.0,2026-09-14T15:25:00+02:00
GBPUSD,5m,2026-09-14T13:30:00+00:00,1.3475599999999999,1.34772,1.3473199999999999,1.34755,2203.0,2026-09-14T15:30:00+02:00
GBPUSD,5m,2026-09-14T13:35:00+00:00,1.34755,1.3476,1.34714,1.3471899999999999,1985.0,2026-09-14T15:35:00+02:00
GBPUSD,5m,2026-09-14T13:40:00+00:00,1.3471899999999999,1.34769,1.34706,1.34744,1977.0,2026-09-14T15:40:00+02:00
GBPUSD,5m,2026-09-14T13:45:00+00:00,1.34744,1.34754,1.34697,1.34699,1933.0,2026-09-14T15:45:00+02:00
GBPUSD,5m,2026-09-14T13:50:00+00:00,1.34699,1.3471899999999999,1.34677,1.3467799999999999,2273.0,2026-09-14T15:50:00+02:00
GBPUSD,5m,2026-09-14T13:55:00+00:00,1.3467799999999999,1.34693,1.34646,1.34673,1882.0,2026-09-14T15:55:00+02:00
GBPUSD,5m,2026-09-14T14:00:00+00:00,1.34673,1.347,1.34646,1.34659,2050.0,2026-09-14T16:00:00+02:00
GBPUSD,5m,2026-09-14T14:05:00+00:00,1.34659,1.34735,1.34659,1.3473199999999999,2232.0,2026-09-14T16:05:00+02:00
GBPUSD,5m,2026-09-14T14:10:00+00:00,1.3473199999999999,1.34772,1.34717,1.3477,2375.0,2026-09-14T16:10:00+02:00
GBPUSD,5m,2026-09-14T14:15:00+00:00,1.3477,1.3481999999999998,1.3477,1.3480299999999998,2110.0,2026-09-14T16:15:00+02:00
GBPUSD,5m,2026-09-14T14:20:00+00:00,1.3480299999999998,1.34809,1.34697,1.347,2530.0,2026-09-14T16:20:00+02:00
GBPUSD,5m,2026-09-14T14:25:00+00:00,1.347,1.34735,1.34686,1.3473199999999999,2477.0,2026-09-14T16:25:00+02:00
GBPUSD,5m,2026-09-14T14:30:00+00:00,1.3473199999999999,1.34758,1.34693,1.3474899999999999,2747.0,2026-09-14T16:30:00+02:00
GBPUSD,5m,2026-09-14T14:35:00+00:00,1.3474899999999999,1.3475899999999998,1.34717,1.34751,2175.0,2026-09-14T16:35:00+02:00
GBPUSD,5m,2026-09-14T14:40:00+00:00,1.34751,1.34765,1.34727,1.34762,1715.0,2026-09-14T16:40:00+02:00
GBPUSD,5m,2026-09-14T14:45:00+00:00,1.34762,1.34781,1.34761,1.34764,1748.0,2026-09-14T16:45:00+02:00
GBPUSD,5m,2026-09-14T14:50:00+00:00,1.34764,1.34782,1.34726,1.34745,2046.0,2026-09-14T16:50:00+02:00
GBPUSD,5m,2026-09-14T14:55:00+00:00,1.34745,1.34757,1.34717,1.3475,2048.0,2026-09-14T16:55:00+02:00
GBPUSD,5m,2026-09-14T15:00:00+00:00,1.3475,1.34771,1.34726,1.34758,2313.0,2026-09-14T17:00:00+02:00
GBPUSD,5m,2026-09-14T15:05:00+00:00,1.34758,1.349,1.34754,1.34839,4513.0,2026-09-14T17:05:00+02:00
GBPUSD,5m,2026-09-14T15:10:00+00:00,1.34839,1.34853,1.34813,1.34813,1955.0,2026-09-14T17:10:00+02:00
GBPUSD,5m,2026-09-14T15:15:00+00:00,1.34813,1.34826,1.34796,1.34825,1771.0,2026-09-14T17:15:00+02:00
GBPUSD,5m,2026-09-14T15:20:00+00:00,1.34825,1.34825,1.34791,1.34813,2079.0,2026-09-14T17:20:00+02:00
GBPUSD,5m,2026-09-14T15:25:00+00:00,1.34813,1.34833,1.34795,1.34798,1784.0,2026-09-14T17:25:00+02:00
GBPUSD,5m,2026-09-14T15:30:00+00:00,1.34798,1.34852,1.34787,1.3483399999999999,3638.0,2026-09-14T17:30:00+02:00
GBPUSD,5m,2026-09-14T15:35:00+00:00,1.3483399999999999,1.34862,1.34815,1.34856,2953.0,2026-09-14T17:35:00+02:00
GBPUSD,5m,2026-09-14T15:40:00+00:00,1.34856,1.34894,1.34826,1.34884,2208.0,2026-09-14T17:40:00+02:00
GBPUSD,5m,2026-09-14T15:45:00+00:00,1.34884,1.3489,1.34865,1.34873,1641.0,2026-09-14T17:45:00+02:00
GBPUSD,5m,2026-09-14T15:50:00+00:00,1.34873,1.34931,1.34865,1.3492199999999999,1778.0,2026-09-14T17:50:00+02:00
GBPUSD,5m,2026-09-14T15:55:00+00:00,1.3492199999999999,1.34931,1.34904,1.34921,1994.0,2026-09-14T17:55:00+02:00
GBPUSD,5m,2026-09-14T16:00:00+00:00,1.34921,1.3493899999999999,1.3490199999999999,1.34906,1588.0,2026-09-14T18:00:00+02:00
GBPUSD,5m,2026-09-14T16:05:00+00:00,1.34906,1.34931,1.34901,1.3491199999999999,2150.0,2026-09-14T18:05:00+02:00
GBPUSD,5m,2026-09-14T16:10:00+00:00,1.3491199999999999,1.34937,1.34907,1.34909,1485.0,2026-09-14T18:10:00+02:00
GBPUSD,5m,2026-09-14T16:15:00+00:00,1.34909,1.34945,1.34909,1.34924,1294.0,2026-09-14T18:15:00+02:00
GBPUSD,5m,2026-09-14T16:20:00+00:00,1.34924,1.3496299999999999,1.34919,1.34955,1406.0,2026-09-14T18:20:00+02:00
GBPUSD,5m,2026-09-14T16:25:00+00:00,1.34955,1.34958,1.3492199999999999,1.3494,1415.0,2026-09-14T18:25:00+02:00
GBPUSD,5m,2026-09-14T16:30:00+00:00,1.3494,1.34965,1.34927,1.3493,1697.0,2026-09-14T18:30:00+02:00
GBPUSD,5m,2026-09-14T16:35:00+00:00,1.3493,1.34978,1.34923,1.34971,1546.0,2026-09-14T18:35:00+02:00
GBPUSD,5m,2026-09-14T16:40:00+00:00,1.34971,1.3502399999999999,1.34971,1.35018,1579.0,2026-09-14T18:40:00+02:00
GBPUSD,5m,2026-09-14T16:45:00+00:00,1.35018,1.3508099999999998,1.35005,1.35063,3047.0,2026-09-14T18:45:00+02:00
GBPUSD,5m,2026-09-14T16:50:00+00:00,1.35063,1.35083,1.35059,1.3506,2298.0,2026-09-14T18:50:00+02:00
GBPUSD,5m,2026-09-14T16:55:00+00:00,1.3506,1.35074,1.3504099999999999,1.3505099999999999,2041.0,2026-09-14T18:55:00+02:00
GBPUSD,5m,2026-09-14T17:00:00+00:00,1.3505099999999999,1.3506399999999998,1.3503699999999998,1.35049,1503.0,2026-09-14T19:00:00+02:00
GBPUSD,5m,2026-09-14T17:05:00+00:00,1.35049,1.3507099999999999,1.35049,1.3507,1305.0,2026-09-14T19:05:00+02:00
GBPUSD,5m,2026-09-14T17:10:00+00:00,1.3507,1.3508799999999999,1.35058,1.3506,1381.0,2026-09-14T19:10:00+02:00
GBPUSD,5m,2026-09-14T17:15:00+00:00,1.3506,1.35069,1.35048,1.35053,868.0,2026-09-14T19:15:00+02:00
GBPUSD,5m,2026-09-14T17:20:00+00:00,1.35053,1.3507,1.35048,1.35058,1321.0,2026-09-14T19:20:00+02:00
GBPUSD,5m,2026-09-14T17:25:00+00:00,1.35058,1.3507799999999999,1.35048,1.3507,1449.0,2026-09-14T19:25:00+02:00
GBPUSD,5m,2026-09-14T17:30:00+00:00,1.3507,1.3508099999999998,1.35058,1.3506399999999998,1670.0,2026-09-14T19:30:00+02:00
GBPUSD,5m,2026-09-14T17:35:00+00:00,1.3506399999999998,1.35079,1.35055,1.35067,920.0,2026-09-14T19:35:00+02:00
GBPUSD,5m,2026-09-14T17:40:00+00:00,1.35067,1.3506799999999999,1.35046,1.3505399999999999,1237.0,2026-09-14T19:40:00+02:00
GBPUSD,5m,2026-09-14T17:45:00+00:00,1.3505399999999999,1.35067,1.3504099999999999,1.35062,1304.0,2026-09-14T19:45:00+02:00
GBPUSD,5m,2026-09-14T17:50:00+00:00,1.35062,1.35084,1.35059,1.3507,1397.0,2026-09-14T19:50:00+02:00
GBPUSD,5m,2026-09-14T17:55:00+00:00,1.3507,1.35093,1.3506799999999999,1.35074,941.0,2026-09-14T19:55:00+02:00
GBPUSD,5m,2026-09-14T18:00:00+00:00,1.35074,1.35099,1.3506,1.3506099999999999,1620.0,2026-09-14T20:00:00+02:00
GBPUSD,5m,2026-09-14T18:05:00+00:00,1.3506099999999999,1.35091,1.3505099999999999,1.35091,1358.0,2026-09-14T20:05:00+02:00
GBPUSD,5m,2026-09-14T18:10:00+00:00,1.35091,1.35106,1.3508099999999998,1.3510199999999999,1013.0,2026-09-14T20:10:00+02:00
GBPUSD,5m,2026-09-14T18:15:00+00:00,1.3510199999999999,1.3511499999999999,1.351,1.3511199999999999,967.0,2026-09-14T20:15:00+02:00
GBPUSD,5m,2026-09-14T18:20:00+00:00,1.3511199999999999,1.35113,1.35094,1.35099,1095.0,2026-09-14T20:20:00+02:00
GBPUSD,5m,2026-09-14T18:25:00+00:00,1.35099,1.35111,1.3508499999999999,1.3508799999999999,1664.0,2026-09-14T20:25:00+02:00
GBPUSD,5m,2026-09-14T18:30:00+00:00,1.3508799999999999,1.3512,1.35086,1.3511499999999999,1783.0,2026-09-14T20:30:00+02:00
GBPUSD,5m,2026-09-14T18:35:00+00:00,1.3511499999999999,1.3513199999999999,1.3511199999999999,1.35126,755.0,2026-09-14T20:35:00+02:00
GBPUSD,5m,2026-09-14T18:40:00+00:00,1.35126,1.35127,1.35103,1.35106,1381.0,2026-09-14T20:40:00+02:00
GBPUSD,5m,2026-09-14T18:45:00+00:00,1.35106,1.3511,1.35094,1.35108,1101.0,2026-09-14T20:45:00+02:00
GBPUSD,5m,2026-09-14T18:50:00+00:00,1.35108,1.3511499999999999,1.35094,1.35107,849.0,2026-09-14T20:50:00+02:00
GBPUSD,5m,2026-09-14T18:55:00+00:00,1.35107,1.35118,1.35091,1.35108,2125.0,2026-09-14T20:55:00+02:00
GBPUSD,5m,2026-09-14T19:00:00+00:00,1.35108,1.3511499999999999,1.35096,1.35104,2213.0,2026-09-14T21:00:00+02:00
GBPUSD,5m,2026-09-14T19:05:00+00:00,1.35104,1.3510499999999999,1.3507799999999999,1.35099,2367.0,2026-09-14T21:05:00+02:00
GBPUSD,5m,2026-09-14T19:10:00+00:00,1.35099,1.3510199999999999,1.35087,1.3509,1008.0,2026-09-14T21:10:00+02:00
GBPUSD,5m,2026-09-14T19:15:00+00:00,1.3509,1.3509499999999999,1.3507,1.35077,2223.0,2026-09-14T21:15:00+02:00
GBPUSD,5m,2026-09-14T19:20:00+00:00,1.35077,1.3507799999999999,1.3505399999999999,1.3506399999999998,1351.0,2026-09-14T21:20:00+02:00
GBPUSD,5m,2026-09-14T19:25:00+00:00,1.3506399999999998,1.35072,1.35056,1.35057,1284.0,2026-09-14T21:25:00+02:00
GBPUSD,5m,2026-09-14T19:30:00+00:00,1.35057,1.3506,1.35043,1.35046,1358.0,2026-09-14T21:30:00+02:00
GBPUSD,5m,2026-09-14T19:35:00+00:00,1.35046,1.35059,1.3504,1.3504,1458.0,2026-09-14T21:35:00+02:00
GBPUSD,5m,2026-09-14T19:40:00+00:00,1.3504,1.35042,1.35029,1.3503,1136.0,2026-09-14T21:40:00+02:00
GBPUSD,5m,2026-09-14T19:45:00+00:00,1.3503,1.35032,1.35016,1.35016,1143.0,2026-09-14T21:45:00+02:00
GBPUSD,5m,2026-09-14T19:50:00+00:00,1.35016,1.35018,1.34999,1.3500999999999999,2063.0,2026-09-14T21:50:00+02:00
GBPUSD,5m,2026-09-14T19:55:00+00:00,1.3500999999999999,1.35016,1.34989,1.34995,1367.0,2026-09-14T21:55:00+02:00
GBPUSD,5m,2026-09-14T20:00:00+00:00,1.34995,1.34995,1.34957,1.34962,1152.0,2026-09-14T22:00:00+02:00
GBPUSD,5m,2026-09-14T20:05:00+00:00,1.34962,1.34972,1.3495899999999998,1.34967,870.0,2026-09-14T22:05:00+02:00
GBPUSD,5m,2026-09-14T20:10:00+00:00,1.34967,1.34978,1.34958,1.34978,1896.0,2026-09-14T22:10:00+02:00
GBPUSD,5m,2026-09-14T20:15:00+00:00,1.34978,1.34981,1.3496599999999999,1.34978,1262.0,2026-09-14T22:15:00+02:00
GBPUSD,5m,2026-09-14T20:20:00+00:00,1.34978,1.34982,1.34977,1.34982,1031.0,2026-09-14T22:20:00+02:00
GBPUSD,5m,2026-09-14T20:25:00+00:00,1.34982,1.34984,1.3496599999999999,1.3497299999999999,237.0,2026-09-14T22:25:00+02:00
GBPUSD,5m,2026-09-14T20:30:00+00:00,1.3497299999999999,1.3498299999999999,1.3497299999999999,1.34978,688.0,2026-09-14T22:30:00+02:00
GBPUSD,5m,2026-09-14T20:35:00+00:00,1.34978,1.34978,1.34967,1.34977,474.0,2026-09-14T22:35:00+02:00
GBPUSD,5m,2026-09-14T20:40:00+00:00,1.34977,1.34991,1.3497599999999998,1.34987,1924.0,2026-09-14T22:40:00+02:00
GBPUSD,5m,2026-09-14T20:45:00+00:00,1.34987,1.3499299999999999,1.34986,1.34989,2375.0,2026-09-14T22:45:00+02:00
GBPUSD,5m,2026-09-14T20:50:00+00:00,1.34989,1.35001,1.34988,1.34995,1534.0,2026-09-14T22:50:00+02:00
GBPUSD,5m,2026-09-14T20:55:00+00:00,1.34995,1.35004,1.34979,1.34981,3341.0,2026-09-14T22:55:00+02:00
GBPUSD,5m,2026-09-14T21:00:00+00:00,1.34981,1.34981,1.34923,1.34934,14.0,2026-09-14T23:00:00+02:00
GBPUSD,5m,2026-09-14T21:05:00+00:00,1.34934,1.3495,1.34933,1.3494899999999999,21.0,2026-09-14T23:05:00+02:00
GBPUSD,5m,2026-09-14T21:10:00+00:00,1.3494899999999999,1.34968,1.3494,1.34965,32.0,2026-09-14T23:10:00+02:00
GBPUSD,5m,2026-09-14T21:15:00+00:00,1.34965,1.34971,1.34953,1.34955,114.0,2026-09-14T23:15:00+02:00
GBPUSD,5m,2026-09-14T21:20:00+00:00,1.34955,1.34957,1.3494199999999998,1.34948,84.0,2026-09-14T23:20:00+02:00
GBPUSD,5m,2026-09-14T21:25:00+00:00,1.34948,1.34953,1.34934,1.34934,67.0,2026-09-14T23:25:00+02:00
GBPUSD,5m,2026-09-14T21:30:00+00:00,1.34934,1.34954,1.3493199999999999,1.34948,130.0,2026-09-14T23:30:00+02:00
GBPUSD,5m,2026-09-14T21:35:00+00:00,1.34948,1.34961,1.3494199999999998,1.3496,120.0,2026-09-14T23:35:00+02:00
GBPUSD,5m,2026-09-14T21:40:00+00:00,1.3496,1.34968,1.34953,1.3496599999999999,220.0,2026-09-14T23:40:00+02:00
GBPUSD,5m,2026-09-14T21:45:00+00:00,1.3496599999999999,1.34972,1.34948,1.3495899999999998,106.0,2026-09-14T23:45:00+02:00
GBPUSD,5m,2026-09-14T21:50:00+00:00,1.3495899999999998,1.34992,1.34945,1.34954,176.0,2026-09-14T23:50:00+02:00
GBPUSD,5m,2026-09-14T21:55:00+00:00,1.34954,1.3497299999999999,1.3494599999999999,1.34951,621.0,2026-09-14T23:55:00+02:00
GBPUSD,5m,2026-09-14T22:00:00+00:00,1.34951,1.35006,1.34951,1.35001,188.0,2026-09-15T00:00:00+02:00
GBPUSD,5m,2026-09-14T22:05:00+00:00,1.35001,1.3501699999999999,1.34991,1.35011,656.0,2026-09-15T00:05:00+02:00
GBPUSD,5m,2026-09-14T22:10:00+00:00,1.35011,1.35011,1.3497599999999998,1.34989,333.0,2026-09-15T00:10:00+02:00
GBPUSD,5m,2026-09-14T22:15:00+00:00,1.34989,1.3501699999999999,1.34989,1.34991,5748.0,2026-09-15T00:15:00+02:00
GBPUSD,5m,2026-09-14T22:20:00+00:00,1.34991,1.35006,1.34991,1.34999,881.0,2026-09-15T00:20:00+02:00
GBPUSD,5m,2026-09-14T22:25:00+00:00,1.34999,1.35004,1.34999,1.3500299999999998,87.0,2026-09-15T00:25:00+02:00
GBPUSD,5m,2026-09-14T22:30:00+00:00,1.3500299999999998,1.3502399999999999,1.3500299999999998,1.35023,182.0,2026-09-15T00:30:00+02:00
GBPUSD,5m,2026-09-14T22:35:00+00:00,1.35023,1.3502399999999999,1.35015,1.35019,73.0,2026-09-15T00:35:00+02:00
GBPUSD,5m,2026-09-14T22:40:00+00:00,1.35019,1.35019,1.35013,1.35015,110.0,2026-09-15T00:40:00+02:00
GBPUSD,5m,2026-09-14T22:45:00+00:00,1.35015,1.35021,1.35008,1.3501699999999999,136.0,2026-09-15T00:45:00+02:00
GBPUSD,5m,2026-09-14T22:50:00+00:00,1.3501699999999999,1.35032,1.3501699999999999,1.35029,145.0,2026-09-15T00:50:00+02:00
GBPUSD,5m,2026-09-14T22:55:00+00:00,1.35029,1.35043,1.35028,1.35039,138.0,2026-09-15T00:55:00+02:00
GBPUSD,5m,2026-09-14T23:00:00+00:00,1.35039,1.35042,1.3503,1.35039,467.0,2026-09-15T01:00:00+02:00
GBPUSD,5m,2026-09-14T23:05:00+00:00,1.35039,1.35042,1.3503,1.35039,2358.0,2026-09-15T01:05:00+02:00
GBPUSD,5m,2026-09-14T23:10:00+00:00,1.35039,1.3504,1.35026,1.3502699999999999,2235.0,2026-09-15T01:10:00+02:00
GBPUSD,5m,2026-09-14T23:15:00+00:00,1.3502699999999999,1.3502699999999999,1.35008,1.35009,195.0,2026-09-15T01:15:00+02:00
GBPUSD,5m,2026-09-14T23:20:00+00:00,1.35009,1.35012,1.35001,1.35012,223.0,2026-09-15T01:20:00+02:00
GBPUSD,5m,2026-09-14T23:25:00+00:00,1.35012,1.35019,1.3500699999999999,1.35011,355.0,2026-09-15T01:25:00+02:00
GBPUSD,5m,2026-09-14T23:30:00+00:00,1.35011,1.35011,1.34988,1.3499999999999999,874.0,2026-09-15T01:30:00+02:00
GBPUSD,5m,2026-09-14T23:35:00+00:00,1.3499999999999999,1.35005,1.34996,1.3500299999999998,1588.0,2026-09-15T01:35:00+02:00
GBPUSD,5m,2026-09-14T23:40:00+00:00,1.3500299999999998,1.35019,1.3499299999999999,1.35011,313.0,2026-09-15T01:40:00+02:00
GBPUSD,5m,2026-09-14T23:45:00+00:00,1.35011,1.35015,1.34999,1.35014,313.0,2026-09-15T01:45:00+02:00
GBPUSD,5m,2026-09-14T23:50:00+00:00,1.35014,1.35016,1.34981,1.34982,487.0,2026-09-15T01:50:00+02:00
GBPUSD,5m,2026-09-14T23:55:00+00:00,1.34982,1.35011,1.34978,1.34999,1406.0,2026-09-15T01:55:00+02:00
GBPUSD,5m,2026-09-15T00:00:00+00:00,1.34999,1.35006,1.34984,1.34991,1918.0,2026-09-15T02:00:00+02:00
GBPUSD,5m,2026-09-15T00:05:00+00:00,1.34991,1.35001,1.34979,1.34996,2057.0,2026-09-15T02:05:00+02:00
GBPUSD,5m,2026-09-15T00:10:00+00:00,1.34996,1.3499999999999999,1.34987,1.3498999999999999,5824.0,2026-09-15T02:10:00+02:00
GBPUSD,5m,2026-09-15T00:15:00+00:00,1.3498999999999999,1.34999,1.34977,1.34978,5769.0,2026-09-15T02:15:00+02:00
GBPUSD,5m,2026-09-15T00:20:00+00:00,1.34978,1.3499299999999999,1.34971,1.3498999999999999,912.0,2026-09-15T02:20:00+02:00
GBPUSD,5m,2026-09-15T00:25:00+00:00,1.3498999999999999,1.34992,1.34958,1.3496,1743.0,2026-09-15T02:25:00+02:00
GBPUSD,5m,2026-09-15T00:30:00+00:00,1.3496,1.34972,1.34955,1.34958,1019.0,2026-09-15T02:30:00+02:00
GBPUSD,5m,2026-09-15T00:35:00+00:00,1.34958,1.34971,1.34951,1.3496,752.0,2026-09-15T02:35:00+02:00
GBPUSD,5m,2026-09-15T00:40:00+00:00,1.3496,1.3496299999999999,1.3495,1.34961,742.0,2026-09-15T02:40:00+02:00
GBPUSD,5m,2026-09-15T00:45:00+00:00,1.34961,1.34974,1.3496,1.34968,718.0,2026-09-15T02:45:00+02:00
GBPUSD,5m,2026-09-15T00:50:00+00:00,1.34968,1.34974,1.3494899999999999,1.34957,1002.0,2026-09-15T02:50:00+02:00
GBPUSD,5m,2026-09-15T00:55:00+00:00,1.34957,1.34957,1.34941,1.3494899999999999,1333.0,2026-09-15T02:55:00+02:00
GBPUSD,5m,2026-09-15T01:00:00+00:00,1.3494899999999999,1.34958,1.34931,1.34957,1316.0,2026-09-15T03:00:00+02:00
GBPUSD,5m,2026-09-15T01:05:00+00:00,1.34957,1.3495899999999998,1.34931,1.34933,1220.0,2026-09-15T03:05:00+02:00
GBPUSD,5m,2026-09-15T01:10:00+00:00,1.34933,1.34941,1.34927,1.34935,1011.0,2026-09-15T03:10:00+02:00
GBPUSD,5m,2026-09-15T01:15:00+00:00,1.34935,1.34947,1.34926,1.34927,947.0,2026-09-15T03:15:00+02:00
GBPUSD,5m,2026-09-15T01:20:00+00:00,1.34927,1.34931,1.3489799999999998,1.349,1931.0,2026-09-15T03:20:00+02:00
GBPUSD,5m,2026-09-15T01:25:00+00:00,1.349,1.34901,1.34877,1.3488099999999998,1387.0,2026-09-15T03:25:00+02:00
GBPUSD,5m,2026-09-15T01:30:00+00:00,1.3488099999999998,1.34897,1.34869,1.34883,3087.0,2026-09-15T03:30:00+02:00
GBPUSD,5m,2026-09-15T01:35:00+00:00,1.34883,1.3488499999999999,1.34862,1.3487,1759.0,2026-09-15T03:35:00+02:00
GBPUSD,5m,2026-09-15T01:40:00+00:00,1.3487,1.34874,1.34855,1.34856,6039.0,2026-09-15T03:40:00+02:00
GBPUSD,5m,2026-09-15T01:45:00+00:00,1.34856,1.3488,1.3485399999999998,1.34875,3087.0,2026-09-15T03:45:00+02:00
GBPUSD,5m,2026-09-15T01:50:00+00:00,1.34875,1.3488,1.34862,1.34862,1251.0,2026-09-15T03:50:00+02:00
GBPUSD,5m,2026-09-15T01:55:00+00:00,1.34862,1.34867,1.34853,1.3486,1586.0,2026-09-15T03:55:00+02:00
GBPUSD,5m,2026-09-15T02:00:00+00:00,1.3486,1.3488499999999999,1.34858,1.34859,821.0,2026-09-15T04:00:00+02:00
GBPUSD,5m,2026-09-15T02:05:00+00:00,1.34859,1.34867,1.34849,1.34859,997.0,2026-09-15T04:05:00+02:00
GBPUSD,5m,2026-09-15T02:10:00+00:00,1.34859,1.3486099999999999,1.3484399999999999,1.34846,824.0,2026-09-15T04:10:00+02:00
GBPUSD,5m,2026-09-15T02:15:00+00:00,1.34846,1.34863,1.3484099999999999,1.3486,2478.0,2026-09-15T04:15:00+02:00
GBPUSD,5m,2026-09-15T02:20:00+00:00,1.3486,1.34865,1.34846,1.3485,708.0,2026-09-15T04:20:00+02:00
GBPUSD,5m,2026-09-15T02:25:00+00:00,1.3485,1.34862,1.34847,1.3485,514.0,2026-09-15T04:25:00+02:00
GBPUSD,5m,2026-09-15T02:30:00+00:00,1.3485,1.3485099999999999,1.3484,1.3484,518.0,2026-09-15T04:30:00+02:00
GBPUSD,5m,2026-09-15T02:35:00+00:00,1.3484,1.34842,1.34829,1.3484,916.0,2026-09-15T04:35:00+02:00
GBPUSD,5m,2026-09-15T02:40:00+00:00,1.3484,1.34848,1.34835,1.34838,706.0,2026-09-15T04:40:00+02:00
GBPUSD,5m,2026-09-15T02:45:00+00:00,1.34838,1.34872,1.34838,1.3487,2062.0,2026-09-15T04:45:00+02:00
GBPUSD,5m,2026-09-15T02:50:00+00:00,1.3487,1.34877,1.34866,1.34872,543.0,2026-09-15T04:50:00+02:00
GBPUSD,5m,2026-09-15T02:55:00+00:00,1.34872,1.34887,1.3487,1.34883,527.0,2026-09-15T04:55:00+02:00
GBPUSD,5m,2026-09-15T03:00:00+00:00,1.34883,1.34893,1.3488,1.3489,1384.0,2026-09-15T05:00:00+02:00
GBPUSD,5m,2026-09-15T03:05:00+00:00,1.3489,1.3489,1.34873,1.34887,1244.0,2026-09-15T05:05:00+02:00
GBPUSD,5m,2026-09-15T03:10:00+00:00,1.34887,1.34889,1.34869,1.3487099999999999,878.0,2026-09-15T05:10:00+02:00
GBPUSD,5m,2026-09-15T03:15:00+00:00,1.3487099999999999,1.34883,1.34867,1.3488,2472.0,2026-09-15T05:15:00+02:00
GBPUSD,5m,2026-09-15T03:20:00+00:00,1.3488,1.34883,1.34849,1.3486,2214.0,2026-09-15T05:20:00+02:00
GBPUSD,5m,2026-09-15T03:25:00+00:00,1.3486,1.34872,1.3485399999999998,1.3487,712.0,2026-09-15T05:25:00+02:00
GBPUSD,5m,2026-09-15T03:30:00+00:00,1.3487,1.34879,1.34865,1.3486799999999999,839.0,2026-09-15T05:30:00+02:00
GBPUSD,5m,2026-09-15T03:35:00+00:00,1.3486799999999999,1.34872,1.34849,1.3485,707.0,2026-09-15T05:35:00+02:00
GBPUSD,5m,2026-09-15T03:40:00+00:00,1.3485,1.3486099999999999,1.34848,1.3486,748.0,2026-09-15T05:40:00+02:00
GBPUSD,5m,2026-09-15T03:45:00+00:00,1.3486,1.3486799999999999,1.3485399999999998,1.34857,4637.0,2026-09-15T05:45:00+02:00
GBPUSD,5m,2026-09-15T03:50:00+00:00,1.34857,1.34873,1.34853,1.3487099999999999,3293.0,2026-09-15T05:50:00+02:00
GBPUSD,5m,2026-09-15T03:55:00+00:00,1.3487099999999999,1.34873,1.3485099999999999,1.34852,2268.0,2026-09-15T05:55:00+02:00
GBPUSD,5m,2026-09-15T04:00:00+00:00,1.34852,1.34863,1.34839,1.3484099999999999,1239.0,2026-09-15T06:00:00+02:00
GBPUSD,5m,2026-09-15T04:05:00+00:00,1.3484099999999999,1.34846,1.34838,1.3484099999999999,2264.0,2026-09-15T06:05:00+02:00
GBPUSD,5m,2026-09-15T04:10:00+00:00,1.3484099999999999,1.34852,1.34831,1.34842,1219.0,2026-09-15T06:10:00+02:00
GBPUSD,5m,2026-09-15T04:15:00+00:00,1.34842,1.3485099999999999,1.34825,1.3483,1303.0,2026-09-15T06:15:00+02:00
GBPUSD,5m,2026-09-15T04:20:00+00:00,1.3483,1.34845,1.34826,1.34833,1104.0,2026-09-15T06:20:00+02:00
GBPUSD,5m,2026-09-15T04:25:00+00:00,1.34833,1.34839,1.34823,1.34832,1811.0,2026-09-15T06:25:00+02:00
GBPUSD,5m,2026-09-15T04:30:00+00:00,1.34832,1.34846,1.34831,1.34842,1097.0,2026-09-15T06:30:00+02:00
GBPUSD,5m,2026-09-15T04:35:00+00:00,1.34842,1.34856,1.3483699999999998,1.3485399999999998,2185.0,2026-09-15T06:35:00+02:00
GBPUSD,5m,2026-09-15T04:40:00+00:00,1.3485399999999998,1.34865,1.34849,1.34855,2308.0,2026-09-15T06:40:00+02:00
GBPUSD,5m,2026-09-15T04:45:00+00:00,1.34855,1.3486,1.3485,1.34853,1420.0,2026-09-15T06:45:00+02:00
GBPUSD,5m,2026-09-15T04:50:00+00:00,1.34853,1.34855,1.3484099999999999,1.34845,3201.0,2026-09-15T06:50:00+02:00
GBPUSD,5m,2026-09-15T04:55:00+00:00,1.34845,1.3485399999999998,1.34833,1.34835,1509.0,2026-09-15T06:55:00+02:00
GBPUSD,5m,2026-09-15T05:00:00+00:00,1.34835,1.3485399999999998,1.34833,1.3483399999999999,434.0,2026-09-15T07:00:00+02:00
GBPUSD,5m,2026-09-15T05:05:00+00:00,1.3483399999999999,1.34842,1.34823,1.34825,1112.0,2026-09-15T07:05:00+02:00
GBPUSD,5m,2026-09-15T05:10:00+00:00,1.34825,1.34845,1.34821,1.34842,1509.0,2026-09-15T07:10:00+02:00
GBPUSD,5m,2026-09-15T05:15:00+00:00,1.34842,1.3484399999999999,1.3481999999999998,1.34823,1274.0,2026-09-15T07:15:00+02:00
GBPUSD,5m,2026-09-15T05:20:00+00:00,1.34823,1.3483399999999999,1.34821,1.34831,391.0,2026-09-15T07:20:00+02:00
GBPUSD,5m,2026-09-15T05:25:00+00:00,1.34831,1.34845,1.34826,1.3484399999999999,794.0,2026-09-15T07:25:00+02:00
GBPUSD,5m,2026-09-15T05:30:00+00:00,1.3484399999999999,1.34845,1.34809,1.34819,969.0,2026-09-15T07:30:00+02:00
GBPUSD,5m,2026-09-15T05:35:00+00:00,1.34819,1.34825,1.34811,1.34815,950.0,2026-09-15T07:35:00+02:00
GBPUSD,5m,2026-09-15T05:40:00+00:00,1.34815,1.34853,1.34815,1.3485,1002.0,2026-09-15T07:40:00+02:00
GBPUSD,5m,2026-09-15T05:45:00+00:00,1.3485,1.34857,1.34839,1.34843,1253.0,2026-09-15T07:45:00+02:00
GBPUSD,5m,2026-09-15T05:50:00+00:00,1.34843,1.34862,1.3483,1.3483,1214.0,2026-09-15T07:50:00+02:00
GBPUSD,5m,2026-09-15T05:55:00+00:00,1.3483,1.34835,1.3480699999999999,1.34808,540.0,2026-09-15T07:55:00+02:00
GBPUSD,5m,2026-09-15T06:00:00+00:00,1.34808,1.3482399999999999,1.34752,1.34768,1387.0,2026-09-15T08:00:00+02:00
GBPUSD,5m,2026-09-15T06:05:00+00:00,1.34768,1.3477,1.34748,1.3474899999999999,2066.0,2026-09-15T08:05:00+02:00
GBPUSD,5m,2026-09-15T06:10:00+00:00,1.3474899999999999,1.34805,1.3474899999999999,1.34804,1376.0,2026-09-15T08:10:00+02:00
GBPUSD,5m,2026-09-15T06:15:00+00:00,1.34804,1.34804,1.3476299999999999,1.3477299999999999,2136.0,2026-09-15T08:15:00+02:00
GBPUSD,5m,2026-09-15T06:20:00+00:00,1.3477299999999999,1.3477299999999999,1.3472199999999999,1.34725,1036.0,2026-09-15T08:20:00+02:00
GBPUSD,5m,2026-09-15T06:25:00+00:00,1.34725,1.34737,1.34713,1.34718,1585.0,2026-09-15T08:25:00+02:00
GBPUSD,5m,2026-09-15T06:30:00+00:00,1.34718,1.3472,1.3468499999999999,1.3470499999999999,1359.0,2026-09-15T08:30:00+02:00
GBPUSD,5m,2026-09-15T06:35:00+00:00,1.3470499999999999,1.34711,1.3469,1.3469799999999998,1257.0,2026-09-15T08:35:00+02:00
GBPUSD,5m,2026-09-15T06:40:00+00:00,1.3469799999999998,1.34701,1.34664,1.34666,855.0,2026-09-15T08:40:00+02:00
GBPUSD,5m,2026-09-15T06:45:00+00:00,1.34666,1.34669,1.3463699999999998,1.34639,1500.0,2026-09-15T08:45:00+02:00
GBPUSD,5m,2026-09-15T06:50:00+00:00,1.34639,1.34669,1.34638,1.34659,1276.0,2026-09-15T08:50:00+02:00
GBPUSD,5m,2026-09-15T06:55:00+00:00,1.34659,1.3469,1.34659,1.34689,1805.0,2026-09-15T08:55:00+02:00
GBPUSD,5m,2026-09-15T07:00:00+00:00,1.34689,1.34701,1.34649,1.3467,2559.0,2026-09-15T09:00:00+02:00
GBPUSD,5m,2026-09-15T07:05:00+00:00,1.3467,1.3473,1.34666,1.3472199999999999,1092.0,2026-09-15T09:05:00+02:00
GBPUSD,5m,2026-09-15T07:10:00+00:00,1.3472199999999999,1.34771,1.34706,1.3473,1973.0,2026-09-15T09:10:00+02:00
GBPUSD,5m,2026-09-15T07:15:00+00:00,1.3473,1.3474,1.3471899999999999,1.34723,1695.0,2026-09-15T09:15:00+02:00
GBPUSD,5m,2026-09-15T07:20:00+00:00,1.34723,1.3474199999999998,1.34718,1.34721,804.0,2026-09-15T09:20:00+02:00
GBPUSD,5m,2026-09-15T07:25:00+00:00,1.34721,1.34755,1.34717,1.34751,649.0,2026-09-15T09:25:00+02:00
GBPUSD,5m,2026-09-15T07:30:00+00:00,1.34751,1.34762,1.3473,1.34748,777.0,2026-09-15T09:30:00+02:00
GBPUSD,5m,2026-09-15T07:35:00+00:00,1.34748,1.34753,1.3470499999999999,1.34706,1578.0,2026-09-15T09:35:00+02:00
GBPUSD,5m,2026-09-15T07:40:00+00:00,1.34706,1.3476,1.34696,1.3476,2115.0,2026-09-15T09:40:00+02:00
GBPUSD,5m,2026-09-15T07:45:00+00:00,1.3476,1.34784,1.34753,1.3476299999999999,1751.0,2026-09-15T09:45:00+02:00
GBPUSD,5m,2026-09-15T07:50:00+00:00,1.3476299999999999,1.34771,1.34725,1.3475,1661.0,2026-09-15T09:50:00+02:00
GBPUSD,5m,2026-09-15T07:55:00+00:00,1.3475,1.3479299999999999,1.34748,1.34791,1519.0,2026-09-15T09:55:00+02:00
GBPUSD,5m,2026-09-15T08:00:00+00:00,1.34791,1.34791,1.34697,1.34697,3308.0,2026-09-15T10:00:00+02:00
GBPUSD,5m,2026-09-15T08:05:00+00:00,1.34697,1.3471,1.3468499999999999,1.34697,2103.0,2026-09-15T10:05:00+02:00
GBPUSD,5m,2026-09-15T08:10:00+00:00,1.34697,1.34735,1.34679,1.3473199999999999,2801.0,2026-09-15T10:10:00+02:00
GBPUSD,5m,2026-09-15T08:15:00+00:00,1.3473199999999999,1.34787,1.3472,1.34757,2154.0,2026-09-15T10:15:00+02:00
GBPUSD,5m,2026-09-15T08:20:00+00:00,1.34757,1.3475899999999998,1.34718,1.3474199999999998,2739.0,2026-09-15T10:20:00+02:00
GBPUSD,5m,2026-09-15T08:25:00+00:00,1.3474199999999998,1.34791,1.3474199999999998,1.34765,2164.0,2026-09-15T10:25:00+02:00
GBPUSD,5m,2026-09-15T08:30:00+00:00,1.34765,1.34767,1.34723,1.34748,2545.0,2026-09-15T10:30:00+02:00
GBPUSD,5m,2026-09-15T08:35:00+00:00,1.34748,1.34787,1.34747,1.34778,2689.0,2026-09-15T10:35:00+02:00
GBPUSD,5m,2026-09-15T08:40:00+00:00,1.34778,1.3478999999999999,1.34735,1.34745,2039.0,2026-09-15T10:40:00+02:00
GBPUSD,5m,2026-09-15T08:45:00+00:00,1.34745,1.34758,1.34737,1.34747,1284.0,2026-09-15T10:45:00+02:00
GBPUSD,5m,2026-09-15T08:50:00+00:00,1.34747,1.34767,1.3473899999999999,1.34743,1723.0,2026-09-15T10:50:00+02:00
GBPUSD,5m,2026-09-15T08:55:00+00:00,1.34743,1.34771,1.34735,1.34738,1427.0,2026-09-15T10:55:00+02:00
GBPUSD,5m,2026-09-15T09:00:00+00:00,1.34738,1.3474899999999999,1.34725,1.34737,1599.0,2026-09-15T11:00:00+02:00
GBPUSD,5m,2026-09-15T09:05:00+00:00,1.34737,1.3474899999999999,1.34717,1.34724,1164.0,2026-09-15T11:05:00+02:00
GBPUSD,5m,2026-09-15T09:10:00+00:00,1.34724,1.3474899999999999,1.34714,1.34738,887.0,2026-09-15T11:10:00+02:00
GBPUSD,5m,2026-09-15T09:15:00+00:00,1.34738,1.3474,1.34686,1.34697,2166.0,2026-09-15T11:15:00+02:00
GBPUSD,5m,2026-09-15T09:20:00+00:00,1.34697,1.3471199999999999,1.34676,1.3468,1972.0,2026-09-15T11:20:00+02:00
GBPUSD,5m,2026-09-15T09:25:00+00:00,1.3468,1.34745,1.34679,1.3473899999999999,1991.0,2026-09-15T11:25:00+02:00
GBPUSD,5m,2026-09-15T09:30:00+00:00,1.3473899999999999,1.34745,1.34718,1.3473,2138.0,2026-09-15T11:30:00+02:00
GBPUSD,5m,2026-09-15T09:35:00+00:00,1.3473,1.34733,1.3471,1.3473,1923.0,2026-09-15T11:35:00+02:00
GBPUSD,5m,2026-09-15T09:40:00+00:00,1.3473,1.34755,1.34726,1.34736,1102.0,2026-09-15T11:40:00+02:00
GBPUSD,5m,2026-09-15T09:45:00+00:00,1.34736,1.34782,1.34735,1.34777,1799.0,2026-09-15T11:45:00+02:00
GBPUSD,5m,2026-09-15T09:50:00+00:00,1.34777,1.3480699999999999,1.34775,1.34801,1295.0,2026-09-15T11:50:00+02:00
GBPUSD,5m,2026-09-15T09:55:00+00:00,1.34801,1.3480999999999999,1.34777,1.34777,1408.0,2026-09-15T11:55:00+02:00
GBPUSD,5m,2026-09-15T10:00:00+00:00,1.34777,1.3478999999999999,1.34757,1.34761,1310.0,2026-09-15T12:00:00+02:00
GBPUSD,5m,2026-09-15T10:05:00+00:00,1.34761,1.3477599999999998,1.34761,1.34772,987.0,2026-09-15T12:05:00+02:00
GBPUSD,5m,2026-09-15T10:10:00+00:00,1.34772,1.34814,1.34757,1.34761,1455.0,2026-09-15T12:10:00+02:00
GBPUSD,5m,2026-09-15T10:15:00+00:00,1.34761,1.34769,1.34744,1.34758,1331.0,2026-09-15T12:15:00+02:00
GBPUSD,5m,2026-09-15T10:20:00+00:00,1.34758,1.34786,1.3475599999999999,1.34772,2054.0,2026-09-15T12:20:00+02:00
GBPUSD,5m,2026-09-15T10:25:00+00:00,1.34772,1.34774,1.34744,1.34755,1572.0,2026-09-15T12:25:00+02:00
GBPUSD,5m,2026-09-15T10:30:00+00:00,1.34755,1.34788,1.3475,1.34774,1920.0,2026-09-15T12:30:00+02:00
GBPUSD,5m,2026-09-15T10:35:00+00:00,1.34774,1.34785,1.3476599999999999,1.3476599999999999,580.0,2026-09-15T12:35:00+02:00
GBPUSD,5m,2026-09-15T10:40:00+00:00,1.3476599999999999,1.34774,1.34755,1.34758,743.0,2026-09-15T12:40:00+02:00
GBPUSD,5m,2026-09-15T10:45:00+00:00,1.34758,1.34768,1.34752,1.34753,471.0,2026-09-15T12:45:00+02:00
GBPUSD,5m,2026-09-15T10:50:00+00:00,1.34753,1.34775,1.34753,1.34755,642.0,2026-09-15T12:50:00+02:00
GBPUSD,5m,2026-09-15T10:55:00+00:00,1.34755,1.34767,1.3473899999999999,1.34744,927.0,2026-09-15T12:55:00+02:00
GBPUSD,5m,2026-09-15T11:00:00+00:00,1.34744,1.34774,1.34735,1.34747,1068.0,2026-09-15T13:00:00+02:00
GBPUSD,5m,2026-09-15T11:05:00+00:00,1.34747,1.34798,1.34747,1.34797,1020.0,2026-09-15T13:05:00+02:00
GBPUSD,5m,2026-09-15T11:10:00+00:00,1.34797,1.34801,1.34786,1.34797,807.0,2026-09-15T13:10:00+02:00
GBPUSD,5m,2026-09-15T11:15:00+00:00,1.34797,1.34848,1.34797,1.3484399999999999,1036.0,2026-09-15T13:15:00+02:00
GBPUSD,5m,2026-09-15T11:20:00+00:00,1.3484399999999999,1.34862,1.3483699999999998,1.34849,843.0,2026-09-15T13:20:00+02:00
GBPUSD,5m,2026-09-15T11:25:00+00:00,1.34849,1.34879,1.34842,1.34879,735.0,2026-09-15T13:25:00+02:00
GBPUSD,5m,2026-09-15T11:30:00+00:00,1.34879,1.3488799999999999,1.34865,1.34887,751.0,2026-09-15T13:30:00+02:00
GBPUSD,5m,2026-09-15T11:35:00+00:00,1.34887,1.3489499999999999,1.3485,1.3485399999999998,686.0,2026-09-15T13:35:00+02:00
GBPUSD,5m,2026-09-15T11:40:00+00:00,1.3485399999999998,1.34867,1.3485,1.34852,849.0,2026-09-15T13:40:00+02:00
GBPUSD,5m,2026-09-15T11:45:00+00:00,1.34852,1.34865,1.34839,1.34843,623.0,2026-09-15T13:45:00+02:00
GBPUSD,5m,2026-09-15T11:50:00+00:00,1.34843,1.34845,1.34821,1.3484399999999999,762.0,2026-09-15T13:50:00+02:00
GBPUSD,5m,2026-09-15T11:55:00+00:00,1.3484399999999999,1.34849,1.34813,1.34828,963.0,2026-09-15T13:55:00+02:00
GBPUSD,5m,2026-09-15T12:00:00+00:00,1.34828,1.34853,1.34811,1.34852,1021.0,2026-09-15T14:00:00+02:00
GBPUSD,5m,2026-09-15T12:05:00+00:00,1.34852,1.34856,1.34819,1.34825,901.0,2026-09-15T14:05:00+02:00
GBPUSD,5m,2026-09-15T12:10:00+00:00,1.34825,1.34857,1.34823,1.34842,1144.0,2026-09-15T14:10:00+02:00
GBPUSD,5m,2026-09-15T12:15:00+00:00,1.34842,1.34845,1.34801,1.3480299999999998,1000.0,2026-09-15T14:15:00+02:00
GBPUSD,5m,2026-09-15T12:20:00+00:00,1.3480299999999998,1.34816,1.34792,1.34802,876.0,2026-09-15T14:20:00+02:00
GBPUSD,5m,2026-09-15T12:25:00+00:00,1.34802,1.34818,1.34796,1.34812,753.0,2026-09-15T14:25:00+02:00
GBPUSD,5m,2026-09-15T12:30:00+00:00,1.34812,1.34856,1.3480999999999999,1.3485399999999998,744.0,2026-09-15T14:30:00+02:00
GBPUSD,5m,2026-09-15T12:35:00+00:00,1.3485399999999998,1.34857,1.3483399999999999,1.34835,1187.0,2026-09-15T14:35:00+02:00
GBPUSD,5m,2026-09-15T12:40:00+00:00,1.34835,1.34842,1.34822,1.3483399999999999,822.0,2026-09-15T14:40:00+02:00
GBPUSD,5m,2026-09-15T12:45:00+00:00,1.3483399999999999,1.34884,1.34823,1.34875,2245.0,2026-09-15T14:45:00+02:00
GBPUSD,5m,2026-09-15T12:50:00+00:00,1.34875,1.3487799999999999,1.34833,1.34843,1615.0,2026-09-15T14:50:00+02:00
GBPUSD,5m,2026-09-15T12:55:00+00:00,1.34843,1.34857,1.34814,1.34815,1725.0,2026-09-15T14:55:00+02:00
GBPUSD,5m,2026-09-15T13:00:00+00:00,1.34815,1.34867,1.34813,1.3486399999999998,1377.0,2026-09-15T15:00:00+02:00
GBPUSD,5m,2026-09-15T13:05:00+00:00,1.3486399999999998,1.34866,1.34831,1.34846,1091.0,2026-09-15T15:05:00+02:00
GBPUSD,5m,2026-09-15T13:10:00+00:00,1.34846,1.34862,1.34829,1.34838,731.0,2026-09-15T15:10:00+02:00
GBPUSD,5m,2026-09-15T13:15:00+00:00,1.34838,1.34845,1.34815,1.34816,841.0,2026-09-15T15:15:00+02:00
GBPUSD,5m,2026-09-15T13:20:00+00:00,1.34816,1.3483699999999998,1.34797,1.34835,1428.0,2026-09-15T15:20:00+02:00
GBPUSD,5m,2026-09-15T13:25:00+00:00,1.34835,1.34848,1.3483,1.34835,1235.0,2026-09-15T15:25:00+02:00
GBPUSD,5m,2026-09-15T13:30:00+00:00,1.34835,1.3484399999999999,1.34788,1.34808,1829.0,2026-09-15T15:30:00+02:00
GBPUSD,5m,2026-09-15T13:35:00+00:00,1.34808,1.34857,1.34805,1.34832,1283.0,2026-09-15T15:35:00+02:00
GBPUSD,5m,2026-09-15T13:40:00+00:00,1.34832,1.3488099999999998,1.34832,1.34879,1205.0,2026-09-15T15:40:00+02:00
GBPUSD,5m,2026-09-15T13:45:00+00:00,1.34879,1.3491199999999999,1.34866,1.34911,1094.0,2026-09-15T15:45:00+02:00
GBPUSD,5m,2026-09-15T13:50:00+00:00,1.34911,1.3495599999999999,1.34911,1.34955,1032.0,2026-09-15T15:50:00+02:00
GBPUSD,5m,2026-09-15T13:55:00+00:00,1.34955,1.34962,1.3492499999999998,1.34927,1215.0,2026-09-15T15:55:00+02:00
GBPUSD,5m,2026-09-15T14:00:00+00:00,1.34927,1.34936,1.34883,1.3488499999999999,1465.0,2026-09-15T16:00:00+02:00
GBPUSD,5m,2026-09-15T14:05:00+00:00,1.3488499999999999,1.34937,1.3488,1.34934,1453.0,2026-09-15T16:05:00+02:00
GBPUSD,5m,2026-09-15T14:10:00+00:00,1.34934,1.34936,1.34903,1.34911,1106.0,2026-09-15T16:10:00+02:00
GBPUSD,5m,2026-09-15T14:15:00+00:00,1.34911,1.3492199999999999,1.3486799999999999,1.34911,1400.0,2026-09-15T16:15:00+02:00
GBPUSD,5m,2026-09-15T14:20:00+00:00,1.34911,1.34916,1.3488799999999999,1.3491199999999999,1173.0,2026-09-15T16:20:00+02:00
GBPUSD,5m,2026-09-15T14:25:00+00:00,1.3491199999999999,1.34931,1.349,1.34906,1309.0,2026-09-15T16:25:00+02:00
GBPUSD,5m,2026-09-15T14:30:00+00:00,1.34906,1.34954,1.34901,1.3492199999999999,1545.0,2026-09-15T16:30:00+02:00
GBPUSD,5m,2026-09-15T14:35:00+00:00,1.3492199999999999,1.34928,1.34876,1.34892,1613.0,2026-09-15T16:35:00+02:00
GBPUSD,5m,2026-09-15T14:40:00+00:00,1.34892,1.34927,1.34884,1.3491,1282.0,2026-09-15T16:40:00+02:00
GBPUSD,5m,2026-09-15T14:45:00+00:00,1.3491,1.34924,1.34893,1.3489799999999998,1089.0,2026-09-15T16:45:00+02:00
GBPUSD,5m,2026-09-15T14:50:00+00:00,1.3489799999999998,1.34926,1.3487,1.34907,1684.0,2026-09-15T16:50:00+02:00
GBPUSD,5m,2026-09-15T14:55:00+00:00,1.34907,1.34938,1.34873,1.34874,1639.0,2026-09-15T16:55:00+02:00
GBPUSD,5m,2026-09-15T15:00:00+00:00,1.34874,1.3489,1.3485399999999998,1.34887,1785.0,2026-09-15T17:00:00+02:00
GBPUSD,5m,2026-09-15T15:05:00+00:00,1.34887,1.34901,1.34858,1.34866,1059.0,2026-09-15T17:05:00+02:00
GBPUSD,5m,2026-09-15T15:10:00+00:00,1.34866,1.34887,1.34823,1.3483699999999998,1173.0,2026-09-15T17:10:00+02:00
GBPUSD,5m,2026-09-15T15:15:00+00:00,1.3483699999999998,1.34846,1.3481699999999999,1.3483699999999998,986.0,2026-09-15T17:15:00+02:00
GBPUSD,5m,2026-09-15T15:20:00+00:00,1.3483699999999998,1.34849,1.34823,1.34848,1192.0,2026-09-15T17:20:00+02:00
GBPUSD,5m,2026-09-15T15:25:00+00:00,1.34848,1.3486099999999999,1.34839,1.34849,1091.0,2026-09-15T17:25:00+02:00
GBPUSD,5m,2026-09-15T15:30:00+00:00,1.34849,1.34853,1.34801,1.34811,1458.0,2026-09-15T17:30:00+02:00
GBPUSD,5m,2026-09-15T15:35:00+00:00,1.34811,1.34812,1.34738,1.34738,1453.0,2026-09-15T17:35:00+02:00
GBPUSD,5m,2026-09-15T15:40:00+00:00,1.34738,1.3475899999999998,1.34735,1.34747,984.0,2026-09-15T17:40:00+02:00
GBPUSD,5m,2026-09-15T15:45:00+00:00,1.34747,1.34767,1.34736,1.3473899999999999,1074.0,2026-09-15T17:45:00+02:00
GBPUSD,5m,2026-09-15T15:50:00+00:00,1.3473899999999999,1.3477,1.34736,1.3473899999999999,1867.0,2026-09-15T17:50:00+02:00
GBPUSD,5m,2026-09-15T15:55:00+00:00,1.3473899999999999,1.3480299999999998,1.3473899999999999,1.34769,1669.0,2026-09-15T17:55:00+02:00
GBPUSD,5m,2026-09-15T16:00:00+00:00,1.34769,1.34785,1.34757,1.3476299999999999,980.0,2026-09-15T18:00:00+02:00
GBPUSD,5m,2026-09-15T16:05:00+00:00,1.3476299999999999,1.34764,1.3473199999999999,1.3474199999999998,784.0,2026-09-15T18:05:00+02:00
GBPUSD,5m,2026-09-15T16:10:00+00:00,1.3474199999999998,1.3475,1.3473,1.34744,770.0,2026-09-15T18:10:00+02:00
GBPUSD,5m,2026-09-15T16:15:00+00:00,1.34744,1.34751,1.34699,1.34699,621.0,2026-09-15T18:15:00+02:00
GBPUSD,5m,2026-09-15T16:20:00+00:00,1.34699,1.34724,1.34691,1.34721,1004.0,2026-09-15T18:20:00+02:00
GBPUSD,5m,2026-09-15T16:25:00+00:00,1.34721,1.34724,1.34707,1.34723,815.0,2026-09-15T18:25:00+02:00
GBPUSD,5m,2026-09-15T16:30:00+00:00,1.34723,1.34743,1.34721,1.34741,882.0,2026-09-15T18:30:00+02:00
GBPUSD,5m,2026-09-15T16:35:00+00:00,1.34741,1.34765,1.34738,1.34752,783.0,2026-09-15T18:35:00+02:00
GBPUSD,5m,2026-09-15T16:40:00+00:00,1.34752,1.34765,1.3474,1.34764,616.0,2026-09-15T18:40:00+02:00
GBPUSD,5m,2026-09-15T16:45:00+00:00,1.34764,1.34774,1.34753,1.34764,582.0,2026-09-15T18:45:00+02:00
GBPUSD,5m,2026-09-15T16:50:00+00:00,1.34764,1.34792,1.34761,1.34789,592.0,2026-09-15T18:50:00+02:00
GBPUSD,5m,2026-09-15T16:55:00+00:00,1.34789,1.34812,1.34789,1.34809,629.0,2026-09-15T18:55:00+02:00
GBPUSD,5m,2026-09-15T17:00:00+00:00,1.34809,1.34821,1.34778,1.34779,1168.0,2026-09-15T19:00:00+02:00
GBPUSD,5m,2026-09-15T17:05:00+00:00,1.34779,1.34789,1.34762,1.34765,599.0,2026-09-15T19:05:00+02:00
GBPUSD,5m,2026-09-15T17:10:00+00:00,1.34765,1.34786,1.34764,1.3477999999999999,859.0,2026-09-15T19:10:00+02:00
GBPUSD,5m,2026-09-15T17:15:00+00:00,1.3477999999999999,1.34789,1.3474899999999999,1.34752,858.0,2026-09-15T19:15:00+02:00
GBPUSD,5m,2026-09-15T17:20:00+00:00,1.34752,1.3475899999999998,1.34741,1.34753,709.0,2026-09-15T19:20:00+02:00
GBPUSD,5m,2026-09-15T17:25:00+00:00,1.34753,1.34764,1.3474899999999999,1.34758,657.0,2026-09-15T19:25:00+02:00
GBPUSD,5m,2026-09-15T17:30:00+00:00,1.34758,1.34784,1.3475599999999999,1.34781,736.0,2026-09-15T19:30:00+02:00
GBPUSD,5m,2026-09-15T17:35:00+00:00,1.34781,1.34786,1.34772,1.34786,556.0,2026-09-15T19:35:00+02:00
GBPUSD,5m,2026-09-15T17:40:00+00:00,1.34786,1.34791,1.34771,1.3477999999999999,689.0,2026-09-15T19:40:00+02:00
GBPUSD,5m,2026-09-15T17:45:00+00:00,1.3477999999999999,1.34784,1.34741,1.34744,601.0,2026-09-15T19:45:00+02:00
GBPUSD,5m,2026-09-15T17:50:00+00:00,1.34744,1.34744,1.3473,1.34741,575.0,2026-09-15T19:50:00+02:00
GBPUSD,5m,2026-09-15T17:55:00+00:00,1.34741,1.34752,1.34737,1.3473899999999999,462.0,2026-09-15T19:55:00+02:00
GBPUSD,5m,2026-09-15T18:00:00+00:00,1.3473899999999999,1.34744,1.34716,1.34733,661.0,2026-09-15T20:00:00+02:00
GBPUSD,5m,2026-09-15T18:05:00+00:00,1.34733,1.34743,1.34728,1.34743,798.0,2026-09-15T20:05:00+02:00
GBPUSD,5m,2026-09-15T18:10:00+00:00,1.34743,1.34768,1.34741,1.3476,667.0,2026-09-15T20:10:00+02:00
GBPUSD,5m,2026-09-15T18:15:00+00:00,1.3476,1.34769,1.34755,1.34769,558.0,2026-09-15T20:15:00+02:00
GBPUSD,5m,2026-09-15T18:20:00+00:00,1.34769,1.34791,1.34767,1.34791,500.0,2026-09-15T20:20:00+02:00
GBPUSD,5m,2026-09-15T18:25:00+00:00,1.34791,1.34813,1.3478999999999999,1.3480999999999999,882.0,2026-09-15T20:25:00+02:00
GBPUSD,5m,2026-09-15T18:30:00+00:00,1.3480999999999999,1.3480999999999999,1.34761,1.34772,874.0,2026-09-15T20:30:00+02:00
GBPUSD,5m,2026-09-15T18:35:00+00:00,1.34772,1.34778,1.3475899999999998,1.34761,519.0,2026-09-15T20:35:00+02:00
GBPUSD,5m,2026-09-15T18:40:00+00:00,1.34761,1.34788,1.34753,1.3477,985.0,2026-09-15T20:40:00+02:00
GBPUSD,5m,2026-09-15T18:45:00+00:00,1.3477,1.3480299999999998,1.3475899999999998,1.34801,788.0,2026-09-15T20:45:00+02:00
GBPUSD,5m,2026-09-15T18:50:00+00:00,1.34801,1.34811,1.34794,1.3479999999999999,679.0,2026-09-15T20:50:00+02:00
GBPUSD,5m,2026-09-15T18:55:00+00:00,1.3479999999999999,1.34801,1.34778,1.34798,696.0,2026-09-15T20:55:00+02:00
GBPUSD,5m,2026-09-15T19:00:00+00:00,1.34798,1.3479999999999999,1.3475899999999998,1.3476599999999999,663.0,2026-09-15T21:00:00+02:00
GBPUSD,5m,2026-09-15T19:05:00+00:00,1.3476599999999999,1.3478299999999999,1.3475899999999998,1.34778,722.0,2026-09-15T21:05:00+02:00
GBPUSD,5m,2026-09-15T19:10:00+00:00,1.34778,1.34786,1.34768,1.3477,892.0,2026-09-15T21:10:00+02:00
GBPUSD,5m,2026-09-15T19:15:00+00:00,1.3477,1.34782,1.34761,1.34764,864.0,2026-09-15T21:15:00+02:00
GBPUSD,5m,2026-09-15T19:20:00+00:00,1.34764,1.3477,1.34751,1.3475899999999998,621.0,2026-09-15T21:20:00+02:00
GBPUSD,5m,2026-09-15T19:25:00+00:00,1.3475899999999998,1.3476,1.34754,1.3475899999999998,493.0,2026-09-15T21:25:00+02:00
GBPUSD,5m,2026-09-15T19:30:00+00:00,1.3475899999999998,1.3478299999999999,1.34754,1.34777,622.0,2026-09-15T21:30:00+02:00
GBPUSD,5m,2026-09-15T19:35:00+00:00,1.34777,1.34782,1.34755,1.3475599999999999,514.0,2026-09-15T21:35:00+02:00
GBPUSD,5m,2026-09-15T19:40:00+00:00,1.3475599999999999,1.34771,1.34754,1.34768,509.0,2026-09-15T21:40:00+02:00
GBPUSD,5m,2026-09-15T19:45:00+00:00,1.34768,1.34769,1.34748,1.34762,710.0,2026-09-15T21:45:00+02:00
GBPUSD,5m,2026-09-15T19:50:00+00:00,1.34762,1.3477,1.34745,1.34745,509.0,2026-09-15T21:50:00+02:00
GBPUSD,5m,2026-09-15T19:55:00+00:00,1.34745,1.3474899999999999,1.34731,1.34736,810.0,2026-09-15T21:55:00+02:00
GBPUSD,5m,2026-09-15T20:00:00+00:00,1.34736,1.34744,1.3473199999999999,1.3473899999999999,341.0,2026-09-15T22:00:00+02:00
GBPUSD,5m,2026-09-15T20:05:00+00:00,1.3473899999999999,1.34743,1.3472899999999999,1.3473,204.0,2026-09-15T22:05:00+02:00
GBPUSD,5m,2026-09-15T20:10:00+00:00,1.3473,1.34733,1.3471499999999998,1.3471499999999998,205.0,2026-09-15T22:10:00+02:00
GBPUSD,5m,2026-09-15T20:15:00+00:00,1.3471499999999998,1.34721,1.34714,1.34718,96.0,2026-09-15T22:15:00+02:00
GBPUSD,5m,2026-09-15T20:20:00+00:00,1.34718,1.3471899999999999,1.34706,1.34711,176.0,2026-09-15T22:20:00+02:00
GBPUSD,5m,2026-09-15T20:25:00+00:00,1.34711,1.34724,1.3471,1.34724,209.0,2026-09-15T22:25:00+02:00
GBPUSD,5m,2026-09-15T20:30:00+00:00,1.34724,1.34735,1.34723,1.3473,301.0,2026-09-15T22:30:00+02:00
GBPUSD,5m,2026-09-15T20:35:00+00:00,1.3473,1.34731,1.34721,1.3472199999999999,134.0,2026-09-15T22:35:00+02:00
GBPUSD,5m,2026-09-15T20:40:00+00:00,1.3472199999999999,1.34727,1.34718,1.34723,192.0,2026-09-15T22:40:00+02:00
GBPUSD,5m,2026-09-15T20:45:00+00:00,1.34723,1.34743,1.3472199999999999,1.34737,537.0,2026-09-15T22:45:00+02:00
GBPUSD,5m,2026-09-15T20:50:00+00:00,1.34737,1.34745,1.34731,1.34743,198.0,2026-09-15T22:50:00+02:00
GBPUSD,5m,2026-09-15T20:55:00+00:00,1.34743,1.34767,1.3473899999999999,1.3476,162.0,2026-09-15T22:55:00+02:00
GBPUSD,5m,2026-09-15T21:00:00+00:00,1.3476,1.3476,1.3466099999999999,1.34667,11.0,2026-09-15T23:00:00+02:00
GBPUSD,5m,2026-09-15T21:05:00+00:00,1.34667,1.34684,1.34667,1.34675,17.0,2026-09-15T23:05:00+02:00
GBPUSD,5m,2026-09-15T21:15:00+00:00,1.34675,1.34683,1.34666,1.34677,48.0,2026-09-15T23:15:00+02:00
GBPUSD,5m,2026-09-15T21:20:00+00:00,1.34677,1.3468,1.34664,1.3467099999999999,15.0,2026-09-15T23:20:00+02:00
GBPUSD,5m,2026-09-15T21:25:00+00:00,1.3467099999999999,1.34682,1.34666,1.3468099999999998,44.0,2026-09-15T23:25:00+02:00
GBPUSD,5m,2026-09-15T21:30:00+00:00,1.3468099999999998,1.34692,1.34642,1.34682,191.0,2026-09-15T23:30:00+02:00
GBPUSD,5m,2026-09-15T21:35:00+00:00,1.34682,1.34706,1.34675,1.3469799999999998,248.0,2026-09-15T23:35:00+02:00
GBPUSD,5m,2026-09-15T21:40:00+00:00,1.3469799999999998,1.3471,1.34689,1.347,162.0,2026-09-15T23:40:00+02:00
GBPUSD,5m,2026-09-15T21:45:00+00:00,1.347,1.34709,1.3468799999999999,1.34694,220.0,2026-09-15T23:45:00+02:00
GBPUSD,5m,2026-09-15T21:50:00+00:00,1.34694,1.34708,1.34675,1.34701,324.0,2026-09-15T23:50:00+02:00
GBPUSD,5m,2026-09-15T21:55:00+00:00,1.34701,1.34711,1.3466,1.34683,425.0,2026-09-15T23:55:00+02:00
GBPUSD,5m,2026-09-15T22:00:00+00:00,1.34683,1.34787,1.34683,1.34782,2580.0,2026-09-16T00:00:00+02:00
GBPUSD,5m,2026-09-15T22:05:00+00:00,1.34782,1.34782,1.34754,1.3476299999999999,372.0,2026-09-16T00:05:00+02:00
GBPUSD,5m,2026-09-15T22:10:00+00:00,1.3476299999999999,1.34765,1.34738,1.34758,1070.0,2026-09-16T00:10:00+02:00
GBPUSD,5m,2026-09-15T22:15:00+00:00,1.34758,1.34768,1.3475,1.34758,1605.0,2026-09-16T00:15:00+02:00
GBPUSD,5m,2026-09-15T22:20:00+00:00,1.34758,1.34771,1.34757,1.34768,94.0,2026-09-16T00:20:00+02:00
GBPUSD,5m,2026-09-15T22:25:00+00:00,1.34768,1.3477299999999999,1.34767,1.3477299999999999,103.0,2026-09-16T00:25:00+02:00
GBPUSD,5m,2026-09-15T22:30:00+00:00,1.3477299999999999,1.34786,1.34764,1.3478299999999999,177.0,2026-09-16T00:30:00+02:00
GBPUSD,5m,2026-09-15T22:35:00+00:00,1.3478299999999999,1.34784,1.3477599999999998,1.3477999999999999,75.0,2026-09-16T00:35:00+02:00
GBPUSD,5m,2026-09-15T22:40:00+00:00,1.3477999999999999,1.34781,1.34767,1.3477,104.0,2026-09-16T00:40:00+02:00
GBPUSD,5m,2026-09-15T22:45:00+00:00,1.3477,1.34771,1.3476299999999999,1.34769,119.0,2026-09-16T00:45:00+02:00
GBPUSD,5m,2026-09-15T22:50:00+00:00,1.34769,1.34769,1.34755,1.34762,92.0,2026-09-16T00:50:00+02:00
GBPUSD,5m,2026-09-15T22:55:00+00:00,1.34762,1.34765,1.3475,1.3475,117.0,2026-09-16T00:55:00+02:00
GBPUSD,5m,2026-09-15T23:00:00+00:00,1.3475,1.34754,1.3473199999999999,1.34733,251.0,2026-09-16T01:00:00+02:00
GBPUSD,5m,2026-09-15T23:05:00+00:00,1.34733,1.34734,1.34728,1.34734,187.0,2026-09-16T01:05:00+02:00
GBPUSD,5m,2026-09-15T23:10:00+00:00,1.34734,1.34738,1.34727,1.3472899999999999,159.0,2026-09-16T01:10:00+02:00
GBPUSD,5m,2026-09-15T23:15:00+00:00,1.3472899999999999,1.34747,1.34727,1.3473,146.0,2026-09-16T01:15:00+02:00
GBPUSD,5m,2026-09-15T23:20:00+00:00,1.3473,1.34731,1.34726,1.34731,44.0,2026-09-16T01:20:00+02:00
GBPUSD,5m,2026-09-15T23:25:00+00:00,1.34731,1.3474,1.34707,1.3471899999999999,386.0,2026-09-16T01:25:00+02:00
GBPUSD,5m,2026-09-15T23:30:00+00:00,1.3471899999999999,1.34728,1.34717,1.3471899999999999,289.0,2026-09-16T01:30:00+02:00
GBPUSD,5m,2026-09-15T23:35:00+00:00,1.3471899999999999,1.34721,1.3468799999999999,1.34697,717.0,2026-09-16T01:35:00+02:00
GBPUSD,5m,2026-09-15T23:40:00+00:00,1.34697,1.3471,1.34687,1.347,449.0,2026-09-16T01:40:00+02:00
GBPUSD,5m,2026-09-15T23:45:00+00:00,1.347,1.3472,1.347,1.3471899999999999,177.0,2026-09-16T01:45:00+02:00
GBPUSD,5m,2026-09-15T23:50:00+00:00,1.3471899999999999,1.3472899999999999,1.34714,1.34726,387.0,2026-09-16T01:50:00+02:00
GBPUSD,5m,2026-09-15T23:55:00+00:00,1.34726,1.34726,1.34699,1.34699,481.0,2026-09-16T01:55:00+02:00
GBPUSD,5m,2026-09-16T00:00:00+00:00,1.34699,1.34706,1.34687,1.34689,961.0,2026-09-16T02:00:00+02:00
GBPUSD,5m,2026-09-16T00:05:00+00:00,1.34689,1.3470499999999999,1.34669,1.34672,959.0,2026-09-16T02:05:00+02:00
GBPUSD,5m,2026-09-16T00:10:00+00:00,1.34672,1.3468499999999999,1.3466,1.3468099999999998,852.0,2026-09-16T02:10:00+02:00
GBPUSD,5m,2026-09-16T00:15:00+00:00,1.3468099999999998,1.3471499999999998,1.3468,1.3471499999999998,948.0,2026-09-16T02:15:00+02:00
GBPUSD,5m,2026-09-16T00:20:00+00:00,1.3471499999999998,1.3473,1.34711,1.34717,1264.0,2026-09-16T02:20:00+02:00
GBPUSD,5m,2026-09-16T00:25:00+00:00,1.34717,1.34717,1.34699,1.34706,1135.0,2026-09-16T02:25:00+02:00
GBPUSD,5m,2026-09-16T00:30:00+00:00,1.34706,1.3471,1.34683,1.34689,959.0,2026-09-16T02:30:00+02:00
GBPUSD,5m,2026-09-16T00:35:00+00:00,1.34689,1.3469,1.34675,1.34679,743.0,2026-09-16T02:35:00+02:00
GBPUSD,5m,2026-09-16T00:40:00+00:00,1.34679,1.34683,1.34666,1.3466799999999999,964.0,2026-09-16T02:40:00+02:00
GBPUSD,5m,2026-09-16T00:45:00+00:00,1.3466799999999999,1.34672,1.3466,1.3467,680.0,2026-09-16T02:45:00+02:00
GBPUSD,5m,2026-09-16T00:50:00+00:00,1.3467,1.3468499999999999,1.34666,1.34679,972.0,2026-09-16T02:50:00+02:00
GBPUSD,5m,2026-09-16T00:55:00+00:00,1.34679,1.34691,1.34664,1.3468799999999999,852.0,2026-09-16T02:55:00+02:00
GBPUSD,5m,2026-09-16T01:00:00+00:00,1.3468799999999999,1.34701,1.34675,1.34677,956.0,2026-09-16T03:00:00+02:00
GBPUSD,5m,2026-09-16T01:05:00+00:00,1.34677,1.34677,1.34659,1.34665,967.0,2026-09-16T03:05:00+02:00
GBPUSD,5m,2026-09-16T01:10:00+00:00,1.34665,1.3469,1.34659,1.34689,669.0,2026-09-16T03:10:00+02:00
GBPUSD,5m,2026-09-16T01:15:00+00:00,1.34689,1.347,1.34686,1.3468799999999999,585.0,2026-09-16T03:15:00+02:00
GBPUSD,5m,2026-09-16T01:20:00+00:00,1.3468799999999999,1.34697,1.34686,1.34692,917.0,2026-09-16T03:20:00+02:00
GBPUSD,5m,2026-09-16T01:25:00+00:00,1.34692,1.3469799999999998,1.34677,1.34677,713.0,2026-09-16T03:25:00+02:00
GBPUSD,5m,2026-09-16T01:30:00+00:00,1.34677,1.34679,1.34663,1.34667,550.0,2026-09-16T03:30:00+02:00
GBPUSD,5m,2026-09-16T01:35:00+00:00,1.34667,1.34669,1.3465799999999999,1.34663,434.0,2026-09-16T03:35:00+02:00
GBPUSD,5m,2026-09-16T01:40:00+00:00,1.34663,1.34683,1.34659,1.34679,642.0,2026-09-16T03:40:00+02:00
GBPUSD,5m,2026-09-16T01:45:00+00:00,1.34679,1.34686,1.34666,1.34676,605.0,2026-09-16T03:45:00+02:00
GBPUSD,5m,2026-09-16T01:50:00+00:00,1.34676,1.34676,1.34657,1.3465799999999999,403.0,2026-09-16T03:50:00+02:00
GBPUSD,5m,2026-09-16T01:55:00+00:00,1.3465799999999999,1.34666,1.34646,1.3465399999999998,494.0,2026-09-16T03:55:00+02:00
GBPUSD,5m,2026-09-16T02:00:00+00:00,1.3465399999999998,1.3467,1.3465,1.34664,741.0,2026-09-16T04:00:00+02:00
GBPUSD,5m,2026-09-16T02:05:00+00:00,1.34664,1.347,1.3465799999999999,1.3469799999999998,703.0,2026-09-16T04:05:00+02:00
GBPUSD,5m,2026-09-16T02:10:00+00:00,1.3469799999999998,1.3472,1.3469799999999998,1.3471199999999999,834.0,2026-09-16T04:10:00+02:00
GBPUSD,5m,2026-09-16T02:15:00+00:00,1.3471199999999999,1.3473899999999999,1.3471199999999999,1.3473,722.0,2026-09-16T04:15:00+02:00
GBPUSD,5m,2026-09-16T02:20:00+00:00,1.3473,1.34734,1.3471899999999999,1.34727,690.0,2026-09-16T04:20:00+02:00
GBPUSD,5m,2026-09-16T02:25:00+00:00,1.34727,1.34745,1.34724,1.3473199999999999,713.0,2026-09-16T04:25:00+02:00
GBPUSD,5m,2026-09-16T02:30:00+00:00,1.3473199999999999,1.34769,1.3473199999999999,1.34769,945.0,2026-09-16T04:30:00+02:00
GBPUSD,5m,2026-09-16T02:35:00+00:00,1.34769,1.34786,1.34768,1.3477999999999999,981.0,2026-09-16T04:35:00+02:00
GBPUSD,5m,2026-09-16T02:40:00+00:00,1.3477999999999999,1.3477999999999999,1.34752,1.34757,734.0,2026-09-16T04:40:00+02:00
GBPUSD,5m,2026-09-16T02:45:00+00:00,1.34757,1.34772,1.34757,1.3477,584.0,2026-09-16T04:45:00+02:00
GBPUSD,5m,2026-09-16T02:50:00+00:00,1.3477,1.34772,1.34754,1.3476299999999999,773.0,2026-09-16T04:50:00+02:00
GBPUSD,5m,2026-09-16T02:55:00+00:00,1.3476299999999999,1.3478999999999999,1.34762,1.3478999999999999,1026.0,2026-09-16T04:55:00+02:00
GBPUSD,5m,2026-09-16T03:00:00+00:00,1.3478999999999999,1.3479999999999999,1.34787,1.34791,673.0,2026-09-16T05:00:00+02:00
GBPUSD,5m,2026-09-16T03:05:00+00:00,1.34791,1.34797,1.34787,1.3478999999999999,537.0,2026-09-16T05:05:00+02:00
GBPUSD,5m,2026-09-16T03:10:00+00:00,1.3478999999999999,1.34811,1.34788,1.34791,717.0,2026-09-16T05:10:00+02:00
GBPUSD,5m,2026-09-16T03:15:00+00:00,1.34791,1.34813,1.34789,1.3480999999999999,683.0,2026-09-16T05:15:00+02:00
GBPUSD,5m,2026-09-16T03:20:00+00:00,1.3480999999999999,1.34811,1.34798,1.3479999999999999,866.0,2026-09-16T05:20:00+02:00
GBPUSD,5m,2026-09-16T03:25:00+00:00,1.3479999999999999,1.3480299999999998,1.34795,1.3479999999999999,571.0,2026-09-16T05:25:00+02:00
GBPUSD,5m,2026-09-16T03:30:00+00:00,1.3479999999999999,1.34802,1.34785,1.34785,437.0,2026-09-16T05:30:00+02:00
GBPUSD,5m,2026-09-16T03:35:00+00:00,1.34785,1.34791,1.34778,1.34781,513.0,2026-09-16T05:35:00+02:00
GBPUSD,5m,2026-09-16T03:40:00+00:00,1.34781,1.34787,1.3477,1.34779,463.0,2026-09-16T05:40:00+02:00
GBPUSD,5m,2026-09-16T03:45:00+00:00,1.34779,1.3478999999999999,1.34774,1.34785,848.0,2026-09-16T05:45:00+02:00
GBPUSD,5m,2026-09-16T03:50:00+00:00,1.34785,1.34799,1.34779,1.34789,691.0,2026-09-16T05:50:00+02:00
GBPUSD,5m,2026-09-16T03:55:00+00:00,1.34789,1.34794,1.34788,1.34791,391.0,2026-09-16T05:55:00+02:00
GBPUSD,5m,2026-09-16T04:00:00+00:00,1.34791,1.3480299999999998,1.34789,1.34801,702.0,2026-09-16T06:00:00+02:00
GBPUSD,5m,2026-09-16T04:05:00+00:00,1.34801,1.34811,1.34795,1.3479999999999999,563.0,2026-09-16T06:05:00+02:00
GBPUSD,5m,2026-09-16T04:10:00+00:00,1.3479999999999999,1.34811,1.34798,1.34809,493.0,2026-09-16T06:10:00+02:00
GBPUSD,5m,2026-09-16T04:15:00+00:00,1.34809,1.34813,1.34795,1.34796,334.0,2026-09-16T06:15:00+02:00
GBPUSD,5m,2026-09-16T04:20:00+00:00,1.34796,1.34819,1.34795,1.34811,665.0,2026-09-16T06:20:00+02:00
GBPUSD,5m,2026-09-16T04:25:00+00:00,1.34811,1.34822,1.34809,1.34821,443.0,2026-09-16T06:25:00+02:00
GBPUSD,5m,2026-09-16T04:30:00+00:00,1.34821,1.3484,1.34818,1.3482699999999999,664.0,2026-09-16T06:30:00+02:00
GBPUSD,5m,2026-09-16T04:35:00+00:00,1.3482699999999999,1.34852,1.34826,1.3485099999999999,305.0,2026-09-16T06:35:00+02:00
GBPUSD,5m,2026-09-16T04:40:00+00:00,1.3485099999999999,1.3485399999999998,1.3482699999999999,1.34829,344.0,2026-09-16T06:40:00+02:00
GBPUSD,5m,2026-09-16T04:45:00+00:00,1.34829,1.34835,1.34822,1.34828,456.0,2026-09-16T06:45:00+02:00
GBPUSD,5m,2026-09-16T04:50:00+00:00,1.34828,1.34833,1.3481999999999998,1.34831,452.0,2026-09-16T06:50:00+02:00
GBPUSD,5m,2026-09-16T04:55:00+00:00,1.34831,1.3484099999999999,1.34828,1.3484099999999999,399.0,2026-09-16T06:55:00+02:00
GBPUSD,5m,2026-09-16T05:00:00+00:00,1.3484099999999999,1.34843,1.34835,1.34839,574.0,2026-09-16T07:00:00+02:00
GBPUSD,5m,2026-09-16T05:05:00+00:00,1.34839,1.34843,1.34828,1.34833,366.0,2026-09-16T07:05:00+02:00
GBPUSD,5m,2026-09-16T05:10:00+00:00,1.34833,1.3486,1.34833,1.3485099999999999,798.0,2026-09-16T07:10:00+02:00
GBPUSD,5m,2026-09-16T05:15:00+00:00,1.3485099999999999,1.34862,1.34848,1.3486099999999999,845.0,2026-09-16T07:15:00+02:00
GBPUSD,5m,2026-09-16T05:20:00+00:00,1.3486099999999999,1.34865,1.34858,1.3486099999999999,864.0,2026-09-16T07:20:00+02:00
GBPUSD,5m,2026-09-16T05:25:00+00:00,1.3486099999999999,1.3488099999999998,1.3486,1.34869,620.0,2026-09-16T07:25:00+02:00
GBPUSD,5m,2026-09-16T05:30:00+00:00,1.34869,1.3488499999999999,1.34865,1.34876,813.0,2026-09-16T07:30:00+02:00
GBPUSD,5m,2026-09-16T05:35:00+00:00,1.34876,1.3488099999999998,1.34867,1.3486799999999999,717.0,2026-09-16T07:35:00+02:00
GBPUSD,5m,2026-09-16T05:40:00+00:00,1.3486799999999999,1.3487,1.34858,1.3486399999999998,464.0,2026-09-16T07:40:00+02:00
GBPUSD,5m,2026-09-16T05:45:00+00:00,1.3486399999999998,1.34887,1.3486399999999998,1.34874,605.0,2026-09-16T07:45:00+02:00
GBPUSD,5m,2026-09-16T05:50:00+00:00,1.34874,1.34919,1.34873,1.34914,640.0,2026-09-16T07:50:00+02:00
GBPUSD,5m,2026-09-16T05:55:00+00:00,1.34914,1.34943,1.34909,1.34909,1042.0,2026-09-16T07:55:00+02:00
GBPUSD,5m,2026-09-16T06:00:00+00:00,1.34909,1.3497999999999999,1.34802,1.3482699999999999,1476.0,2026-09-16T08:00:00+02:00
GBPUSD,5m,2026-09-16T06:05:00+00:00,1.3482699999999999,1.34833,1.34781,1.34823,1407.0,2026-09-16T08:05:00+02:00
GBPUSD,5m,2026-09-16T06:10:00+00:00,1.34823,1.34857,1.34811,1.3485099999999999,1445.0,2026-09-16T08:10:00+02:00
GBPUSD,5m,2026-09-16T06:15:00+00:00,1.3485099999999999,1.34863,1.34828,1.34843,1138.0,2026-09-16T08:15:00+02:00
GBPUSD,5m,2026-09-16T06:20:00+00:00,1.34843,1.34849,1.3480299999999998,1.34804,1075.0,2026-09-16T08:20:00+02:00
GBPUSD,5m,2026-09-16T06:25:00+00:00,1.34804,1.34805,1.34778,1.34789,981.0,2026-09-16T08:25:00+02:00
GBPUSD,5m,2026-09-16T06:30:00+00:00,1.34789,1.3480299999999998,1.34772,1.34777,939.0,2026-09-16T08:30:00+02:00
GBPUSD,5m,2026-09-16T06:35:00+00:00,1.34777,1.34797,1.3477599999999998,1.3478999999999999,929.0,2026-09-16T08:35:00+02:00
GBPUSD,5m,2026-09-16T06:40:00+00:00,1.3478999999999999,1.34792,1.34764,1.3477999999999999,735.0,2026-09-16T08:40:00+02:00
GBPUSD,5m,2026-09-16T06:45:00+00:00,1.3477999999999999,1.3477999999999999,1.34754,1.34769,626.0,2026-09-16T08:45:00+02:00
GBPUSD,5m,2026-09-16T06:50:00+00:00,1.34769,1.34782,1.34754,1.34761,854.0,2026-09-16T08:50:00+02:00
GBPUSD,5m,2026-09-16T06:55:00+00:00,1.34761,1.3480299999999998,1.3475899999999998,1.34799,1363.0,2026-09-16T08:55:00+02:00
GBPUSD,5m,2026-09-16T07:00:00+00:00,1.34799,1.3480999999999999,1.3476,1.34784,1698.0,2026-09-16T09:00:00+02:00
GBPUSD,5m,2026-09-16T07:05:00+00:00,1.34784,1.34798,1.34769,1.34796,1319.0,2026-09-16T09:05:00+02:00
GBPUSD,5m,2026-09-16T07:10:00+00:00,1.34796,1.34818,1.3477599999999998,1.3481699999999999,1030.0,2026-09-16T09:10:00+02:00
GBPUSD,5m,2026-09-16T07:15:00+00:00,1.3481699999999999,1.34821,1.3478299999999999,1.3478999999999999,1176.0,2026-09-16T09:15:00+02:00
GBPUSD,5m,2026-09-16T07:20:00+00:00,1.3478999999999999,1.34801,1.34775,1.34775,913.0,2026-09-16T09:20:00+02:00
GBPUSD,5m,2026-09-16T07:25:00+00:00,1.34775,1.34801,1.3475899999999998,1.34797,779.0,2026-09-16T09:25:00+02:00
GBPUSD,5m,2026-09-16T07:30:00+00:00,1.34797,1.3484,1.34794,1.34814,1243.0,2026-09-16T09:30:00+02:00
GBPUSD,5m,2026-09-16T07:35:00+00:00,1.34814,1.34835,1.34798,1.3479999999999999,1278.0,2026-09-16T09:35:00+02:00
GBPUSD,5m,2026-09-16T07:40:00+00:00,1.3479999999999999,1.3479999999999999,1.34764,1.34775,860.0,2026-09-16T09:40:00+02:00
GBPUSD,5m,2026-09-16T07:45:00+00:00,1.34775,1.34787,1.34764,1.34775,844.0,2026-09-16T09:45:00+02:00
GBPUSD,5m,2026-09-16T07:50:00+00:00,1.34775,1.3477599999999998,1.3471499999999998,1.3471499999999998,1235.0,2026-09-16T09:50:00+02:00
GBPUSD,5m,2026-09-16T07:55:00+00:00,1.3471499999999998,1.3473199999999999,1.34706,1.34714,1102.0,2026-09-16T09:55:00+02:00
GBPUSD,5m,2026-09-16T08:00:00+00:00,1.34714,1.34718,1.3468,1.34691,1491.0,2026-09-16T10:00:00+02:00
GBPUSD,5m,2026-09-16T08:05:00+00:00,1.34691,1.34692,1.34664,1.34689,1114.0,2026-09-16T10:05:00+02:00
GBPUSD,5m,2026-09-16T08:10:00+00:00,1.34689,1.34699,1.34669,1.34677,920.0,2026-09-16T10:10:00+02:00
GBPUSD,5m,2026-09-16T08:15:00+00:00,1.34677,1.3472899999999999,1.34664,1.3470199999999999,1002.0,2026-09-16T10:15:00+02:00
GBPUSD,5m,2026-09-16T08:20:00+00:00,1.3470199999999999,1.34745,1.34694,1.34708,1842.0,2026-09-16T10:20:00+02:00
GBPUSD,5m,2026-09-16T08:25:00+00:00,1.34708,1.34724,1.34704,1.3471899999999999,1005.0,2026-09-16T10:25:00+02:00
GBPUSD,5m,2026-09-16T08:30:00+00:00,1.3471899999999999,1.3471899999999999,1.34687,1.34699,1300.0,2026-09-16T10:30:00+02:00
GBPUSD,5m,2026-09-16T08:35:00+00:00,1.34699,1.3471,1.34693,1.347,781.0,2026-09-16T10:35:00+02:00
GBPUSD,5m,2026-09-16T08:40:00+00:00,1.347,1.3471899999999999,1.3469499999999999,1.3469499999999999,1075.0,2026-09-16T10:40:00+02:00
GBPUSD,5m,2026-09-16T08:45:00+00:00,1.3469499999999999,1.34709,1.34692,1.34699,947.0,2026-09-16T10:45:00+02:00
GBPUSD,5m,2026-09-16T08:50:00+00:00,1.34699,1.34718,1.3469,1.3469799999999998,974.0,2026-09-16T10:50:00+02:00
GBPUSD,5m,2026-09-16T08:55:00+00:00,1.3469799999999998,1.34711,1.34693,1.347,818.0,2026-09-16T10:55:00+02:00
GBPUSD,5m,2026-09-16T09:00:00+00:00,1.347,1.3471,1.34669,1.34674,914.0,2026-09-16T11:00:00+02:00
GBPUSD,5m,2026-09-16T09:05:00+00:00,1.34674,1.34691,1.34673,1.34686,918.0,2026-09-16T11:05:00+02:00
GBPUSD,5m,2026-09-16T09:10:00+00:00,1.34686,1.3471499999999998,1.34683,1.3471,1080.0,2026-09-16T11:10:00+02:00
GBPUSD,5m,2026-09-16T09:15:00+00:00,1.3471,1.34711,1.34686,1.34693,699.0,2026-09-16T11:15:00+02:00
GBPUSD,5m,2026-09-16T09:20:00+00:00,1.34693,1.34706,1.34675,1.34677,826.0,2026-09-16T11:20:00+02:00
GBPUSD,5m,2026-09-16T09:25:00+00:00,1.34677,1.34703,1.34674,1.34699,1627.0,2026-09-16T11:25:00+02:00
GBPUSD,5m,2026-09-16T09:30:00+00:00,1.34699,1.3473,1.34689,1.34717,1069.0,2026-09-16T11:30:00+02:00
GBPUSD,5m,2026-09-16T09:35:00+00:00,1.34717,1.34728,1.3470199999999999,1.34703,909.0,2026-09-16T11:35:00+02:00
GBPUSD,5m,2026-09-16T09:40:00+00:00,1.34703,1.3471499999999998,1.3468499999999999,1.34709,840.0,2026-09-16T11:40:00+02:00
GBPUSD,5m,2026-09-16T09:45:00+00:00,1.34709,1.3471899999999999,1.34693,1.34697,860.0,2026-09-16T11:45:00+02:00
GBPUSD,5m,2026-09-16T09:50:00+00:00,1.34697,1.34708,1.3467799999999999,1.3468,766.0,2026-09-16T11:50:00+02:00
GBPUSD,5m,2026-09-16T09:55:00+00:00,1.3468,1.34703,1.3466799999999999,1.34669,831.0,2026-09-16T11:55:00+02:00
GBPUSD,5m,2026-09-16T10:00:00+00:00,1.34669,1.34686,1.34659,1.3466099999999999,740.0,2026-09-16T12:00:00+02:00
GBPUSD,5m,2026-09-16T10:05:00+00:00,1.3466099999999999,1.34667,1.34652,1.3465799999999999,628.0,2026-09-16T12:05:00+02:00
GBPUSD,5m,2026-09-16T10:10:00+00:00,1.3465799999999999,1.34677,1.34657,1.34664,673.0,2026-09-16T12:10:00+02:00
GBPUSD,5m,2026-09-16T10:15:00+00:00,1.34664,1.3468499999999999,1.34663,1.34684,674.0,2026-09-16T12:15:00+02:00
GBPUSD,5m,2026-09-16T10:20:00+00:00,1.34684,1.34703,1.34665,1.3466799999999999,865.0,2026-09-16T12:20:00+02:00
GBPUSD,5m,2026-09-16T10:25:00+00:00,1.3466799999999999,1.34679,1.3466,1.34677,727.0,2026-09-16T12:25:00+02:00
GBPUSD,5m,2026-09-16T10:30:00+00:00,1.34677,1.34677,1.34656,1.34669,564.0,2026-09-16T12:30:00+02:00
GBPUSD,5m,2026-09-16T10:35:00+00:00,1.34669,1.34687,1.34666,1.3468499999999999,460.0,2026-09-16T12:35:00+02:00
GBPUSD,5m,2026-09-16T10:40:00+00:00,1.3468499999999999,1.34708,1.3468099999999998,1.34708,656.0,2026-09-16T12:40:00+02:00
GBPUSD,5m,2026-09-16T10:45:00+00:00,1.34708,1.34708,1.34673,1.34679,523.0,2026-09-16T12:45:00+02:00
GBPUSD,5m,2026-09-16T10:50:00+00:00,1.34679,1.34683,1.34659,1.3466799999999999,458.0,2026-09-16T12:50:00+02:00
GBPUSD,5m,2026-09-16T10:55:00+00:00,1.3466799999999999,1.34716,1.3466799999999999,1.34713,606.0,2026-09-16T12:55:00+02:00
GBPUSD,5m,2026-09-16T11:00:00+00:00,1.34713,1.34726,1.34675,1.34676,1478.0,2026-09-16T13:00:00+02:00
GBPUSD,5m,2026-09-16T11:05:00+00:00,1.34676,1.34679,1.3463399999999999,1.34635,956.0,2026-09-16T13:05:00+02:00
GBPUSD,5m,2026-09-16T11:10:00+00:00,1.34635,1.3464,1.34585,1.34616,1344.0,2026-09-16T13:10:00+02:00
GBPUSD,5m,2026-09-16T11:15:00+00:00,1.34616,1.34635,1.34603,1.3462699999999999,1057.0,2026-09-16T13:15:00+02:00
GBPUSD,5m,2026-09-16T11:20:00+00:00,1.3462699999999999,1.34639,1.34613,1.3461699999999999,894.0,2026-09-16T13:20:00+02:00
GBPUSD,5m,2026-09-16T11:25:00+00:00,1.3461699999999999,1.3466,1.34601,1.34647,1228.0,2026-09-16T13:25:00+02:00
GBPUSD,5m,2026-09-16T11:30:00+00:00,1.34647,1.34659,1.34623,1.34628,1208.0,2026-09-16T13:30:00+02:00
GBPUSD,5m,2026-09-16T11:35:00+00:00,1.34628,1.34648,1.3459299999999998,1.34602,1197.0,2026-09-16T13:35:00+02:00
GBPUSD,5m,2026-09-16T11:40:00+00:00,1.34602,1.34609,1.34578,1.34599,1575.0,2026-09-16T13:40:00+02:00
GBPUSD,5m,2026-09-16T11:45:00+00:00,1.34599,1.34609,1.3457,1.3457299999999999,965.0,2026-09-16T13:45:00+02:00
GBPUSD,5m,2026-09-16T11:50:00+00:00,1.3457299999999999,1.34577,1.34552,1.34567,1079.0,2026-09-16T13:50:00+02:00
GBPUSD,5m,2026-09-16T11:55:00+00:00,1.34567,1.34568,1.34543,1.34552,1073.0,2026-09-16T13:55:00+02:00
GBPUSD,5m,2026-09-16T12:00:00+00:00,1.34552,1.34574,1.34551,1.3456599999999999,1289.0,2026-09-16T14:00:00+02:00
GBPUSD,5m,2026-09-16T12:05:00+00:00,1.3456599999999999,1.34578,1.34534,1.3455,1180.0,2026-09-16T14:05:00+02:00
GBPUSD,5m,2026-09-16T12:10:00+00:00,1.3455,1.3455,1.34526,1.3454199999999998,991.0,2026-09-16T14:10:00+02:00
GBPUSD,5m,2026-09-16T12:15:00+00:00,1.3454199999999998,1.3455,1.3450499999999999,1.34509,1022.0,2026-09-16T14:15:00+02:00
GBPUSD,5m,2026-09-16T12:20:00+00:00,1.34509,1.34509,1.34482,1.34487,947.0,2026-09-16T14:20:00+02:00
GBPUSD,5m,2026-09-16T12:25:00+00:00,1.34487,1.3449799999999998,1.34465,1.3446799999999999,522.0,2026-09-16T14:25:00+02:00
GBPUSD,5m,2026-09-16T12:30:00+00:00,1.3446799999999999,1.34534,1.3443699999999998,1.34521,897.0,2026-09-16T14:30:00+02:00
GBPUSD,5m,2026-09-16T12:35:00+00:00,1.34521,1.34531,1.34514,1.34517,824.0,2026-09-16T14:35:00+02:00
GBPUSD,5m,2026-09-16T12:40:00+00:00,1.34517,1.3455899999999998,1.34517,1.3454,874.0,2026-09-16T14:40:00+02:00
GBPUSD,5m,2026-09-16T12:45:00+00:00,1.3454,1.3458999999999999,1.3452899999999999,1.34577,1012.0,2026-09-16T14:45:00+02:00
GBPUSD,5m,2026-09-16T12:50:00+00:00,1.34577,1.3459999999999999,1.34575,1.34589,1152.0,2026-09-16T14:50:00+02:00
GBPUSD,5m,2026-09-16T12:55:00+00:00,1.34589,1.34595,1.34555,1.3457,1242.0,2026-09-16T14:55:00+02:00
GBPUSD,5m,2026-09-16T13:00:00+00:00,1.3457,1.34574,1.34538,1.34554,1438.0,2026-09-16T15:00:00+02:00
GBPUSD,5m,2026-09-16T13:05:00+00:00,1.34554,1.3458299999999999,1.34544,1.34568,1253.0,2026-09-16T15:05:00+02:00
GBPUSD,5m,2026-09-16T13:10:00+00:00,1.34568,1.34609,1.34567,1.34589,1176.0,2026-09-16T15:10:00+02:00
GBPUSD,5m,2026-09-16T13:15:00+00:00,1.34589,1.34595,1.34548,1.3454899999999999,1385.0,2026-09-16T15:15:00+02:00
GBPUSD,5m,2026-09-16T13:20:00+00:00,1.3454899999999999,1.34565,1.34541,1.3456,981.0,2026-09-16T15:20:00+02:00
GBPUSD,5m,2026-09-16T13:25:00+00:00,1.3456,1.34582,1.3454899999999999,1.34554,882.0,2026-09-16T15:25:00+02:00
GBPUSD,5m,2026-09-16T13:30:00+00:00,1.34554,1.34582,1.3454599999999999,1.34582,1317.0,2026-09-16T15:30:00+02:00
GBPUSD,5m,2026-09-16T13:35:00+00:00,1.34582,1.3459999999999999,1.34571,1.34587,1342.0,2026-09-16T15:35:00+02:00
GBPUSD,5m,2026-09-16T13:40:00+00:00,1.34587,1.34592,1.3455599999999999,1.3455599999999999,1328.0,2026-09-16T15:40:00+02:00
GBPUSD,5m,2026-09-16T13:45:00+00:00,1.3455599999999999,1.34572,1.3453,1.34533,1326.0,2026-09-16T15:45:00+02:00
GBPUSD,5m,2026-09-16T13:50:00+00:00,1.34533,1.34534,1.34506,1.3451899999999999,1072.0,2026-09-16T15:50:00+02:00
GBPUSD,5m,2026-09-16T13:55:00+00:00,1.3451899999999999,1.3453199999999998,1.34491,1.34492,1069.0,2026-09-16T15:55:00+02:00
GBPUSD,5m,2026-09-16T14:00:00+00:00,1.34492,1.34501,1.34456,1.3447799999999999,869.0,2026-09-16T16:00:00+02:00
GBPUSD,5m,2026-09-16T14:05:00+00:00,1.3447799999999999,1.3451499999999998,1.3446,1.34511,718.0,2026-09-16T16:05:00+02:00
GBPUSD,5m,2026-09-16T14:10:00+00:00,1.34511,1.34555,1.34501,1.34554,1051.0,2026-09-16T16:10:00+02:00
GBPUSD,5m,2026-09-16T14:15:00+00:00,1.34554,1.34554,1.34496,1.34511,990.0,2026-09-16T16:15:00+02:00
GBPUSD,5m,2026-09-16T14:20:00+00:00,1.34511,1.34538,1.34509,1.34518,1043.0,2026-09-16T16:20:00+02:00
GBPUSD,5m,2026-09-16T14:25:00+00:00,1.34518,1.34548,1.34518,1.34537,974.0,2026-09-16T16:25:00+02:00
GBPUSD,5m,2026-09-16T14:30:00+00:00,1.34537,1.3456299999999999,1.34526,1.3455899999999998,734.0,2026-09-16T16:30:00+02:00
GBPUSD,5m,2026-09-16T14:35:00+00:00,1.3455899999999998,1.3460699999999999,1.34555,1.34596,668.0,2026-09-16T16:35:00+02:00
GBPUSD,5m,2026-09-16T14:40:00+00:00,1.34596,1.3462699999999999,1.3457599999999998,1.34606,1051.0,2026-09-16T16:40:00+02:00
GBPUSD,5m,2026-09-16T14:45:00+00:00,1.34606,1.34613,1.34582,1.3458299999999999,994.0,2026-09-16T16:45:00+02:00
GBPUSD,5m,2026-09-16T14:50:00+00:00,1.3458299999999999,1.34602,1.34575,1.34585,1125.0,2026-09-16T16:50:00+02:00
GBPUSD,5m,2026-09-16T14:55:00+00:00,1.34585,1.34591,1.34504,1.34534,2006.0,2026-09-16T16:55:00+02:00
GBPUSD,5m,2026-09-16T15:00:00+00:00,1.34534,1.34545,1.34496,1.34499,1542.0,2026-09-16T17:00:00+02:00
GBPUSD,5m,2026-09-16T15:05:00+00:00,1.34499,1.34578,1.34499,1.34575,1679.0,2026-09-16T17:05:00+02:00
GBPUSD,5m,2026-09-16T15:10:00+00:00,1.34575,1.34578,1.3453,1.34553,1806.0,2026-09-16T17:10:00+02:00
GBPUSD,5m,2026-09-16T15:15:00+00:00,1.34553,1.3455599999999999,1.34531,1.34548,1252.0,2026-09-16T17:15:00+02:00
GBPUSD,5m,2026-09-16T15:20:00+00:00,1.34548,1.34548,1.34524,1.3452899999999999,1155.0,2026-09-16T17:20:00+02:00
GBPUSD,5m,2026-09-16T15:25:00+00:00,1.3452899999999999,1.3453,1.34476,1.34477,1048.0,2026-09-16T17:25:00+02:00
GBPUSD,5m,2026-09-16T15:30:00+00:00,1.34477,1.3448,1.3445,1.34465,1155.0,2026-09-16T17:30:00+02:00
GBPUSD,5m,2026-09-16T15:35:00+00:00,1.34465,1.34497,1.3446,1.34482,1127.0,2026-09-16T17:35:00+02:00
GBPUSD,5m,2026-09-16T15:40:00+00:00,1.34482,1.34489,1.34453,1.34456,786.0,2026-09-16T17:40:00+02:00
GBPUSD,5m,2026-09-16T15:45:00+00:00,1.34456,1.34517,1.34445,1.34476,2602.0,2026-09-16T17:45:00+02:00
GBPUSD,5m,2026-09-16T15:50:00+00:00,1.34476,1.34489,1.34453,1.3445399999999998,1489.0,2026-09-16T17:50:00+02:00
GBPUSD,5m,2026-09-16T15:55:00+00:00,1.3445399999999998,1.34472,1.34442,1.34446,1076.0,2026-09-16T17:55:00+02:00
GBPUSD,5m,2026-09-16T16:00:00+00:00,1.34446,1.3445399999999998,1.34432,1.3443399999999999,1422.0,2026-09-16T18:00:00+02:00
GBPUSD,5m,2026-09-16T16:05:00+00:00,1.3443399999999999,1.3444399999999999,1.3441699999999999,1.3442399999999999,930.0,2026-09-16T18:05:00+02:00
GBPUSD,5m,2026-09-16T16:10:00+00:00,1.3442399999999999,1.34438,1.34422,1.34436,675.0,2026-09-16T18:10:00+02:00
GBPUSD,5m,2026-09-16T16:15:00+00:00,1.34436,1.34474,1.34436,1.34463,929.0,2026-09-16T18:15:00+02:00
GBPUSD,5m,2026-09-16T16:20:00+00:00,1.34463,1.3450199999999999,1.3446099999999999,1.34501,945.0,2026-09-16T18:20:00+02:00
GBPUSD,5m,2026-09-16T16:25:00+00:00,1.34501,1.34507,1.34474,1.34484,773.0,2026-09-16T18:25:00+02:00
GBPUSD,5m,2026-09-16T16:30:00+00:00,1.34484,1.34489,1.34463,1.34486,682.0,2026-09-16T18:30:00+02:00
GBPUSD,5m,2026-09-16T16:35:00+00:00,1.34486,1.3449799999999998,1.34476,1.3448499999999999,582.0,2026-09-16T18:35:00+02:00
GBPUSD,5m,2026-09-16T16:40:00+00:00,1.3448499999999999,1.34487,1.34473,1.34475,489.0,2026-09-16T18:40:00+02:00
GBPUSD,5m,2026-09-16T16:45:00+00:00,1.34475,1.34487,1.34465,1.34469,539.0,2026-09-16T18:45:00+02:00
GBPUSD,5m,2026-09-16T16:50:00+00:00,1.34469,1.34474,1.34457,1.34457,692.0,2026-09-16T18:50:00+02:00
GBPUSD,5m,2026-09-16T16:55:00+00:00,1.34457,1.3447,1.34447,1.34447,970.0,2026-09-16T18:55:00+02:00
GBPUSD,5m,2026-09-16T17:00:00+00:00,1.34447,1.34448,1.3442399999999999,1.34429,1059.0,2026-09-16T19:00:00+02:00
GBPUSD,5m,2026-09-16T17:05:00+00:00,1.34429,1.3443399999999999,1.34406,1.34409,865.0,2026-09-16T19:05:00+02:00
GBPUSD,5m,2026-09-16T17:10:00+00:00,1.34409,1.34413,1.34388,1.34396,816.0,2026-09-16T19:10:00+02:00
GBPUSD,5m,2026-09-16T17:15:00+00:00,1.34396,1.34421,1.34392,1.34405,823.0,2026-09-16T19:15:00+02:00
GBPUSD,5m,2026-09-16T17:20:00+00:00,1.34405,1.34419,1.34402,1.34404,631.0,2026-09-16T19:20:00+02:00
GBPUSD,5m,2026-09-16T17:25:00+00:00,1.34404,1.34421,1.34403,1.34415,851.0,2026-09-16T19:25:00+02:00
GBPUSD,5m,2026-09-16T17:30:00+00:00,1.34415,1.34435,1.34413,1.34431,869.0,2026-09-16T19:30:00+02:00
GBPUSD,5m,2026-09-16T17:35:00+00:00,1.34431,1.3444,1.34419,1.34419,648.0,2026-09-16T19:35:00+02:00
GBPUSD,5m,2026-09-16T17:40:00+00:00,1.34419,1.34436,1.34416,1.3443399999999999,867.0,2026-09-16T19:40:00+02:00
GBPUSD,5m,2026-09-16T17:45:00+00:00,1.3443399999999999,1.34443,1.34425,1.34435,718.0,2026-09-16T19:45:00+02:00
GBPUSD,5m,2026-09-16T17:50:00+00:00,1.34435,1.34448,1.34422,1.34431,993.0,2026-09-16T19:50:00+02:00
GBPUSD,5m,2026-09-16T17:55:00+00:00,1.34431,1.34487,1.3442399999999999,1.34464,846.0,2026-09-16T19:55:00+02:00
GBPUSD,5m,2026-09-16T18:00:00+00:00,1.34464,1.34589,1.34162,1.3424099999999999,5980.0,2026-09-16T20:00:00+02:00
GBPUSD,5m,2026-09-16T18:05:00+00:00,1.3424099999999999,1.34345,1.34196,1.34269,4574.0,2026-09-16T20:05:00+02:00
GBPUSD,5m,2026-09-16T18:10:00+00:00,1.34269,1.34279,1.34096,1.34106,3765.0,2026-09-16T20:10:00+02:00
GBPUSD,5m,2026-09-16T18:15:00+00:00,1.34106,1.34147,1.34066,1.34117,5018.0,2026-09-16T20:15:00+02:00
GBPUSD,5m,2026-09-16T18:20:00+00:00,1.34117,1.34192,1.3409799999999998,1.3413599999999999,4513.0,2026-09-16T20:20:00+02:00
GBPUSD,5m,2026-09-16T18:25:00+00:00,1.3413599999999999,1.34137,1.34073,1.34099,2380.0,2026-09-16T20:25:00+02:00
GBPUSD,5m,2026-09-16T18:30:00+00:00,1.34099,1.34117,1.33923,1.3393,5508.0,2026-09-16T20:30:00+02:00
GBPUSD,5m,2026-09-16T18:35:00+00:00,1.3393,1.33996,1.33852,1.3396599999999999,3775.0,2026-09-16T20:35:00+02:00
GBPUSD,5m,2026-09-16T18:40:00+00:00,1.3396599999999999,1.34047,1.33899,1.33986,3775.0,2026-09-16T20:40:00+02:00
GBPUSD,5m,2026-09-16T18:45:00+00:00,1.33986,1.3404,1.3395,1.33992,4781.0,2026-09-16T20:45:00+02:00
GBPUSD,5m,2026-09-16T18:50:00+00:00,1.33992,1.34001,1.33829,1.3386799999999999,3612.0,2026-09-16T20:50:00+02:00
GBPUSD,5m,2026-09-16T18:55:00+00:00,1.3386799999999999,1.33904,1.33801,1.3380999999999998,3211.0,2026-09-16T20:55:00+02:00
GBPUSD,5m,2026-09-16T19:00:00+00:00,1.3380999999999998,1.3392199999999999,1.33802,1.33882,4153.0,2026-09-16T21:00:00+02:00
GBPUSD,5m,2026-09-16T19:05:00+00:00,1.33882,1.33904,1.33806,1.33816,4149.0,2026-09-16T21:05:00+02:00
GBPUSD,5m,2026-09-16T19:10:00+00:00,1.33816,1.33843,1.33788,1.33828,2934.0,2026-09-16T21:10:00+02:00
GBPUSD,5m,2026-09-16T19:15:00+00:00,1.33828,1.33847,1.3375299999999999,1.3377299999999999,2712.0,2026-09-16T21:15:00+02:00
GBPUSD,5m,2026-09-16T19:20:00+00:00,1.3377299999999999,1.3378999999999999,1.33743,1.3377,2651.0,2026-09-16T21:20:00+02:00
GBPUSD,5m,2026-09-16T19:25:00+00:00,1.3377,1.33782,1.33717,1.3377,2661.0,2026-09-16T21:25:00+02:00
GBPUSD,5m,2026-09-16T19:30:00+00:00,1.3377,1.3386099999999999,1.3376299999999999,1.3386099999999999,3180.0,2026-09-16T21:30:00+02:00
GBPUSD,5m,2026-09-16T19:35:00+00:00,1.3386099999999999,1.33903,1.3384099999999999,1.33883,2550.0,2026-09-16T21:35:00+02:00
GBPUSD,5m,2026-09-16T19:40:00+00:00,1.33883,1.33906,1.33842,1.3384399999999999,2012.0,2026-09-16T21:40:00+02:00
GBPUSD,5m,2026-09-16T19:45:00+00:00,1.3384399999999999,1.3387799999999999,1.3382399999999999,1.3385099999999999,1983.0,2026-09-16T21:45:00+02:00
GBPUSD,5m,2026-09-16T19:50:00+00:00,1.3385099999999999,1.3385399999999998,1.3382399999999999,1.33843,1642.0,2026-09-16T21:50:00+02:00
GBPUSD,5m,2026-09-16T19:55:00+00:00,1.33843,1.33866,1.3382399999999999,1.33863,1290.0,2026-09-16T21:55:00+02:00
GBPUSD,5m,2026-09-16T20:00:00+00:00,1.33863,1.33891,1.33849,1.3385099999999999,857.0,2026-09-16T22:00:00+02:00
GBPUSD,5m,2026-09-16T20:05:00+00:00,1.3385099999999999,1.3385799999999999,1.33811,1.3383399999999999,539.0,2026-09-16T22:05:00+02:00
GBPUSD,5m,2026-09-16T20:10:00+00:00,1.3383399999999999,1.33836,1.33801,1.33806,498.0,2026-09-16T22:10:00+02:00
GBPUSD,5m,2026-09-16T20:15:00+00:00,1.33806,1.33825,1.33785,1.33788,436.0,2026-09-16T22:15:00+02:00
GBPUSD,5m,2026-09-16T20:20:00+00:00,1.33788,1.33791,1.33754,1.3376,540.0,2026-09-16T22:20:00+02:00
GBPUSD,5m,2026-09-16T20:25:00+00:00,1.3376,1.33769,1.33743,1.33762,420.0,2026-09-16T22:25:00+02:00
GBPUSD,5m,2026-09-16T20:30:00+00:00,1.33762,1.3378999999999999,1.33757,1.33787,403.0,2026-09-16T22:30:00+02:00
GBPUSD,5m,2026-09-16T20:35:00+00:00,1.33787,1.33823,1.33779,1.33813,483.0,2026-09-16T22:35:00+02:00
GBPUSD,5m,2026-09-16T20:40:00+00:00,1.33813,1.3381399999999999,1.33791,1.33801,566.0,2026-09-16T22:40:00+02:00
GBPUSD,5m,2026-09-16T20:45:00+00:00,1.33801,1.33825,1.33801,1.33812,735.0,2026-09-16T22:45:00+02:00
GBPUSD,5m,2026-09-16T20:50:00+00:00,1.33812,1.33815,1.3378299999999999,1.33804,843.0,2026-09-16T22:50:00+02:00
GBPUSD,5m,2026-09-16T20:55:00+00:00,1.33804,1.33811,1.3377599999999998,1.33779,782.0,2026-09-16T22:55:00+02:00
GBPUSD,5m,2026-09-16T21:00:00+00:00,1.33779,1.33779,1.33706,1.33727,6.0,2026-09-16T23:00:00+02:00
GBPUSD,5m,2026-09-16T21:05:00+00:00,1.33727,1.3375,1.33726,1.3375,17.0,2026-09-16T23:05:00+02:00
GBPUSD,5m,2026-09-16T21:10:00+00:00,1.3375,1.3375,1.3371499999999998,1.33716,17.0,2026-09-16T23:10:00+02:00
GBPUSD,5m,2026-09-16T21:15:00+00:00,1.33716,1.33778,1.33716,1.3375599999999999,116.0,2026-09-16T23:15:00+02:00
GBPUSD,5m,2026-09-16T21:20:00+00:00,1.3375599999999999,1.33761,1.3375,1.3375,14.0,2026-09-16T23:20:00+02:00
GBPUSD,5m,2026-09-16T21:30:00+00:00,1.3375,1.33802,1.3372,1.33755,55.0,2026-09-16T23:30:00+02:00
GBPUSD,5m,2026-09-16T21:35:00+00:00,1.33755,1.33802,1.3375,1.33801,149.0,2026-09-16T23:35:00+02:00
GBPUSD,5m,2026-09-16T21:40:00+00:00,1.33801,1.33813,1.33792,1.3380699999999999,153.0,2026-09-16T23:40:00+02:00
GBPUSD,5m,2026-09-16T21:45:00+00:00,1.3380699999999999,1.33812,1.33754,1.33754,61.0,2026-09-16T23:45:00+02:00
GBPUSD,5m,2026-09-16T21:50:00+00:00,1.33754,1.33771,1.33747,1.33755,177.0,2026-09-16T23:50:00+02:00
GBPUSD,5m,2026-09-16T21:55:00+00:00,1.33755,1.33775,1.33707,1.3375599999999999,264.0,2026-09-16T23:55:00+02:00
GBPUSD,5m,2026-09-16T22:00:00+00:00,1.3375599999999999,1.33789,1.33742,1.3374599999999999,230.0,2026-09-17T00:00:00+02:00
GBPUSD,5m,2026-09-16T22:05:00+00:00,1.3374599999999999,1.33788,1.3374599999999999,1.33769,590.0,2026-09-17T00:05:00+02:00
GBPUSD,5m,2026-09-16T22:10:00+00:00,1.33769,1.3377599999999998,1.3375599999999999,1.3376299999999999,206.0,2026-09-17T00:10:00+02:00
GBPUSD,5m,2026-09-16T22:15:00+00:00,1.3376299999999999,1.3379299999999998,1.33762,1.33782,226.0,2026-09-17T00:15:00+02:00
GBPUSD,5m,2026-09-16T22:20:00+00:00,1.33782,1.3378999999999999,1.33777,1.33786,182.0,2026-09-17T00:20:00+02:00
GBPUSD,5m,2026-09-16T22:25:00+00:00,1.33786,1.33806,1.33785,1.33795,320.0,2026-09-17T00:25:00+02:00
GBPUSD,5m,2026-09-16T22:30:00+00:00,1.33795,1.33804,1.33786,1.33795,316.0,2026-09-17T00:30:00+02:00
GBPUSD,5m,2026-09-16T22:35:00+00:00,1.33795,1.33802,1.33792,1.33794,239.0,2026-09-17T00:35:00+02:00
GBPUSD,5m,2026-09-16T22:40:00+00:00,1.33794,1.33796,1.3379299999999998,1.33794,60.0,2026-09-17T00:40:00+02:00
GBPUSD,5m,2026-09-16T22:45:00+00:00,1.33794,1.33815,1.3379299999999998,1.33802,193.0,2026-09-17T00:45:00+02:00
GBPUSD,5m,2026-09-16T22:50:00+00:00,1.33802,1.3380699999999999,1.33789,1.3378999999999999,199.0,2026-09-17T00:50:00+02:00
GBPUSD,5m,2026-09-16T22:55:00+00:00,1.3378999999999999,1.3379699999999999,1.3378999999999999,1.33796,173.0,2026-09-17T00:55:00+02:00
GBPUSD,5m,2026-09-16T23:00:00+00:00,1.33796,1.3380699999999999,1.3377999999999999,1.33806,284.0,2026-09-17T01:00:00+02:00
GBPUSD,5m,2026-09-16T23:05:00+00:00,1.33806,1.33818,1.33792,1.33804,390.0,2026-09-17T01:05:00+02:00
GBPUSD,5m,2026-09-16T23:10:00+00:00,1.33804,1.33818,1.33803,1.3380999999999998,266.0,2026-09-17T01:10:00+02:00
GBPUSD,5m,2026-09-16T23:15:00+00:00,1.3380999999999998,1.33826,1.3380999999999998,1.33812,222.0,2026-09-17T01:15:00+02:00
GBPUSD,5m,2026-09-16T23:20:00+00:00,1.33812,1.33829,1.33812,1.3381699999999999,241.0,2026-09-17T01:20:00+02:00
GBPUSD,5m,2026-09-16T23:25:00+00:00,1.3381699999999999,1.33825,1.33805,1.33806,475.0,2026-09-17T01:25:00+02:00
GBPUSD,5m,2026-09-16T23:30:00+00:00,1.33806,1.33829,1.33806,1.33823,322.0,2026-09-17T01:30:00+02:00
GBPUSD,5m,2026-09-16T23:35:00+00:00,1.33823,1.33836,1.33819,1.33825,329.0,2026-09-17T01:35:00+02:00
GBPUSD,5m,2026-09-16T23:40:00+00:00,1.33825,1.33849,1.3382,1.3382699999999998,904.0,2026-09-17T01:40:00+02:00
GBPUSD,5m,2026-09-16T23:45:00+00:00,1.3382699999999998,1.33836,1.33815,1.33829,592.0,2026-09-17T01:45:00+02:00
GBPUSD,5m,2026-09-16T23:50:00+00:00,1.33829,1.33857,1.3382699999999998,1.3383,615.0,2026-09-17T01:50:00+02:00
GBPUSD,5m,2026-09-16T23:55:00+00:00,1.3383,1.33835,1.33811,1.33811,738.0,2026-09-17T01:55:00+02:00
GBPUSD,5m,2026-09-17T00:00:00+00:00,1.33811,1.3385099999999999,1.33809,1.3384,1365.0,2026-09-17T02:00:00+02:00
GBPUSD,5m,2026-09-17T00:05:00+00:00,1.3384,1.33866,1.33836,1.33855,1285.0,2026-09-17T02:05:00+02:00
GBPUSD,5m,2026-09-17T00:10:00+00:00,1.33855,1.3386099999999999,1.33833,1.33833,736.0,2026-09-17T02:10:00+02:00
GBPUSD,5m,2026-09-17T00:15:00+00:00,1.33833,1.33835,1.33808,1.3382399999999999,818.0,2026-09-17T02:15:00+02:00
GBPUSD,5m,2026-09-17T00:20:00+00:00,1.3382399999999999,1.33828,1.33806,1.3381399999999999,654.0,2026-09-17T02:20:00+02:00
GBPUSD,5m,2026-09-17T00:25:00+00:00,1.3381399999999999,1.33822,1.3379999999999999,1.33804,621.0,2026-09-17T02:25:00+02:00
GBPUSD,5m,2026-09-17T00:30:00+00:00,1.33804,1.33819,1.3379999999999999,1.33806,613.0,2026-09-17T02:30:00+02:00
GBPUSD,5m,2026-09-17T00:35:00+00:00,1.33806,1.3380699999999999,1.33781,1.3378299999999999,661.0,2026-09-17T02:35:00+02:00
GBPUSD,5m,2026-09-17T00:40:00+00:00,1.3378299999999999,1.33804,1.33775,1.33786,877.0,2026-09-17T02:40:00+02:00
GBPUSD,5m,2026-09-17T00:45:00+00:00,1.33786,1.33794,1.3376599999999998,1.33769,920.0,2026-09-17T02:45:00+02:00
GBPUSD,5m,2026-09-17T00:50:00+00:00,1.33769,1.33775,1.33716,1.33728,1111.0,2026-09-17T02:50:00+02:00
GBPUSD,5m,2026-09-17T00:55:00+00:00,1.33728,1.33735,1.33716,1.33721,927.0,2026-09-17T02:55:00+02:00
GBPUSD,5m,2026-09-17T01:00:00+00:00,1.33721,1.33728,1.33701,1.3370499999999998,1087.0,2026-09-17T03:00:00+02:00
GBPUSD,5m,2026-09-17T01:05:00+00:00,1.3370499999999998,1.33761,1.33703,1.33754,1095.0,2026-09-17T03:05:00+02:00
GBPUSD,5m,2026-09-17T01:10:00+00:00,1.33754,1.33762,1.3372199999999999,1.33761,967.0,2026-09-17T03:10:00+02:00
GBPUSD,5m,2026-09-17T01:15:00+00:00,1.33761,1.3377599999999998,1.33752,1.3375299999999999,878.0,2026-09-17T03:15:00+02:00
GBPUSD,5m,2026-09-17T01:20:00+00:00,1.3375299999999999,1.33785,1.33744,1.33771,854.0,2026-09-17T03:20:00+02:00
GBPUSD,5m,2026-09-17T01:25:00+00:00,1.33771,1.33772,1.3374599999999999,1.3375599999999999,647.0,2026-09-17T03:25:00+02:00
GBPUSD,5m,2026-09-17T01:30:00+00:00,1.3375599999999999,1.33782,1.33754,1.33754,932.0,2026-09-17T03:30:00+02:00
GBPUSD,5m,2026-09-17T01:35:00+00:00,1.33754,1.3375599999999999,1.33707,1.3371,842.0,2026-09-17T03:35:00+02:00
GBPUSD,5m,2026-09-17T01:40:00+00:00,1.3371,1.3371199999999999,1.33694,1.33707,753.0,2026-09-17T03:40:00+02:00
GBPUSD,5m,2026-09-17T01:45:00+00:00,1.33707,1.33708,1.33693,1.33698,610.0,2026-09-17T03:45:00+02:00
GBPUSD,5m,2026-09-17T01:50:00+00:00,1.33698,1.33723,1.3369499999999999,1.3372,889.0,2026-09-17T03:50:00+02:00
GBPUSD,5m,2026-09-17T01:55:00+00:00,1.3372,1.33721,1.33694,1.33703,836.0,2026-09-17T03:55:00+02:00
GBPUSD,5m,2026-09-17T02:00:00+00:00,1.33703,1.33734,1.3370199999999999,1.33734,793.0,2026-09-17T04:00:00+02:00
GBPUSD,5m,2026-09-17T02:05:00+00:00,1.33734,1.33755,1.33733,1.3375299999999999,824.0,2026-09-17T04:05:00+02:00
GBPUSD,5m,2026-09-17T02:10:00+00:00,1.3375299999999999,1.33764,1.33724,1.33761,774.0,2026-09-17T04:10:00+02:00
GBPUSD,5m,2026-09-17T02:15:00+00:00,1.33761,1.33764,1.33742,1.33754,637.0,2026-09-17T04:15:00+02:00
GBPUSD,5m,2026-09-17T02:20:00+00:00,1.33754,1.33755,1.3373,1.33734,553.0,2026-09-17T04:20:00+02:00
GBPUSD,5m,2026-09-17T02:25:00+00:00,1.33734,1.3374599999999999,1.33731,1.3373199999999998,445.0,2026-09-17T04:25:00+02:00
GBPUSD,5m,2026-09-17T02:30:00+00:00,1.3373199999999998,1.3373599999999999,1.33713,1.33713,560.0,2026-09-17T04:30:00+02:00
GBPUSD,5m,2026-09-17T02:35:00+00:00,1.33713,1.33742,1.3370199999999999,1.3374,1019.0,2026-09-17T04:35:00+02:00
GBPUSD,5m,2026-09-17T02:40:00+00:00,1.3374,1.3374599999999999,1.3373199999999998,1.33734,796.0,2026-09-17T04:40:00+02:00
GBPUSD,5m,2026-09-17T02:45:00+00:00,1.33734,1.33738,1.33707,1.3371499999999998,788.0,2026-09-17T04:45:00+02:00
GBPUSD,5m,2026-09-17T02:50:00+00:00,1.3371499999999998,1.33727,1.33693,1.33694,839.0,2026-09-17T04:50:00+02:00
GBPUSD,5m,2026-09-17T02:55:00+00:00,1.33694,1.33707,1.33689,1.33706,655.0,2026-09-17T04:55:00+02:00
GBPUSD,5m,2026-09-17T03:00:00+00:00,1.33706,1.3371499999999998,1.33691,1.33704,785.0,2026-09-17T05:00:00+02:00
GBPUSD,5m,2026-09-17T03:05:00+00:00,1.33704,1.3372899999999999,1.3370199999999999,1.33723,902.0,2026-09-17T05:05:00+02:00
GBPUSD,5m,2026-09-17T03:10:00+00:00,1.33723,1.33737,1.33721,1.3373599999999999,715.0,2026-09-17T05:10:00+02:00
GBPUSD,5m,2026-09-17T03:15:00+00:00,1.3373599999999999,1.33742,1.33708,1.3373,623.0,2026-09-17T05:15:00+02:00
GBPUSD,5m,2026-09-17T03:20:00+00:00,1.3373,1.3373199999999998,1.3371,1.33717,657.0,2026-09-17T05:20:00+02:00
GBPUSD,5m,2026-09-17T03:25:00+00:00,1.33717,1.3372,1.337,1.3370199999999999,403.0,2026-09-17T05:25:00+02:00
GBPUSD,5m,2026-09-17T03:30:00+00:00,1.3370199999999999,1.3372199999999999,1.33701,1.33714,527.0,2026-09-17T05:30:00+02:00
GBPUSD,5m,2026-09-17T03:35:00+00:00,1.33714,1.33738,1.3370499999999998,1.33738,513.0,2026-09-17T05:35:00+02:00
GBPUSD,5m,2026-09-17T03:40:00+00:00,1.33738,1.3374,1.33714,1.33714,415.0,2026-09-17T05:40:00+02:00
GBPUSD,5m,2026-09-17T03:45:00+00:00,1.33714,1.33716,1.33703,1.33714,341.0,2026-09-17T05:45:00+02:00
GBPUSD,5m,2026-09-17T03:50:00+00:00,1.33714,1.33716,1.33703,1.3371199999999999,310.0,2026-09-17T05:50:00+02:00
GBPUSD,5m,2026-09-17T03:55:00+00:00,1.3371199999999999,1.33742,1.3371199999999999,1.3373199999999998,548.0,2026-09-17T05:55:00+02:00
GBPUSD,5m,2026-09-17T04:00:00+00:00,1.3373199999999998,1.33755,1.33724,1.3375,325.0,2026-09-17T06:00:00+02:00
GBPUSD,5m,2026-09-17T04:05:00+00:00,1.3375,1.33758,1.3374899999999998,1.33754,415.0,2026-09-17T06:05:00+02:00
GBPUSD,5m,2026-09-17T04:10:00+00:00,1.33754,1.33754,1.33733,1.33734,445.0,2026-09-17T06:10:00+02:00
GBPUSD,5m,2026-09-17T04:15:00+00:00,1.33734,1.3375599999999999,1.33725,1.33755,369.0,2026-09-17T06:15:00+02:00
GBPUSD,5m,2026-09-17T04:20:00+00:00,1.33755,1.3377599999999998,1.33755,1.3376599999999998,403.0,2026-09-17T06:20:00+02:00
GBPUSD,5m,2026-09-17T04:25:00+00:00,1.3376599999999998,1.33768,1.33754,1.3376599999999998,326.0,2026-09-17T06:25:00+02:00
GBPUSD,5m,2026-09-17T04:30:00+00:00,1.3376599999999998,1.33791,1.3375599999999999,1.3377999999999999,623.0,2026-09-17T06:30:00+02:00
GBPUSD,5m,2026-09-17T04:35:00+00:00,1.3377999999999999,1.33805,1.3377299999999999,1.33774,435.0,2026-09-17T06:35:00+02:00
GBPUSD,5m,2026-09-17T04:40:00+00:00,1.33774,1.3377599999999998,1.3376,1.3377599999999998,418.0,2026-09-17T06:40:00+02:00
GBPUSD,5m,2026-09-17T04:45:00+00:00,1.3377599999999998,1.33804,1.33775,1.33795,404.0,2026-09-17T06:45:00+02:00
GBPUSD,5m,2026-09-17T04:50:00+00:00,1.33795,1.3380699999999999,1.33791,1.33799,412.0,2026-09-17T06:50:00+02:00
GBPUSD,5m,2026-09-17T04:55:00+00:00,1.33799,1.3380699999999999,1.33795,1.3380699999999999,482.0,2026-09-17T06:55:00+02:00
GBPUSD,5m,2026-09-17T05:00:00+00:00,1.3380699999999999,1.33825,1.33803,1.33812,584.0,2026-09-17T07:00:00+02:00
GBPUSD,5m,2026-09-17T05:05:00+00:00,1.33812,1.33815,1.33789,1.3379299999999998,577.0,2026-09-17T07:05:00+02:00
GBPUSD,5m,2026-09-17T05:10:00+00:00,1.3379299999999998,1.33798,1.3378299999999999,1.33795,450.0,2026-09-17T07:10:00+02:00
GBPUSD,5m,2026-09-17T05:15:00+00:00,1.33795,1.33795,1.3377999999999999,1.33787,615.0,2026-09-17T07:15:00+02:00
GBPUSD,5m,2026-09-17T05:20:00+00:00,1.33787,1.33792,1.3377299999999999,1.33791,387.0,2026-09-17T07:20:00+02:00
GBPUSD,5m,2026-09-17T05:25:00+00:00,1.33791,1.33816,1.33786,1.33812,461.0,2026-09-17T07:25:00+02:00
GBPUSD,5m,2026-09-17T05:30:00+00:00,1.33812,1.3381699999999999,1.33799,1.33812,382.0,2026-09-17T07:30:00+02:00
GBPUSD,5m,2026-09-17T05:35:00+00:00,1.33812,1.3382399999999999,1.33805,1.33813,485.0,2026-09-17T07:35:00+02:00
GBPUSD,5m,2026-09-17T05:40:00+00:00,1.33813,1.33823,1.33812,1.33816,636.0,2026-09-17T07:40:00+02:00
GBPUSD,5m,2026-09-17T05:45:00+00:00,1.33816,1.3382399999999999,1.33809,1.33815,636.0,2026-09-17T07:45:00+02:00
GBPUSD,5m,2026-09-17T05:50:00+00:00,1.33815,1.3382699999999998,1.3379999999999999,1.3381399999999999,716.0,2026-09-17T07:50:00+02:00
GBPUSD,5m,2026-09-17T05:55:00+00:00,1.3381399999999999,1.33815,1.33802,1.33811,1056.0,2026-09-17T07:55:00+02:00
GBPUSD,5m,2026-09-17T06:00:00+00:00,1.33811,1.3382399999999999,1.33792,1.33808,1148.0,2026-09-17T08:00:00+02:00
GBPUSD,5m,2026-09-17T06:05:00+00:00,1.33808,1.33836,1.3380699999999999,1.33823,987.0,2026-09-17T08:05:00+02:00
GBPUSD,5m,2026-09-17T06:10:00+00:00,1.33823,1.33857,1.3382,1.33856,821.0,2026-09-17T08:10:00+02:00
GBPUSD,5m,2026-09-17T06:15:00+00:00,1.33856,1.33863,1.33835,1.3386099999999999,892.0,2026-09-17T08:15:00+02:00
GBPUSD,5m,2026-09-17T06:20:00+00:00,1.3386099999999999,1.3389499999999999,1.33855,1.3389499999999999,988.0,2026-09-17T08:20:00+02:00
GBPUSD,5m,2026-09-17T06:25:00+00:00,1.3389499999999999,1.33926,1.3389499999999999,1.33918,848.0,2026-09-17T08:25:00+02:00
GBPUSD,5m,2026-09-17T06:30:00+00:00,1.33918,1.33934,1.339,1.3391499999999998,1247.0,2026-09-17T08:30:00+02:00
GBPUSD,5m,2026-09-17T06:35:00+00:00,1.3391499999999998,1.33924,1.33894,1.339,895.0,2026-09-17T08:35:00+02:00
GBPUSD,5m,2026-09-17T06:40:00+00:00,1.339,1.33938,1.33899,1.3393599999999999,681.0,2026-09-17T08:40:00+02:00
GBPUSD,5m,2026-09-17T06:45:00+00:00,1.3393599999999999,1.3395599999999999,1.33923,1.33954,469.0,2026-09-17T08:45:00+02:00
GBPUSD,5m,2026-09-17T06:50:00+00:00,1.33954,1.34005,1.33954,1.34002,700.0,2026-09-17T08:50:00+02:00
GBPUSD,5m,2026-09-17T06:55:00+00:00,1.34002,1.3401699999999999,1.3397299999999999,1.3398299999999999,979.0,2026-09-17T08:55:00+02:00
GBPUSD,5m,2026-09-17T07:00:00+00:00,1.3398299999999999,1.33989,1.33931,1.33933,1097.0,2026-09-17T09:00:00+02:00
GBPUSD,5m,2026-09-17T07:05:00+00:00,1.33933,1.33943,1.3391199999999999,1.3392199999999999,915.0,2026-09-17T09:05:00+02:00
GBPUSD,5m,2026-09-17T07:10:00+00:00,1.3392199999999999,1.33948,1.33898,1.33908,1040.0,2026-09-17T09:10:00+02:00
GBPUSD,5m,2026-09-17T07:15:00+00:00,1.33908,1.33952,1.33907,1.3392,932.0,2026-09-17T09:15:00+02:00
GBPUSD,5m,2026-09-17T07:20:00+00:00,1.3392,1.33923,1.33897,1.3391499999999998,956.0,2026-09-17T09:20:00+02:00
GBPUSD,5m,2026-09-17T07:25:00+00:00,1.3391499999999998,1.3393199999999998,1.33907,1.33928,919.0,2026-09-17T09:25:00+02:00
GBPUSD,5m,2026-09-17T07:30:00+00:00,1.33928,1.3393899999999999,1.33899,1.33907,760.0,2026-09-17T09:30:00+02:00
GBPUSD,5m,2026-09-17T07:35:00+00:00,1.33907,1.33931,1.3389,1.3392899999999999,993.0,2026-09-17T09:35:00+02:00
GBPUSD,5m,2026-09-17T07:40:00+00:00,1.3392899999999999,1.3393,1.33889,1.33908,717.0,2026-09-17T09:40:00+02:00
GBPUSD,5m,2026-09-17T07:45:00+00:00,1.33908,1.33909,1.3388499999999999,1.339,919.0,2026-09-17T09:45:00+02:00
GBPUSD,5m,2026-09-17T07:50:00+00:00,1.339,1.33901,1.3386,1.33872,1191.0,2026-09-17T09:50:00+02:00
GBPUSD,5m,2026-09-17T07:55:00+00:00,1.33872,1.33887,1.3385099999999999,1.33881,1146.0,2026-09-17T09:55:00+02:00
GBPUSD,5m,2026-09-17T08:00:00+00:00,1.33881,1.33883,1.3384,1.33849,1231.0,2026-09-17T10:00:00+02:00
GBPUSD,5m,2026-09-17T08:05:00+00:00,1.33849,1.3386099999999999,1.3384099999999999,1.33848,868.0,2026-09-17T10:05:00+02:00
GBPUSD,5m,2026-09-17T08:10:00+00:00,1.33848,1.33852,1.33787,1.33795,951.0,2026-09-17T10:10:00+02:00
GBPUSD,5m,2026-09-17T08:15:00+00:00,1.33795,1.33822,1.33788,1.33801,1048.0,2026-09-17T10:15:00+02:00
GBPUSD,5m,2026-09-17T08:20:00+00:00,1.33801,1.33822,1.33791,1.33803,876.0,2026-09-17T10:20:00+02:00
GBPUSD,5m,2026-09-17T08:25:00+00:00,1.33803,1.3381699999999999,1.33785,1.3381399999999999,848.0,2026-09-17T10:25:00+02:00
GBPUSD,5m,2026-09-17T08:30:00+00:00,1.3381399999999999,1.33838,1.3380699999999999,1.33833,861.0,2026-09-17T10:30:00+02:00
GBPUSD,5m,2026-09-17T08:35:00+00:00,1.33833,1.33845,1.3382699999999998,1.33842,803.0,2026-09-17T10:35:00+02:00
GBPUSD,5m,2026-09-17T08:40:00+00:00,1.33842,1.33864,1.3384,1.33855,771.0,2026-09-17T10:40:00+02:00
GBPUSD,5m,2026-09-17T08:45:00+00:00,1.33855,1.33913,1.3384399999999999,1.3389199999999999,838.0,2026-09-17T10:45:00+02:00
GBPUSD,5m,2026-09-17T08:50:00+00:00,1.3389199999999999,1.33894,1.3385399999999998,1.33855,620.0,2026-09-17T10:50:00+02:00
GBPUSD,5m,2026-09-17T08:55:00+00:00,1.33855,1.3395599999999999,1.33855,1.3394599999999999,1153.0,2026-09-17T10:55:00+02:00
GBPUSD,5m,2026-09-17T09:00:00+00:00,1.3394599999999999,1.3397299999999999,1.33925,1.33931,936.0,2026-09-17T11:00:00+02:00
GBPUSD,5m,2026-09-17T09:05:00+00:00,1.33931,1.33969,1.3393,1.3396299999999999,970.0,2026-09-17T11:05:00+02:00
GBPUSD,5m,2026-09-17T09:10:00+00:00,1.3396299999999999,1.33995,1.33958,1.3397299999999999,821.0,2026-09-17T11:10:00+02:00
GBPUSD,5m,2026-09-17T09:15:00+00:00,1.3397299999999999,1.33985,1.3394899999999998,1.3395,655.0,2026-09-17T11:15:00+02:00
GBPUSD,5m,2026-09-17T09:20:00+00:00,1.3395,1.33955,1.33928,1.33951,834.0,2026-09-17T11:20:00+02:00
GBPUSD,5m,2026-09-17T09:25:00+00:00,1.33951,1.3395299999999999,1.33917,1.33943,1065.0,2026-09-17T11:25:00+02:00
GBPUSD,5m,2026-09-17T09:30:00+00:00,1.33943,1.33952,1.3392199999999999,1.3394599999999999,920.0,2026-09-17T11:30:00+02:00
GBPUSD,5m,2026-09-17T09:35:00+00:00,1.3394599999999999,1.33974,1.33935,1.33968,771.0,2026-09-17T11:35:00+02:00
GBPUSD,5m,2026-09-17T09:40:00+00:00,1.33968,1.3397299999999999,1.33931,1.3393199999999998,871.0,2026-09-17T11:40:00+02:00
GBPUSD,5m,2026-09-17T09:45:00+00:00,1.3393199999999998,1.33941,1.33921,1.3393899999999999,771.0,2026-09-17T11:45:00+02:00
GBPUSD,5m,2026-09-17T09:50:00+00:00,1.3393899999999999,1.3396,1.3393599999999999,1.33954,943.0,2026-09-17T11:50:00+02:00
GBPUSD,5m,2026-09-17T09:55:00+00:00,1.33954,1.33965,1.3393,1.33941,824.0,2026-09-17T11:55:00+02:00
GBPUSD,5m,2026-09-17T10:00:00+00:00,1.33941,1.33969,1.33935,1.33943,838.0,2026-09-17T12:00:00+02:00
GBPUSD,5m,2026-09-17T10:05:00+00:00,1.33943,1.33991,1.3394,1.33971,901.0,2026-09-17T12:05:00+02:00
GBPUSD,5m,2026-09-17T10:10:00+00:00,1.33971,1.34026,1.33971,1.34001,843.0,2026-09-17T12:10:00+02:00
GBPUSD,5m,2026-09-17T10:15:00+00:00,1.34001,1.34039,1.33992,1.34031,1035.0,2026-09-17T12:15:00+02:00
GBPUSD,5m,2026-09-17T10:20:00+00:00,1.34031,1.34045,1.3400699999999999,1.3403,1071.0,2026-09-17T12:20:00+02:00
GBPUSD,5m,2026-09-17T10:25:00+00:00,1.3403,1.34043,1.34001,1.34032,1054.0,2026-09-17T12:25:00+02:00
GBPUSD,5m,2026-09-17T10:30:00+00:00,1.34032,1.34043,1.34006,1.34018,721.0,2026-09-17T12:30:00+02:00
GBPUSD,5m,2026-09-17T10:35:00+00:00,1.34018,1.34048,1.34015,1.34028,694.0,2026-09-17T12:35:00+02:00
GBPUSD,5m,2026-09-17T10:40:00+00:00,1.34028,1.34031,1.3399699999999999,1.34013,794.0,2026-09-17T12:40:00+02:00
GBPUSD,5m,2026-09-17T10:45:00+00:00,1.34013,1.34033,1.3400699999999999,1.34026,803.0,2026-09-17T12:45:00+02:00
GBPUSD,5m,2026-09-17T10:50:00+00:00,1.34026,1.34055,1.34015,1.34018,949.0,2026-09-17T12:50:00+02:00
GBPUSD,5m,2026-09-17T10:55:00+00:00,1.34018,1.3406,1.34018,1.34035,1088.0,2026-09-17T12:55:00+02:00
GBPUSD,5m,2026-09-17T11:00:00+00:00,1.34035,1.3404399999999999,1.33706,1.3372,4282.0,2026-09-17T13:00:00+02:00
GBPUSD,5m,2026-09-17T11:05:00+00:00,1.3372,1.33731,1.33598,1.3363099999999999,3629.0,2026-09-17T13:05:00+02:00
GBPUSD,5m,2026-09-17T11:10:00+00:00,1.3363099999999999,1.3368799999999998,1.3360999999999998,1.33648,1383.0,2026-09-17T13:10:00+02:00
GBPUSD,5m,2026-09-17T11:15:00+00:00,1.33648,1.33655,1.33493,1.33493,2107.0,2026-09-17T13:15:00+02:00
GBPUSD,5m,2026-09-17T11:20:00+00:00,1.33493,1.33598,1.3349,1.33582,2753.0,2026-09-17T13:20:00+02:00
GBPUSD,5m,2026-09-17T11:25:00+00:00,1.33582,1.33664,1.33561,1.33652,2261.0,2026-09-17T13:25:00+02:00
GBPUSD,5m,2026-09-17T11:30:00+00:00,1.33652,1.33677,1.33592,1.33643,2043.0,2026-09-17T13:30:00+02:00
GBPUSD,5m,2026-09-17T11:35:00+00:00,1.33643,1.33674,1.33629,1.33659,1160.0,2026-09-17T13:35:00+02:00
GBPUSD,5m,2026-09-17T11:40:00+00:00,1.33659,1.3373199999999998,1.33643,1.3370199999999999,1590.0,2026-09-17T13:40:00+02:00
GBPUSD,5m,2026-09-17T11:45:00+00:00,1.3370199999999999,1.3371899999999999,1.33647,1.33662,1393.0,2026-09-17T13:45:00+02:00
GBPUSD,5m,2026-09-17T11:50:00+00:00,1.33662,1.33684,1.33649,1.33682,1343.0,2026-09-17T13:50:00+02:00
GBPUSD,5m,2026-09-17T11:55:00+00:00,1.33682,1.33716,1.3364,1.33693,1994.0,2026-09-17T13:55:00+02:00
GBPUSD,5m,2026-09-17T12:00:00+00:00,1.33693,1.33735,1.33679,1.33707,2460.0,2026-09-17T14:00:00+02:00
GBPUSD,5m,2026-09-17T12:05:00+00:00,1.33707,1.33774,1.33706,1.33757,2373.0,2026-09-17T14:05:00+02:00
GBPUSD,5m,2026-09-17T12:10:00+00:00,1.33757,1.3385399999999998,1.33741,1.3383099999999999,2545.0,2026-09-17T14:10:00+02:00
GBPUSD,5m,2026-09-17T12:15:00+00:00,1.3383099999999999,1.33879,1.33795,1.33873,1985.0,2026-09-17T14:15:00+02:00
GBPUSD,5m,2026-09-17T12:20:00+00:00,1.33873,1.33891,1.33849,1.3387799999999999,2090.0,2026-09-17T14:20:00+02:00
GBPUSD,5m,2026-09-17T12:25:00+00:00,1.3387799999999999,1.33948,1.33876,1.3394,1457.0,2026-09-17T14:25:00+02:00
GBPUSD,5m,2026-09-17T12:30:00+00:00,1.3394,1.33951,1.33896,1.33917,1438.0,2026-09-17T14:30:00+02:00
GBPUSD,5m,2026-09-17T12:35:00+00:00,1.33917,1.3391899999999999,1.3384,1.3386099999999999,1681.0,2026-09-17T14:35:00+02:00
GBPUSD,5m,2026-09-17T12:40:00+00:00,1.3386099999999999,1.33873,1.3380999999999998,1.33829,1467.0,2026-09-17T14:40:00+02:00
GBPUSD,5m,2026-09-17T12:45:00+00:00,1.33829,1.3385,1.3381699999999999,1.3381699999999999,1531.0,2026-09-17T14:45:00+02:00
GBPUSD,5m,2026-09-17T12:50:00+00:00,1.3381699999999999,1.33836,1.33796,1.33833,1509.0,2026-09-17T14:50:00+02:00
GBPUSD,5m,2026-09-17T12:55:00+00:00,1.33833,1.33863,1.33816,1.33859,1475.0,2026-09-17T14:55:00+02:00
GBPUSD,5m,2026-09-17T13:00:00+00:00,1.33859,1.3387799999999999,1.33828,1.33832,1805.0,2026-09-17T15:00:00+02:00
GBPUSD,5m,2026-09-17T13:05:00+00:00,1.33832,1.33833,1.33771,1.33771,1730.0,2026-09-17T15:05:00+02:00
GBPUSD,5m,2026-09-17T13:10:00+00:00,1.33771,1.33787,1.3372,1.33734,1467.0,2026-09-17T15:10:00+02:00
GBPUSD,5m,2026-09-17T13:15:00+00:00,1.33734,1.33771,1.3373199999999998,1.3375,1498.0,2026-09-17T15:15:00+02:00
GBPUSD,5m,2026-09-17T13:20:00+00:00,1.3375,1.3377,1.3371499999999998,1.33747,1589.0,2026-09-17T15:20:00+02:00
GBPUSD,5m,2026-09-17T13:25:00+00:00,1.33747,1.3377999999999999,1.3374,1.33764,1781.0,2026-09-17T15:25:00+02:00
GBPUSD,5m,2026-09-17T13:30:00+00:00,1.33764,1.3377299999999999,1.3371899999999999,1.33733,2491.0,2026-09-17T15:30:00+02:00
GBPUSD,5m,2026-09-17T13:35:00+00:00,1.33733,1.33805,1.33733,1.3379299999999998,2026.0,2026-09-17T15:35:00+02:00
GBPUSD,5m,2026-09-17T13:40:00+00:00,1.3379299999999998,1.33798,1.33699,1.33709,1747.0,2026-09-17T15:40:00+02:00
GBPUSD,5m,2026-09-17T13:45:00+00:00,1.33709,1.33775,1.33707,1.33751,2217.0,2026-09-17T15:45:00+02:00
GBPUSD,5m,2026-09-17T13:50:00+00:00,1.33751,1.33765,1.33708,1.33709,2176.0,2026-09-17T15:50:00+02:00
GBPUSD,5m,2026-09-17T13:55:00+00:00,1.33709,1.33744,1.33707,1.33731,1522.0,2026-09-17T15:55:00+02:00
GBPUSD,5m,2026-09-17T14:00:00+00:00,1.33731,1.3377299999999999,1.33691,1.33769,1995.0,2026-09-17T16:00:00+02:00
GBPUSD,5m,2026-09-17T14:05:00+00:00,1.33769,1.33795,1.33745,1.33794,2221.0,2026-09-17T16:05:00+02:00
GBPUSD,5m,2026-09-17T14:10:00+00:00,1.33794,1.33802,1.33752,1.33769,1878.0,2026-09-17T16:10:00+02:00
GBPUSD,5m,2026-09-17T14:15:00+00:00,1.33769,1.3377999999999999,1.33707,1.3371,1885.0,2026-09-17T16:15:00+02:00
GBPUSD,5m,2026-09-17T14:20:00+00:00,1.3371,1.33744,1.33689,1.3371899999999999,1766.0,2026-09-17T16:20:00+02:00
GBPUSD,5m,2026-09-17T14:25:00+00:00,1.3371899999999999,1.3372199999999999,1.33628,1.3363,1781.0,2026-09-17T16:25:00+02:00
GBPUSD,5m,2026-09-17T14:30:00+00:00,1.3363,1.3366,1.33613,1.3362,1244.0,2026-09-17T16:30:00+02:00
GBPUSD,5m,2026-09-17T14:35:00+00:00,1.3362,1.33621,1.33537,1.3353899999999999,1064.0,2026-09-17T16:35:00+02:00
GBPUSD,5m,2026-09-17T14:40:00+00:00,1.3353899999999999,1.33581,1.3352899999999999,1.3352899999999999,1234.0,2026-09-17T16:40:00+02:00
GBPUSD,5m,2026-09-17T14:45:00+00:00,1.3352899999999999,1.3359299999999998,1.3352,1.3358299999999999,1459.0,2026-09-17T16:45:00+02:00
GBPUSD,5m,2026-09-17T14:50:00+00:00,1.3358299999999999,1.33598,1.33517,1.3351899999999999,1691.0,2026-09-17T16:50:00+02:00
GBPUSD,5m,2026-09-17T14:55:00+00:00,1.3351899999999999,1.33543,1.33506,1.33524,1473.0,2026-09-17T16:55:00+02:00
GBPUSD,5m,2026-09-17T15:00:00+00:00,1.33524,1.33574,1.33516,1.33543,1899.0,2026-09-17T17:00:00+02:00
GBPUSD,5m,2026-09-17T15:05:00+00:00,1.33543,1.33574,1.3352199999999999,1.33541,1386.0,2026-09-17T17:05:00+02:00
GBPUSD,5m,2026-09-17T15:10:00+00:00,1.33541,1.33544,1.3350499999999998,1.33541,939.0,2026-09-17T17:10:00+02:00
GBPUSD,5m,2026-09-17T15:15:00+00:00,1.33541,1.33596,1.3353899999999999,1.33591,1165.0,2026-09-17T17:15:00+02:00
GBPUSD,5m,2026-09-17T15:20:00+00:00,1.33591,1.33592,1.3354,1.33542,1517.0,2026-09-17T17:20:00+02:00
GBPUSD,5m,2026-09-17T15:25:00+00:00,1.33542,1.33562,1.33494,1.3351,1393.0,2026-09-17T17:25:00+02:00
GBPUSD,5m,2026-09-17T15:30:00+00:00,1.3351,1.3351,1.3343099999999999,1.33449,1665.0,2026-09-17T17:30:00+02:00
GBPUSD,5m,2026-09-17T15:35:00+00:00,1.33449,1.33473,1.33415,1.3341699999999999,1341.0,2026-09-17T17:35:00+02:00
GBPUSD,5m,2026-09-17T15:40:00+00:00,1.3341699999999999,1.33442,1.3339699999999999,1.33398,1273.0,2026-09-17T17:40:00+02:00
GBPUSD,5m,2026-09-17T15:45:00+00:00,1.33398,1.33406,1.33357,1.33395,1356.0,2026-09-17T17:45:00+02:00
GBPUSD,5m,2026-09-17T15:50:00+00:00,1.33395,1.3346,1.33385,1.33459,1063.0,2026-09-17T17:50:00+02:00
GBPUSD,5m,2026-09-17T15:55:00+00:00,1.33459,1.33459,1.3342699999999998,1.3344799999999999,904.0,2026-09-17T17:55:00+02:00
GBPUSD,5m,2026-09-17T16:00:00+00:00,1.3344799999999999,1.33463,1.33418,1.33421,1180.0,2026-09-17T18:00:00+02:00
GBPUSD,5m,2026-09-17T16:05:00+00:00,1.33421,1.3342399999999999,1.33381,1.33402,950.0,2026-09-17T18:05:00+02:00
GBPUSD,5m,2026-09-17T16:10:00+00:00,1.33402,1.33442,1.33376,1.33438,876.0,2026-09-17T18:10:00+02:00
GBPUSD,5m,2026-09-17T16:15:00+00:00,1.33438,1.33454,1.3342,1.3343399999999999,884.0,2026-09-17T18:15:00+02:00
GBPUSD,5m,2026-09-17T16:20:00+00:00,1.3343399999999999,1.33465,1.33429,1.33454,772.0,2026-09-17T18:20:00+02:00
GBPUSD,5m,2026-09-17T16:25:00+00:00,1.33454,1.33476,1.3345099999999999,1.33476,739.0,2026-09-17T18:25:00+02:00
GBPUSD,5m,2026-09-17T16:30:00+00:00,1.33476,1.3348499999999999,1.3345,1.33473,991.0,2026-09-17T18:30:00+02:00
GBPUSD,5m,2026-09-17T16:35:00+00:00,1.33473,1.3349499999999999,1.33469,1.3349499999999999,597.0,2026-09-17T18:35:00+02:00
GBPUSD,5m,2026-09-17T16:40:00+00:00,1.3349499999999999,1.33506,1.33489,1.33506,724.0,2026-09-17T18:40:00+02:00
GBPUSD,5m,2026-09-17T16:45:00+00:00,1.33506,1.33506,1.33482,1.33493,860.0,2026-09-17T18:45:00+02:00
GBPUSD,5m,2026-09-17T16:50:00+00:00,1.33493,1.33493,1.3347,1.33474,780.0,2026-09-17T18:50:00+02:00
GBPUSD,5m,2026-09-17T16:55:00+00:00,1.33474,1.33486,1.3345099999999999,1.33482,1948.0,2026-09-17T18:55:00+02:00
GBPUSD,5m,2026-09-17T17:00:00+00:00,1.33482,1.33511,1.3344799999999999,1.33511,1258.0,2026-09-17T19:00:00+02:00
GBPUSD,5m,2026-09-17T17:05:00+00:00,1.33511,1.33516,1.33499,1.33501,673.0,2026-09-17T19:05:00+02:00
GBPUSD,5m,2026-09-17T17:10:00+00:00,1.33501,1.33501,1.33479,1.3349499999999999,676.0,2026-09-17T19:10:00+02:00
GBPUSD,5m,2026-09-17T17:15:00+00:00,1.3349499999999999,1.33516,1.33489,1.33514,927.0,2026-09-17T19:15:00+02:00
GBPUSD,5m,2026-09-17T17:20:00+00:00,1.33514,1.33524,1.33508,1.33521,524.0,2026-09-17T19:20:00+02:00
GBPUSD,5m,2026-09-17T17:25:00+00:00,1.33521,1.33524,1.33498,1.33513,585.0,2026-09-17T19:25:00+02:00
GBPUSD,5m,2026-09-17T17:30:00+00:00,1.33513,1.3352199999999999,1.33504,1.33504,430.0,2026-09-17T19:30:00+02:00
GBPUSD,5m,2026-09-17T17:35:00+00:00,1.33504,1.33515,1.33493,1.3350199999999999,534.0,2026-09-17T19:35:00+02:00
GBPUSD,5m,2026-09-17T17:40:00+00:00,1.3350199999999999,1.33506,1.33484,1.33493,548.0,2026-09-17T19:40:00+02:00
GBPUSD,5m,2026-09-17T17:45:00+00:00,1.33493,1.33496,1.33465,1.33472,626.0,2026-09-17T19:45:00+02:00
GBPUSD,5m,2026-09-17T17:50:00+00:00,1.33472,1.33476,1.33452,1.33465,563.0,2026-09-17T19:50:00+02:00
GBPUSD,5m,2026-09-17T17:55:00+00:00,1.33465,1.33496,1.3346099999999999,1.33496,754.0,2026-09-17T19:55:00+02:00
GBPUSD,5m,2026-09-17T18:00:00+00:00,1.33496,1.33534,1.33483,1.33534,644.0,2026-09-17T20:00:00+02:00
GBPUSD,5m,2026-09-17T18:05:00+00:00,1.33534,1.33541,1.33516,1.3352,515.0,2026-09-17T20:05:00+02:00
GBPUSD,5m,2026-09-17T18:10:00+00:00,1.3352,1.33544,1.3351199999999999,1.33543,509.0,2026-09-17T20:10:00+02:00
GBPUSD,5m,2026-09-17T18:15:00+00:00,1.33543,1.33545,1.33525,1.33541,471.0,2026-09-17T20:15:00+02:00
GBPUSD,5m,2026-09-17T18:20:00+00:00,1.33541,1.3354599999999999,1.3352,1.3352199999999999,557.0,2026-09-17T20:20:00+02:00
GBPUSD,5m,2026-09-17T18:25:00+00:00,1.3352199999999999,1.33528,1.33517,1.33521,437.0,2026-09-17T20:25:00+02:00
GBPUSD,5m,2026-09-17T18:30:00+00:00,1.33521,1.33534,1.3351199999999999,1.3352199999999999,534.0,2026-09-17T20:30:00+02:00
GBPUSD,5m,2026-09-17T18:35:00+00:00,1.3352199999999999,1.3352899999999999,1.33513,1.33523,455.0,2026-09-17T20:35:00+02:00
GBPUSD,5m,2026-09-17T18:40:00+00:00,1.33523,1.3353599999999999,1.3352199999999999,1.3353199999999998,605.0,2026-09-17T20:40:00+02:00
GBPUSD,5m,2026-09-17T18:45:00+00:00,1.3353199999999998,1.33554,1.33521,1.33552,503.0,2026-09-17T20:45:00+02:00
GBPUSD,5m,2026-09-17T18:50:00+00:00,1.33552,1.33555,1.33518,1.33528,694.0,2026-09-17T20:50:00+02:00
GBPUSD,5m,2026-09-17T18:55:00+00:00,1.33528,1.3352899999999999,1.335,1.3352199999999999,892.0,2026-09-17T20:55:00+02:00
GBPUSD,5m,2026-09-17T19:00:00+00:00,1.3352199999999999,1.33557,1.33521,1.3353899999999999,949.0,2026-09-17T21:00:00+02:00
GBPUSD,5m,2026-09-17T19:05:00+00:00,1.3353899999999999,1.33552,1.33531,1.33548,842.0,2026-09-17T21:05:00+02:00
GBPUSD,5m,2026-09-17T19:10:00+00:00,1.33548,1.33551,1.3353199999999998,1.33542,822.0,2026-09-17T21:10:00+02:00
GBPUSD,5m,2026-09-17T19:15:00+00:00,1.33542,1.33547,1.3352899999999999,1.33543,483.0,2026-09-17T21:15:00+02:00
GBPUSD,5m,2026-09-17T19:20:00+00:00,1.33543,1.33562,1.33542,1.33554,561.0,2026-09-17T21:20:00+02:00
GBPUSD,5m,2026-09-17T19:25:00+00:00,1.33554,1.33571,1.3355299999999999,1.33564,710.0,2026-09-17T21:25:00+02:00
GBPUSD,5m,2026-09-17T19:30:00+00:00,1.33564,1.33576,1.3356,1.33574,717.0,2026-09-17T21:30:00+02:00
GBPUSD,5m,2026-09-17T19:35:00+00:00,1.33574,1.33582,1.33569,1.33574,416.0,2026-09-17T21:35:00+02:00
GBPUSD,5m,2026-09-17T19:40:00+00:00,1.33574,1.3358299999999999,1.33565,1.33572,418.0,2026-09-17T21:40:00+02:00
GBPUSD,5m,2026-09-17T19:45:00+00:00,1.33572,1.33582,1.33568,1.33574,365.0,2026-09-17T21:45:00+02:00
GBPUSD,5m,2026-09-17T19:50:00+00:00,1.33574,1.33586,1.33569,1.3358299999999999,290.0,2026-09-17T21:50:00+02:00
GBPUSD,5m,2026-09-17T19:55:00+00:00,1.3358299999999999,1.33587,1.33571,1.33572,669.0,2026-09-17T21:55:00+02:00
GBPUSD,5m,2026-09-17T20:00:00+00:00,1.33572,1.33585,1.33557,1.33558,513.0,2026-09-17T22:00:00+02:00
GBPUSD,5m,2026-09-17T20:05:00+00:00,1.33558,1.33567,1.33552,1.3355299999999999,375.0,2026-09-17T22:05:00+02:00
GBPUSD,5m,2026-09-17T20:10:00+00:00,1.3355299999999999,1.3355299999999999,1.33523,1.33538,442.0,2026-09-17T22:10:00+02:00
GBPUSD,5m,2026-09-17T20:15:00+00:00,1.33538,1.33545,1.3353199999999998,1.33544,155.0,2026-09-17T22:15:00+02:00
GBPUSD,5m,2026-09-17T20:20:00+00:00,1.33544,1.33552,1.33533,1.33534,142.0,2026-09-17T22:20:00+02:00
GBPUSD,5m,2026-09-17T20:25:00+00:00,1.33534,1.33555,1.3353199999999998,1.33552,209.0,2026-09-17T22:25:00+02:00
GBPUSD,5m,2026-09-17T20:30:00+00:00,1.33552,1.3356299999999999,1.33551,1.33555,110.0,2026-09-17T22:30:00+02:00
GBPUSD,5m,2026-09-17T20:35:00+00:00,1.33555,1.33555,1.33552,1.3355299999999999,110.0,2026-09-17T22:35:00+02:00
GBPUSD,5m,2026-09-17T20:40:00+00:00,1.3355299999999999,1.33558,1.33542,1.33554,322.0,2026-09-17T22:40:00+02:00
GBPUSD,5m,2026-09-17T20:45:00+00:00,1.33554,1.33575,1.3355,1.33574,270.0,2026-09-17T22:45:00+02:00
GBPUSD,5m,2026-09-17T20:50:00+00:00,1.33574,1.33581,1.33565,1.33567,205.0,2026-09-17T22:50:00+02:00
GBPUSD,5m,2026-09-17T20:55:00+00:00,1.33567,1.33586,1.33561,1.3357299999999999,347.0,2026-09-17T22:55:00+02:00
GBPUSD,5m,2026-09-17T21:00:00+00:00,1.3357299999999999,1.3357299999999999,1.3348799999999998,1.33498,11.0,2026-09-17T23:00:00+02:00
GBPUSD,5m,2026-09-17T21:05:00+00:00,1.33498,1.33535,1.33496,1.33528,33.0,2026-09-17T23:05:00+02:00
GBPUSD,5m,2026-09-17T21:10:00+00:00,1.33528,1.33543,1.3351199999999999,1.33533,52.0,2026-09-17T23:10:00+02:00
GBPUSD,5m,2026-09-17T21:15:00+00:00,1.33533,1.33545,1.33511,1.33515,79.0,2026-09-17T23:15:00+02:00
GBPUSD,5m,2026-09-17T21:20:00+00:00,1.33515,1.33548,1.3351199999999999,1.33548,42.0,2026-09-17T23:20:00+02:00
GBPUSD,5m,2026-09-17T21:25:00+00:00,1.33548,1.3355,1.3353,1.33548,29.0,2026-09-17T23:25:00+02:00
GBPUSD,5m,2026-09-17T21:30:00+00:00,1.33548,1.3357299999999999,1.33527,1.33561,173.0,2026-09-17T23:30:00+02:00
GBPUSD,5m,2026-09-17T21:35:00+00:00,1.33561,1.33582,1.33559,1.33575,239.0,2026-09-17T23:35:00+02:00
GBPUSD,5m,2026-09-17T21:40:00+00:00,1.33575,1.3358999999999999,1.33561,1.33565,157.0,2026-09-17T23:40:00+02:00
GBPUSD,5m,2026-09-17T21:45:00+00:00,1.33565,1.3358999999999999,1.3356299999999999,1.33579,131.0,2026-09-17T23:45:00+02:00
GBPUSD,5m,2026-09-17T21:50:00+00:00,1.33579,1.33579,1.3345099999999999,1.3349499999999999,408.0,2026-09-17T23:50:00+02:00
GBPUSD,5m,2026-09-17T21:55:00+00:00,1.3349499999999999,1.3350899999999999,1.3346,1.3347499999999999,393.0,2026-09-17T23:55:00+02:00
GBPUSD,5m,2026-09-17T22:00:00+00:00,1.3347499999999999,1.33601,1.3347499999999999,1.3354899999999998,1443.0,2026-09-18T00:00:00+02:00
GBPUSD,5m,2026-09-17T22:05:00+00:00,1.3354899999999998,1.33572,1.33547,1.33571,288.0,2026-09-18T00:05:00+02:00
GBPUSD,5m,2026-09-17T22:10:00+00:00,1.33571,1.3359699999999999,1.3356599999999998,1.33586,211.0,2026-09-18T00:10:00+02:00
GBPUSD,5m,2026-09-17T22:15:00+00:00,1.33586,1.33587,1.33582,1.33586,54.0,2026-09-18T00:15:00+02:00
GBPUSD,5m,2026-09-17T22:20:00+00:00,1.33586,1.33587,1.33575,1.3357999999999999,91.0,2026-09-18T00:20:00+02:00
GBPUSD,5m,2026-09-17T22:25:00+00:00,1.3357999999999999,1.33588,1.3357299999999999,1.33587,76.0,2026-09-18T00:25:00+02:00
GBPUSD,5m,2026-09-17T22:30:00+00:00,1.33587,1.33596,1.3358299999999999,1.33595,95.0,2026-09-18T00:30:00+02:00
GBPUSD,5m,2026-09-17T22:35:00+00:00,1.33595,1.33596,1.33584,1.33588,138.0,2026-09-18T00:35:00+02:00
GBPUSD,5m,2026-09-17T22:40:00+00:00,1.33588,1.33592,1.33586,1.33589,116.0,2026-09-18T00:40:00+02:00
GBPUSD,5m,2026-09-17T22:45:00+00:00,1.33589,1.3358999999999999,1.33578,1.33582,109.0,2026-09-18T00:45:00+02:00
GBPUSD,5m,2026-09-17T22:50:00+00:00,1.33582,1.33588,1.3357999999999999,1.33581,139.0,2026-09-18T00:50:00+02:00
GBPUSD,5m,2026-09-17T22:55:00+00:00,1.33581,1.33589,1.3357999999999999,1.3358299999999999,82.0,2026-09-18T00:55:00+02:00
GBPUSD,5m,2026-09-17T23:00:00+00:00,1.3358299999999999,1.33587,1.33579,1.33582,116.0,2026-09-18T01:00:00+02:00
GBPUSD,5m,2026-09-17T23:05:00+00:00,1.33582,1.33591,1.33581,1.33591,63.0,2026-09-18T01:05:00+02:00
GBPUSD,5m,2026-09-17T23:10:00+00:00,1.33591,1.3359299999999998,1.33588,1.3358999999999999,111.0,2026-09-18T01:10:00+02:00
GBPUSD,5m,2026-09-17T23:15:00+00:00,1.3358999999999999,1.3358999999999999,1.33578,1.3357999999999999,147.0,2026-09-18T01:15:00+02:00
GBPUSD,5m,2026-09-17T23:20:00+00:00,1.3357999999999999,1.3359299999999998,1.3357999999999999,1.33591,156.0,2026-09-18T01:20:00+02:00
GBPUSD,5m,2026-09-17T23:25:00+00:00,1.33591,1.33592,1.33577,1.3357999999999999,122.0,2026-09-18T01:25:00+02:00
GBPUSD,5m,2026-09-17T23:30:00+00:00,1.3357999999999999,1.3357999999999999,1.33561,1.33572,179.0,2026-09-18T01:30:00+02:00
GBPUSD,5m,2026-09-17T23:35:00+00:00,1.33572,1.3359299999999998,1.33569,1.3358999999999999,643.0,2026-09-18T01:35:00+02:00
GBPUSD,5m,2026-09-17T23:40:00+00:00,1.3358999999999999,1.33591,1.33569,1.33571,286.0,2026-09-18T01:40:00+02:00
GBPUSD,5m,2026-09-17T23:45:00+00:00,1.33571,1.33584,1.33569,1.3357299999999999,450.0,2026-09-18T01:45:00+02:00
GBPUSD,5m,2026-09-17T23:50:00+00:00,1.3357299999999999,1.33579,1.33561,1.33574,521.0,2026-09-18T01:50:00+02:00
GBPUSD,5m,2026-09-17T23:55:00+00:00,1.33574,1.33577,1.3354899999999998,1.33554,439.0,2026-09-18T01:55:00+02:00
GBPUSD,5m,2026-09-18T00:00:00+00:00,1.33554,1.3358299999999999,1.3354599999999999,1.3357999999999999,1471.0,2026-09-18T02:00:00+02:00
GBPUSD,5m,2026-09-18T00:05:00+00:00,1.3357999999999999,1.33606,1.33574,1.33606,823.0,2026-09-18T02:05:00+02:00
GBPUSD,5m,2026-09-18T00:10:00+00:00,1.33606,1.33606,1.33592,1.33601,897.0,2026-09-18T02:10:00+02:00
GBPUSD,5m,2026-09-18T00:15:00+00:00,1.33601,1.33611,1.3359299999999998,1.33606,536.0,2026-09-18T02:15:00+02:00
GBPUSD,5m,2026-09-18T00:20:00+00:00,1.33606,1.33612,1.3359299999999998,1.33605,472.0,2026-09-18T02:20:00+02:00
GBPUSD,5m,2026-09-18T00:25:00+00:00,1.33605,1.33605,1.3357999999999999,1.3358299999999999,740.0,2026-09-18T02:25:00+02:00
GBPUSD,5m,2026-09-18T00:30:00+00:00,1.3358299999999999,1.3359299999999998,1.33581,1.33584,531.0,2026-09-18T02:30:00+02:00
GBPUSD,5m,2026-09-18T00:35:00+00:00,1.33584,1.33591,1.3357299999999999,1.33577,632.0,2026-09-18T02:35:00+02:00
GBPUSD,5m,2026-09-18T00:40:00+00:00,1.33577,1.33584,1.33562,1.33576,552.0,2026-09-18T02:40:00+02:00
GBPUSD,5m,2026-09-18T00:45:00+00:00,1.33576,1.33586,1.33564,1.33585,504.0,2026-09-18T02:45:00+02:00
GBPUSD,5m,2026-09-18T00:50:00+00:00,1.33585,1.33604,1.33575,1.33599,833.0,2026-09-18T02:50:00+02:00
GBPUSD,5m,2026-09-18T00:55:00+00:00,1.33599,1.3361699999999999,1.33595,1.3360699999999999,974.0,2026-09-18T02:55:00+02:00
GBPUSD,5m,2026-09-18T01:00:00+00:00,1.3360699999999999,1.33633,1.3360699999999999,1.33611,1048.0,2026-09-18T03:00:00+02:00
GBPUSD,5m,2026-09-18T01:05:00+00:00,1.33611,1.33616,1.33581,1.33584,808.0,2026-09-18T03:05:00+02:00
GBPUSD,5m,2026-09-18T01:10:00+00:00,1.33584,1.33589,1.33575,1.33577,961.0,2026-09-18T03:10:00+02:00
GBPUSD,5m,2026-09-18T01:15:00+00:00,1.33577,1.33588,1.33575,1.33575,1057.0,2026-09-18T03:15:00+02:00
GBPUSD,5m,2026-09-18T01:20:00+00:00,1.33575,1.33603,1.3357299999999999,1.33599,901.0,2026-09-18T03:20:00+02:00
GBPUSD,5m,2026-09-18T01:25:00+00:00,1.33599,1.33601,1.33576,1.3357999999999999,787.0,2026-09-18T03:25:00+02:00
GBPUSD,5m,2026-09-18T01:30:00+00:00,1.3357999999999999,1.33585,1.3355599999999999,1.3357299999999999,878.0,2026-09-18T03:30:00+02:00
GBPUSD,5m,2026-09-18T01:35:00+00:00,1.3357299999999999,1.33588,1.33562,1.33562,719.0,2026-09-18T03:35:00+02:00
GBPUSD,5m,2026-09-18T01:40:00+00:00,1.33562,1.3358999999999999,1.33561,1.33578,670.0,2026-09-18T03:40:00+02:00
GBPUSD,5m,2026-09-18T01:45:00+00:00,1.33578,1.3359299999999998,1.33567,1.33585,899.0,2026-09-18T03:45:00+02:00
GBPUSD,5m,2026-09-18T01:50:00+00:00,1.33585,1.33596,1.33571,1.3359299999999998,663.0,2026-09-18T03:50:00+02:00
GBPUSD,5m,2026-09-18T01:55:00+00:00,1.3359299999999998,1.3362399999999999,1.33587,1.33622,720.0,2026-09-18T03:55:00+02:00
GBPUSD,5m,2026-09-18T02:00:00+00:00,1.33622,1.33623,1.33602,1.33602,529.0,2026-09-18T04:00:00+02:00
GBPUSD,5m,2026-09-18T02:05:00+00:00,1.33602,1.33608,1.33585,1.33585,495.0,2026-09-18T04:05:00+02:00
GBPUSD,5m,2026-09-18T02:10:00+00:00,1.33585,1.33594,1.33577,1.33587,674.0,2026-09-18T04:10:00+02:00
GBPUSD,5m,2026-09-18T02:15:00+00:00,1.33587,1.33589,1.33572,1.33582,575.0,2026-09-18T04:15:00+02:00
GBPUSD,5m,2026-09-18T02:20:00+00:00,1.33582,1.33594,1.33579,1.3358999999999999,639.0,2026-09-18T04:20:00+02:00
GBPUSD,5m,2026-09-18T02:25:00+00:00,1.3358999999999999,1.3359299999999998,1.33579,1.3359299999999998,704.0,2026-09-18T04:25:00+02:00
GBPUSD,5m,2026-09-18T02:30:00+00:00,1.3359299999999998,1.33601,1.33581,1.33585,703.0,2026-09-18T04:30:00+02:00
GBPUSD,5m,2026-09-18T02:35:00+00:00,1.33585,1.33594,1.3357299999999999,1.33584,848.0,2026-09-18T04:35:00+02:00
GBPUSD,5m,2026-09-18T02:40:00+00:00,1.33584,1.3358999999999999,1.33568,1.33571,727.0,2026-09-18T04:40:00+02:00
GBPUSD,5m,2026-09-18T02:45:00+00:00,1.33571,1.33604,1.3356999999999999,1.33594,545.0,2026-09-18T04:45:00+02:00
GBPUSD,5m,2026-09-18T02:50:00+00:00,1.33594,1.33604,1.33567,1.33569,927.0,2026-09-18T04:50:00+02:00
GBPUSD,5m,2026-09-18T02:55:00+00:00,1.33569,1.33606,1.3356599999999998,1.33606,1520.0,2026-09-18T04:55:00+02:00
GBPUSD,5m,2026-09-18T03:00:00+00:00,1.33606,1.3362399999999999,1.33591,1.3362,951.0,2026-09-18T05:00:00+02:00
GBPUSD,5m,2026-09-18T03:05:00+00:00,1.3362,1.3364399999999999,1.33611,1.33635,1303.0,2026-09-18T05:05:00+02:00
GBPUSD,5m,2026-09-18T03:10:00+00:00,1.33635,1.33664,1.3363,1.3365399999999998,889.0,2026-09-18T05:10:00+02:00
GBPUSD,5m,2026-09-18T03:15:00+00:00,1.3365399999999998,1.33656,1.3364,1.33643,720.0,2026-09-18T05:15:00+02:00
GBPUSD,5m,2026-09-18T03:20:00+00:00,1.33643,1.3365399999999998,1.3363099999999999,1.3363399999999999,950.0,2026-09-18T05:20:00+02:00
GBPUSD,5m,2026-09-18T03:25:00+00:00,1.3363399999999999,1.3366,1.3363399999999999,1.3365399999999998,797.0,2026-09-18T05:25:00+02:00
GBPUSD,5m,2026-09-18T03:30:00+00:00,1.3365399999999998,1.33674,1.3365,1.33674,759.0,2026-09-18T05:30:00+02:00
GBPUSD,5m,2026-09-18T03:35:00+00:00,1.33674,1.3367499999999999,1.3365399999999998,1.33663,936.0,2026-09-18T05:35:00+02:00
GBPUSD,5m,2026-09-18T03:40:00+00:00,1.33663,1.33693,1.3366,1.3369199999999999,914.0,2026-09-18T05:40:00+02:00
GBPUSD,5m,2026-09-18T03:45:00+00:00,1.3369199999999999,1.33717,1.3369,1.3371199999999999,705.0,2026-09-18T05:45:00+02:00
GBPUSD,5m,2026-09-18T03:50:00+00:00,1.3371199999999999,1.33717,1.33703,1.33713,781.0,2026-09-18T05:50:00+02:00
GBPUSD,5m,2026-09-18T03:55:00+00:00,1.33713,1.3372,1.33704,1.33714,472.0,2026-09-18T05:55:00+02:00
GBPUSD,5m,2026-09-18T04:00:00+00:00,1.33714,1.33751,1.3371,1.33742,836.0,2026-09-18T06:00:00+02:00
GBPUSD,5m,2026-09-18T04:05:00+00:00,1.33742,1.33754,1.3373599999999999,1.33742,806.0,2026-09-18T06:05:00+02:00
GBPUSD,5m,2026-09-18T04:10:00+00:00,1.33742,1.33745,1.3373,1.33735,611.0,2026-09-18T06:10:00+02:00
GBPUSD,5m,2026-09-18T04:15:00+00:00,1.33735,1.33743,1.33728,1.3373,687.0,2026-09-18T06:15:00+02:00
GBPUSD,5m,2026-09-18T04:20:00+00:00,1.3373,1.33733,1.3371,1.3372199999999999,688.0,2026-09-18T06:20:00+02:00
GBPUSD,5m,2026-09-18T04:25:00+00:00,1.3372199999999999,1.33728,1.33709,1.33714,487.0,2026-09-18T06:25:00+02:00
GBPUSD,5m,2026-09-18T04:30:00+00:00,1.33714,1.3372199999999999,1.3371,1.33711,606.0,2026-09-18T06:30:00+02:00
GBPUSD,5m,2026-09-18T04:35:00+00:00,1.33711,1.3371499999999998,1.337,1.33706,580.0,2026-09-18T06:35:00+02:00
GBPUSD,5m,2026-09-18T04:40:00+00:00,1.33706,1.33724,1.3370499999999998,1.3371,822.0,2026-09-18T06:40:00+02:00
GBPUSD,5m,2026-09-18T04:45:00+00:00,1.3371,1.33711,1.33691,1.3370199999999999,722.0,2026-09-18T06:45:00+02:00
GBPUSD,5m,2026-09-18T04:50:00+00:00,1.3370199999999999,1.33713,1.3369499999999999,1.33701,667.0,2026-09-18T06:50:00+02:00
GBPUSD,5m,2026-09-18T04:55:00+00:00,1.33701,1.33706,1.33684,1.33686,666.0,2026-09-18T06:55:00+02:00
GBPUSD,5m,2026-09-18T05:00:00+00:00,1.33686,1.3370199999999999,1.3368,1.33686,693.0,2026-09-18T07:00:00+02:00
GBPUSD,5m,2026-09-18T05:05:00+00:00,1.33686,1.33698,1.33681,1.3368499999999999,558.0,2026-09-18T07:05:00+02:00
GBPUSD,5m,2026-09-18T05:10:00+00:00,1.3368499999999999,1.3368799999999998,1.33666,1.3367,655.0,2026-09-18T07:10:00+02:00
GBPUSD,5m,2026-09-18T05:15:00+00:00,1.3367,1.3368,1.33664,1.33665,759.0,2026-09-18T07:15:00+02:00
GBPUSD,5m,2026-09-18T05:20:00+00:00,1.33665,1.3366799999999999,1.33639,1.3365,873.0,2026-09-18T07:20:00+02:00
GBPUSD,5m,2026-09-18T05:25:00+00:00,1.3365,1.33656,1.33633,1.3363399999999999,605.0,2026-09-18T07:25:00+02:00
GBPUSD,5m,2026-09-18T05:30:00+00:00,1.3363399999999999,1.33636,1.33612,1.33615,879.0,2026-09-18T07:30:00+02:00
GBPUSD,5m,2026-09-18T05:35:00+00:00,1.33615,1.3363,1.33612,1.33625,913.0,2026-09-18T07:35:00+02:00
GBPUSD,5m,2026-09-18T05:40:00+00:00,1.33625,1.33626,1.33611,1.33622,911.0,2026-09-18T07:40:00+02:00
GBPUSD,5m,2026-09-18T05:45:00+00:00,1.33622,1.33626,1.33609,1.33609,608.0,2026-09-18T07:45:00+02:00
GBPUSD,5m,2026-09-18T05:50:00+00:00,1.33609,1.33629,1.33609,1.33616,997.0,2026-09-18T07:50:00+02:00
GBPUSD,5m,2026-09-18T05:55:00+00:00,1.33616,1.33629,1.33609,1.33611,1053.0,2026-09-18T07:55:00+02:00
GBPUSD,5m,2026-09-18T06:00:00+00:00,1.33611,1.33656,1.33603,1.33633,1197.0,2026-09-18T08:00:00+02:00
GBPUSD,5m,2026-09-18T06:05:00+00:00,1.33633,1.33663,1.3362399999999999,1.33655,1009.0,2026-09-18T08:05:00+02:00
GBPUSD,5m,2026-09-18T06:10:00+00:00,1.33655,1.33683,1.3365399999999998,1.33672,784.0,2026-09-18T08:10:00+02:00
GBPUSD,5m,2026-09-18T06:15:00+00:00,1.33672,1.3368499999999999,1.3364399999999999,1.33683,811.0,2026-09-18T08:15:00+02:00
GBPUSD,5m,2026-09-18T06:20:00+00:00,1.33683,1.3371499999999998,1.33681,1.3370199999999999,929.0,2026-09-18T08:20:00+02:00
GBPUSD,5m,2026-09-18T06:25:00+00:00,1.3370199999999999,1.3373599999999999,1.33691,1.33723,1065.0,2026-09-18T08:25:00+02:00
GBPUSD,5m,2026-09-18T06:30:00+00:00,1.33723,1.3373599999999999,1.33706,1.3371199999999999,1007.0,2026-09-18T08:30:00+02:00
GBPUSD,5m,2026-09-18T06:35:00+00:00,1.3371199999999999,1.3372199999999999,1.3367799999999999,1.33704,1043.0,2026-09-18T08:35:00+02:00
GBPUSD,5m,2026-09-18T06:40:00+00:00,1.33704,1.33745,1.33697,1.3371499999999998,2112.0,2026-09-18T08:40:00+02:00
GBPUSD,5m,2026-09-18T06:45:00+00:00,1.3371499999999998,1.3373599999999999,1.33709,1.3371199999999999,1384.0,2026-09-18T08:45:00+02:00
GBPUSD,5m,2026-09-18T06:50:00+00:00,1.3371199999999999,1.33726,1.3369,1.3371199999999999,1120.0,2026-09-18T08:50:00+02:00
GBPUSD,5m,2026-09-18T06:55:00+00:00,1.3371199999999999,1.33717,1.33693,1.33698,1605.0,2026-09-18T08:55:00+02:00
GBPUSD,5m,2026-09-18T07:00:00+00:00,1.33698,1.33709,1.33663,1.33707,1445.0,2026-09-18T09:00:00+02:00
GBPUSD,5m,2026-09-18T07:05:00+00:00,1.33707,1.33724,1.3370199999999999,1.33721,1014.0,2026-09-18T09:05:00+02:00
GBPUSD,5m,2026-09-18T07:10:00+00:00,1.33721,1.33726,1.33666,1.33673,1103.0,2026-09-18T09:10:00+02:00
GBPUSD,5m,2026-09-18T07:15:00+00:00,1.33673,1.3369199999999999,1.33659,1.3366,1276.0,2026-09-18T09:15:00+02:00
GBPUSD,5m,2026-09-18T07:20:00+00:00,1.3366,1.33666,1.3363,1.3364,1207.0,2026-09-18T09:20:00+02:00
GBPUSD,5m,2026-09-18T07:25:00+00:00,1.3364,1.33669,1.3364,1.33665,1085.0,2026-09-18T09:25:00+02:00
GBPUSD,5m,2026-09-18T07:30:00+00:00,1.33665,1.33666,1.33602,1.3364099999999999,1284.0,2026-09-18T09:30:00+02:00
GBPUSD,5m,2026-09-18T07:35:00+00:00,1.3364099999999999,1.3366099999999999,1.33609,1.33656,904.0,2026-09-18T09:35:00+02:00
GBPUSD,5m,2026-09-18T07:40:00+00:00,1.33656,1.3369199999999999,1.33647,1.33686,1038.0,2026-09-18T09:40:00+02:00
GBPUSD,5m,2026-09-18T07:45:00+00:00,1.33686,1.33703,1.33665,1.3369199999999999,1179.0,2026-09-18T09:45:00+02:00
GBPUSD,5m,2026-09-18T07:50:00+00:00,1.3369199999999999,1.33718,1.33687,1.33689,839.0,2026-09-18T09:50:00+02:00
GBPUSD,5m,2026-09-18T07:55:00+00:00,1.33689,1.3370199999999999,1.33666,1.3366799999999999,912.0,2026-09-18T09:55:00+02:00
GBPUSD,5m,2026-09-18T08:00:00+00:00,1.3366799999999999,1.33687,1.3365799999999999,1.33687,1407.0,2026-09-18T10:00:00+02:00
GBPUSD,5m,2026-09-18T08:05:00+00:00,1.33687,1.3370199999999999,1.33677,1.337,987.0,2026-09-18T10:05:00+02:00
GBPUSD,5m,2026-09-18T08:10:00+00:00,1.337,1.33724,1.33676,1.33709,1211.0,2026-09-18T10:10:00+02:00
GBPUSD,5m,2026-09-18T08:15:00+00:00,1.33709,1.33723,1.33701,1.33709,1017.0,2026-09-18T10:15:00+02:00
GBPUSD,5m,2026-09-18T08:20:00+00:00,1.33709,1.33721,1.33679,1.33704,1302.0,2026-09-18T10:20:00+02:00
GBPUSD,5m,2026-09-18T08:25:00+00:00,1.33704,1.33708,1.3369,1.33704,1053.0,2026-09-18T10:25:00+02:00
GBPUSD,5m,2026-09-18T08:30:00+00:00,1.33704,1.33717,1.33683,1.33684,771.0,2026-09-18T10:30:00+02:00
GBPUSD,5m,2026-09-18T08:35:00+00:00,1.33684,1.3370199999999999,1.33674,1.33686,916.0,2026-09-18T10:35:00+02:00
GBPUSD,5m,2026-09-18T08:40:00+00:00,1.33686,1.3368799999999998,1.3365099999999999,1.33667,1127.0,2026-09-18T10:40:00+02:00
GBPUSD,5m,2026-09-18T08:45:00+00:00,1.33667,1.33672,1.33646,1.33656,844.0,2026-09-18T10:45:00+02:00
GBPUSD,5m,2026-09-18T08:50:00+00:00,1.33656,1.33694,1.3365,1.3369,867.0,2026-09-18T10:50:00+02:00
GBPUSD,5m,2026-09-18T08:55:00+00:00,1.3369,1.3370499999999998,1.3367099999999998,1.3370199999999999,791.0,2026-09-18T10:55:00+02:00
GBPUSD,5m,2026-09-18T09:00:00+00:00,1.3370199999999999,1.33707,1.3368499999999999,1.3370499999999998,809.0,2026-09-18T11:00:00+02:00
GBPUSD,5m,2026-09-18T09:05:00+00:00,1.3370499999999998,1.33711,1.3368,1.33681,695.0,2026-09-18T11:05:00+02:00
GBPUSD,5m,2026-09-18T09:10:00+00:00,1.33681,1.33691,1.33663,1.33673,834.0,2026-09-18T11:10:00+02:00
GBPUSD,5m,2026-09-18T09:15:00+00:00,1.33673,1.3367499999999999,1.3366,1.33664,499.0,2026-09-18T11:15:00+02:00
GBPUSD,5m,2026-09-18T09:20:00+00:00,1.33664,1.33673,1.3365,1.33673,503.0,2026-09-18T11:20:00+02:00
GBPUSD,5m,2026-09-18T09:25:00+00:00,1.33673,1.33674,1.33649,1.33652,573.0,2026-09-18T11:25:00+02:00
GBPUSD,5m,2026-09-18T09:30:00+00:00,1.33652,1.33673,1.33646,1.3366099999999999,709.0,2026-09-18T11:30:00+02:00
GBPUSD,5m,2026-09-18T09:35:00+00:00,1.3366099999999999,1.33674,1.3365,1.3365,722.0,2026-09-18T11:35:00+02:00
GBPUSD,5m,2026-09-18T09:40:00+00:00,1.3365,1.33682,1.3364099999999999,1.33662,815.0,2026-09-18T11:40:00+02:00
GBPUSD,5m,2026-09-18T09:45:00+00:00,1.33662,1.33664,1.33638,1.33649,1104.0,2026-09-18T11:45:00+02:00
GBPUSD,5m,2026-09-18T09:50:00+00:00,1.33649,1.33718,1.33649,1.33716,1129.0,2026-09-18T11:50:00+02:00
GBPUSD,5m,2026-09-18T09:55:00+00:00,1.33716,1.33723,1.3369499999999999,1.33701,1076.0,2026-09-18T11:55:00+02:00
GBPUSD,5m,2026-09-18T10:00:00+00:00,1.33701,1.33707,1.33674,1.3367499999999999,875.0,2026-09-18T12:00:00+02:00
GBPUSD,5m,2026-09-18T10:05:00+00:00,1.3367499999999999,1.3371499999999998,1.3367099999999998,1.3369199999999999,804.0,2026-09-18T12:05:00+02:00
GBPUSD,5m,2026-09-18T10:10:00+00:00,1.3369199999999999,1.337,1.3368499999999999,1.3369,652.0,2026-09-18T12:10:00+02:00
GBPUSD,5m,2026-09-18T10:15:00+00:00,1.3369,1.33697,1.33673,1.3368799999999998,760.0,2026-09-18T12:15:00+02:00
GBPUSD,5m,2026-09-18T10:20:00+00:00,1.3368799999999998,1.3368799999999998,1.33665,1.33681,770.0,2026-09-18T12:20:00+02:00
GBPUSD,5m,2026-09-18T10:25:00+00:00,1.33681,1.3369,1.33652,1.3365799999999999,494.0,2026-09-18T12:25:00+02:00
GBPUSD,5m,2026-09-18T10:30:00+00:00,1.3365799999999999,1.33663,1.3363399999999999,1.3363399999999999,584.0,2026-09-18T12:30:00+02:00
GBPUSD,5m,2026-09-18T10:35:00+00:00,1.3363399999999999,1.33642,1.3359699999999999,1.33602,633.0,2026-09-18T12:35:00+02:00
GBPUSD,5m,2026-09-18T10:40:00+00:00,1.33602,1.33602,1.33541,1.33543,943.0,2026-09-18T12:40:00+02:00
GBPUSD,5m,2026-09-18T10:45:00+00:00,1.33543,1.33543,1.3350199999999999,1.33508,835.0,2026-09-18T12:45:00+02:00
GBPUSD,5m,2026-09-18T10:50:00+00:00,1.33508,1.33555,1.33491,1.3355299999999999,992.0,2026-09-18T12:50:00+02:00
GBPUSD,5m,2026-09-18T10:55:00+00:00,1.3355299999999999,1.33575,1.3353,1.33575,1218.0,2026-09-18T12:55:00+02:00
GBPUSD,5m,2026-09-18T11:00:00+00:00,1.33575,1.33621,1.33571,1.33615,1237.0,2026-09-18T13:00:00+02:00
GBPUSD,5m,2026-09-18T11:05:00+00:00,1.33615,1.33619,1.3354899999999998,1.3360699999999999,2529.0,2026-09-18T13:05:00+02:00
GBPUSD,5m,2026-09-18T11:10:00+00:00,1.3360699999999999,1.3364,1.33596,1.33598,1276.0,2026-09-18T13:10:00+02:00
GBPUSD,5m,2026-09-18T11:15:00+00:00,1.33598,1.33604,1.3355299999999999,1.33588,1597.0,2026-09-18T13:15:00+02:00
GBPUSD,5m,2026-09-18T11:20:00+00:00,1.33588,1.33598,1.3355299999999999,1.3357299999999999,1334.0,2026-09-18T13:20:00+02:00
GBPUSD,5m,2026-09-18T11:25:00+00:00,1.3357299999999999,1.3357299999999999,1.3352,1.33521,1405.0,2026-09-18T13:25:00+02:00
GBPUSD,5m,2026-09-18T11:30:00+00:00,1.33521,1.33535,1.335,1.33527,1280.0,2026-09-18T13:30:00+02:00
GBPUSD,5m,2026-09-18T11:35:00+00:00,1.33527,1.33527,1.33459,1.3346,1646.0,2026-09-18T13:35:00+02:00
GBPUSD,5m,2026-09-18T11:40:00+00:00,1.3346,1.3347099999999998,1.33447,1.33453,935.0,2026-09-18T13:40:00+02:00
GBPUSD,5m,2026-09-18T11:45:00+00:00,1.33453,1.33493,1.33446,1.33476,1208.0,2026-09-18T13:45:00+02:00
GBPUSD,5m,2026-09-18T11:50:00+00:00,1.33476,1.33476,1.33421,1.33432,1068.0,2026-09-18T13:50:00+02:00
GBPUSD,5m,2026-09-18T11:55:00+00:00,1.33432,1.3346799999999999,1.33426,1.33467,1054.0,2026-09-18T13:55:00+02:00
GBPUSD,5m,2026-09-18T12:00:00+00:00,1.33467,1.3348499999999999,1.33433,1.3347,1435.0,2026-09-18T14:00:00+02:00
GBPUSD,5m,2026-09-18T12:05:00+00:00,1.3347,1.33479,1.33419,1.3343399999999999,2143.0,2026-09-18T14:05:00+02:00
GBPUSD,5m,2026-09-18T12:10:00+00:00,1.3343399999999999,1.33437,1.33392,1.33435,1422.0,2026-09-18T14:10:00+02:00
GBPUSD,5m,2026-09-18T12:15:00+00:00,1.33435,1.33437,1.3337299999999999,1.3337999999999999,1446.0,2026-09-18T14:15:00+02:00
GBPUSD,5m,2026-09-18T12:20:00+00:00,1.3337999999999999,1.3339299999999998,1.33358,1.33359,1554.0,2026-09-18T14:20:00+02:00
GBPUSD,5m,2026-09-18T12:25:00+00:00,1.33359,1.33374,1.33351,1.3336,1436.0,2026-09-18T14:25:00+02:00
GBPUSD,5m,2026-09-18T12:30:00+00:00,1.3336,1.3341699999999999,1.33352,1.33413,1380.0,2026-09-18T14:30:00+02:00
GBPUSD,5m,2026-09-18T12:35:00+00:00,1.33413,1.33436,1.3340999999999998,1.33425,1401.0,2026-09-18T14:35:00+02:00
GBPUSD,5m,2026-09-18T12:40:00+00:00,1.33425,1.33432,1.3340999999999998,1.33421,1157.0,2026-09-18T14:40:00+02:00
GBPUSD,5m,2026-09-18T12:45:00+00:00,1.33421,1.33455,1.33415,1.3345099999999999,1481.0,2026-09-18T14:45:00+02:00
GBPUSD,5m,2026-09-18T12:50:00+00:00,1.3345099999999999,1.3348499999999999,1.33446,1.33463,1307.0,2026-09-18T14:50:00+02:00
GBPUSD,5m,2026-09-18T12:55:00+00:00,1.33463,1.3350499999999998,1.33463,1.3348,1358.0,2026-09-18T14:55:00+02:00
GBPUSD,5m,2026-09-18T13:00:00+00:00,1.3348,1.33483,1.3343,1.33456,1983.0,2026-09-18T15:00:00+02:00
GBPUSD,5m,2026-09-18T13:05:00+00:00,1.33456,1.33466,1.33433,1.3346099999999999,1504.0,2026-09-18T15:05:00+02:00
GBPUSD,5m,2026-09-18T13:10:00+00:00,1.3346099999999999,1.3346099999999999,1.33422,1.33425,778.0,2026-09-18T15:10:00+02:00
GBPUSD,5m,2026-09-18T13:15:00+00:00,1.33425,1.33446,1.33413,1.33446,701.0,2026-09-18T15:15:00+02:00
GBPUSD,5m,2026-09-18T13:20:00+00:00,1.33446,1.33456,1.3343399999999999,1.3344399999999998,901.0,2026-09-18T15:20:00+02:00
GBPUSD,5m,2026-09-18T13:25:00+00:00,1.3344399999999998,1.33487,1.33443,1.33486,609.0,2026-09-18T15:25:00+02:00
GBPUSD,5m,2026-09-18T13:30:00+00:00,1.33486,1.33496,1.33455,1.3346099999999999,1429.0,2026-09-18T15:30:00+02:00
GBPUSD,5m,2026-09-18T13:35:00+00:00,1.3346099999999999,1.33463,1.33401,1.33425,1355.0,2026-09-18T15:35:00+02:00
GBPUSD,5m,2026-09-18T13:40:00+00:00,1.33425,1.33464,1.33408,1.33463,1005.0,2026-09-18T15:40:00+02:00
GBPUSD,5m,2026-09-18T13:45:00+00:00,1.33463,1.33503,1.33452,1.33453,1149.0,2026-09-18T15:45:00+02:00
GBPUSD,5m,2026-09-18T13:50:00+00:00,1.33453,1.33469,1.33429,1.3343099999999999,972.0,2026-09-18T15:50:00+02:00
GBPUSD,5m,2026-09-18T13:55:00+00:00,1.3343099999999999,1.33432,1.3338999999999999,1.33391,1082.0,2026-09-18T15:55:00+02:00
GBPUSD,5m,2026-09-18T14:00:00+00:00,1.33391,1.33457,1.33387,1.3344,1207.0,2026-09-18T16:00:00+02:00
GBPUSD,5m,2026-09-18T14:05:00+00:00,1.3344,1.33465,1.33408,1.33463,1211.0,2026-09-18T16:05:00+02:00
GBPUSD,5m,2026-09-18T14:10:00+00:00,1.33463,1.33493,1.3345099999999999,1.33493,1102.0,2026-09-18T16:10:00+02:00
GBPUSD,5m,2026-09-18T14:15:00+00:00,1.33493,1.33496,1.33433,1.3344099999999999,1259.0,2026-09-18T16:15:00+02:00
GBPUSD,5m,2026-09-18T14:20:00+00:00,1.3344099999999999,1.33466,1.33412,1.33464,1331.0,2026-09-18T16:20:00+02:00
GBPUSD,5m,2026-09-18T14:25:00+00:00,1.33464,1.3349499999999999,1.3346099999999999,1.33481,1156.0,2026-09-18T16:25:00+02:00
GBPUSD,5m,2026-09-18T14:30:00+00:00,1.33481,1.33496,1.33474,1.33483,983.0,2026-09-18T16:30:00+02:00
GBPUSD,5m,2026-09-18T14:35:00+00:00,1.33483,1.3353,1.33472,1.33514,1371.0,2026-09-18T16:35:00+02:00
GBPUSD,5m,2026-09-18T14:40:00+00:00,1.33514,1.33567,1.3351199999999999,1.33551,1346.0,2026-09-18T16:40:00+02:00
GBPUSD,5m,2026-09-18T14:45:00+00:00,1.33551,1.33588,1.33551,1.33572,1568.0,2026-09-18T16:45:00+02:00
GBPUSD,5m,2026-09-18T14:50:00+00:00,1.33572,1.33632,1.3356999999999999,1.3363099999999999,3149.0,2026-09-18T16:50:00+02:00
GBPUSD,5m,2026-09-18T14:55:00+00:00,1.3363099999999999,1.33655,1.33595,1.33599,2147.0,2026-09-18T16:55:00+02:00
GBPUSD,5m,2026-09-18T15:00:00+00:00,1.33599,1.3362699999999998,1.33562,1.33567,1813.0,2026-09-18T17:00:00+02:00
GBPUSD,5m,2026-09-18T15:05:00+00:00,1.33567,1.33605,1.33554,1.3359299999999998,1428.0,2026-09-18T17:05:00+02:00
GBPUSD,5m,2026-09-18T15:10:00+00:00,1.3359299999999998,1.33652,1.33569,1.33652,1807.0,2026-09-18T17:10:00+02:00
GBPUSD,5m,2026-09-18T15:15:00+00:00,1.33652,1.33676,1.3363,1.3367499999999999,1590.0,2026-09-18T17:15:00+02:00
GBPUSD,5m,2026-09-18T15:20:00+00:00,1.3367499999999999,1.33711,1.33655,1.33711,1323.0,2026-09-18T17:20:00+02:00
GBPUSD,5m,2026-09-18T15:25:00+00:00,1.33711,1.3375,1.33708,1.33735,1634.0,2026-09-18T17:25:00+02:00
GBPUSD,5m,2026-09-18T15:30:00+00:00,1.33735,1.3375299999999999,1.33708,1.33713,1556.0,2026-09-18T17:30:00+02:00
GBPUSD,5m,2026-09-18T15:35:00+00:00,1.33713,1.33764,1.3369499999999999,1.33699,1541.0,2026-09-18T17:35:00+02:00
GBPUSD,5m,2026-09-18T15:40:00+00:00,1.33699,1.33711,1.33672,1.33693,1501.0,2026-09-18T17:40:00+02:00
GBPUSD,5m,2026-09-18T15:45:00+00:00,1.33693,1.3373,1.33676,1.3371499999999998,1354.0,2026-09-18T17:45:00+02:00
GBPUSD,5m,2026-09-18T15:50:00+00:00,1.3371499999999998,1.33716,1.33679,1.33687,923.0,2026-09-18T17:50:00+02:00
GBPUSD,5m,2026-09-18T15:55:00+00:00,1.33687,1.33703,1.33659,1.33701,1340.0,2026-09-18T17:55:00+02:00
GBPUSD,5m,2026-09-18T16:00:00+00:00,1.33701,1.33714,1.33689,1.3369,1019.0,2026-09-18T18:00:00+02:00
GBPUSD,5m,2026-09-18T16:05:00+00:00,1.3369,1.33741,1.33689,1.33735,1157.0,2026-09-18T18:05:00+02:00
GBPUSD,5m,2026-09-18T16:10:00+00:00,1.33735,1.33761,1.33728,1.33759,1044.0,2026-09-18T18:10:00+02:00
GBPUSD,5m,2026-09-18T16:15:00+00:00,1.33759,1.33796,1.33744,1.33774,1139.0,2026-09-18T18:15:00+02:00
GBPUSD,5m,2026-09-18T16:20:00+00:00,1.33774,1.3378299999999999,1.3374899999999998,1.33759,803.0,2026-09-18T18:20:00+02:00
GBPUSD,5m,2026-09-18T16:25:00+00:00,1.33759,1.33795,1.33759,1.33784,1322.0,2026-09-18T18:25:00+02:00
GBPUSD,5m,2026-09-18T16:30:00+00:00,1.33784,1.33826,1.3377,1.3379999999999999,1224.0,2026-09-18T18:30:00+02:00
GBPUSD,5m,2026-09-18T16:35:00+00:00,1.3379999999999999,1.3381699999999999,1.33791,1.3380999999999998,975.0,2026-09-18T18:35:00+02:00
GBPUSD,5m,2026-09-18T16:40:00+00:00,1.3380999999999998,1.33845,1.33806,1.33826,642.0,2026-09-18T18:40:00+02:00
GBPUSD,5m,2026-09-18T16:45:00+00:00,1.33826,1.3384399999999999,1.33821,1.3383399999999999,720.0,2026-09-18T18:45:00+02:00
GBPUSD,5m,2026-09-18T16:50:00+00:00,1.3383399999999999,1.33853,1.3382399999999999,1.33846,586.0,2026-09-18T18:50:00+02:00
GBPUSD,5m,2026-09-18T16:55:00+00:00,1.33846,1.33856,1.33816,1.33819,882.0,2026-09-18T18:55:00+02:00
GBPUSD,5m,2026-09-18T17:00:00+00:00,1.33819,1.3385,1.33819,1.3384,1066.0,2026-09-18T19:00:00+02:00
GBPUSD,5m,2026-09-18T17:05:00+00:00,1.3384,1.33866,1.33833,1.3385399999999998,652.0,2026-09-18T19:05:00+02:00
GBPUSD,5m,2026-09-18T17:10:00+00:00,1.3385399999999998,1.33927,1.3385399999999998,1.33926,1009.0,2026-09-18T19:10:00+02:00
GBPUSD,5m,2026-09-18T17:15:00+00:00,1.33926,1.33937,1.33914,1.33924,695.0,2026-09-18T19:15:00+02:00
GBPUSD,5m,2026-09-18T17:20:00+00:00,1.33924,1.33937,1.3391899999999999,1.33928,701.0,2026-09-18T19:20:00+02:00
GBPUSD,5m,2026-09-18T17:25:00+00:00,1.33928,1.33928,1.33911,1.3391499999999998,684.0,2026-09-18T19:25:00+02:00
GBPUSD,5m,2026-09-18T17:30:00+00:00,1.3391499999999998,1.33923,1.33894,1.3391199999999999,796.0,2026-09-18T19:30:00+02:00
GBPUSD,5m,2026-09-18T17:35:00+00:00,1.3391199999999999,1.33935,1.3391,1.3393,816.0,2026-09-18T19:35:00+02:00
GBPUSD,5m,2026-09-18T17:40:00+00:00,1.3393,1.3393599999999999,1.3391499999999998,1.33927,862.0,2026-09-18T19:40:00+02:00
GBPUSD,5m,2026-09-18T17:45:00+00:00,1.33927,1.33927,1.3389,1.3389499999999999,992.0,2026-09-18T19:45:00+02:00
GBPUSD,5m,2026-09-18T17:50:00+00:00,1.3389499999999999,1.33907,1.33893,1.33894,649.0,2026-09-18T19:50:00+02:00
GBPUSD,5m,2026-09-18T17:55:00+00:00,1.33894,1.33899,1.33879,1.3389,629.0,2026-09-18T19:55:00+02:00
GBPUSD,5m,2026-09-18T18:00:00+00:00,1.3389,1.33908,1.3387799999999999,1.33897,619.0,2026-09-18T20:00:00+02:00
GBPUSD,5m,2026-09-18T18:05:00+00:00,1.33897,1.33914,1.3389499999999999,1.339,570.0,2026-09-18T20:05:00+02:00
GBPUSD,5m,2026-09-18T18:10:00+00:00,1.339,1.33908,1.33893,1.33901,628.0,2026-09-18T20:10:00+02:00
GBPUSD,5m,2026-09-18T18:15:00+00:00,1.33901,1.33911,1.3388,1.33884,558.0,2026-09-18T20:15:00+02:00
GBPUSD,5m,2026-09-18T18:20:00+00:00,1.33884,1.33896,1.3388,1.3389199999999999,408.0,2026-09-18T20:20:00+02:00
GBPUSD,5m,2026-09-18T18:25:00+00:00,1.3389199999999999,1.33894,1.3388499999999999,1.33893,365.0,2026-09-18T20:25:00+02:00
GBPUSD,5m,2026-09-18T18:30:00+00:00,1.33893,1.3390199999999999,1.3388799999999998,1.339,520.0,2026-09-18T20:30:00+02:00
GBPUSD,5m,2026-09-18T18:35:00+00:00,1.339,1.33911,1.33887,1.3388799999999998,487.0,2026-09-18T20:35:00+02:00
GBPUSD,5m,2026-09-18T18:40:00+00:00,1.3388799999999998,1.33889,1.33869,1.3387099999999998,731.0,2026-09-18T20:40:00+02:00
GBPUSD,5m,2026-09-18T18:45:00+00:00,1.3387099999999998,1.33914,1.33869,1.33914,795.0,2026-09-18T20:45:00+02:00
GBPUSD,5m,2026-09-18T18:50:00+00:00,1.33914,1.33923,1.33907,1.33908,422.0,2026-09-18T20:50:00+02:00
GBPUSD,5m,2026-09-18T18:55:00+00:00,1.33908,1.3391499999999998,1.33896,1.33897,475.0,2026-09-18T20:55:00+02:00
GBPUSD,5m,2026-09-18T19:00:00+00:00,1.33897,1.3391499999999998,1.33897,1.33899,392.0,2026-09-18T21:00:00+02:00
GBPUSD,5m,2026-09-18T19:05:00+00:00,1.33899,1.33935,1.33899,1.33935,383.0,2026-09-18T21:05:00+02:00
GBPUSD,5m,2026-09-18T19:10:00+00:00,1.33935,1.33951,1.33927,1.33945,375.0,2026-09-18T21:10:00+02:00
GBPUSD,5m,2026-09-18T19:15:00+00:00,1.33945,1.33955,1.3393199999999998,1.33941,365.0,2026-09-18T21:15:00+02:00
GBPUSD,5m,2026-09-18T19:20:00+00:00,1.33941,1.33972,1.3393899999999999,1.33962,498.0,2026-09-18T21:20:00+02:00
GBPUSD,5m,2026-09-18T19:25:00+00:00,1.33962,1.33962,1.33934,1.3394599999999999,472.0,2026-09-18T21:25:00+02:00
GBPUSD,5m,2026-09-18T19:30:00+00:00,1.3394599999999999,1.3395599999999999,1.33935,1.33951,583.0,2026-09-18T21:30:00+02:00
GBPUSD,5m,2026-09-18T19:35:00+00:00,1.33951,1.33952,1.33933,1.33945,368.0,2026-09-18T21:35:00+02:00
GBPUSD,5m,2026-09-18T19:40:00+00:00,1.33945,1.3394599999999999,1.33933,1.33941,379.0,2026-09-18T21:40:00+02:00
GBPUSD,5m,2026-09-18T19:45:00+00:00,1.33941,1.33954,1.33933,1.33943,522.0,2026-09-18T21:45:00+02:00
GBPUSD,5m,2026-09-18T19:50:00+00:00,1.33943,1.33955,1.33928,1.3392899999999999,515.0,2026-09-18T21:50:00+02:00
GBPUSD,5m,2026-09-18T19:55:00+00:00,1.3392899999999999,1.3395299999999999,1.3392899999999999,1.33934,772.0,2026-09-18T21:55:00+02:00
GBPUSD,5m,2026-09-18T20:00:00+00:00,1.33934,1.3395599999999999,1.33934,1.33954,545.0,2026-09-18T22:00:00+02:00
GBPUSD,5m,2026-09-18T20:05:00+00:00,1.33954,1.33964,1.33944,1.3395599999999999,309.0,2026-09-18T22:05:00+02:00
GBPUSD,5m,2026-09-18T20:10:00+00:00,1.3395599999999999,1.33974,1.33943,1.3395299999999999,590.0,2026-09-18T22:10:00+02:00
GBPUSD,5m,2026-09-18T20:15:00+00:00,1.3395299999999999,1.3397599999999998,1.33943,1.33972,251.0,2026-09-18T22:15:00+02:00
GBPUSD,5m,2026-09-18T20:20:00+00:00,1.33972,1.3397299999999999,1.3396,1.3396299999999999,230.0,2026-09-18T22:20:00+02:00
GBPUSD,5m,2026-09-18T20:25:00+00:00,1.3396299999999999,1.33977,1.33962,1.33964,186.0,2026-09-18T22:25:00+02:00
GBPUSD,5m,2026-09-18T20:30:00+00:00,1.33964,1.3397299999999999,1.3395,1.33952,149.0,2026-09-18T22:30:00+02:00
GBPUSD,5m,2026-09-18T20:35:00+00:00,1.33952,1.33954,1.33942,1.33942,98.0,2026-09-18T22:35:00+02:00
GBPUSD,5m,2026-09-18T20:40:00+00:00,1.33942,1.3395,1.33935,1.3395,157.0,2026-09-18T22:40:00+02:00
GBPUSD,5m,2026-09-18T20:45:00+00:00,1.3395,1.33962,1.3393199999999998,1.3393199999999998,633.0,2026-09-18T22:45:00+02:00
GBPUSD,5m,2026-09-18T20:50:00+00:00,1.3393199999999998,1.3393599999999999,1.33927,1.33931,196.0,2026-09-18T22:50:00+02:00
GBPUSD,5m,2026-09-18T20:55:00+00:00,1.33931,1.3393199999999998,1.339,1.3391899999999999,892.0,2026-09-18T22:55:00+02:00
GBPUSD,5m,2026-09-20T19:00:00+00:00,1.3391899999999999,1.3391899999999999,1.3383399999999999,1.3383399999999999,6.0,2026-09-20T21:00:00+02:00
GBPUSD,5m,2026-09-20T19:15:00+00:00,1.3383399999999999,1.3386099999999999,1.3383399999999999,1.33859,4.0,2026-09-20T21:15:00+02:00
GBPUSD,5m,2026-09-20T19:20:00+00:00,1.33859,1.3386,1.33853,1.3386,28.0,2026-09-20T21:20:00+02:00
GBPUSD,5m,2026-09-20T19:25:00+00:00,1.3386,1.3386,1.33839,1.33852,96.0,2026-09-20T21:25:00+02:00
GBPUSD,5m,2026-09-20T19:30:00+00:00,1.33852,1.33852,1.3372199999999999,1.3372899999999999,63.0,2026-09-20T21:30:00+02:00
GBPUSD,5m,2026-09-20T19:35:00+00:00,1.3372899999999999,1.33792,1.33728,1.3372899999999999,107.0,2026-09-20T21:35:00+02:00
GBPUSD,5m,2026-09-20T19:40:00+00:00,1.3372899999999999,1.33795,1.33723,1.33728,85.0,2026-09-20T21:40:00+02:00
GBPUSD,5m,2026-09-20T19:45:00+00:00,1.33728,1.3386,1.33728,1.3386,42.0,2026-09-20T21:45:00+02:00
GBPUSD,5m,2026-09-20T19:50:00+00:00,1.3386,1.3386,1.33716,1.3386,80.0,2026-09-20T21:50:00+02:00
GBPUSD,5m,2026-09-20T19:55:00+00:00,1.3386,1.33862,1.33723,1.3372899999999999,115.0,2026-09-20T21:55:00+02:00
GBPUSD,5m,2026-09-20T20:00:00+00:00,1.3372899999999999,1.3385399999999998,1.3372199999999999,1.33821,211.0,2026-09-20T22:00:00+02:00
GBPUSD,5m,2026-09-20T20:05:00+00:00,1.33821,1.33857,1.3372199999999999,1.33738,239.0,2026-09-20T22:05:00+02:00
GBPUSD,5m,2026-09-20T20:10:00+00:00,1.33738,1.3385399999999998,1.3372199999999999,1.3377999999999999,219.0,2026-09-20T22:10:00+02:00
GBPUSD,5m,2026-09-20T20:15:00+00:00,1.3377999999999999,1.3386099999999999,1.33723,1.33829,183.0,2026-09-20T22:15:00+02:00
GBPUSD,5m,2026-09-20T20:20:00+00:00,1.33829,1.3386099999999999,1.33829,1.3386099999999999,22.0,2026-09-20T22:20:00+02:00
GBPUSD,5m,2026-09-20T20:25:00+00:00,1.3386099999999999,1.3386099999999999,1.33829,1.33838,88.0,2026-09-20T22:25:00+02:00
GBPUSD,5m,2026-09-20T20:30:00+00:00,1.33838,1.3386,1.33829,1.33829,172.0,2026-09-20T22:30:00+02:00
GBPUSD,5m,2026-09-20T20:35:00+00:00,1.33829,1.33862,1.33829,1.33829,185.0,2026-09-20T22:35:00+02:00
GBPUSD,5m,2026-09-20T20:40:00+00:00,1.33829,1.33863,1.33829,1.33832,132.0,2026-09-20T22:40:00+02:00
GBPUSD,5m,2026-09-20T21:00:00+00:00,1.33832,1.33832,1.33829,1.3383,9.0,2026-09-20T23:00:00+02:00
GBPUSD,5m,2026-09-20T21:05:00+00:00,1.3383,1.33832,1.33822,1.33832,19.0,2026-09-20T23:05:00+02:00
GBPUSD,5m,2026-09-20T21:10:00+00:00,1.33832,1.33835,1.33829,1.33835,10.0,2026-09-20T23:10:00+02:00
GBPUSD,5m,2026-09-20T21:15:00+00:00,1.33835,1.3385799999999999,1.33785,1.3379699999999999,283.0,2026-09-20T23:15:00+02:00
GBPUSD,5m,2026-09-20T21:20:00+00:00,1.3379699999999999,1.33859,1.33785,1.33803,327.0,2026-09-20T23:20:00+02:00
GBPUSD,5m,2026-09-20T21:25:00+00:00,1.33803,1.3385799999999999,1.33791,1.3381399999999999,346.0,2026-09-20T23:25:00+02:00
GBPUSD,5m,2026-09-20T21:30:00+00:00,1.3381399999999999,1.33856,1.33788,1.3385399999999998,350.0,2026-09-20T23:30:00+02:00
GBPUSD,5m,2026-09-20T21:35:00+00:00,1.3385399999999998,1.33856,1.3378999999999999,1.3385399999999998,535.0,2026-09-20T23:35:00+02:00
GBPUSD,5m,2026-09-20T21:40:00+00:00,1.3385399999999998,1.33857,1.3380999999999998,1.33828,555.0,2026-09-20T23:40:00+02:00
GBPUSD,5m,2026-09-20T21:45:00+00:00,1.33828,1.33887,1.33794,1.33829,583.0,2026-09-20T23:45:00+02:00
GBPUSD,5m,2026-09-20T21:50:00+00:00,1.33829,1.3386799999999999,1.33813,1.3386799999999999,625.0,2026-09-20T23:50:00+02:00
GBPUSD,5m,2026-09-20T21:55:00+00:00,1.3386799999999999,1.33882,1.33823,1.33823,90.0,2026-09-20T23:55:00+02:00
GBPUSD,5m,2026-09-20T22:00:00+00:00,1.33823,1.33925,1.33823,1.33924,356.0,2026-09-21T00:00:00+02:00
GBPUSD,5m,2026-09-20T22:05:00+00:00,1.33924,1.33928,1.33917,1.33924,116.0,2026-09-21T00:05:00+02:00
GBPUSD,5m,2026-09-20T22:10:00+00:00,1.33924,1.33927,1.33917,1.33927,91.0,2026-09-21T00:10:00+02:00
GBPUSD,5m,2026-09-20T22:15:00+00:00,1.33927,1.33938,1.33925,1.33933,162.0,2026-09-21T00:15:00+02:00
GBPUSD,5m,2026-09-20T22:20:00+00:00,1.33933,1.33935,1.33923,1.33924,117.0,2026-09-21T00:20:00+02:00
GBPUSD,5m,2026-09-20T22:25:00+00:00,1.33924,1.33925,1.3391499999999998,1.33918,232.0,2026-09-21T00:25:00+02:00
GBPUSD,5m,2026-09-20T22:30:00+00:00,1.33918,1.3391899999999999,1.33899,1.339,184.0,2026-09-21T00:30:00+02:00
GBPUSD,5m,2026-09-20T22:35:00+00:00,1.339,1.33909,1.33897,1.339,188.0,2026-09-21T00:35:00+02:00
GBPUSD,5m,2026-09-20T22:40:00+00:00,1.339,1.33907,1.33899,1.33904,72.0,2026-09-21T00:40:00+02:00
GBPUSD,5m,2026-09-20T22:45:00+00:00,1.33904,1.33904,1.33893,1.3389499999999999,86.0,2026-09-21T00:45:00+02:00
GBPUSD,5m,2026-09-20T22:50:00+00:00,1.3389499999999999,1.33901,1.33894,1.33899,112.0,2026-09-21T00:50:00+02:00
GBPUSD,5m,2026-09-20T22:55:00+00:00,1.33899,1.33901,1.33883,1.3388499999999999,119.0,2026-09-21T00:55:00+02:00
GBPUSD,5m,2026-09-20T23:00:00+00:00,1.3388499999999999,1.33886,1.3387099999999998,1.33873,236.0,2026-09-21T01:00:00+02:00
GBPUSD,5m,2026-09-20T23:05:00+00:00,1.33873,1.3387499999999999,1.33869,1.3387,126.0,2026-09-21T01:05:00+02:00
GBPUSD,5m,2026-09-20T23:10:00+00:00,1.3387,1.3389,1.3387,1.3388799999999998,173.0,2026-09-21T01:10:00+02:00
GBPUSD,5m,2026-09-20T23:15:00+00:00,1.3388799999999998,1.33891,1.33877,1.33889,255.0,2026-09-21T01:15:00+02:00
GBPUSD,5m,2026-09-20T23:20:00+00:00,1.33889,1.33893,1.3388499999999999,1.3389199999999999,197.0,2026-09-21T01:20:00+02:00
GBPUSD,5m,2026-09-20T23:25:00+00:00,1.3389199999999999,1.3390499999999999,1.3389,1.33903,75.0,2026-09-21T01:25:00+02:00
GBPUSD,5m,2026-09-20T23:30:00+00:00,1.33903,1.33904,1.3389199999999999,1.3389199999999999,151.0,2026-09-21T01:30:00+02:00
GBPUSD,5m,2026-09-20T23:35:00+00:00,1.3389199999999999,1.33898,1.33891,1.33893,163.0,2026-09-21T01:35:00+02:00
GBPUSD,5m,2026-09-20T23:40:00+00:00,1.33893,1.33894,1.3388499999999999,1.3388499999999999,118.0,2026-09-21T01:40:00+02:00
GBPUSD,5m,2026-09-20T23:45:00+00:00,1.3388499999999999,1.3389499999999999,1.3387499999999999,1.33894,467.0,2026-09-21T01:45:00+02:00
GBPUSD,5m,2026-09-20T23:50:00+00:00,1.33894,1.3389499999999999,1.33877,1.3388499999999999,432.0,2026-09-21T01:50:00+02:00
GBPUSD,5m,2026-09-20T23:55:00+00:00,1.3388499999999999,1.33896,1.3388,1.3388499999999999,563.0,2026-09-21T01:55:00+02:00
GBPUSD,5m,2026-09-21T00:00:00+00:00,1.3388499999999999,1.33896,1.3387099999999998,1.33881,1132.0,2026-09-21T02:00:00+02:00
GBPUSD,5m,2026-09-21T00:05:00+00:00,1.33881,1.33896,1.3388,1.33889,712.0,2026-09-21T02:05:00+02:00
GBPUSD,5m,2026-09-21T00:10:00+00:00,1.33889,1.33896,1.33874,1.33896,1118.0,2026-09-21T02:10:00+02:00
GBPUSD,5m,2026-09-21T00:15:00+00:00,1.33896,1.339,1.33881,1.33881,861.0,2026-09-21T02:15:00+02:00
GBPUSD,5m,2026-09-21T00:20:00+00:00,1.33881,1.3389499999999999,1.33869,1.33889,939.0,2026-09-21T02:20:00+02:00
GBPUSD,5m,2026-09-21T00:25:00+00:00,1.33889,1.33906,1.33889,1.33901,738.0,2026-09-21T02:25:00+02:00
GBPUSD,5m,2026-09-21T00:30:00+00:00,1.33901,1.33911,1.33894,1.33901,760.0,2026-09-21T02:30:00+02:00
GBPUSD,5m,2026-09-21T00:35:00+00:00,1.33901,1.3391199999999999,1.3389199999999999,1.33908,1234.0,2026-09-21T02:35:00+02:00
GBPUSD,5m,2026-09-21T00:40:00+00:00,1.33908,1.33926,1.339,1.33904,1236.0,2026-09-21T02:40:00+02:00
GBPUSD,5m,2026-09-21T00:45:00+00:00,1.33904,1.3391,1.3389,1.33898,914.0,2026-09-21T02:45:00+02:00
GBPUSD,5m,2026-09-21T00:50:00+00:00,1.33898,1.33908,1.3388799999999998,1.33889,604.0,2026-09-21T02:50:00+02:00
GBPUSD,5m,2026-09-21T00:55:00+00:00,1.33889,1.33891,1.33872,1.33873,445.0,2026-09-21T02:55:00+02:00
GBPUSD,5m,2026-09-21T01:00:00+00:00,1.33873,1.33901,1.33873,1.33883,1016.0,2026-09-21T03:00:00+02:00
GBPUSD,5m,2026-09-21T01:05:00+00:00,1.33883,1.3391499999999998,1.33877,1.33914,1034.0,2026-09-21T03:05:00+02:00
GBPUSD,5m,2026-09-21T01:10:00+00:00,1.33914,1.3392,1.33893,1.33904,1241.0,2026-09-21T03:10:00+02:00
GBPUSD,5m,2026-09-21T01:15:00+00:00,1.33904,1.3391499999999998,1.33898,1.33901,928.0,2026-09-21T03:15:00+02:00
GBPUSD,5m,2026-09-21T01:20:00+00:00,1.33901,1.33916,1.33896,1.33911,949.0,2026-09-21T03:20:00+02:00
GBPUSD,5m,2026-09-21T01:25:00+00:00,1.33911,1.33916,1.3390199999999999,1.33907,867.0,2026-09-21T03:25:00+02:00
GBPUSD,5m,2026-09-21T01:30:00+00:00,1.33907,1.3391499999999998,1.33901,1.3390199999999999,1158.0,2026-09-21T03:30:00+02:00
GBPUSD,5m,2026-09-21T01:35:00+00:00,1.3390199999999999,1.33904,1.33893,1.33903,704.0,2026-09-21T03:35:00+02:00
GBPUSD,5m,2026-09-21T01:40:00+00:00,1.33903,1.33927,1.3390199999999999,1.33924,944.0,2026-09-21T03:40:00+02:00
GBPUSD,5m,2026-09-21T01:45:00+00:00,1.33924,1.33924,1.33913,1.3391499999999998,984.0,2026-09-21T03:45:00+02:00
GBPUSD,5m,2026-09-21T01:50:00+00:00,1.3391499999999998,1.33928,1.33913,1.3391499999999998,1435.0,2026-09-21T03:50:00+02:00
GBPUSD,5m,2026-09-21T01:55:00+00:00,1.3391499999999998,1.33916,1.33881,1.3388499999999999,691.0,2026-09-21T03:55:00+02:00
GBPUSD,5m,2026-09-21T02:00:00+00:00,1.3388499999999999,1.3389199999999999,1.33881,1.33883,526.0,2026-09-21T04:00:00+02:00
GBPUSD,5m,2026-09-21T02:05:00+00:00,1.33883,1.3388499999999999,1.33863,1.33874,544.0,2026-09-21T04:05:00+02:00
GBPUSD,5m,2026-09-21T02:10:00+00:00,1.33874,1.33881,1.33864,1.33866,468.0,2026-09-21T04:10:00+02:00
GBPUSD,5m,2026-09-21T02:15:00+00:00,1.33866,1.33874,1.3386099999999999,1.3386099999999999,612.0,2026-09-21T04:15:00+02:00
GBPUSD,5m,2026-09-21T02:20:00+00:00,1.3386099999999999,1.33865,1.33853,1.33856,276.0,2026-09-21T04:20:00+02:00
GBPUSD,5m,2026-09-21T02:25:00+00:00,1.33856,1.3386099999999999,1.33853,1.33856,511.0,2026-09-21T04:25:00+02:00
GBPUSD,5m,2026-09-21T02:30:00+00:00,1.33856,1.3386,1.33849,1.3385099999999999,488.0,2026-09-21T04:30:00+02:00
GBPUSD,5m,2026-09-21T02:35:00+00:00,1.3385099999999999,1.33862,1.33843,1.3385099999999999,747.0,2026-09-21T04:35:00+02:00
GBPUSD,5m,2026-09-21T02:40:00+00:00,1.3385099999999999,1.33857,1.3385,1.33855,499.0,2026-09-21T04:40:00+02:00
GBPUSD,5m,2026-09-21T02:45:00+00:00,1.33855,1.33859,1.33839,1.3384099999999999,368.0,2026-09-21T04:45:00+02:00
GBPUSD,5m,2026-09-21T02:50:00+00:00,1.3384099999999999,1.33842,1.33822,1.33822,468.0,2026-09-21T04:50:00+02:00
GBPUSD,5m,2026-09-21T02:55:00+00:00,1.33822,1.33826,1.3381699999999999,1.33822,554.0,2026-09-21T04:55:00+02:00
GBPUSD,5m,2026-09-21T03:00:00+00:00,1.33822,1.33825,1.33812,1.33823,681.0,2026-09-21T05:00:00+02:00
GBPUSD,5m,2026-09-21T03:05:00+00:00,1.33823,1.3382399999999999,1.33805,1.33809,340.0,2026-09-21T05:05:00+02:00
GBPUSD,5m,2026-09-21T03:10:00+00:00,1.33809,1.3384099999999999,1.33803,1.3384,315.0,2026-09-21T05:10:00+02:00
GBPUSD,5m,2026-09-21T03:15:00+00:00,1.3384,1.3387099999999998,1.3384,1.33863,374.0,2026-09-21T05:15:00+02:00
GBPUSD,5m,2026-09-21T03:20:00+00:00,1.33863,1.33863,1.33823,1.33832,547.0,2026-09-21T05:20:00+02:00
GBPUSD,5m,2026-09-21T03:25:00+00:00,1.33832,1.33837,1.33789,1.33821,626.0,2026-09-21T05:25:00+02:00
GBPUSD,5m,2026-09-21T03:30:00+00:00,1.33821,1.33833,1.33803,1.3383,556.0,2026-09-21T05:30:00+02:00
GBPUSD,5m,2026-09-21T03:35:00+00:00,1.3383,1.33836,1.3382399999999999,1.33833,597.0,2026-09-21T05:35:00+02:00
GBPUSD,5m,2026-09-21T03:40:00+00:00,1.33833,1.3383399999999999,1.33819,1.33819,497.0,2026-09-21T05:40:00+02:00
GBPUSD,5m,2026-09-21T03:45:00+00:00,1.33819,1.3384,1.33819,1.33828,527.0,2026-09-21T05:45:00+02:00
GBPUSD,5m,2026-09-21T03:50:00+00:00,1.33828,1.33828,1.33811,1.33811,517.0,2026-09-21T05:50:00+02:00
GBPUSD,5m,2026-09-21T03:55:00+00:00,1.33811,1.33821,1.33809,1.3382,361.0,2026-09-21T05:55:00+02:00
GBPUSD,5m,2026-09-21T04:00:00+00:00,1.3382,1.33822,1.33811,1.3381399999999999,511.0,2026-09-21T06:00:00+02:00
GBPUSD,5m,2026-09-21T04:05:00+00:00,1.3381399999999999,1.33819,1.33801,1.33815,432.0,2026-09-21T06:05:00+02:00
GBPUSD,5m,2026-09-21T04:10:00+00:00,1.33815,1.33825,1.33809,1.33825,543.0,2026-09-21T06:10:00+02:00
GBPUSD,5m,2026-09-21T04:15:00+00:00,1.33825,1.3383399999999999,1.33822,1.33823,523.0,2026-09-21T06:15:00+02:00
GBPUSD,5m,2026-09-21T04:20:00+00:00,1.33823,1.33832,1.3381399999999999,1.33822,675.0,2026-09-21T06:20:00+02:00
GBPUSD,5m,2026-09-21T04:25:00+00:00,1.33822,1.3382399999999999,1.33759,1.33767,1053.0,2026-09-21T06:25:00+02:00
GBPUSD,5m,2026-09-21T04:30:00+00:00,1.33767,1.3377299999999999,1.33733,1.33772,600.0,2026-09-21T06:30:00+02:00
GBPUSD,5m,2026-09-21T04:35:00+00:00,1.33772,1.3378299999999999,1.33761,1.33782,558.0,2026-09-21T06:35:00+02:00
GBPUSD,5m,2026-09-21T04:40:00+00:00,1.33782,1.3379299999999998,1.33778,1.33778,410.0,2026-09-21T06:40:00+02:00
GBPUSD,5m,2026-09-21T04:45:00+00:00,1.33778,1.3378299999999999,1.33777,1.33779,235.0,2026-09-21T06:45:00+02:00
GBPUSD,5m,2026-09-21T04:50:00+00:00,1.33779,1.33784,1.3377,1.33782,313.0,2026-09-21T06:50:00+02:00
GBPUSD,5m,2026-09-21T04:55:00+00:00,1.33782,1.3378999999999999,1.33771,1.33775,456.0,2026-09-21T06:55:00+02:00
GBPUSD,5m,2026-09-21T05:00:00+00:00,1.33775,1.3377999999999999,1.33768,1.33768,450.0,2026-09-21T07:00:00+02:00
GBPUSD,5m,2026-09-21T05:05:00+00:00,1.33768,1.3378299999999999,1.33767,1.33778,572.0,2026-09-21T07:05:00+02:00
GBPUSD,5m,2026-09-21T05:10:00+00:00,1.33778,1.3378299999999999,1.33771,1.3377999999999999,482.0,2026-09-21T07:10:00+02:00
GBPUSD,5m,2026-09-21T05:15:00+00:00,1.3377999999999999,1.33785,1.33772,1.33778,505.0,2026-09-21T07:15:00+02:00
GBPUSD,5m,2026-09-21T05:20:00+00:00,1.33778,1.33779,1.33769,1.33774,530.0,2026-09-21T07:20:00+02:00
GBPUSD,5m,2026-09-21T05:25:00+00:00,1.33774,1.33774,1.33757,1.33762,447.0,2026-09-21T07:25:00+02:00
GBPUSD,5m,2026-09-21T05:30:00+00:00,1.33762,1.3377299999999999,1.33755,1.3376299999999999,582.0,2026-09-21T07:30:00+02:00
GBPUSD,5m,2026-09-21T05:35:00+00:00,1.3376299999999999,1.33765,1.3375,1.33764,721.0,2026-09-21T07:35:00+02:00
GBPUSD,5m,2026-09-21T05:40:00+00:00,1.33764,1.33765,1.3374899999999998,1.3375599999999999,481.0,2026-09-21T07:40:00+02:00
GBPUSD,5m,2026-09-21T05:45:00+00:00,1.3375599999999999,1.33759,1.33748,1.3375299999999999,602.0,2026-09-21T07:45:00+02:00
GBPUSD,5m,2026-09-21T05:50:00+00:00,1.3375299999999999,1.3376599999999998,1.33751,1.3376,516.0,2026-09-21T07:50:00+02:00
GBPUSD,5m,2026-09-21T05:55:00+00:00,1.3376,1.3376299999999999,1.33748,1.33751,799.0,2026-09-21T07:55:00+02:00
GBPUSD,5m,2026-09-21T06:00:00+00:00,1.33751,1.33759,1.33718,1.33727,1278.0,2026-09-21T08:00:00+02:00
GBPUSD,5m,2026-09-21T06:05:00+00:00,1.33727,1.33734,1.3372199999999999,1.3373,641.0,2026-09-21T08:05:00+02:00
GBPUSD,5m,2026-09-21T06:10:00+00:00,1.3373,1.33744,1.33725,1.33741,918.0,2026-09-21T08:10:00+02:00
GBPUSD,5m,2026-09-21T06:15:00+00:00,1.33741,1.33745,1.33727,1.3373899999999999,732.0,2026-09-21T08:15:00+02:00
GBPUSD,5m,2026-09-21T06:20:00+00:00,1.3373899999999999,1.33765,1.33733,1.3376299999999999,890.0,2026-09-21T08:20:00+02:00
GBPUSD,5m,2026-09-21T06:25:00+00:00,1.3376299999999999,1.33787,1.3376,1.3378299999999999,679.0,2026-09-21T08:25:00+02:00
GBPUSD,5m,2026-09-21T06:30:00+00:00,1.3378299999999999,1.33786,1.3376299999999999,1.33774,816.0,2026-09-21T08:30:00+02:00
GBPUSD,5m,2026-09-21T06:35:00+00:00,1.33774,1.3377999999999999,1.3377,1.33775,519.0,2026-09-21T08:35:00+02:00
GBPUSD,5m,2026-09-21T06:40:00+00:00,1.33775,1.33803,1.33771,1.33796,996.0,2026-09-21T08:40:00+02:00
GBPUSD,5m,2026-09-21T06:45:00+00:00,1.33796,1.3382399999999999,1.33791,1.33815,643.0,2026-09-21T08:45:00+02:00
GBPUSD,5m,2026-09-21T06:50:00+00:00,1.33815,1.33828,1.3379999999999999,1.3379999999999999,456.0,2026-09-21T08:50:00+02:00
GBPUSD,5m,2026-09-21T06:55:00+00:00,1.3379999999999999,1.33811,1.3376299999999999,1.33769,928.0,2026-09-21T08:55:00+02:00
GBPUSD,5m,2026-09-21T07:00:00+00:00,1.33769,1.33774,1.33694,1.3371199999999999,1604.0,2026-09-21T09:00:00+02:00
GBPUSD,5m,2026-09-21T07:05:00+00:00,1.3371199999999999,1.33725,1.33701,1.33713,1140.0,2026-09-21T09:05:00+02:00
GBPUSD,5m,2026-09-21T07:10:00+00:00,1.33713,1.33721,1.3368,1.3372,1242.0,2026-09-21T09:10:00+02:00
GBPUSD,5m,2026-09-21T07:15:00+00:00,1.3372,1.33744,1.33713,1.33743,888.0,2026-09-21T09:15:00+02:00
GBPUSD,5m,2026-09-21T07:20:00+00:00,1.33743,1.33777,1.3373899999999999,1.3376299999999999,1005.0,2026-09-21T09:20:00+02:00
GBPUSD,5m,2026-09-21T07:25:00+00:00,1.3376299999999999,1.33792,1.33759,1.33782,809.0,2026-09-21T09:25:00+02:00
GBPUSD,5m,2026-09-21T07:30:00+00:00,1.33782,1.33798,1.33774,1.3378999999999999,911.0,2026-09-21T09:30:00+02:00
GBPUSD,5m,2026-09-21T07:35:00+00:00,1.3378999999999999,1.33791,1.3375,1.33775,806.0,2026-09-21T09:35:00+02:00
GBPUSD,5m,2026-09-21T07:40:00+00:00,1.33775,1.33794,1.33762,1.33784,848.0,2026-09-21T09:40:00+02:00
GBPUSD,5m,2026-09-21T07:45:00+00:00,1.33784,1.33816,1.33774,1.33804,836.0,2026-09-21T09:45:00+02:00
GBPUSD,5m,2026-09-21T07:50:00+00:00,1.33804,1.33815,1.3379299999999998,1.33799,684.0,2026-09-21T09:50:00+02:00
GBPUSD,5m,2026-09-21T07:55:00+00:00,1.33799,1.33822,1.3378999999999999,1.3378999999999999,889.0,2026-09-21T09:55:00+02:00
GBPUSD,5m,2026-09-21T08:00:00+00:00,1.3378999999999999,1.33816,1.3378999999999999,1.3380999999999998,904.0,2026-09-21T10:00:00+02:00
GBPUSD,5m,2026-09-21T08:05:00+00:00,1.3380999999999998,1.3382399999999999,1.3379999999999999,1.3382,828.0,2026-09-21T10:05:00+02:00
GBPUSD,5m,2026-09-21T08:10:00+00:00,1.3382,1.33865,1.3382,1.3384399999999999,1020.0,2026-09-21T10:10:00+02:00
GBPUSD,5m,2026-09-21T08:15:00+00:00,1.3384399999999999,1.33853,1.33823,1.33825,861.0,2026-09-21T10:15:00+02:00
GBPUSD,5m,2026-09-21T08:20:00+00:00,1.33825,1.3385399999999998,1.3382399999999999,1.33833,710.0,2026-09-21T10:20:00+02:00
GBPUSD,5m,2026-09-21T08:25:00+00:00,1.33833,1.3385099999999999,1.33833,1.33839,643.0,2026-09-21T10:25:00+02:00
GBPUSD,5m,2026-09-21T08:30:00+00:00,1.33839,1.33879,1.33838,1.33879,917.0,2026-09-21T10:30:00+02:00
GBPUSD,5m,2026-09-21T08:35:00+00:00,1.33879,1.33879,1.33836,1.33852,848.0,2026-09-21T10:35:00+02:00
GBPUSD,5m,2026-09-21T08:40:00+00:00,1.33852,1.33869,1.33848,1.33862,668.0,2026-09-21T10:40:00+02:00
GBPUSD,5m,2026-09-21T08:45:00+00:00,1.33862,1.33882,1.3385399999999998,1.3387499999999999,799.0,2026-09-21T10:45:00+02:00
GBPUSD,5m,2026-09-21T08:50:00+00:00,1.3387499999999999,1.3387499999999999,1.33838,1.33839,782.0,2026-09-21T10:50:00+02:00
GBPUSD,5m,2026-09-21T08:55:00+00:00,1.33839,1.33842,1.3382,1.33826,773.0,2026-09-21T10:55:00+02:00
GBPUSD,5m,2026-09-21T09:00:00+00:00,1.33826,1.33842,1.33813,1.33823,693.0,2026-09-21T11:00:00+02:00
GBPUSD,5m,2026-09-21T09:05:00+00:00,1.33823,1.33862,1.33821,1.33848,622.0,2026-09-21T11:05:00+02:00
GBPUSD,5m,2026-09-21T09:10:00+00:00,1.33848,1.33862,1.33838,1.3386099999999999,664.0,2026-09-21T11:10:00+02:00
GBPUSD,5m,2026-09-21T09:15:00+00:00,1.3386099999999999,1.33864,1.33847,1.3385399999999998,727.0,2026-09-21T11:15:00+02:00
GBPUSD,5m,2026-09-21T09:20:00+00:00,1.3385399999999998,1.33855,1.33833,1.33849,574.0,2026-09-21T11:20:00+02:00
GBPUSD,5m,2026-09-21T09:25:00+00:00,1.33849,1.3385,1.33822,1.3383,651.0,2026-09-21T11:25:00+02:00
GBPUSD,5m,2026-09-21T09:30:00+00:00,1.3383,1.3384,1.3380999999999998,1.33813,733.0,2026-09-21T11:30:00+02:00
GBPUSD,5m,2026-09-21T09:35:00+00:00,1.33813,1.33855,1.33812,1.33852,648.0,2026-09-21T11:35:00+02:00
GBPUSD,5m,2026-09-21T09:40:00+00:00,1.33852,1.3386099999999999,1.3382,1.33822,749.0,2026-09-21T11:40:00+02:00
GBPUSD,5m,2026-09-21T09:45:00+00:00,1.33822,1.33832,1.33791,1.33792,683.0,2026-09-21T11:45:00+02:00
GBPUSD,5m,2026-09-21T09:50:00+00:00,1.33792,1.33832,1.33792,1.3383099999999999,717.0,2026-09-21T11:50:00+02:00
GBPUSD,5m,2026-09-21T09:55:00+00:00,1.3383099999999999,1.33838,1.33803,1.3383099999999999,892.0,2026-09-21T11:55:00+02:00
GBPUSD,5m,2026-09-21T10:00:00+00:00,1.3383099999999999,1.33843,1.3381699999999999,1.33832,665.0,2026-09-21T12:00:00+02:00
GBPUSD,5m,2026-09-21T10:05:00+00:00,1.33832,1.33843,1.33828,1.33842,689.0,2026-09-21T12:05:00+02:00
GBPUSD,5m,2026-09-21T10:10:00+00:00,1.33842,1.33846,1.3382399999999999,1.3383399999999999,552.0,2026-09-21T12:10:00+02:00
GBPUSD,5m,2026-09-21T10:15:00+00:00,1.3383399999999999,1.3384399999999999,1.33823,1.33829,771.0,2026-09-21T12:15:00+02:00
GBPUSD,5m,2026-09-21T10:20:00+00:00,1.33829,1.33836,1.3382699999999998,1.33829,437.0,2026-09-21T12:20:00+02:00
GBPUSD,5m,2026-09-21T10:25:00+00:00,1.33829,1.33842,1.33828,1.33828,821.0,2026-09-21T12:25:00+02:00
GBPUSD,5m,2026-09-21T10:30:00+00:00,1.33828,1.3383,1.33799,1.33802,505.0,2026-09-21T12:30:00+02:00
GBPUSD,5m,2026-09-21T10:35:00+00:00,1.33802,1.33835,1.33801,1.33833,671.0,2026-09-21T12:35:00+02:00
GBPUSD,5m,2026-09-21T10:40:00+00:00,1.33833,1.33846,1.3383,1.33833,613.0,2026-09-21T12:40:00+02:00
GBPUSD,5m,2026-09-21T10:45:00+00:00,1.33833,1.33837,1.33812,1.33812,570.0,2026-09-21T12:45:00+02:00
GBPUSD,5m,2026-09-21T10:50:00+00:00,1.33812,1.33821,1.33801,1.33812,533.0,2026-09-21T12:50:00+02:00
GBPUSD,5m,2026-09-21T10:55:00+00:00,1.33812,1.33825,1.3378999999999999,1.33801,784.0,2026-09-21T12:55:00+02:00
GBPUSD,5m,2026-09-21T11:00:00+00:00,1.33801,1.33823,1.33801,1.33823,839.0,2026-09-21T13:00:00+02:00
GBPUSD,5m,2026-09-21T11:05:00+00:00,1.33823,1.33848,1.33813,1.33843,513.0,2026-09-21T13:05:00+02:00
GBPUSD,5m,2026-09-21T11:10:00+00:00,1.33843,1.33846,1.33822,1.33846,494.0,2026-09-21T13:10:00+02:00
GBPUSD,5m,2026-09-21T11:15:00+00:00,1.33846,1.3387,1.33846,1.3385799999999999,816.0,2026-09-21T13:15:00+02:00
GBPUSD,5m,2026-09-21T11:20:00+00:00,1.3385799999999999,1.33872,1.33852,1.3386799999999999,660.0,2026-09-21T13:20:00+02:00
GBPUSD,5m,2026-09-21T11:25:00+00:00,1.3386799999999999,1.3389,1.33867,1.3388799999999998,719.0,2026-09-21T13:25:00+02:00
GBPUSD,5m,2026-09-21T11:30:00+00:00,1.3388799999999998,1.3389,1.3387099999999998,1.33883,708.0,2026-09-21T13:30:00+02:00
GBPUSD,5m,2026-09-21T11:35:00+00:00,1.33883,1.33913,1.33883,1.33897,750.0,2026-09-21T13:35:00+02:00
GBPUSD,5m,2026-09-21T11:40:00+00:00,1.33897,1.33957,1.33887,1.3394599999999999,1166.0,2026-09-21T13:40:00+02:00
GBPUSD,5m,2026-09-21T11:45:00+00:00,1.3394599999999999,1.33952,1.3392899999999999,1.3395,827.0,2026-09-21T13:45:00+02:00
GBPUSD,5m,2026-09-21T11:50:00+00:00,1.3395,1.33958,1.3393199999999998,1.33955,762.0,2026-09-21T13:50:00+02:00
GBPUSD,5m,2026-09-21T11:55:00+00:00,1.33955,1.33968,1.33925,1.33944,990.0,2026-09-21T13:55:00+02:00
GBPUSD,5m,2026-09-21T12:00:00+00:00,1.33944,1.33989,1.3393899999999999,1.33984,1431.0,2026-09-21T14:00:00+02:00
GBPUSD,5m,2026-09-21T12:05:00+00:00,1.33984,1.3399999999999999,1.3394,1.33942,1571.0,2026-09-21T14:05:00+02:00
GBPUSD,5m,2026-09-21T12:10:00+00:00,1.33942,1.33943,1.33928,1.33931,682.0,2026-09-21T14:10:00+02:00
GBPUSD,5m,2026-09-21T12:15:00+00:00,1.33931,1.33961,1.3392899999999999,1.33955,790.0,2026-09-21T14:15:00+02:00
GBPUSD,5m,2026-09-21T12:20:00+00:00,1.33955,1.3397299999999999,1.33941,1.3394599999999999,1140.0,2026-09-21T14:20:00+02:00
GBPUSD,5m,2026-09-21T12:25:00+00:00,1.3394599999999999,1.33955,1.33918,1.3393,911.0,2026-09-21T14:25:00+02:00
GBPUSD,5m,2026-09-21T12:30:00+00:00,1.3393,1.3394,1.3390199999999999,1.33916,820.0,2026-09-21T14:30:00+02:00
GBPUSD,5m,2026-09-21T12:35:00+00:00,1.33916,1.3393899999999999,1.33897,1.33898,860.0,2026-09-21T14:35:00+02:00
GBPUSD,5m,2026-09-21T12:40:00+00:00,1.33898,1.33923,1.33887,1.3391899999999999,1057.0,2026-09-21T14:40:00+02:00
GBPUSD,5m,2026-09-21T12:45:00+00:00,1.3391899999999999,1.33923,1.339,1.33901,808.0,2026-09-21T14:45:00+02:00
GBPUSD,5m,2026-09-21T12:50:00+00:00,1.33901,1.3391499999999998,1.3389199999999999,1.3390199999999999,539.0,2026-09-21T14:50:00+02:00
GBPUSD,5m,2026-09-21T12:55:00+00:00,1.3390199999999999,1.33914,1.33891,1.33907,830.0,2026-09-21T14:55:00+02:00
GBPUSD,5m,2026-09-21T13:00:00+00:00,1.33907,1.3392199999999999,1.339,1.3391199999999999,903.0,2026-09-21T15:00:00+02:00
GBPUSD,5m,2026-09-21T13:05:00+00:00,1.3391199999999999,1.33925,1.33897,1.33916,868.0,2026-09-21T15:05:00+02:00
GBPUSD,5m,2026-09-21T13:10:00+00:00,1.33916,1.33921,1.3390199999999999,1.33914,657.0,2026-09-21T15:10:00+02:00
GBPUSD,5m,2026-09-21T13:15:00+00:00,1.33914,1.33941,1.33911,1.3392199999999999,750.0,2026-09-21T15:15:00+02:00
GBPUSD,5m,2026-09-21T13:20:00+00:00,1.3392199999999999,1.33928,1.33904,1.3391,992.0,2026-09-21T15:20:00+02:00
GBPUSD,5m,2026-09-21T13:25:00+00:00,1.3391,1.3393599999999999,1.33901,1.33928,1078.0,2026-09-21T15:25:00+02:00
GBPUSD,5m,2026-09-21T13:30:00+00:00,1.33928,1.33931,1.33876,1.33898,1279.0,2026-09-21T15:30:00+02:00
GBPUSD,5m,2026-09-21T13:35:00+00:00,1.33898,1.33901,1.3386099999999999,1.33864,1140.0,2026-09-21T15:35:00+02:00
GBPUSD,5m,2026-09-21T13:40:00+00:00,1.33864,1.33898,1.3385399999999998,1.3386099999999999,1127.0,2026-09-21T15:40:00+02:00
GBPUSD,5m,2026-09-21T13:45:00+00:00,1.3386099999999999,1.3386099999999999,1.33794,1.3381399999999999,1362.0,2026-09-21T15:45:00+02:00
GBPUSD,5m,2026-09-21T13:50:00+00:00,1.3381399999999999,1.3384399999999999,1.33804,1.33806,1300.0,2026-09-21T15:50:00+02:00
GBPUSD,5m,2026-09-21T13:55:00+00:00,1.33806,1.33808,1.3378299999999999,1.3379299999999998,1286.0,2026-09-21T15:55:00+02:00
GBPUSD,5m,2026-09-21T14:00:00+00:00,1.3379299999999998,1.33794,1.3370499999999998,1.33709,1268.0,2026-09-21T16:00:00+02:00
GBPUSD,5m,2026-09-21T14:05:00+00:00,1.33709,1.33727,1.3368,1.33725,1296.0,2026-09-21T16:05:00+02:00
GBPUSD,5m,2026-09-21T14:10:00+00:00,1.33725,1.33733,1.33693,1.3373,1850.0,2026-09-21T16:10:00+02:00
GBPUSD,5m,2026-09-21T14:15:00+00:00,1.3373,1.33752,1.33698,1.3371,1394.0,2026-09-21T16:15:00+02:00
GBPUSD,5m,2026-09-21T14:20:00+00:00,1.3371,1.33741,1.33704,1.3372,1778.0,2026-09-21T16:20:00+02:00
GBPUSD,5m,2026-09-21T14:25:00+00:00,1.3372,1.3377999999999999,1.33714,1.33772,1307.0,2026-09-21T16:25:00+02:00
GBPUSD,5m,2026-09-21T14:30:00+00:00,1.33772,1.3378299999999999,1.33744,1.3375,1316.0,2026-09-21T16:30:00+02:00
GBPUSD,5m,2026-09-21T14:35:00+00:00,1.3375,1.3378299999999999,1.33748,1.3375299999999999,993.0,2026-09-21T16:35:00+02:00
GBPUSD,5m,2026-09-21T14:40:00+00:00,1.3375299999999999,1.33786,1.33742,1.33744,1312.0,2026-09-21T16:40:00+02:00
GBPUSD,5m,2026-09-21T14:45:00+00:00,1.33744,1.33772,1.3371199999999999,1.3371499999999998,1023.0,2026-09-21T16:45:00+02:00
GBPUSD,5m,2026-09-21T14:50:00+00:00,1.3371499999999998,1.33762,1.33711,1.33761,1037.0,2026-09-21T16:50:00+02:00
GBPUSD,5m,2026-09-21T14:55:00+00:00,1.33761,1.33765,1.33725,1.33731,1341.0,2026-09-21T16:55:00+02:00
GBPUSD,5m,2026-09-21T15:00:00+00:00,1.33731,1.3374599999999999,1.33714,1.33723,1149.0,2026-09-21T17:00:00+02:00
GBPUSD,5m,2026-09-21T15:05:00+00:00,1.33723,1.33751,1.33714,1.3373199999999998,896.0,2026-09-21T17:05:00+02:00
GBPUSD,5m,2026-09-21T15:10:00+00:00,1.3373199999999998,1.33735,1.3370199999999999,1.33731,803.0,2026-09-21T17:10:00+02:00
GBPUSD,5m,2026-09-21T15:15:00+00:00,1.33731,1.33741,1.3372,1.3372199999999999,767.0,2026-09-21T17:15:00+02:00
GBPUSD,5m,2026-09-21T15:20:00+00:00,1.3372199999999999,1.33725,1.33698,1.33711,549.0,2026-09-21T17:20:00+02:00
GBPUSD,5m,2026-09-21T15:25:00+00:00,1.33711,1.33725,1.33708,1.33709,1052.0,2026-09-21T17:25:00+02:00
GBPUSD,5m,2026-09-21T15:30:00+00:00,1.33709,1.33714,1.33701,1.33714,963.0,2026-09-21T17:30:00+02:00
GBPUSD,5m,2026-09-21T15:35:00+00:00,1.33714,1.33714,1.33682,1.3368799999999998,729.0,2026-09-21T17:35:00+02:00
GBPUSD,5m,2026-09-21T15:40:00+00:00,1.3368799999999998,1.33694,1.3367,1.33693,670.0,2026-09-21T17:40:00+02:00
GBPUSD,5m,2026-09-21T15:45:00+00:00,1.33693,1.33711,1.33681,1.3369199999999999,827.0,2026-09-21T17:45:00+02:00
GBPUSD,5m,2026-09-21T15:50:00+00:00,1.3369199999999999,1.3372,1.3366799999999999,1.33689,1055.0,2026-09-21T17:50:00+02:00
GBPUSD,5m,2026-09-21T15:55:00+00:00,1.33689,1.33701,1.3367799999999999,1.33699,600.0,2026-09-21T17:55:00+02:00
GBPUSD,5m,2026-09-21T16:00:00+00:00,1.33699,1.33709,1.33679,1.33704,982.0,2026-09-21T18:00:00+02:00
GBPUSD,5m,2026-09-21T16:05:00+00:00,1.33704,1.3373199999999998,1.33699,1.3371899999999999,1132.0,2026-09-21T18:05:00+02:00
GBPUSD,5m,2026-09-21T16:10:00+00:00,1.3371899999999999,1.3373199999999998,1.33699,1.33713,761.0,2026-09-21T18:10:00+02:00
GBPUSD,5m,2026-09-21T16:15:00+00:00,1.33713,1.33733,1.33703,1.3373199999999998,833.0,2026-09-21T18:15:00+02:00
GBPUSD,5m,2026-09-21T16:20:00+00:00,1.3373199999999998,1.3374899999999998,1.3371899999999999,1.3371899999999999,866.0,2026-09-21T18:20:00+02:00
GBPUSD,5m,2026-09-21T16:25:00+00:00,1.3371899999999999,1.33731,1.33711,1.3371199999999999,651.0,2026-09-21T18:25:00+02:00
GBPUSD,5m,2026-09-21T16:30:00+00:00,1.3371199999999999,1.3373199999999998,1.33708,1.3372899999999999,531.0,2026-09-21T18:30:00+02:00
GBPUSD,5m,2026-09-21T16:35:00+00:00,1.3372899999999999,1.33745,1.33711,1.3371199999999999,402.0,2026-09-21T18:35:00+02:00
GBPUSD,5m,2026-09-21T16:40:00+00:00,1.3371199999999999,1.33713,1.33701,1.33709,435.0,2026-09-21T18:40:00+02:00
GBPUSD,5m,2026-09-21T16:45:00+00:00,1.33709,1.33718,1.33708,1.33713,378.0,2026-09-21T18:45:00+02:00
GBPUSD,5m,2026-09-21T16:50:00+00:00,1.33713,1.3372199999999999,1.3369199999999999,1.33704,419.0,2026-09-21T18:50:00+02:00
GBPUSD,5m,2026-09-21T16:55:00+00:00,1.33704,1.33709,1.33681,1.3368799999999998,643.0,2026-09-21T18:55:00+02:00
GBPUSD,5m,2026-09-21T17:00:00+00:00,1.3368799999999998,1.33697,1.33677,1.33686,746.0,2026-09-21T19:00:00+02:00
GBPUSD,5m,2026-09-21T17:05:00+00:00,1.33686,1.33708,1.33684,1.33708,434.0,2026-09-21T19:05:00+02:00
GBPUSD,5m,2026-09-21T17:10:00+00:00,1.33708,1.33718,1.33701,1.3370199999999999,420.0,2026-09-21T19:10:00+02:00
GBPUSD,5m,2026-09-21T17:15:00+00:00,1.3370199999999999,1.33708,1.3368499999999999,1.33687,490.0,2026-09-21T19:15:00+02:00
GBPUSD,5m,2026-09-21T17:20:00+00:00,1.33687,1.33713,1.3368499999999999,1.33701,594.0,2026-09-21T19:20:00+02:00
GBPUSD,5m,2026-09-21T17:25:00+00:00,1.33701,1.3372899999999999,1.33701,1.3372199999999999,523.0,2026-09-21T19:25:00+02:00
GBPUSD,5m,2026-09-21T17:30:00+00:00,1.3372199999999999,1.33724,1.3369,1.33691,717.0,2026-09-21T19:30:00+02:00
GBPUSD,5m,2026-09-21T17:35:00+00:00,1.33691,1.3369499999999999,1.33673,1.3367799999999999,670.0,2026-09-21T19:35:00+02:00
GBPUSD,5m,2026-09-21T17:40:00+00:00,1.3367799999999999,1.33701,1.33676,1.3369,486.0,2026-09-21T19:40:00+02:00
GBPUSD,5m,2026-09-21T17:45:00+00:00,1.3369,1.3369,1.3367099999999998,1.3368,399.0,2026-09-21T19:45:00+02:00
GBPUSD,5m,2026-09-21T17:50:00+00:00,1.3368,1.33701,1.33677,1.3369199999999999,483.0,2026-09-21T19:50:00+02:00
GBPUSD,5m,2026-09-21T17:55:00+00:00,1.3369199999999999,1.3370499999999998,1.3368799999999998,1.33697,659.0,2026-09-21T19:55:00+02:00
GBPUSD,5m,2026-09-21T18:00:00+00:00,1.33697,1.33709,1.33687,1.33693,473.0,2026-09-21T20:00:00+02:00
GBPUSD,5m,2026-09-21T18:05:00+00:00,1.33693,1.3371,1.3369199999999999,1.337,374.0,2026-09-21T20:05:00+02:00
GBPUSD,5m,2026-09-21T18:10:00+00:00,1.337,1.3371199999999999,1.33698,1.33708,293.0,2026-09-21T20:10:00+02:00
GBPUSD,5m,2026-09-21T18:15:00+00:00,1.33708,1.33721,1.33706,1.3371899999999999,392.0,2026-09-21T20:15:00+02:00
GBPUSD,5m,2026-09-21T18:20:00+00:00,1.3371899999999999,1.33725,1.33706,1.3371899999999999,450.0,2026-09-21T20:20:00+02:00
GBPUSD,5m,2026-09-21T18:25:00+00:00,1.3371899999999999,1.3371899999999999,1.33701,1.33711,463.0,2026-09-21T20:25:00+02:00
GBPUSD,5m,2026-09-21T18:30:00+00:00,1.33711,1.33711,1.33681,1.33682,382.0,2026-09-21T20:30:00+02:00
GBPUSD,5m,2026-09-21T18:35:00+00:00,1.33682,1.33682,1.33647,1.33652,384.0,2026-09-21T20:35:00+02:00
GBPUSD,5m,2026-09-21T18:40:00+00:00,1.33652,1.33667,1.33649,1.3366099999999999,186.0,2026-09-21T20:40:00+02:00
GBPUSD,5m,2026-09-21T18:45:00+00:00,1.3366099999999999,1.3367099999999998,1.33647,1.3367,317.0,2026-09-21T20:45:00+02:00
GBPUSD,5m,2026-09-21T18:50:00+00:00,1.3367,1.3367499999999999,1.3366099999999999,1.33669,199.0,2026-09-21T20:50:00+02:00
GBPUSD,5m,2026-09-21T18:55:00+00:00,1.33669,1.33684,1.33669,1.33683,415.0,2026-09-21T20:55:00+02:00
GBPUSD,5m,2026-09-21T19:00:00+00:00,1.33683,1.33683,1.33672,1.33683,328.0,2026-09-21T21:00:00+02:00
GBPUSD,5m,2026-09-21T19:05:00+00:00,1.33683,1.3370199999999999,1.33683,1.3370199999999999,369.0,2026-09-21T21:05:00+02:00
GBPUSD,5m,2026-09-21T19:10:00+00:00,1.3370199999999999,1.33713,1.33697,1.33708,611.0,2026-09-21T21:10:00+02:00
GBPUSD,5m,2026-09-21T19:15:00+00:00,1.33708,1.33721,1.33706,1.3371899999999999,609.0,2026-09-21T21:15:00+02:00
GBPUSD,5m,2026-09-21T19:20:00+00:00,1.3371899999999999,1.33731,1.33716,1.33725,511.0,2026-09-21T21:20:00+02:00
GBPUSD,5m,2026-09-21T19:25:00+00:00,1.33725,1.33733,1.33714,1.33724,655.0,2026-09-21T21:25:00+02:00
GBPUSD,5m,2026-09-21T19:30:00+00:00,1.33724,1.33733,1.3372,1.33727,705.0,2026-09-21T21:30:00+02:00
GBPUSD,5m,2026-09-21T19:35:00+00:00,1.33727,1.33741,1.33717,1.3374,422.0,2026-09-21T21:35:00+02:00
GBPUSD,5m,2026-09-21T19:40:00+00:00,1.3374,1.33741,1.33717,1.3372,428.0,2026-09-21T21:40:00+02:00
GBPUSD,5m,2026-09-21T19:45:00+00:00,1.3372,1.33721,1.33711,1.3371899999999999,485.0,2026-09-21T21:45:00+02:00
GBPUSD,5m,2026-09-21T19:50:00+00:00,1.3371899999999999,1.3372,1.33704,1.33706,568.0,2026-09-21T21:50:00+02:00
GBPUSD,5m,2026-09-21T19:55:00+00:00,1.33706,1.33706,1.33664,1.33665,592.0,2026-09-21T21:55:00+02:00
GBPUSD,5m,2026-09-21T20:00:00+00:00,1.33665,1.3366799999999999,1.33663,1.33664,192.0,2026-09-21T22:00:00+02:00
GBPUSD,5m,2026-09-21T20:05:00+00:00,1.33664,1.33667,1.33663,1.33665,102.0,2026-09-21T22:05:00+02:00
GBPUSD,5m,2026-09-21T20:10:00+00:00,1.33665,1.33669,1.33664,1.33666,101.0,2026-09-21T22:10:00+02:00
GBPUSD,5m,2026-09-21T20:15:00+00:00,1.33666,1.33676,1.33665,1.3367,231.0,2026-09-21T22:15:00+02:00
GBPUSD,5m,2026-09-21T20:20:00+00:00,1.3367,1.3368,1.33669,1.3367799999999999,296.0,2026-09-21T22:20:00+02:00
GBPUSD,5m,2026-09-21T20:25:00+00:00,1.3367799999999999,1.33698,1.33677,1.33698,277.0,2026-09-21T22:25:00+02:00
GBPUSD,5m,2026-09-21T20:30:00+00:00,1.33698,1.33708,1.3369,1.33697,257.0,2026-09-21T22:30:00+02:00
GBPUSD,5m,2026-09-21T20:35:00+00:00,1.33697,1.33699,1.33683,1.33686,157.0,2026-09-21T22:35:00+02:00
GBPUSD,5m,2026-09-21T20:40:00+00:00,1.33686,1.3369,1.3367499999999999,1.3367799999999999,291.0,2026-09-21T22:40:00+02:00
GBPUSD,5m,2026-09-21T20:45:00+00:00,1.3367799999999999,1.3368,1.33673,1.3367499999999999,422.0,2026-09-21T22:45:00+02:00
GBPUSD,5m,2026-09-21T20:50:00+00:00,1.3367499999999999,1.3367499999999999,1.33666,1.3367,154.0,2026-09-21T22:50:00+02:00
GBPUSD,5m,2026-09-21T20:55:00+00:00,1.3367,1.3369199999999999,1.33649,1.3365,400.0,2026-09-21T22:55:00+02:00
GBPUSD,5m,2026-09-21T21:00:00+00:00,1.3365,1.3365,1.3358299999999999,1.3359299999999998,28.0,2026-09-21T23:00:00+02:00
GBPUSD,5m,2026-09-21T21:05:00+00:00,1.3359299999999998,1.33629,1.33591,1.33616,37.0,2026-09-21T23:05:00+02:00
GBPUSD,5m,2026-09-21T21:10:00+00:00,1.33616,1.33639,1.33613,1.33632,59.0,2026-09-21T23:10:00+02:00
GBPUSD,5m,2026-09-21T21:15:00+00:00,1.33632,1.33652,1.33618,1.33647,716.0,2026-09-21T23:15:00+02:00
GBPUSD,5m,2026-09-21T21:20:00+00:00,1.33647,1.3365099999999999,1.33618,1.3364,723.0,2026-09-21T23:20:00+02:00
GBPUSD,5m,2026-09-21T21:25:00+00:00,1.3364,1.33659,1.33613,1.33622,186.0,2026-09-21T23:25:00+02:00
GBPUSD,5m,2026-09-21T21:30:00+00:00,1.33622,1.33656,1.3360699999999999,1.33625,133.0,2026-09-21T23:30:00+02:00
GBPUSD,5m,2026-09-21T21:35:00+00:00,1.33625,1.3365099999999999,1.3359699999999999,1.3362399999999999,151.0,2026-09-21T23:35:00+02:00
GBPUSD,5m,2026-09-21T21:40:00+00:00,1.3362399999999999,1.33679,1.33606,1.3367099999999998,856.0,2026-09-21T23:40:00+02:00
GBPUSD,5m,2026-09-21T21:45:00+00:00,1.3367099999999998,1.33709,1.3367,1.337,198.0,2026-09-21T23:45:00+02:00
GBPUSD,5m,2026-09-21T21:50:00+00:00,1.337,1.33709,1.33686,1.3368799999999998,87.0,2026-09-21T23:50:00+02:00
GBPUSD,5m,2026-09-21T21:55:00+00:00,1.3368799999999998,1.33697,1.3358299999999999,1.33619,423.0,2026-09-21T23:55:00+02:00
GBPUSD,5m,2026-09-21T22:00:00+00:00,1.33619,1.33689,1.33619,1.3368,266.0,2026-09-22T00:00:00+02:00
GBPUSD,5m,2026-09-21T22:05:00+00:00,1.3368,1.33686,1.3367,1.33681,256.0,2026-09-22T00:05:00+02:00
GBPUSD,5m,2026-09-21T22:10:00+00:00,1.33681,1.3369499999999999,1.3367,1.3369,882.0,2026-09-22T00:10:00+02:00
GBPUSD,5m,2026-09-21T22:15:00+00:00,1.3369,1.33691,1.33683,1.3369,91.0,2026-09-22T00:15:00+02:00
GBPUSD,5m,2026-09-21T22:20:00+00:00,1.3369,1.33694,1.33684,1.3369199999999999,80.0,2026-09-22T00:20:00+02:00
GBPUSD,5m,2026-09-21T22:25:00+00:00,1.3369199999999999,1.33698,1.33684,1.33697,106.0,2026-09-22T00:25:00+02:00
GBPUSD,5m,2026-09-21T22:30:00+00:00,1.33697,1.33699,1.33684,1.3369,139.0,2026-09-22T00:30:00+02:00
GBPUSD,5m,2026-09-21T22:35:00+00:00,1.3369,1.337,1.3368499999999999,1.3368499999999999,86.0,2026-09-22T00:35:00+02:00
GBPUSD,5m,2026-09-21T22:40:00+00:00,1.3368499999999999,1.3368799999999998,1.33684,1.3368499999999999,91.0,2026-09-22T00:40:00+02:00
GBPUSD,5m,2026-09-21T22:45:00+00:00,1.3368499999999999,1.33694,1.33684,1.3369199999999999,78.0,2026-09-22T00:45:00+02:00
GBPUSD,5m,2026-09-21T22:50:00+00:00,1.3369199999999999,1.33701,1.3369199999999999,1.33697,183.0,2026-09-22T00:50:00+02:00
GBPUSD,5m,2026-09-21T22:55:00+00:00,1.33697,1.33701,1.33694,1.33697,75.0,2026-09-22T00:55:00+02:00
GBPUSD,5m,2026-09-21T23:00:00+00:00,1.33697,1.33698,1.33694,1.33696,68.0,2026-09-22T01:00:00+02:00
GBPUSD,5m,2026-09-21T23:05:00+00:00,1.33696,1.33698,1.33694,1.33696,79.0,2026-09-22T01:05:00+02:00
GBPUSD,5m,2026-09-21T23:10:00+00:00,1.33696,1.33698,1.33691,1.3369199999999999,156.0,2026-09-22T01:10:00+02:00
GBPUSD,5m,2026-09-21T23:15:00+00:00,1.3369199999999999,1.33699,1.33687,1.33699,102.0,2026-09-22T01:15:00+02:00
GBPUSD,5m,2026-09-21T23:20:00+00:00,1.33699,1.33699,1.33691,1.3369199999999999,153.0,2026-09-22T01:20:00+02:00
GBPUSD,5m,2026-09-21T23:25:00+00:00,1.3369199999999999,1.33694,1.3367799999999999,1.33686,229.0,2026-09-22T01:25:00+02:00
GBPUSD,5m,2026-09-21T23:30:00+00:00,1.33686,1.3368799999999998,1.33677,1.3368499999999999,451.0,2026-09-22T01:30:00+02:00
GBPUSD,5m,2026-09-21T23:35:00+00:00,1.3368499999999999,1.3369,1.33676,1.33682,148.0,2026-09-22T01:35:00+02:00
GBPUSD,5m,2026-09-21T23:40:00+00:00,1.33682,1.337,1.3368,1.337,318.0,2026-09-22T01:40:00+02:00
GBPUSD,5m,2026-09-21T23:45:00+00:00,1.337,1.33701,1.33691,1.33699,176.0,2026-09-22T01:45:00+02:00
GBPUSD,5m,2026-09-21T23:50:00+00:00,1.33699,1.33701,1.3368499999999999,1.3368799999999998,279.0,2026-09-22T01:50:00+02:00
GBPUSD,5m,2026-09-21T23:55:00+00:00,1.3368799999999998,1.3369,1.33676,1.33679,275.0,2026-09-22T01:55:00+02:00
GBPUSD,5m,2026-09-22T00:00:00+00:00,1.33679,1.3371899999999999,1.3367799999999999,1.33716,944.0,2026-09-22T02:00:00+02:00
GBPUSD,5m,2026-09-22T00:05:00+00:00,1.33716,1.33733,1.33711,1.3372899999999999,890.0,2026-09-22T02:05:00+02:00
GBPUSD,5m,2026-09-22T00:10:00+00:00,1.3372899999999999,1.33734,1.33724,1.33726,463.0,2026-09-22T02:10:00+02:00
GBPUSD,5m,2026-09-22T00:15:00+00:00,1.33726,1.33726,1.33709,1.3371499999999998,889.0,2026-09-22T02:15:00+02:00
GBPUSD,5m,2026-09-22T00:20:00+00:00,1.3371499999999998,1.33733,1.3371499999999998,1.33721,731.0,2026-09-22T02:20:00+02:00
GBPUSD,5m,2026-09-22T00:25:00+00:00,1.33721,1.33724,1.33711,1.33711,464.0,2026-09-22T02:25:00+02:00
GBPUSD,5m,2026-09-22T00:30:00+00:00,1.33711,1.33737,1.33711,1.3373199999999998,491.0,2026-09-22T02:30:00+02:00
GBPUSD,5m,2026-09-22T00:35:00+00:00,1.3373199999999998,1.33738,1.3372,1.3373199999999998,677.0,2026-09-22T02:35:00+02:00
GBPUSD,5m,2026-09-22T00:40:00+00:00,1.3373199999999998,1.33742,1.3373199999999998,1.3374,655.0,2026-09-22T02:40:00+02:00
GBPUSD,5m,2026-09-22T00:45:00+00:00,1.3374,1.33752,1.3372899999999999,1.3374,1008.0,2026-09-22T02:45:00+02:00
GBPUSD,5m,2026-09-22T00:50:00+00:00,1.3374,1.33754,1.33734,1.33748,767.0,2026-09-22T02:50:00+02:00
GBPUSD,5m,2026-09-22T00:55:00+00:00,1.33748,1.33748,1.33723,1.33737,548.0,2026-09-22T02:55:00+02:00
GBPUSD,5m,2026-09-22T01:00:00+00:00,1.33737,1.33741,1.3371899999999999,1.33726,1247.0,2026-09-22T03:00:00+02:00
GBPUSD,5m,2026-09-22T01:05:00+00:00,1.33726,1.3373,1.33708,1.33708,878.0,2026-09-22T03:05:00+02:00
GBPUSD,5m,2026-09-22T01:10:00+00:00,1.33708,1.33708,1.33679,1.33687,834.0,2026-09-22T03:10:00+02:00
GBPUSD,5m,2026-09-22T01:15:00+00:00,1.33687,1.33699,1.3368499999999999,1.33691,593.0,2026-09-22T03:15:00+02:00
GBPUSD,5m,2026-09-22T01:20:00+00:00,1.33691,1.3369199999999999,1.3367,1.33684,937.0,2026-09-22T03:20:00+02:00
GBPUSD,5m,2026-09-22T01:25:00+00:00,1.33684,1.33703,1.33683,1.33696,883.0,2026-09-22T03:25:00+02:00
GBPUSD,5m,2026-09-22T01:30:00+00:00,1.33696,1.33699,1.33679,1.33691,1433.0,2026-09-22T03:30:00+02:00
GBPUSD,5m,2026-09-22T01:35:00+00:00,1.33691,1.33699,1.33683,1.33689,828.0,2026-09-22T03:35:00+02:00
GBPUSD,5m,2026-09-22T01:40:00+00:00,1.33689,1.3369499999999999,1.33628,1.3363,1081.0,2026-09-22T03:40:00+02:00
GBPUSD,5m,2026-09-22T01:45:00+00:00,1.3363,1.33638,1.33619,1.33635,1085.0,2026-09-22T03:45:00+02:00
GBPUSD,5m,2026-09-22T01:50:00+00:00,1.33635,1.33648,1.33625,1.33637,1181.0,2026-09-22T03:50:00+02:00
GBPUSD,5m,2026-09-22T01:55:00+00:00,1.33637,1.3365,1.33635,1.33636,578.0,2026-09-22T03:55:00+02:00
GBPUSD,5m,2026-09-22T02:00:00+00:00,1.33636,1.33665,1.33635,1.33663,674.0,2026-09-22T04:00:00+02:00
GBPUSD,5m,2026-09-22T02:05:00+00:00,1.33663,1.3367,1.33649,1.33666,602.0,2026-09-22T04:05:00+02:00
GBPUSD,5m,2026-09-22T02:10:00+00:00,1.33666,1.33677,1.33664,1.33676,434.0,2026-09-22T04:10:00+02:00
GBPUSD,5m,2026-09-22T02:15:00+00:00,1.33676,1.3367799999999999,1.3366,1.3367799999999999,567.0,2026-09-22T04:15:00+02:00
GBPUSD,5m,2026-09-22T02:20:00+00:00,1.3367799999999999,1.33721,1.3367799999999999,1.33717,845.0,2026-09-22T04:20:00+02:00
GBPUSD,5m,2026-09-22T02:25:00+00:00,1.33717,1.33737,1.33713,1.33728,702.0,2026-09-22T04:25:00+02:00
GBPUSD,5m,2026-09-22T02:30:00+00:00,1.33728,1.33738,1.33716,1.33737,759.0,2026-09-22T04:30:00+02:00
GBPUSD,5m,2026-09-22T02:35:00+00:00,1.33737,1.3374,1.33721,1.33728,894.0,2026-09-22T04:35:00+02:00
GBPUSD,5m,2026-09-22T02:40:00+00:00,1.33728,1.33752,1.33725,1.33752,560.0,2026-09-22T04:40:00+02:00
GBPUSD,5m,2026-09-22T02:45:00+00:00,1.33752,1.3375299999999999,1.3373,1.33735,672.0,2026-09-22T04:45:00+02:00
GBPUSD,5m,2026-09-22T02:50:00+00:00,1.33735,1.33741,1.33726,1.3373899999999999,899.0,2026-09-22T04:50:00+02:00
GBPUSD,5m,2026-09-22T02:55:00+00:00,1.3373899999999999,1.33747,1.33726,1.3374599999999999,978.0,2026-09-22T04:55:00+02:00
GBPUSD,5m,2026-09-22T03:00:00+00:00,1.3374599999999999,1.3376299999999999,1.33735,1.33744,996.0,2026-09-22T05:00:00+02:00
GBPUSD,5m,2026-09-22T03:05:00+00:00,1.33744,1.33744,1.33727,1.3373,589.0,2026-09-22T05:05:00+02:00
GBPUSD,5m,2026-09-22T03:10:00+00:00,1.3373,1.3375599999999999,1.3373,1.33754,563.0,2026-09-22T05:10:00+02:00
GBPUSD,5m,2026-09-22T03:15:00+00:00,1.33754,1.33762,1.33748,1.3375,839.0,2026-09-22T05:15:00+02:00
GBPUSD,5m,2026-09-22T03:20:00+00:00,1.3375,1.33771,1.33748,1.33762,778.0,2026-09-22T05:20:00+02:00
GBPUSD,5m,2026-09-22T03:25:00+00:00,1.33762,1.33801,1.3376,1.33792,763.0,2026-09-22T05:25:00+02:00
GBPUSD,5m,2026-09-22T03:30:00+00:00,1.33792,1.33818,1.33789,1.33812,893.0,2026-09-22T05:30:00+02:00
GBPUSD,5m,2026-09-22T03:35:00+00:00,1.33812,1.3383099999999999,1.33808,1.33826,785.0,2026-09-22T05:35:00+02:00
GBPUSD,5m,2026-09-22T03:40:00+00:00,1.33826,1.3383,1.33811,1.3381699999999999,652.0,2026-09-22T05:40:00+02:00
GBPUSD,5m,2026-09-22T03:45:00+00:00,1.3381699999999999,1.3382,1.33806,1.33816,491.0,2026-09-22T05:45:00+02:00
GBPUSD,5m,2026-09-22T03:50:00+00:00,1.33816,1.33832,1.33816,1.3382,445.0,2026-09-22T05:50:00+02:00
GBPUSD,5m,2026-09-22T03:55:00+00:00,1.3382,1.33835,1.3382,1.33822,406.0,2026-09-22T05:55:00+02:00
GBPUSD,5m,2026-09-22T04:00:00+00:00,1.33822,1.33822,1.33802,1.33819,715.0,2026-09-22T06:00:00+02:00
GBPUSD,5m,2026-09-22T04:05:00+00:00,1.33819,1.3382,1.33806,1.33819,532.0,2026-09-22T06:05:00+02:00
GBPUSD,5m,2026-09-22T04:10:00+00:00,1.33819,1.3384399999999999,1.3381699999999999,1.3382399999999999,560.0,2026-09-22T06:10:00+02:00
GBPUSD,5m,2026-09-22T04:15:00+00:00,1.3382399999999999,1.3383,1.33808,1.3382699999999998,552.0,2026-09-22T06:15:00+02:00
GBPUSD,5m,2026-09-22T04:20:00+00:00,1.3382699999999998,1.3383399999999999,1.33822,1.3383,703.0,2026-09-22T06:20:00+02:00
GBPUSD,5m,2026-09-22T04:25:00+00:00,1.3383,1.3383099999999999,1.33819,1.3382699999999998,599.0,2026-09-22T06:25:00+02:00
GBPUSD,5m,2026-09-22T04:30:00+00:00,1.3382699999999998,1.33839,1.3382,1.33833,636.0,2026-09-22T06:30:00+02:00
GBPUSD,5m,2026-09-22T04:35:00+00:00,1.33833,1.33848,1.3383099999999999,1.3384,377.0,2026-09-22T06:35:00+02:00
GBPUSD,5m,2026-09-22T04:40:00+00:00,1.3384,1.3384099999999999,1.3383099999999999,1.33839,397.0,2026-09-22T06:40:00+02:00
GBPUSD,5m,2026-09-22T04:45:00+00:00,1.33839,1.33848,1.33838,1.33846,376.0,2026-09-22T06:45:00+02:00
GBPUSD,5m,2026-09-22T04:50:00+00:00,1.33846,1.33856,1.33839,1.3385,394.0,2026-09-22T06:50:00+02:00
GBPUSD,5m,2026-09-22T04:55:00+00:00,1.3385,1.33867,1.33848,1.33862,377.0,2026-09-22T06:55:00+02:00
GBPUSD,5m,2026-09-22T05:00:00+00:00,1.33862,1.33867,1.3385099999999999,1.33856,445.0,2026-09-22T07:00:00+02:00
GBPUSD,5m,2026-09-22T05:05:00+00:00,1.33856,1.33857,1.3384,1.33855,373.0,2026-09-22T07:05:00+02:00
GBPUSD,5m,2026-09-22T05:10:00+00:00,1.33855,1.33855,1.3384,1.33842,356.0,2026-09-22T07:10:00+02:00
GBPUSD,5m,2026-09-22T05:15:00+00:00,1.33842,1.3385099999999999,1.33839,1.33839,476.0,2026-09-22T07:15:00+02:00
GBPUSD,5m,2026-09-22T05:20:00+00:00,1.33839,1.33852,1.33838,1.3384099999999999,629.0,2026-09-22T07:20:00+02:00
GBPUSD,5m,2026-09-22T05:25:00+00:00,1.3384099999999999,1.3386099999999999,1.3384,1.3385099999999999,642.0,2026-09-22T07:25:00+02:00
GBPUSD,5m,2026-09-22T05:30:00+00:00,1.3385099999999999,1.3385099999999999,1.3382699999999998,1.3383,864.0,2026-09-22T07:30:00+02:00
GBPUSD,5m,2026-09-22T05:35:00+00:00,1.3383,1.3383399999999999,1.33812,1.33812,790.0,2026-09-22T07:35:00+02:00
GBPUSD,5m,2026-09-22T05:40:00+00:00,1.33812,1.33835,1.33811,1.3381699999999999,925.0,2026-09-22T07:40:00+02:00
GBPUSD,5m,2026-09-22T05:45:00+00:00,1.3381699999999999,1.33818,1.3379999999999999,1.3380999999999998,620.0,2026-09-22T07:45:00+02:00
GBPUSD,5m,2026-09-22T05:50:00+00:00,1.3380999999999998,1.33828,1.3379999999999999,1.33802,777.0,2026-09-22T07:50:00+02:00
GBPUSD,5m,2026-09-22T05:55:00+00:00,1.33802,1.33816,1.33796,1.33809,791.0,2026-09-22T07:55:00+02:00
GBPUSD,5m,2026-09-22T06:00:00+00:00,1.33809,1.3380999999999998,1.3375599999999999,1.33758,1207.0,2026-09-22T08:00:00+02:00
GBPUSD,5m,2026-09-22T06:05:00+00:00,1.33758,1.33762,1.33709,1.3373199999999998,1361.0,2026-09-22T08:05:00+02:00
GBPUSD,5m,2026-09-22T06:10:00+00:00,1.3373199999999998,1.33742,1.33717,1.33725,1087.0,2026-09-22T08:10:00+02:00
GBPUSD,5m,2026-09-22T06:15:00+00:00,1.33725,1.33734,1.337,1.3370199999999999,926.0,2026-09-22T08:15:00+02:00
GBPUSD,5m,2026-09-22T06:20:00+00:00,1.3370199999999999,1.33748,1.33679,1.3373599999999999,1365.0,2026-09-22T08:20:00+02:00
GBPUSD,5m,2026-09-22T06:25:00+00:00,1.3373599999999999,1.33741,1.3370499999999998,1.33714,850.0,2026-09-22T08:25:00+02:00
GBPUSD,5m,2026-09-22T06:30:00+00:00,1.33714,1.33726,1.33707,1.33711,972.0,2026-09-22T08:30:00+02:00
GBPUSD,5m,2026-09-22T06:35:00+00:00,1.33711,1.3371199999999999,1.33689,1.3369,933.0,2026-09-22T08:35:00+02:00
GBPUSD,5m,2026-09-22T06:40:00+00:00,1.3369,1.33701,1.3368,1.33681,1093.0,2026-09-22T08:40:00+02:00
GBPUSD,5m,2026-09-22T06:45:00+00:00,1.33681,1.33693,1.33667,1.3369199999999999,912.0,2026-09-22T08:45:00+02:00
GBPUSD,5m,2026-09-22T06:50:00+00:00,1.3369199999999999,1.3371199999999999,1.33691,1.33709,978.0,2026-09-22T08:50:00+02:00
GBPUSD,5m,2026-09-22T06:55:00+00:00,1.33709,1.33737,1.337,1.33734,1101.0,2026-09-22T08:55:00+02:00
GBPUSD,5m,2026-09-22T07:00:00+00:00,1.33734,1.33734,1.33666,1.33672,1591.0,2026-09-22T09:00:00+02:00
GBPUSD,5m,2026-09-22T07:05:00+00:00,1.33672,1.33679,1.33649,1.3367099999999998,1389.0,2026-09-22T09:05:00+02:00
GBPUSD,5m,2026-09-22T07:10:00+00:00,1.3367099999999998,1.3369499999999999,1.33659,1.33681,1095.0,2026-09-22T09:10:00+02:00
GBPUSD,5m,2026-09-22T07:15:00+00:00,1.33681,1.33697,1.33659,1.3369199999999999,1240.0,2026-09-22T09:15:00+02:00
GBPUSD,5m,2026-09-22T07:20:00+00:00,1.3369199999999999,1.3373199999999998,1.33687,1.33731,890.0,2026-09-22T09:20:00+02:00
GBPUSD,5m,2026-09-22T07:25:00+00:00,1.33731,1.33734,1.3369,1.3369199999999999,1110.0,2026-09-22T09:25:00+02:00
GBPUSD,5m,2026-09-22T07:30:00+00:00,1.3369199999999999,1.33693,1.33567,1.33608,1805.0,2026-09-22T09:30:00+02:00
GBPUSD,5m,2026-09-22T07:35:00+00:00,1.33608,1.33655,1.33599,1.33652,1296.0,2026-09-22T09:35:00+02:00
GBPUSD,5m,2026-09-22T07:40:00+00:00,1.33652,1.33667,1.33618,1.3364,1480.0,2026-09-22T09:40:00+02:00
GBPUSD,5m,2026-09-22T07:45:00+00:00,1.3364,1.3366,1.33625,1.33628,1648.0,2026-09-22T09:45:00+02:00
GBPUSD,5m,2026-09-22T07:50:00+00:00,1.33628,1.33638,1.33598,1.3360699999999999,1355.0,2026-09-22T09:50:00+02:00
GBPUSD,5m,2026-09-22T07:55:00+00:00,1.3360699999999999,1.33615,1.3354,1.33541,1492.0,2026-09-22T09:55:00+02:00
GBPUSD,5m,2026-09-22T08:00:00+00:00,1.33541,1.33569,1.33503,1.33506,2171.0,2026-09-22T10:00:00+02:00
GBPUSD,5m,2026-09-22T08:05:00+00:00,1.33506,1.3354,1.33493,1.3354,1512.0,2026-09-22T10:05:00+02:00
GBPUSD,5m,2026-09-22T08:10:00+00:00,1.3354,1.3354,1.3349499999999999,1.33497,1163.0,2026-09-22T10:10:00+02:00
GBPUSD,5m,2026-09-22T08:15:00+00:00,1.33497,1.335,1.3344099999999999,1.3346,1858.0,2026-09-22T10:15:00+02:00
GBPUSD,5m,2026-09-22T08:20:00+00:00,1.3346,1.3347,1.33395,1.3339999999999999,1400.0,2026-09-22T10:20:00+02:00
GBPUSD,5m,2026-09-22T08:25:00+00:00,1.3339999999999999,1.3342399999999999,1.3336,1.33387,1404.0,2026-09-22T10:25:00+02:00
GBPUSD,5m,2026-09-22T08:30:00+00:00,1.33387,1.33387,1.33255,1.3332199999999998,1797.0,2026-09-22T10:30:00+02:00
GBPUSD,5m,2026-09-22T08:35:00+00:00,1.3332199999999998,1.33399,1.33306,1.33398,1400.0,2026-09-22T10:35:00+02:00
GBPUSD,5m,2026-09-22T08:40:00+00:00,1.33398,1.3357999999999999,1.33391,1.3355299999999999,4399.0,2026-09-22T10:40:00+02:00
GBPUSD,5m,2026-09-22T08:45:00+00:00,1.3355299999999999,1.3355599999999999,1.3347499999999999,1.33531,3319.0,2026-09-22T10:45:00+02:00
GBPUSD,5m,2026-09-22T08:50:00+00:00,1.33531,1.3364,1.33507,1.33558,3749.0,2026-09-22T10:50:00+02:00
GBPUSD,5m,2026-09-22T08:55:00+00:00,1.33558,1.33611,1.33544,1.33567,2972.0,2026-09-22T10:55:00+02:00
GBPUSD,5m,2026-09-22T09:00:00+00:00,1.33567,1.3356999999999999,1.33479,1.33481,3079.0,2026-09-22T11:00:00+02:00
GBPUSD,5m,2026-09-22T09:05:00+00:00,1.33481,1.33562,1.33469,1.3353899999999999,1993.0,2026-09-22T11:05:00+02:00
GBPUSD,5m,2026-09-22T09:10:00+00:00,1.3353899999999999,1.33581,1.33533,1.33541,1946.0,2026-09-22T11:10:00+02:00
GBPUSD,5m,2026-09-22T09:15:00+00:00,1.33541,1.33584,1.3353899999999999,1.33561,2328.0,2026-09-22T11:15:00+02:00
GBPUSD,5m,2026-09-22T09:20:00+00:00,1.33561,1.33612,1.33551,1.33581,1429.0,2026-09-22T11:20:00+02:00
GBPUSD,5m,2026-09-22T09:25:00+00:00,1.33581,1.3359299999999998,1.33554,1.3356,1593.0,2026-09-22T11:25:00+02:00
GBPUSD,5m,2026-09-22T09:30:00+00:00,1.3356,1.33586,1.33548,1.33559,1952.0,2026-09-22T11:30:00+02:00
GBPUSD,5m,2026-09-22T09:35:00+00:00,1.33559,1.33601,1.33552,1.33591,1518.0,2026-09-22T11:35:00+02:00
GBPUSD,5m,2026-09-22T09:40:00+00:00,1.33591,1.33599,1.3355599999999999,1.33598,1990.0,2026-09-22T11:40:00+02:00
GBPUSD,5m,2026-09-22T09:45:00+00:00,1.33598,1.33618,1.33588,1.33598,1627.0,2026-09-22T11:45:00+02:00
GBPUSD,5m,2026-09-22T09:50:00+00:00,1.33598,1.33669,1.33592,1.33662,3436.0,2026-09-22T11:50:00+02:00
GBPUSD,5m,2026-09-22T09:55:00+00:00,1.33662,1.3371199999999999,1.3362699999999998,1.33701,1955.0,2026-09-22T11:55:00+02:00
GBPUSD,5m,2026-09-22T10:00:00+00:00,1.33701,1.3373199999999998,1.33662,1.33693,1637.0,2026-09-22T12:00:00+02:00
GBPUSD,5m,2026-09-22T10:05:00+00:00,1.33693,1.3372199999999999,1.33656,1.3365799999999999,1337.0,2026-09-22T12:05:00+02:00
GBPUSD,5m,2026-09-22T10:10:00+00:00,1.3365799999999999,1.33691,1.33646,1.3367099999999998,1221.0,2026-09-22T12:10:00+02:00
GBPUSD,5m,2026-09-22T10:15:00+00:00,1.3367099999999998,1.33684,1.33656,1.3366,1122.0,2026-09-22T12:15:00+02:00
GBPUSD,5m,2026-09-22T10:20:00+00:00,1.3366,1.33684,1.3365,1.3365,1098.0,2026-09-22T12:20:00+02:00
GBPUSD,5m,2026-09-22T10:25:00+00:00,1.3365,1.33667,1.3364,1.33649,1131.0,2026-09-22T12:25:00+02:00
GBPUSD,5m,2026-09-22T10:30:00+00:00,1.33649,1.33683,1.33639,1.3366,887.0,2026-09-22T12:30:00+02:00
GBPUSD,5m,2026-09-22T10:35:00+00:00,1.3366,1.3369199999999999,1.3365799999999999,1.3367799999999999,1058.0,2026-09-22T12:35:00+02:00
GBPUSD,5m,2026-09-22T10:40:00+00:00,1.3367799999999999,1.33691,1.3365799999999999,1.33683,1185.0,2026-09-22T12:40:00+02:00
GBPUSD,5m,2026-09-22T10:45:00+00:00,1.33683,1.3369,1.3366,1.33664,951.0,2026-09-22T12:45:00+02:00
GBPUSD,5m,2026-09-22T10:50:00+00:00,1.33664,1.33676,1.33637,1.33648,1063.0,2026-09-22T12:50:00+02:00
GBPUSD,5m,2026-09-22T10:55:00+00:00,1.33648,1.33664,1.3362,1.3364099999999999,1102.0,2026-09-22T12:55:00+02:00
GBPUSD,5m,2026-09-22T11:00:00+00:00,1.3364099999999999,1.33655,1.3361699999999999,1.33622,1257.0,2026-09-22T13:00:00+02:00
GBPUSD,5m,2026-09-22T11:05:00+00:00,1.33622,1.33625,1.33584,1.33601,1513.0,2026-09-22T13:05:00+02:00
GBPUSD,5m,2026-09-22T11:10:00+00:00,1.33601,1.3363399999999999,1.33588,1.3361399999999999,1752.0,2026-09-22T13:10:00+02:00
GBPUSD,5m,2026-09-22T11:15:00+00:00,1.3361399999999999,1.33645,1.33587,1.3359699999999999,1366.0,2026-09-22T13:15:00+02:00
GBPUSD,5m,2026-09-22T11:20:00+00:00,1.3359699999999999,1.3359999999999999,1.33557,1.33559,1165.0,2026-09-22T13:20:00+02:00
GBPUSD,5m,2026-09-22T11:25:00+00:00,1.33559,1.33588,1.33548,1.3356299999999999,1350.0,2026-09-22T13:25:00+02:00
GBPUSD,5m,2026-09-22T11:30:00+00:00,1.3356299999999999,1.33578,1.33534,1.33547,1175.0,2026-09-22T13:30:00+02:00
GBPUSD,5m,2026-09-22T11:35:00+00:00,1.33547,1.33569,1.3353899999999999,1.33559,1111.0,2026-09-22T13:35:00+02:00
GBPUSD,5m,2026-09-22T11:40:00+00:00,1.33559,1.33578,1.33552,1.3356999999999999,946.0,2026-09-22T13:40:00+02:00
GBPUSD,5m,2026-09-22T11:45:00+00:00,1.3356999999999999,1.3361399999999999,1.33568,1.3360999999999998,1539.0,2026-09-22T13:45:00+02:00
GBPUSD,5m,2026-09-22T11:50:00+00:00,1.3360999999999998,1.33621,1.33603,1.33609,1000.0,2026-09-22T13:50:00+02:00
GBPUSD,5m,2026-09-22T11:55:00+00:00,1.33609,1.33635,1.3359299999999998,1.33601,1142.0,2026-09-22T13:55:00+02:00
GBPUSD,5m,2026-09-22T12:00:00+00:00,1.33601,1.33686,1.3359999999999999,1.33676,1694.0,2026-09-22T14:00:00+02:00
GBPUSD,5m,2026-09-22T12:05:00+00:00,1.33676,1.3368,1.33618,1.33625,1722.0,2026-09-22T14:05:00+02:00
GBPUSD,5m,2026-09-22T12:10:00+00:00,1.33625,1.3365099999999999,1.33622,1.33636,1355.0,2026-09-22T14:10:00+02:00
GBPUSD,5m,2026-09-22T12:15:00+00:00,1.33636,1.33682,1.3363399999999999,1.33676,1198.0,2026-09-22T14:15:00+02:00
GBPUSD,5m,2026-09-22T12:20:00+00:00,1.33676,1.33691,1.33669,1.33679,964.0,2026-09-22T14:20:00+02:00
GBPUSD,5m,2026-09-22T12:25:00+00:00,1.33679,1.33699,1.33669,1.3369,899.0,2026-09-22T14:25:00+02:00
GBPUSD,5m,2026-09-22T12:30:00+00:00,1.3369,1.33711,1.33669,1.3367099999999998,1119.0,2026-09-22T14:30:00+02:00
GBPUSD,5m,2026-09-22T12:35:00+00:00,1.3367099999999998,1.33686,1.33604,1.33612,1536.0,2026-09-22T14:35:00+02:00
GBPUSD,5m,2026-09-22T12:40:00+00:00,1.33612,1.33619,1.33568,1.3357299999999999,1462.0,2026-09-22T14:40:00+02:00
GBPUSD,5m,2026-09-22T12:45:00+00:00,1.3357299999999999,1.33591,1.3354,1.3354,1164.0,2026-09-22T14:45:00+02:00
GBPUSD,5m,2026-09-22T12:50:00+00:00,1.3354,1.33577,1.33527,1.3357299999999999,1296.0,2026-09-22T14:50:00+02:00
GBPUSD,5m,2026-09-22T12:55:00+00:00,1.3357299999999999,1.33579,1.33547,1.33547,1108.0,2026-09-22T14:55:00+02:00
GBPUSD,5m,2026-09-22T13:00:00+00:00,1.33547,1.3362,1.3354599999999999,1.33591,1906.0,2026-09-22T15:00:00+02:00
GBPUSD,5m,2026-09-22T13:05:00+00:00,1.33591,1.33637,1.33577,1.33596,2242.0,2026-09-22T15:05:00+02:00
GBPUSD,5m,2026-09-22T13:10:00+00:00,1.33596,1.33613,1.33577,1.3360699999999999,1609.0,2026-09-22T15:10:00+02:00
GBPUSD,5m,2026-09-22T13:15:00+00:00,1.3360699999999999,1.33609,1.33578,1.33581,1475.0,2026-09-22T15:15:00+02:00
GBPUSD,5m,2026-09-22T13:20:00+00:00,1.33581,1.33609,1.33554,1.33567,1693.0,2026-09-22T15:20:00+02:00
GBPUSD,5m,2026-09-22T13:25:00+00:00,1.33567,1.3357299999999999,1.33537,1.3355,1320.0,2026-09-22T15:25:00+02:00
GBPUSD,5m,2026-09-22T13:30:00+00:00,1.3355,1.3359999999999999,1.33544,1.33591,1829.0,2026-09-22T15:30:00+02:00
GBPUSD,5m,2026-09-22T13:35:00+00:00,1.33591,1.33622,1.3357999999999999,1.33595,1435.0,2026-09-22T15:35:00+02:00
GBPUSD,5m,2026-09-22T13:40:00+00:00,1.33595,1.3365399999999998,1.33561,1.3363,2599.0,2026-09-22T15:40:00+02:00
GBPUSD,5m,2026-09-22T13:45:00+00:00,1.3363,1.3366,1.33592,1.33642,2515.0,2026-09-22T15:45:00+02:00
GBPUSD,5m,2026-09-22T13:50:00+00:00,1.33642,1.33642,1.3360999999999998,1.33613,1824.0,2026-09-22T15:50:00+02:00
GBPUSD,5m,2026-09-22T13:55:00+00:00,1.33613,1.3363,1.33579,1.33584,1344.0,2026-09-22T15:55:00+02:00
GBPUSD,5m,2026-09-22T14:00:00+00:00,1.33584,1.3362,1.33558,1.33609,1147.0,2026-09-22T16:00:00+02:00
GBPUSD,5m,2026-09-22T14:05:00+00:00,1.33609,1.33612,1.33557,1.33561,1767.0,2026-09-22T16:05:00+02:00
GBPUSD,5m,2026-09-22T14:10:00+00:00,1.33561,1.33584,1.33525,1.3353199999999998,2114.0,2026-09-22T16:10:00+02:00
GBPUSD,5m,2026-09-22T14:15:00+00:00,1.3353199999999998,1.33535,1.33479,1.33498,1355.0,2026-09-22T16:15:00+02:00
GBPUSD,5m,2026-09-22T14:20:00+00:00,1.33498,1.33555,1.33497,1.33554,1427.0,2026-09-22T16:20:00+02:00
GBPUSD,5m,2026-09-22T14:25:00+00:00,1.33554,1.3356999999999999,1.3353,1.33562,1803.0,2026-09-22T16:25:00+02:00
GBPUSD,5m,2026-09-22T14:30:00+00:00,1.33562,1.33572,1.33521,1.3353199999999998,1378.0,2026-09-22T16:30:00+02:00
GBPUSD,5m,2026-09-22T14:35:00+00:00,1.3353199999999998,1.33603,1.3351199999999999,1.3354599999999999,2281.0,2026-09-22T16:35:00+02:00
GBPUSD,5m,2026-09-22T14:40:00+00:00,1.3354599999999999,1.33554,1.33459,1.33462,2071.0,2026-09-22T16:40:00+02:00
GBPUSD,5m,2026-09-22T14:45:00+00:00,1.33462,1.33497,1.33435,1.33439,1563.0,2026-09-22T16:45:00+02:00
GBPUSD,5m,2026-09-22T14:50:00+00:00,1.33439,1.3347,1.33428,1.33432,1253.0,2026-09-22T16:50:00+02:00
GBPUSD,5m,2026-09-22T14:55:00+00:00,1.33432,1.3347,1.3342399999999999,1.33466,1522.0,2026-09-22T16:55:00+02:00
GBPUSD,5m,2026-09-22T15:00:00+00:00,1.33466,1.3347,1.33396,1.33403,2010.0,2026-09-22T17:00:00+02:00
GBPUSD,5m,2026-09-22T15:05:00+00:00,1.33403,1.33416,1.33372,1.3340699999999999,1678.0,2026-09-22T17:05:00+02:00
GBPUSD,5m,2026-09-22T15:10:00+00:00,1.3340699999999999,1.3342399999999999,1.33362,1.3337299999999999,1610.0,2026-09-22T17:10:00+02:00
GBPUSD,5m,2026-09-22T15:15:00+00:00,1.3337299999999999,1.33436,1.33372,1.33419,1441.0,2026-09-22T17:15:00+02:00
GBPUSD,5m,2026-09-22T15:20:00+00:00,1.33419,1.33473,1.33406,1.3344,1332.0,2026-09-22T17:20:00+02:00
GBPUSD,5m,2026-09-22T15:25:00+00:00,1.3344,1.3344099999999999,1.33403,1.33412,1099.0,2026-09-22T17:25:00+02:00
GBPUSD,5m,2026-09-22T15:30:00+00:00,1.33412,1.3342,1.3334899999999998,1.3335,1536.0,2026-09-22T17:30:00+02:00
GBPUSD,5m,2026-09-22T15:35:00+00:00,1.3335,1.33361,1.33291,1.333,1154.0,2026-09-22T17:35:00+02:00
GBPUSD,5m,2026-09-22T15:40:00+00:00,1.333,1.33316,1.3328,1.33281,879.0,2026-09-22T17:40:00+02:00
GBPUSD,5m,2026-09-22T15:45:00+00:00,1.33281,1.33284,1.3324099999999999,1.3325,1219.0,2026-09-22T17:45:00+02:00
GBPUSD,5m,2026-09-22T15:50:00+00:00,1.3325,1.33282,1.3324099999999999,1.3325799999999999,954.0,2026-09-22T17:50:00+02:00
GBPUSD,5m,2026-09-22T15:55:00+00:00,1.3325799999999999,1.33264,1.3322699999999998,1.33239,874.0,2026-09-22T17:55:00+02:00
GBPUSD,5m,2026-09-22T16:00:00+00:00,1.33239,1.33255,1.33216,1.33236,1078.0,2026-09-22T18:00:00+02:00
GBPUSD,5m,2026-09-22T16:05:00+00:00,1.33236,1.3325099999999999,1.3323,1.3324,865.0,2026-09-22T18:05:00+02:00
GBPUSD,5m,2026-09-22T16:10:00+00:00,1.3324,1.33273,1.33238,1.33254,995.0,2026-09-22T18:10:00+02:00
GBPUSD,5m,2026-09-22T16:15:00+00:00,1.33254,1.33263,1.33225,1.33253,959.0,2026-09-22T18:15:00+02:00
GBPUSD,5m,2026-09-22T16:20:00+00:00,1.33253,1.3326,1.33222,1.3322399999999999,1010.0,2026-09-22T18:20:00+02:00
GBPUSD,5m,2026-09-22T16:25:00+00:00,1.3322399999999999,1.33237,1.3322,1.33235,689.0,2026-09-22T18:25:00+02:00
GBPUSD,5m,2026-09-22T16:30:00+00:00,1.33235,1.33236,1.3320999999999998,1.33236,967.0,2026-09-22T18:30:00+02:00
GBPUSD,5m,2026-09-22T16:35:00+00:00,1.33236,1.33243,1.3322,1.33232,672.0,2026-09-22T18:35:00+02:00
GBPUSD,5m,2026-09-22T16:40:00+00:00,1.33232,1.33266,1.3322699999999998,1.33254,705.0,2026-09-22T18:40:00+02:00
GBPUSD,5m,2026-09-22T16:45:00+00:00,1.33254,1.33283,1.33215,1.33274,1654.0,2026-09-22T18:45:00+02:00
GBPUSD,5m,2026-09-22T16:50:00+00:00,1.33274,1.33306,1.33263,1.33279,1637.0,2026-09-22T18:50:00+02:00
GBPUSD,5m,2026-09-22T16:55:00+00:00,1.33279,1.33306,1.33277,1.3330199999999999,959.0,2026-09-22T18:55:00+02:00
GBPUSD,5m,2026-09-22T17:00:00+00:00,1.3330199999999999,1.3330199999999999,1.3327,1.33272,944.0,2026-09-22T19:00:00+02:00
GBPUSD,5m,2026-09-22T17:05:00+00:00,1.33272,1.3329199999999999,1.3324799999999999,1.33253,790.0,2026-09-22T19:05:00+02:00
GBPUSD,5m,2026-09-22T17:10:00+00:00,1.33253,1.33276,1.33243,1.33264,732.0,2026-09-22T19:10:00+02:00
GBPUSD,5m,2026-09-22T17:15:00+00:00,1.33264,1.3326799999999999,1.33243,1.3324399999999998,562.0,2026-09-22T19:15:00+02:00
GBPUSD,5m,2026-09-22T17:20:00+00:00,1.3324399999999998,1.3324799999999999,1.33228,1.3323399999999999,349.0,2026-09-22T19:20:00+02:00
GBPUSD,5m,2026-09-22T17:25:00+00:00,1.3323399999999999,1.33266,1.33233,1.33266,445.0,2026-09-22T19:25:00+02:00
GBPUSD,5m,2026-09-22T17:30:00+00:00,1.33266,1.33276,1.3326099999999999,1.33274,241.0,2026-09-22T19:30:00+02:00
GBPUSD,5m,2026-09-22T17:35:00+00:00,1.33274,1.33291,1.33272,1.33273,296.0,2026-09-22T19:35:00+02:00
GBPUSD,5m,2026-09-22T17:40:00+00:00,1.33273,1.33274,1.33252,1.33264,354.0,2026-09-22T19:40:00+02:00
GBPUSD,5m,2026-09-22T17:45:00+00:00,1.33264,1.33281,1.33254,1.33277,467.0,2026-09-22T19:45:00+02:00
GBPUSD,5m,2026-09-22T17:50:00+00:00,1.33277,1.33354,1.33277,1.33327,2181.0,2026-09-22T19:50:00+02:00
GBPUSD,5m,2026-09-22T17:55:00+00:00,1.33327,1.33345,1.3330899999999999,1.33315,1660.0,2026-09-22T19:55:00+02:00
GBPUSD,5m,2026-09-22T18:00:00+00:00,1.33315,1.33327,1.3328799999999998,1.3330499999999998,1317.0,2026-09-22T20:00:00+02:00
GBPUSD,5m,2026-09-22T18:05:00+00:00,1.3330499999999998,1.33343,1.33303,1.33337,1071.0,2026-09-22T20:05:00+02:00
GBPUSD,5m,2026-09-22T18:10:00+00:00,1.33337,1.33368,1.33333,1.33362,951.0,2026-09-22T20:10:00+02:00
GBPUSD,5m,2026-09-22T18:15:00+00:00,1.33362,1.33369,1.33331,1.3333199999999998,813.0,2026-09-22T20:15:00+02:00
GBPUSD,5m,2026-09-22T18:20:00+00:00,1.3333199999999998,1.3334599999999999,1.33325,1.33344,727.0,2026-09-22T20:20:00+02:00
GBPUSD,5m,2026-09-22T18:25:00+00:00,1.33344,1.33367,1.33335,1.3335599999999999,685.0,2026-09-22T20:25:00+02:00
GBPUSD,5m,2026-09-22T18:30:00+00:00,1.3335599999999999,1.3336599999999998,1.33335,1.33343,648.0,2026-09-22T20:30:00+02:00
GBPUSD,5m,2026-09-22T18:35:00+00:00,1.33343,1.33361,1.33326,1.33344,887.0,2026-09-22T20:35:00+02:00
GBPUSD,5m,2026-09-22T18:40:00+00:00,1.33344,1.33355,1.33325,1.3335299999999999,751.0,2026-09-22T20:40:00+02:00
GBPUSD,5m,2026-09-22T18:45:00+00:00,1.3335299999999999,1.33365,1.33343,1.33354,513.0,2026-09-22T20:45:00+02:00
GBPUSD,5m,2026-09-22T18:50:00+00:00,1.33354,1.3336299999999999,1.33338,1.3334,565.0,2026-09-22T20:50:00+02:00
GBPUSD,5m,2026-09-22T18:55:00+00:00,1.3334,1.33348,1.33321,1.33344,484.0,2026-09-22T20:55:00+02:00
GBPUSD,5m,2026-09-22T19:00:00+00:00,1.33344,1.33358,1.33337,1.33345,424.0,2026-09-22T21:00:00+02:00
GBPUSD,5m,2026-09-22T19:05:00+00:00,1.33345,1.3336599999999998,1.33345,1.3336299999999999,499.0,2026-09-22T21:05:00+02:00
GBPUSD,5m,2026-09-22T19:10:00+00:00,1.3336299999999999,1.33378,1.33359,1.33378,500.0,2026-09-22T21:10:00+02:00
GBPUSD,5m,2026-09-22T19:15:00+00:00,1.33378,1.33396,1.33375,1.3339299999999998,548.0,2026-09-22T21:15:00+02:00
GBPUSD,5m,2026-09-22T19:20:00+00:00,1.3339299999999998,1.3339699999999999,1.3337999999999999,1.33396,598.0,2026-09-22T21:20:00+02:00
GBPUSD,5m,2026-09-22T19:25:00+00:00,1.33396,1.3342399999999999,1.33395,1.33416,1400.0,2026-09-22T21:25:00+02:00
GBPUSD,5m,2026-09-22T19:30:00+00:00,1.33416,1.33464,1.33412,1.33462,1465.0,2026-09-22T21:30:00+02:00
GBPUSD,5m,2026-09-22T19:35:00+00:00,1.33462,1.33491,1.33456,1.3348499999999999,1729.0,2026-09-22T21:35:00+02:00
GBPUSD,5m,2026-09-22T19:40:00+00:00,1.3348499999999999,1.33487,1.33452,1.33464,1118.0,2026-09-22T21:40:00+02:00
GBPUSD,5m,2026-09-22T19:45:00+00:00,1.33464,1.33472,1.33442,1.33453,891.0,2026-09-22T21:45:00+02:00
GBPUSD,5m,2026-09-22T19:50:00+00:00,1.33453,1.33453,1.33426,1.33426,942.0,2026-09-22T21:50:00+02:00
GBPUSD,5m,2026-09-22T19:55:00+00:00,1.33426,1.3344,1.33419,1.3342399999999999,578.0,2026-09-22T21:55:00+02:00
GBPUSD,5m,2026-09-22T20:00:00+00:00,1.3342399999999999,1.33446,1.33422,1.3343399999999999,367.0,2026-09-22T22:00:00+02:00
GBPUSD,5m,2026-09-22T20:05:00+00:00,1.3343399999999999,1.33457,1.3343399999999999,1.33452,283.0,2026-09-22T22:05:00+02:00
GBPUSD,5m,2026-09-22T20:10:00+00:00,1.33452,1.33456,1.3342399999999999,1.33426,281.0,2026-09-22T22:10:00+02:00
GBPUSD,5m,2026-09-22T20:15:00+00:00,1.33426,1.3343,1.3342,1.33422,258.0,2026-09-22T22:15:00+02:00
GBPUSD,5m,2026-09-22T20:20:00+00:00,1.33422,1.33428,1.33406,1.33425,309.0,2026-09-22T22:20:00+02:00
GBPUSD,5m,2026-09-22T20:25:00+00:00,1.33425,1.33436,1.33422,1.33432,312.0,2026-09-22T22:25:00+02:00
GBPUSD,5m,2026-09-22T20:30:00+00:00,1.33432,1.33435,1.33423,1.3342399999999999,144.0,2026-09-22T22:30:00+02:00
GBPUSD,5m,2026-09-22T20:35:00+00:00,1.3342399999999999,1.33436,1.3342399999999999,1.33433,204.0,2026-09-22T22:35:00+02:00
GBPUSD,5m,2026-09-22T20:40:00+00:00,1.33433,1.33437,1.33429,1.33432,122.0,2026-09-22T22:40:00+02:00
GBPUSD,5m,2026-09-22T20:45:00+00:00,1.33432,1.33435,1.3342,1.3343399999999999,246.0,2026-09-22T22:45:00+02:00
GBPUSD,5m,2026-09-22T20:50:00+00:00,1.3343399999999999,1.33435,1.33423,1.3343099999999999,139.0,2026-09-22T22:50:00+02:00
GBPUSD,5m,2026-09-22T20:55:00+00:00,1.3343099999999999,1.33446,1.3341699999999999,1.3343399999999999,395.0,2026-09-22T22:55:00+02:00
GBPUSD,5m,2026-09-22T21:00:00+00:00,1.3343399999999999,1.3343399999999999,1.33371,1.33375,3.0,2026-09-22T23:00:00+02:00
GBPUSD,5m,2026-09-22T21:05:00+00:00,1.33375,1.33375,1.3335,1.33371,13.0,2026-09-22T23:05:00+02:00
GBPUSD,5m,2026-09-22T21:10:00+00:00,1.33371,1.33391,1.33362,1.33384,63.0,2026-09-22T23:10:00+02:00
GBPUSD,5m,2026-09-22T21:15:00+00:00,1.33384,1.3339299999999998,1.3336599999999998,1.33381,89.0,2026-09-22T23:15:00+02:00
GBPUSD,5m,2026-09-22T21:20:00+00:00,1.33381,1.33392,1.3336599999999998,1.33386,70.0,2026-09-22T23:20:00+02:00
GBPUSD,5m,2026-09-22T21:25:00+00:00,1.33386,1.33388,1.3338299999999998,1.33388,10.0,2026-09-22T23:25:00+02:00
GBPUSD,5m,2026-09-22T21:30:00+00:00,1.33388,1.33437,1.3336599999999998,1.3343,182.0,2026-09-22T23:30:00+02:00
GBPUSD,5m,2026-09-22T21:35:00+00:00,1.3343,1.33459,1.3342699999999998,1.33439,133.0,2026-09-22T23:35:00+02:00
GBPUSD,5m,2026-09-22T21:40:00+00:00,1.33439,1.33466,1.33437,1.3345,133.0,2026-09-22T23:40:00+02:00
GBPUSD,5m,2026-09-22T21:45:00+00:00,1.3345,1.33459,1.33334,1.3339299999999998,282.0,2026-09-22T23:45:00+02:00
GBPUSD,5m,2026-09-22T21:50:00+00:00,1.3339299999999998,1.33422,1.33392,1.33395,377.0,2026-09-22T23:50:00+02:00
GBPUSD,5m,2026-09-22T21:55:00+00:00,1.33395,1.33426,1.33371,1.33379,203.0,2026-09-22T23:55:00+02:00
GBPUSD,5m,2026-09-22T22:00:00+00:00,1.33379,1.3343399999999999,1.33379,1.33418,334.0,2026-09-23T00:00:00+02:00
GBPUSD,5m,2026-09-22T22:05:00+00:00,1.33418,1.33426,1.33413,1.33423,95.0,2026-09-23T00:05:00+02:00
GBPUSD,5m,2026-09-22T22:10:00+00:00,1.33423,1.33435,1.33419,1.3343,137.0,2026-09-23T00:10:00+02:00
GBPUSD,5m,2026-09-22T22:15:00+00:00,1.3343,1.33447,1.33428,1.33435,280.0,2026-09-23T00:15:00+02:00
GBPUSD,5m,2026-09-22T22:20:00+00:00,1.33435,1.3344099999999999,1.3343099999999999,1.3344,101.0,2026-09-23T00:20:00+02:00
GBPUSD,5m,2026-09-22T22:25:00+00:00,1.3344,1.33455,1.33439,1.33453,147.0,2026-09-23T00:25:00+02:00
GBPUSD,5m,2026-09-22T22:30:00+00:00,1.33453,1.33453,1.33439,1.33439,99.0,2026-09-23T00:30:00+02:00
GBPUSD,5m,2026-09-22T22:35:00+00:00,1.33439,1.3344,1.3343099999999999,1.33433,90.0,2026-09-23T00:35:00+02:00
GBPUSD,5m,2026-09-22T22:40:00+00:00,1.33433,1.3343399999999999,1.33426,1.3343,80.0,2026-09-23T00:40:00+02:00
GBPUSD,5m,2026-09-22T22:45:00+00:00,1.3343,1.3343099999999999,1.33418,1.33421,80.0,2026-09-23T00:45:00+02:00
GBPUSD,5m,2026-09-22T22:50:00+00:00,1.33421,1.33429,1.33416,1.33425,123.0,2026-09-23T00:50:00+02:00
GBPUSD,5m,2026-09-22T22:55:00+00:00,1.33425,1.33425,1.33419,1.33425,99.0,2026-09-23T00:55:00+02:00
GBPUSD,5m,2026-09-22T23:00:00+00:00,1.33425,1.33432,1.3341699999999999,1.3341699999999999,171.0,2026-09-23T01:00:00+02:00
GBPUSD,5m,2026-09-22T23:05:00+00:00,1.3341699999999999,1.33423,1.33412,1.33413,241.0,2026-09-23T01:05:00+02:00
GBPUSD,5m,2026-09-22T23:10:00+00:00,1.33413,1.33419,1.33412,1.3341399999999999,75.0,2026-09-23T01:10:00+02:00
GBPUSD,5m,2026-09-22T23:15:00+00:00,1.3341399999999999,1.33435,1.33413,1.33432,142.0,2026-09-23T01:15:00+02:00
GBPUSD,5m,2026-09-22T23:20:00+00:00,1.33432,1.33436,1.33425,1.33432,192.0,2026-09-23T01:20:00+02:00
GBPUSD,5m,2026-09-22T23:25:00+00:00,1.33432,1.33435,1.33423,1.3343099999999999,141.0,2026-09-23T01:25:00+02:00
GBPUSD,5m,2026-09-22T23:30:00+00:00,1.3343099999999999,1.33435,1.3342699999999998,1.33428,178.0,2026-09-23T01:30:00+02:00
GBPUSD,5m,2026-09-22T23:35:00+00:00,1.33428,1.33436,1.33426,1.3343399999999999,232.0,2026-09-23T01:35:00+02:00
GBPUSD,5m,2026-09-22T23:40:00+00:00,1.3343399999999999,1.33439,1.33432,1.3343399999999999,131.0,2026-09-23T01:40:00+02:00
GBPUSD,5m,2026-09-22T23:45:00+00:00,1.3343399999999999,1.33446,1.3343399999999999,1.33443,167.0,2026-09-23T01:45:00+02:00
GBPUSD,5m,2026-09-22T23:50:00+00:00,1.33443,1.33452,1.3343099999999999,1.33433,302.0,2026-09-23T01:50:00+02:00
GBPUSD,5m,2026-09-22T23:55:00+00:00,1.33433,1.33433,1.33416,1.3343099999999999,477.0,2026-09-23T01:55:00+02:00
GBPUSD,5m,2026-09-23T00:00:00+00:00,1.3343099999999999,1.3344099999999999,1.33401,1.33403,1050.0,2026-09-23T02:00:00+02:00
GBPUSD,5m,2026-09-23T00:05:00+00:00,1.33403,1.33405,1.33389,1.3339999999999999,936.0,2026-09-23T02:05:00+02:00
GBPUSD,5m,2026-09-23T00:10:00+00:00,1.3339999999999999,1.33412,1.3339699999999999,1.33403,768.0,2026-09-23T02:10:00+02:00
GBPUSD,5m,2026-09-23T00:15:00+00:00,1.33403,1.33413,1.33394,1.33395,860.0,2026-09-23T02:15:00+02:00
GBPUSD,5m,2026-09-23T00:20:00+00:00,1.33395,1.3340999999999998,1.33381,1.33408,1101.0,2026-09-23T02:20:00+02:00
GBPUSD,5m,2026-09-23T00:25:00+00:00,1.33408,1.3340999999999998,1.33391,1.33399,726.0,2026-09-23T02:25:00+02:00
GBPUSD,5m,2026-09-23T00:30:00+00:00,1.33399,1.33401,1.33388,1.33391,451.0,2026-09-23T02:30:00+02:00
GBPUSD,5m,2026-09-23T00:35:00+00:00,1.33391,1.33392,1.33361,1.33379,789.0,2026-09-23T02:35:00+02:00
GBPUSD,5m,2026-09-23T00:40:00+00:00,1.33379,1.33392,1.33378,1.3337999999999999,401.0,2026-09-23T02:40:00+02:00
GBPUSD,5m,2026-09-23T00:45:00+00:00,1.3337999999999999,1.33398,1.33379,1.33387,703.0,2026-09-23T02:45:00+02:00
GBPUSD,5m,2026-09-23T00:50:00+00:00,1.33387,1.33394,1.33372,1.33374,600.0,2026-09-23T02:50:00+02:00
GBPUSD,5m,2026-09-23T00:55:00+00:00,1.33374,1.33375,1.33367,1.3336999999999999,444.0,2026-09-23T02:55:00+02:00
GBPUSD,5m,2026-09-23T01:00:00+00:00,1.3336999999999999,1.33371,1.33343,1.3334599999999999,895.0,2026-09-23T03:00:00+02:00
GBPUSD,5m,2026-09-23T01:05:00+00:00,1.3334599999999999,1.33362,1.33341,1.33341,899.0,2026-09-23T03:05:00+02:00
GBPUSD,5m,2026-09-23T01:10:00+00:00,1.33341,1.33345,1.3330899999999999,1.3330899999999999,585.0,2026-09-23T03:10:00+02:00
GBPUSD,5m,2026-09-23T01:15:00+00:00,1.3330899999999999,1.3331199999999999,1.333,1.3330899999999999,474.0,2026-09-23T03:15:00+02:00
GBPUSD,5m,2026-09-23T01:20:00+00:00,1.3330899999999999,1.33314,1.33283,1.3329,722.0,2026-09-23T03:20:00+02:00
GBPUSD,5m,2026-09-23T01:25:00+00:00,1.3329,1.33291,1.33253,1.3326,925.0,2026-09-23T03:25:00+02:00
GBPUSD,5m,2026-09-23T01:30:00+00:00,1.3326,1.33316,1.33259,1.33306,1194.0,2026-09-23T03:30:00+02:00
GBPUSD,5m,2026-09-23T01:35:00+00:00,1.33306,1.33315,1.33303,1.33311,421.0,2026-09-23T03:35:00+02:00
GBPUSD,5m,2026-09-23T01:40:00+00:00,1.33311,1.33314,1.3329,1.33293,681.0,2026-09-23T03:40:00+02:00
GBPUSD,5m,2026-09-23T01:45:00+00:00,1.33293,1.33294,1.3328499999999999,1.33287,543.0,2026-09-23T03:45:00+02:00
GBPUSD,5m,2026-09-23T01:50:00+00:00,1.33287,1.33299,1.33262,1.33264,728.0,2026-09-23T03:50:00+02:00
GBPUSD,5m,2026-09-23T01:55:00+00:00,1.33264,1.33276,1.3326099999999999,1.33267,911.0,2026-09-23T03:55:00+02:00
GBPUSD,5m,2026-09-23T02:00:00+00:00,1.33267,1.3326799999999999,1.33257,1.33264,491.0,2026-09-23T04:00:00+02:00
GBPUSD,5m,2026-09-23T02:05:00+00:00,1.33264,1.3326799999999999,1.33233,1.3323399999999999,598.0,2026-09-23T04:05:00+02:00
GBPUSD,5m,2026-09-23T02:10:00+00:00,1.3323399999999999,1.33238,1.33223,1.33236,631.0,2026-09-23T04:10:00+02:00
GBPUSD,5m,2026-09-23T02:15:00+00:00,1.33236,1.33257,1.33226,1.3324399999999998,1043.0,2026-09-23T04:15:00+02:00
GBPUSD,5m,2026-09-23T02:20:00+00:00,1.3324399999999998,1.3326,1.33239,1.33255,514.0,2026-09-23T04:20:00+02:00
GBPUSD,5m,2026-09-23T02:25:00+00:00,1.33255,1.33267,1.3325,1.33263,641.0,2026-09-23T04:25:00+02:00
GBPUSD,5m,2026-09-23T02:30:00+00:00,1.33263,1.3327099999999998,1.33252,1.33266,477.0,2026-09-23T04:30:00+02:00
GBPUSD,5m,2026-09-23T02:35:00+00:00,1.33266,1.33272,1.3324,1.33254,601.0,2026-09-23T04:35:00+02:00
GBPUSD,5m,2026-09-23T02:40:00+00:00,1.33254,1.33265,1.33252,1.33263,564.0,2026-09-23T04:40:00+02:00
GBPUSD,5m,2026-09-23T02:45:00+00:00,1.33263,1.33265,1.33238,1.3324399999999998,480.0,2026-09-23T04:45:00+02:00
GBPUSD,5m,2026-09-23T02:50:00+00:00,1.3324399999999998,1.33247,1.3323099999999999,1.33233,510.0,2026-09-23T04:50:00+02:00
GBPUSD,5m,2026-09-23T02:55:00+00:00,1.33233,1.33242,1.33222,1.33237,582.0,2026-09-23T04:55:00+02:00
GBPUSD,5m,2026-09-23T03:00:00+00:00,1.33237,1.33237,1.3321699999999999,1.3323,548.0,2026-09-23T05:00:00+02:00
GBPUSD,5m,2026-09-23T03:05:00+00:00,1.3323,1.33235,1.33215,1.33218,790.0,2026-09-23T05:05:00+02:00
GBPUSD,5m,2026-09-23T03:10:00+00:00,1.33218,1.3323,1.33218,1.33223,513.0,2026-09-23T05:10:00+02:00
GBPUSD,5m,2026-09-23T03:15:00+00:00,1.33223,1.3322399999999999,1.33169,1.33172,753.0,2026-09-23T05:15:00+02:00
GBPUSD,5m,2026-09-23T03:20:00+00:00,1.33172,1.33209,1.33169,1.33208,408.0,2026-09-23T05:20:00+02:00
GBPUSD,5m,2026-09-23T03:25:00+00:00,1.33208,1.33219,1.33201,1.33201,765.0,2026-09-23T05:25:00+02:00
GBPUSD,5m,2026-09-23T03:30:00+00:00,1.33201,1.33218,1.33198,1.33204,798.0,2026-09-23T05:30:00+02:00
GBPUSD,5m,2026-09-23T03:35:00+00:00,1.33204,1.33209,1.33178,1.33179,554.0,2026-09-23T05:35:00+02:00
GBPUSD,5m,2026-09-23T03:40:00+00:00,1.33179,1.33191,1.3317299999999999,1.33182,577.0,2026-09-23T05:40:00+02:00
GBPUSD,5m,2026-09-23T03:45:00+00:00,1.33182,1.33191,1.3317299999999999,1.33176,427.0,2026-09-23T05:45:00+02:00
GBPUSD,5m,2026-09-23T03:50:00+00:00,1.33176,1.33178,1.33152,1.3316599999999998,802.0,2026-09-23T05:50:00+02:00
GBPUSD,5m,2026-09-23T03:55:00+00:00,1.3316599999999998,1.33168,1.33148,1.33151,588.0,2026-09-23T05:55:00+02:00
GBPUSD,5m,2026-09-23T04:00:00+00:00,1.33151,1.33165,1.33148,1.3315,605.0,2026-09-23T06:00:00+02:00
GBPUSD,5m,2026-09-23T04:05:00+00:00,1.3315,1.33165,1.33148,1.3316,548.0,2026-09-23T06:05:00+02:00
GBPUSD,5m,2026-09-23T04:10:00+00:00,1.3316,1.33171,1.33158,1.3316,477.0,2026-09-23T06:10:00+02:00
GBPUSD,5m,2026-09-23T04:15:00+00:00,1.3316,1.33192,1.3316,1.33189,546.0,2026-09-23T06:15:00+02:00
GBPUSD,5m,2026-09-23T04:20:00+00:00,1.33189,1.33198,1.33177,1.33177,559.0,2026-09-23T06:20:00+02:00
GBPUSD,5m,2026-09-23T04:25:00+00:00,1.33177,1.3318999999999999,1.33175,1.33182,512.0,2026-09-23T06:25:00+02:00
GBPUSD,5m,2026-09-23T04:30:00+00:00,1.33182,1.33184,1.33176,1.3317999999999999,244.0,2026-09-23T06:30:00+02:00
GBPUSD,5m,2026-09-23T04:35:00+00:00,1.3317999999999999,1.33191,1.33176,1.33177,363.0,2026-09-23T06:35:00+02:00
GBPUSD,5m,2026-09-23T04:40:00+00:00,1.33177,1.3317999999999999,1.33165,1.33168,376.0,2026-09-23T06:40:00+02:00
GBPUSD,5m,2026-09-23T04:45:00+00:00,1.33168,1.33169,1.33144,1.3316,428.0,2026-09-23T06:45:00+02:00
GBPUSD,5m,2026-09-23T04:50:00+00:00,1.3316,1.3316,1.33148,1.33159,328.0,2026-09-23T06:50:00+02:00
GBPUSD,5m,2026-09-23T04:55:00+00:00,1.33159,1.3316,1.3315,1.33155,580.0,2026-09-23T06:55:00+02:00
GBPUSD,5m,2026-09-23T05:00:00+00:00,1.33155,1.3316599999999998,1.33147,1.3316299999999999,672.0,2026-09-23T07:00:00+02:00
GBPUSD,5m,2026-09-23T05:05:00+00:00,1.3316299999999999,1.33169,1.3315299999999999,1.3315299999999999,660.0,2026-09-23T07:05:00+02:00
GBPUSD,5m,2026-09-23T05:10:00+00:00,1.3315299999999999,1.33161,1.33147,1.33157,502.0,2026-09-23T07:10:00+02:00
GBPUSD,5m,2026-09-23T05:15:00+00:00,1.33157,1.33164,1.3315599999999999,1.3316,301.0,2026-09-23T07:15:00+02:00
GBPUSD,5m,2026-09-23T05:20:00+00:00,1.3316,1.33171,1.33151,1.3316,362.0,2026-09-23T07:20:00+02:00
GBPUSD,5m,2026-09-23T05:25:00+00:00,1.3316,1.3316999999999999,1.33152,1.33154,418.0,2026-09-23T07:25:00+02:00
GBPUSD,5m,2026-09-23T05:30:00+00:00,1.33154,1.33161,1.33148,1.3314899999999998,316.0,2026-09-23T07:30:00+02:00
GBPUSD,5m,2026-09-23T05:35:00+00:00,1.3314899999999998,1.33161,1.33138,1.33138,427.0,2026-09-23T07:35:00+02:00
GBPUSD,5m,2026-09-23T05:40:00+00:00,1.33138,1.3314899999999998,1.3311899999999999,1.3311899999999999,635.0,2026-09-23T07:40:00+02:00
GBPUSD,5m,2026-09-23T05:45:00+00:00,1.3311899999999999,1.33133,1.33107,1.3310899999999999,662.0,2026-09-23T07:45:00+02:00
GBPUSD,5m,2026-09-23T05:50:00+00:00,1.3310899999999999,1.33135,1.33103,1.33127,727.0,2026-09-23T07:50:00+02:00
GBPUSD,5m,2026-09-23T05:55:00+00:00,1.33127,1.33141,1.3312,1.3313,605.0,2026-09-23T07:55:00+02:00
GBPUSD,5m,2026-09-23T06:00:00+00:00,1.3313,1.33144,1.33114,1.3312199999999998,1302.0,2026-09-23T08:00:00+02:00
GBPUSD,5m,2026-09-23T06:05:00+00:00,1.3312199999999998,1.33128,1.3309499999999999,1.33097,842.0,2026-09-23T08:05:00+02:00
GBPUSD,5m,2026-09-23T06:10:00+00:00,1.33097,1.33103,1.33082,1.3309499999999999,913.0,2026-09-23T08:10:00+02:00
GBPUSD,5m,2026-09-23T06:15:00+00:00,1.3309499999999999,1.33124,1.33081,1.3312,866.0,2026-09-23T08:15:00+02:00
GBPUSD,5m,2026-09-23T06:20:00+00:00,1.3312,1.33132,1.33103,1.33132,942.0,2026-09-23T08:20:00+02:00
GBPUSD,5m,2026-09-23T06:25:00+00:00,1.33132,1.33135,1.33117,1.33121,774.0,2026-09-23T08:25:00+02:00
GBPUSD,5m,2026-09-23T06:30:00+00:00,1.33121,1.3313599999999999,1.33111,1.33135,650.0,2026-09-23T08:30:00+02:00
GBPUSD,5m,2026-09-23T06:35:00+00:00,1.33135,1.33164,1.33127,1.33161,1066.0,2026-09-23T08:35:00+02:00
GBPUSD,5m,2026-09-23T06:40:00+00:00,1.33161,1.33177,1.33157,1.33175,879.0,2026-09-23T08:40:00+02:00
GBPUSD,5m,2026-09-23T06:45:00+00:00,1.33175,1.3321699999999999,1.33164,1.3321399999999999,801.0,2026-09-23T08:45:00+02:00
GBPUSD,5m,2026-09-23T06:50:00+00:00,1.3321399999999999,1.33222,1.33164,1.33165,729.0,2026-09-23T08:50:00+02:00
GBPUSD,5m,2026-09-23T06:55:00+00:00,1.33165,1.33184,1.33161,1.33167,828.0,2026-09-23T08:55:00+02:00
GBPUSD,5m,2026-09-23T07:00:00+00:00,1.33167,1.33179,1.33127,1.33134,1362.0,2026-09-23T09:00:00+02:00
GBPUSD,5m,2026-09-23T07:05:00+00:00,1.33134,1.33134,1.33083,1.33104,1335.0,2026-09-23T09:05:00+02:00
GBPUSD,5m,2026-09-23T07:10:00+00:00,1.33104,1.3312,1.33093,1.3310499999999998,913.0,2026-09-23T09:10:00+02:00
GBPUSD,5m,2026-09-23T07:15:00+00:00,1.3310499999999998,1.33157,1.3310499999999998,1.33143,1240.0,2026-09-23T09:15:00+02:00
GBPUSD,5m,2026-09-23T07:20:00+00:00,1.33143,1.33157,1.3313599999999999,1.3315,1084.0,2026-09-23T09:20:00+02:00
GBPUSD,5m,2026-09-23T07:25:00+00:00,1.3315,1.3315,1.33099,1.33118,1063.0,2026-09-23T09:25:00+02:00
GBPUSD,5m,2026-09-23T07:30:00+00:00,1.33118,1.3315,1.33098,1.33103,1326.0,2026-09-23T09:30:00+02:00
GBPUSD,5m,2026-09-23T07:35:00+00:00,1.33103,1.33117,1.3307499999999999,1.33093,1205.0,2026-09-23T09:35:00+02:00
GBPUSD,5m,2026-09-23T07:40:00+00:00,1.33093,1.33108,1.33069,1.3309,944.0,2026-09-23T09:40:00+02:00
GBPUSD,5m,2026-09-23T07:45:00+00:00,1.3309,1.33094,1.33049,1.3306,971.0,2026-09-23T09:45:00+02:00
GBPUSD,5m,2026-09-23T07:50:00+00:00,1.3306,1.33096,1.33054,1.33066,1045.0,2026-09-23T09:50:00+02:00
GBPUSD,5m,2026-09-23T07:55:00+00:00,1.33066,1.33066,1.33004,1.33015,1417.0,2026-09-23T09:55:00+02:00
GBPUSD,5m,2026-09-23T08:00:00+00:00,1.33015,1.33025,1.32999,1.33003,1269.0,2026-09-23T10:00:00+02:00
GBPUSD,5m,2026-09-23T08:05:00+00:00,1.33003,1.33011,1.32972,1.32994,1261.0,2026-09-23T10:05:00+02:00
GBPUSD,5m,2026-09-23T08:10:00+00:00,1.32994,1.32994,1.32944,1.3296299999999999,927.0,2026-09-23T10:10:00+02:00
GBPUSD,5m,2026-09-23T08:15:00+00:00,1.3296299999999999,1.3296999999999999,1.3293,1.32964,1506.0,2026-09-23T10:15:00+02:00
GBPUSD,5m,2026-09-23T08:20:00+00:00,1.32964,1.33026,1.3296299999999999,1.3302399999999999,1156.0,2026-09-23T10:20:00+02:00
GBPUSD,5m,2026-09-23T08:25:00+00:00,1.3302399999999999,1.33056,1.33016,1.33055,905.0,2026-09-23T10:25:00+02:00
GBPUSD,5m,2026-09-23T08:30:00+00:00,1.33055,1.33064,1.33035,1.33047,798.0,2026-09-23T10:30:00+02:00
GBPUSD,5m,2026-09-23T08:35:00+00:00,1.33047,1.3308799999999998,1.33046,1.33081,845.0,2026-09-23T10:35:00+02:00
GBPUSD,5m,2026-09-23T08:40:00+00:00,1.33081,1.33089,1.33033,1.33036,793.0,2026-09-23T10:40:00+02:00
GBPUSD,5m,2026-09-23T08:45:00+00:00,1.33036,1.33066,1.33035,1.3306,920.0,2026-09-23T10:45:00+02:00
GBPUSD,5m,2026-09-23T08:50:00+00:00,1.3306,1.3307799999999999,1.33038,1.33038,846.0,2026-09-23T10:50:00+02:00
GBPUSD,5m,2026-09-23T08:55:00+00:00,1.33038,1.33045,1.33004,1.33006,820.0,2026-09-23T10:55:00+02:00
GBPUSD,5m,2026-09-23T09:00:00+00:00,1.33006,1.33021,1.32957,1.32957,1173.0,2026-09-23T11:00:00+02:00
GBPUSD,5m,2026-09-23T09:05:00+00:00,1.32957,1.32986,1.3295,1.32968,1099.0,2026-09-23T11:05:00+02:00
GBPUSD,5m,2026-09-23T09:10:00+00:00,1.32968,1.32976,1.32933,1.3294,1094.0,2026-09-23T11:10:00+02:00
GBPUSD,5m,2026-09-23T09:15:00+00:00,1.3294,1.3295299999999999,1.32898,1.3290899999999999,1287.0,2026-09-23T11:15:00+02:00
GBPUSD,5m,2026-09-23T09:20:00+00:00,1.3290899999999999,1.32916,1.32897,1.3290899999999999,901.0,2026-09-23T11:20:00+02:00
GBPUSD,5m,2026-09-23T09:25:00+00:00,1.3290899999999999,1.32924,1.32891,1.3290499999999998,826.0,2026-09-23T11:25:00+02:00
GBPUSD,5m,2026-09-23T09:30:00+00:00,1.3290499999999998,1.32934,1.3287799999999999,1.32883,1208.0,2026-09-23T11:30:00+02:00
GBPUSD,5m,2026-09-23T09:35:00+00:00,1.32883,1.3288799999999998,1.32854,1.32863,862.0,2026-09-23T11:35:00+02:00
GBPUSD,5m,2026-09-23T09:40:00+00:00,1.32863,1.32867,1.3283399999999999,1.32845,877.0,2026-09-23T11:40:00+02:00
GBPUSD,5m,2026-09-23T09:45:00+00:00,1.32845,1.3284799999999999,1.3279999999999998,1.32823,1495.0,2026-09-23T11:45:00+02:00
GBPUSD,5m,2026-09-23T09:50:00+00:00,1.32823,1.32825,1.32794,1.32805,1026.0,2026-09-23T11:50:00+02:00
GBPUSD,5m,2026-09-23T09:55:00+00:00,1.32805,1.32818,1.32795,1.32796,1089.0,2026-09-23T11:55:00+02:00
GBPUSD,5m,2026-09-23T10:00:00+00:00,1.32796,1.3288499999999999,1.3278999999999999,1.32863,1037.0,2026-09-23T12:00:00+02:00
GBPUSD,5m,2026-09-23T10:05:00+00:00,1.32863,1.32874,1.32833,1.32835,1336.0,2026-09-23T12:05:00+02:00
GBPUSD,5m,2026-09-23T10:10:00+00:00,1.32835,1.32867,1.32815,1.32845,1325.0,2026-09-23T12:10:00+02:00
GBPUSD,5m,2026-09-23T10:15:00+00:00,1.32845,1.3284799999999999,1.32799,1.32826,1247.0,2026-09-23T12:15:00+02:00
GBPUSD,5m,2026-09-23T10:20:00+00:00,1.32826,1.32837,1.32798,1.32805,1047.0,2026-09-23T12:20:00+02:00
GBPUSD,5m,2026-09-23T10:25:00+00:00,1.32805,1.32833,1.3279999999999998,1.32821,999.0,2026-09-23T12:25:00+02:00
GBPUSD,5m,2026-09-23T10:30:00+00:00,1.32821,1.32821,1.32774,1.3278699999999999,1469.0,2026-09-23T12:30:00+02:00
GBPUSD,5m,2026-09-23T10:35:00+00:00,1.3278699999999999,1.3281399999999999,1.32781,1.32802,986.0,2026-09-23T12:35:00+02:00
GBPUSD,5m,2026-09-23T10:40:00+00:00,1.32802,1.32802,1.3277299999999999,1.3277999999999999,850.0,2026-09-23T12:40:00+02:00
GBPUSD,5m,2026-09-23T10:45:00+00:00,1.3277999999999999,1.32819,1.32769,1.32798,903.0,2026-09-23T12:45:00+02:00
GBPUSD,5m,2026-09-23T10:50:00+00:00,1.32798,1.32847,1.32792,1.32847,846.0,2026-09-23T12:50:00+02:00
GBPUSD,5m,2026-09-23T10:55:00+00:00,1.32847,1.32917,1.32846,1.32917,1089.0,2026-09-23T12:55:00+02:00
GBPUSD,5m,2026-09-23T11:00:00+00:00,1.32917,1.32941,1.32873,1.32903,1402.0,2026-09-23T13:00:00+02:00
GBPUSD,5m,2026-09-23T11:05:00+00:00,1.32903,1.32917,1.32889,1.32916,1134.0,2026-09-23T13:05:00+02:00
GBPUSD,5m,2026-09-23T11:10:00+00:00,1.32916,1.32958,1.32916,1.32955,1056.0,2026-09-23T13:10:00+02:00
GBPUSD,5m,2026-09-23T11:15:00+00:00,1.32955,1.32955,1.32914,1.32914,936.0,2026-09-23T13:15:00+02:00
GBPUSD,5m,2026-09-23T11:20:00+00:00,1.32914,1.3292,1.32864,1.3287499999999999,884.0,2026-09-23T13:20:00+02:00
GBPUSD,5m,2026-09-23T11:25:00+00:00,1.3287499999999999,1.32886,1.3284099999999999,1.32852,1165.0,2026-09-23T13:25:00+02:00
GBPUSD,5m,2026-09-23T11:30:00+00:00,1.32852,1.32857,1.32812,1.32815,1021.0,2026-09-23T13:30:00+02:00
GBPUSD,5m,2026-09-23T11:35:00+00:00,1.32815,1.32815,1.3276,1.32772,1384.0,2026-09-23T13:35:00+02:00
GBPUSD,5m,2026-09-23T11:40:00+00:00,1.32772,1.32789,1.32737,1.32762,1077.0,2026-09-23T13:40:00+02:00
GBPUSD,5m,2026-09-23T11:45:00+00:00,1.32762,1.32832,1.3276,1.32821,1570.0,2026-09-23T13:45:00+02:00
GBPUSD,5m,2026-09-23T11:50:00+00:00,1.32821,1.32821,1.32777,1.32781,1299.0,2026-09-23T13:50:00+02:00
GBPUSD,5m,2026-09-23T11:55:00+00:00,1.32781,1.32805,1.3276999999999999,1.32794,1283.0,2026-09-23T13:55:00+02:00
GBPUSD,5m,2026-09-23T12:00:00+00:00,1.32794,1.32801,1.32759,1.32759,1021.0,2026-09-23T14:00:00+02:00
GBPUSD,5m,2026-09-23T12:05:00+00:00,1.32759,1.32795,1.32748,1.32749,1015.0,2026-09-23T14:05:00+02:00
GBPUSD,5m,2026-09-23T12:10:00+00:00,1.32749,1.3276,1.3271899999999999,1.32728,1056.0,2026-09-23T14:10:00+02:00
GBPUSD,5m,2026-09-23T12:15:00+00:00,1.32728,1.32764,1.32716,1.32757,1142.0,2026-09-23T14:15:00+02:00
GBPUSD,5m,2026-09-23T12:20:00+00:00,1.32757,1.32767,1.3271899999999999,1.32738,1093.0,2026-09-23T14:20:00+02:00
GBPUSD,5m,2026-09-23T12:25:00+00:00,1.32738,1.3275,1.32708,1.3271199999999999,929.0,2026-09-23T14:25:00+02:00
GBPUSD,5m,2026-09-23T12:30:00+00:00,1.3271199999999999,1.3271199999999999,1.32659,1.3266799999999999,1136.0,2026-09-23T14:30:00+02:00
GBPUSD,5m,2026-09-23T12:35:00+00:00,1.3266799999999999,1.32674,1.32632,1.32642,1388.0,2026-09-23T14:35:00+02:00
GBPUSD,5m,2026-09-23T12:40:00+00:00,1.32642,1.32673,1.32637,1.3264,1276.0,2026-09-23T14:40:00+02:00
GBPUSD,5m,2026-09-23T12:45:00+00:00,1.3264,1.32684,1.32629,1.32681,1230.0,2026-09-23T14:45:00+02:00
GBPUSD,5m,2026-09-23T12:50:00+00:00,1.32681,1.32721,1.3267,1.32711,1137.0,2026-09-23T14:50:00+02:00
GBPUSD,5m,2026-09-23T12:55:00+00:00,1.32711,1.3275599999999999,1.327,1.32755,1400.0,2026-09-23T14:55:00+02:00
GBPUSD,5m,2026-09-23T13:00:00+00:00,1.32755,1.32767,1.32714,1.32764,1451.0,2026-09-23T15:00:00+02:00
GBPUSD,5m,2026-09-23T13:05:00+00:00,1.32764,1.32774,1.327,1.327,1605.0,2026-09-23T15:05:00+02:00
GBPUSD,5m,2026-09-23T13:10:00+00:00,1.327,1.32704,1.3265,1.32656,1781.0,2026-09-23T15:10:00+02:00
GBPUSD,5m,2026-09-23T13:15:00+00:00,1.32656,1.32701,1.3265099999999999,1.3268,1389.0,2026-09-23T15:15:00+02:00
GBPUSD,5m,2026-09-23T13:20:00+00:00,1.3268,1.32755,1.32671,1.32721,1933.0,2026-09-23T15:20:00+02:00
GBPUSD,5m,2026-09-23T13:25:00+00:00,1.32721,1.32872,1.32718,1.32872,2501.0,2026-09-23T15:25:00+02:00
GBPUSD,5m,2026-09-23T13:30:00+00:00,1.32872,1.3288499999999999,1.32805,1.32821,2101.0,2026-09-23T15:30:00+02:00
GBPUSD,5m,2026-09-23T13:35:00+00:00,1.32821,1.32852,1.3279999999999998,1.32822,2069.0,2026-09-23T15:35:00+02:00
GBPUSD,5m,2026-09-23T13:40:00+00:00,1.32822,1.3284799999999999,1.32749,1.3275,1622.0,2026-09-23T15:40:00+02:00
GBPUSD,5m,2026-09-23T13:45:00+00:00,1.3275,1.3275,1.32561,1.32568,2576.0,2026-09-23T15:45:00+02:00
GBPUSD,5m,2026-09-23T13:50:00+00:00,1.32568,1.32629,1.32507,1.3250899999999999,2945.0,2026-09-23T15:50:00+02:00
GBPUSD,5m,2026-09-23T13:55:00+00:00,1.3250899999999999,1.32619,1.32506,1.3260699999999999,2747.0,2026-09-23T15:55:00+02:00
GBPUSD,5m,2026-09-23T14:00:00+00:00,1.3260699999999999,1.3266099999999998,1.3258999999999999,1.32611,2252.0,2026-09-23T16:00:00+02:00
GBPUSD,5m,2026-09-23T14:05:00+00:00,1.32611,1.32645,1.3259999999999998,1.32639,1631.0,2026-09-23T16:05:00+02:00
GBPUSD,5m,2026-09-23T14:10:00+00:00,1.32639,1.3266,1.3258699999999999,1.3258999999999999,1896.0,2026-09-23T16:10:00+02:00
GBPUSD,5m,2026-09-23T14:15:00+00:00,1.3258999999999999,1.32608,1.32537,1.32538,2153.0,2026-09-23T16:15:00+02:00
GBPUSD,5m,2026-09-23T14:20:00+00:00,1.32538,1.3257999999999999,1.32533,1.32549,2273.0,2026-09-23T16:20:00+02:00
GBPUSD,5m,2026-09-23T14:25:00+00:00,1.32549,1.32571,1.32474,1.32498,2239.0,2026-09-23T16:25:00+02:00
GBPUSD,5m,2026-09-23T14:30:00+00:00,1.32498,1.32622,1.32498,1.32609,1958.0,2026-09-23T16:30:00+02:00
GBPUSD,5m,2026-09-23T14:35:00+00:00,1.32609,1.32629,1.32544,1.32555,2333.0,2026-09-23T16:35:00+02:00
GBPUSD,5m,2026-09-23T14:40:00+00:00,1.32555,1.32595,1.32554,1.32555,1662.0,2026-09-23T16:40:00+02:00
GBPUSD,5m,2026-09-23T14:45:00+00:00,1.32555,1.32581,1.3250499999999998,1.32517,1913.0,2026-09-23T16:45:00+02:00
GBPUSD,5m,2026-09-23T14:50:00+00:00,1.32517,1.3268499999999999,1.32479,1.32647,3682.0,2026-09-23T16:50:00+02:00
GBPUSD,5m,2026-09-23T14:55:00+00:00,1.32647,1.32653,1.32593,1.3264799999999999,2549.0,2026-09-23T16:55:00+02:00
GBPUSD,5m,2026-09-23T15:00:00+00:00,1.3264799999999999,1.3265799999999999,1.32567,1.32579,2401.0,2026-09-23T17:00:00+02:00
GBPUSD,5m,2026-09-23T15:05:00+00:00,1.32579,1.32637,1.32574,1.32629,1697.0,2026-09-23T17:05:00+02:00
GBPUSD,5m,2026-09-23T15:10:00+00:00,1.32629,1.32656,1.32596,1.32609,1520.0,2026-09-23T17:10:00+02:00
GBPUSD,5m,2026-09-23T15:15:00+00:00,1.32609,1.32633,1.32596,1.32622,1396.0,2026-09-23T17:15:00+02:00
GBPUSD,5m,2026-09-23T15:20:00+00:00,1.32622,1.3262399999999999,1.32568,1.32578,1387.0,2026-09-23T17:20:00+02:00
GBPUSD,5m,2026-09-23T15:25:00+00:00,1.32578,1.3259999999999998,1.32554,1.32568,1305.0,2026-09-23T17:25:00+02:00
GBPUSD,5m,2026-09-23T15:30:00+00:00,1.32568,1.32568,1.32523,1.32534,1371.0,2026-09-23T17:30:00+02:00
GBPUSD,5m,2026-09-23T15:35:00+00:00,1.32534,1.32567,1.3252199999999998,1.3253599999999999,1223.0,2026-09-23T17:35:00+02:00
GBPUSD,5m,2026-09-23T15:40:00+00:00,1.3253599999999999,1.3253899999999998,1.3251199999999999,1.3252599999999999,1160.0,2026-09-23T17:40:00+02:00
GBPUSD,5m,2026-09-23T15:45:00+00:00,1.3252599999999999,1.32542,1.32491,1.32496,1034.0,2026-09-23T17:45:00+02:00
GBPUSD,5m,2026-09-23T15:50:00+00:00,1.32496,1.3251,1.32472,1.3250899999999999,1210.0,2026-09-23T17:50:00+02:00
GBPUSD,5m,2026-09-23T15:55:00+00:00,1.3250899999999999,1.32549,1.32496,1.32507,1269.0,2026-09-23T17:55:00+02:00
GBPUSD,5m,2026-09-23T16:00:00+00:00,1.32507,1.32516,1.32471,1.32473,1168.0,2026-09-23T18:00:00+02:00
GBPUSD,5m,2026-09-23T16:05:00+00:00,1.32473,1.32507,1.32466,1.32489,1082.0,2026-09-23T18:05:00+02:00
GBPUSD,5m,2026-09-23T16:10:00+00:00,1.32489,1.32499,1.32479,1.32498,856.0,2026-09-23T18:10:00+02:00
GBPUSD,5m,2026-09-23T16:15:00+00:00,1.32498,1.3252199999999998,1.32479,1.32521,1131.0,2026-09-23T18:15:00+02:00
GBPUSD,5m,2026-09-23T16:20:00+00:00,1.32521,1.32531,1.32504,1.32508,1022.0,2026-09-23T18:20:00+02:00
GBPUSD,5m,2026-09-23T16:25:00+00:00,1.32508,1.32508,1.32481,1.3249199999999999,1006.0,2026-09-23T18:25:00+02:00
GBPUSD,5m,2026-09-23T16:30:00+00:00,1.3249199999999999,1.3249199999999999,1.32435,1.32436,885.0,2026-09-23T18:30:00+02:00
GBPUSD,5m,2026-09-23T16:35:00+00:00,1.32436,1.32491,1.32426,1.32486,1109.0,2026-09-23T18:35:00+02:00
GBPUSD,5m,2026-09-23T16:40:00+00:00,1.32486,1.325,1.32449,1.3245099999999999,1175.0,2026-09-23T18:40:00+02:00
GBPUSD,5m,2026-09-23T16:45:00+00:00,1.3245099999999999,1.3246099999999998,1.32362,1.32374,1973.0,2026-09-23T18:45:00+02:00
GBPUSD,5m,2026-09-23T16:50:00+00:00,1.32374,1.32385,1.32297,1.3231,2164.0,2026-09-23T18:50:00+02:00
GBPUSD,5m,2026-09-23T16:55:00+00:00,1.3231,1.32357,1.3230899999999999,1.3233,1544.0,2026-09-23T18:55:00+02:00
GBPUSD,5m,2026-09-23T17:00:00+00:00,1.3233,1.3233,1.32242,1.32254,2305.0,2026-09-23T19:00:00+02:00
GBPUSD,5m,2026-09-23T17:05:00+00:00,1.32254,1.32286,1.3223099999999999,1.3227799999999998,1844.0,2026-09-23T19:05:00+02:00
GBPUSD,5m,2026-09-23T17:10:00+00:00,1.3227799999999998,1.3229,1.3224099999999999,1.32246,1554.0,2026-09-23T19:10:00+02:00
GBPUSD,5m,2026-09-23T17:15:00+00:00,1.32246,1.32286,1.32232,1.32276,1512.0,2026-09-23T19:15:00+02:00
GBPUSD,5m,2026-09-23T17:20:00+00:00,1.32276,1.32338,1.3227499999999999,1.3233,1259.0,2026-09-23T19:20:00+02:00
GBPUSD,5m,2026-09-23T17:25:00+00:00,1.3233,1.32375,1.3231899999999999,1.32371,1425.0,2026-09-23T19:25:00+02:00
GBPUSD,5m,2026-09-23T17:30:00+00:00,1.32371,1.3238299999999998,1.32359,1.32367,1416.0,2026-09-23T19:30:00+02:00
GBPUSD,5m,2026-09-23T17:35:00+00:00,1.32367,1.32368,1.32318,1.3232,929.0,2026-09-23T19:35:00+02:00
GBPUSD,5m,2026-09-23T17:40:00+00:00,1.3232,1.32496,1.32318,1.32484,3411.0,2026-09-23T19:40:00+02:00
GBPUSD,5m,2026-09-23T17:45:00+00:00,1.32484,1.3252,1.32476,1.3251199999999999,1687.0,2026-09-23T19:45:00+02:00
GBPUSD,5m,2026-09-23T17:50:00+00:00,1.3251199999999999,1.32534,1.32491,1.3251899999999999,1421.0,2026-09-23T19:50:00+02:00
GBPUSD,5m,2026-09-23T17:55:00+00:00,1.3251899999999999,1.32531,1.32488,1.32521,1099.0,2026-09-23T19:55:00+02:00
GBPUSD,5m,2026-09-23T18:00:00+00:00,1.32521,1.32541,1.32474,1.32476,1097.0,2026-09-23T20:00:00+02:00
GBPUSD,5m,2026-09-23T18:05:00+00:00,1.32476,1.32488,1.32466,1.3247799999999998,903.0,2026-09-23T20:05:00+02:00
GBPUSD,5m,2026-09-23T18:10:00+00:00,1.3247799999999998,1.32481,1.3245799999999999,1.3246,848.0,2026-09-23T20:10:00+02:00
GBPUSD,5m,2026-09-23T18:15:00+00:00,1.3246,1.32474,1.3244799999999999,1.32459,924.0,2026-09-23T20:15:00+02:00
GBPUSD,5m,2026-09-23T18:20:00+00:00,1.32459,1.32463,1.3241699999999998,1.32419,906.0,2026-09-23T20:20:00+02:00
GBPUSD,5m,2026-09-23T18:25:00+00:00,1.32419,1.3242,1.32384,1.3239999999999998,685.0,2026-09-23T20:25:00+02:00
GBPUSD,5m,2026-09-23T18:30:00+00:00,1.3239999999999998,1.3242099999999999,1.3238299999999998,1.32412,857.0,2026-09-23T20:30:00+02:00
GBPUSD,5m,2026-09-23T18:35:00+00:00,1.32412,1.32429,1.32398,1.32402,812.0,2026-09-23T20:35:00+02:00
GBPUSD,5m,2026-09-23T18:40:00+00:00,1.32402,1.3242399999999999,1.32391,1.32408,578.0,2026-09-23T20:40:00+02:00
GBPUSD,5m,2026-09-23T18:45:00+00:00,1.32408,1.32412,1.3238999999999999,1.3241,528.0,2026-09-23T20:45:00+02:00
GBPUSD,5m,2026-09-23T18:50:00+00:00,1.3241,1.32433,1.3241,1.3243099999999999,510.0,2026-09-23T20:50:00+02:00
GBPUSD,5m,2026-09-23T18:55:00+00:00,1.3243099999999999,1.3243399999999999,1.3241,1.32423,686.0,2026-09-23T20:55:00+02:00
GBPUSD,5m,2026-09-23T19:00:00+00:00,1.32423,1.32438,1.32418,1.32425,860.0,2026-09-23T21:00:00+02:00
GBPUSD,5m,2026-09-23T19:05:00+00:00,1.32425,1.32449,1.32409,1.3243,842.0,2026-09-23T21:05:00+02:00
GBPUSD,5m,2026-09-23T19:10:00+00:00,1.3243,1.3244399999999998,1.32411,1.32415,508.0,2026-09-23T21:10:00+02:00
GBPUSD,5m,2026-09-23T19:15:00+00:00,1.32415,1.32416,1.32379,1.32385,953.0,2026-09-23T21:15:00+02:00
GBPUSD,5m,2026-09-23T19:20:00+00:00,1.32385,1.3241399999999999,1.32381,1.32413,900.0,2026-09-23T21:20:00+02:00
GBPUSD,5m,2026-09-23T19:25:00+00:00,1.32413,1.3242099999999999,1.32401,1.32419,1016.0,2026-09-23T21:25:00+02:00
GBPUSD,5m,2026-09-23T19:30:00+00:00,1.32419,1.32435,1.3240699999999999,1.3242099999999999,1204.0,2026-09-23T21:30:00+02:00
GBPUSD,5m,2026-09-23T19:35:00+00:00,1.3242099999999999,1.3243,1.32408,1.32411,570.0,2026-09-23T21:35:00+02:00
GBPUSD,5m,2026-09-23T19:40:00+00:00,1.32411,1.32432,1.32411,1.3242099999999999,468.0,2026-09-23T21:40:00+02:00
GBPUSD,5m,2026-09-23T19:45:00+00:00,1.3242099999999999,1.3243399999999999,1.3242,1.32432,425.0,2026-09-23T21:45:00+02:00
GBPUSD,5m,2026-09-23T19:50:00+00:00,1.32432,1.3243399999999999,1.3241,1.32411,607.0,2026-09-23T21:50:00+02:00
GBPUSD,5m,2026-09-23T19:55:00+00:00,1.32411,1.32422,1.3240699999999999,1.32408,672.0,2026-09-23T21:55:00+02:00
GBPUSD,5m,2026-09-23T20:00:00+00:00,1.32408,1.32442,1.32402,1.3244,372.0,2026-09-23T22:00:00+02:00
GBPUSD,5m,2026-09-23T20:05:00+00:00,1.3244,1.32452,1.3244,1.32442,148.0,2026-09-23T22:05:00+02:00
GBPUSD,5m,2026-09-23T20:10:00+00:00,1.32442,1.32442,1.32411,1.32412,159.0,2026-09-23T22:10:00+02:00
GBPUSD,5m,2026-09-23T20:15:00+00:00,1.32412,1.32423,1.32408,1.32408,160.0,2026-09-23T22:15:00+02:00
GBPUSD,5m,2026-09-23T20:20:00+00:00,1.32408,1.32412,1.3239999999999998,1.32409,169.0,2026-09-23T22:20:00+02:00
GBPUSD,5m,2026-09-23T20:25:00+00:00,1.32409,1.32413,1.32409,1.3241,116.0,2026-09-23T22:25:00+02:00
GBPUSD,5m,2026-09-23T20:30:00+00:00,1.3241,1.3242,1.3239699999999999,1.32398,176.0,2026-09-23T22:30:00+02:00
GBPUSD,5m,2026-09-23T20:35:00+00:00,1.32398,1.3240399999999999,1.32389,1.32392,142.0,2026-09-23T22:35:00+02:00
GBPUSD,5m,2026-09-23T20:40:00+00:00,1.32392,1.32402,1.32391,1.3239999999999998,132.0,2026-09-23T22:40:00+02:00
GBPUSD,5m,2026-09-23T20:45:00+00:00,1.3239999999999998,1.3241,1.32388,1.32393,213.0,2026-09-23T22:45:00+02:00
GBPUSD,5m,2026-09-23T20:50:00+00:00,1.32393,1.32403,1.32388,1.32403,184.0,2026-09-23T22:50:00+02:00
GBPUSD,5m,2026-09-23T20:55:00+00:00,1.32403,1.32403,1.32371,1.3238699999999999,569.0,2026-09-23T22:55:00+02:00
GBPUSD,5m,2026-09-23T21:00:00+00:00,1.3238699999999999,1.3238699999999999,1.3231899999999999,1.32349,9.0,2026-09-23T23:00:00+02:00
GBPUSD,5m,2026-09-23T21:05:00+00:00,1.32349,1.32378,1.32333,1.32375,43.0,2026-09-23T23:05:00+02:00
GBPUSD,5m,2026-09-23T21:10:00+00:00,1.32375,1.32379,1.32327,1.32366,21.0,2026-09-23T23:10:00+02:00
GBPUSD,5m,2026-09-23T21:15:00+00:00,1.32366,1.32372,1.32348,1.32369,29.0,2026-09-23T23:15:00+02:00
GBPUSD,5m,2026-09-23T21:20:00+00:00,1.32369,1.32382,1.32341,1.3236299999999999,110.0,2026-09-23T23:20:00+02:00
GBPUSD,5m,2026-09-23T21:25:00+00:00,1.3236299999999999,1.32388,1.3235,1.32368,146.0,2026-09-23T23:25:00+02:00
GBPUSD,5m,2026-09-23T21:30:00+00:00,1.32368,1.32406,1.32357,1.32405,137.0,2026-09-23T23:30:00+02:00
GBPUSD,5m,2026-09-23T21:35:00+00:00,1.32405,1.32423,1.32394,1.32412,140.0,2026-09-23T23:35:00+02:00
GBPUSD,5m,2026-09-23T21:40:00+00:00,1.32412,1.3243099999999999,1.32399,1.32423,185.0,2026-09-23T23:40:00+02:00
GBPUSD,5m,2026-09-23T21:45:00+00:00,1.32423,1.32437,1.3241399999999999,1.32432,178.0,2026-09-23T23:45:00+02:00
GBPUSD,5m,2026-09-23T21:50:00+00:00,1.32432,1.32432,1.32412,1.32418,163.0,2026-09-23T23:50:00+02:00
GBPUSD,5m,2026-09-23T21:55:00+00:00,1.32418,1.3242399999999999,1.32352,1.32382,340.0,2026-09-23T23:55:00+02:00
GBPUSD,5m,2026-09-23T22:00:00+00:00,1.32382,1.32418,1.32376,1.32413,515.0,2026-09-24T00:00:00+02:00
GBPUSD,5m,2026-09-23T22:05:00+00:00,1.32413,1.32429,1.32413,1.32423,170.0,2026-09-24T00:05:00+02:00
GBPUSD,5m,2026-09-23T22:10:00+00:00,1.32423,1.3242399999999999,1.3240399999999999,1.32412,246.0,2026-09-24T00:10:00+02:00
GBPUSD,5m,2026-09-23T22:15:00+00:00,1.32412,1.3242399999999999,1.32412,1.32422,290.0,2026-09-24T00:15:00+02:00
GBPUSD,5m,2026-09-23T22:20:00+00:00,1.32422,1.32422,1.32418,1.3242,107.0,2026-09-24T00:20:00+02:00
GBPUSD,5m,2026-09-23T22:25:00+00:00,1.3242,1.3242399999999999,1.32418,1.32423,126.0,2026-09-24T00:25:00+02:00
GBPUSD,5m,2026-09-23T22:30:00+00:00,1.32423,1.3242399999999999,1.32411,1.32413,455.0,2026-09-24T00:30:00+02:00
GBPUSD,5m,2026-09-23T22:35:00+00:00,1.32413,1.3242,1.32406,1.3242,152.0,2026-09-24T00:35:00+02:00
GBPUSD,5m,2026-09-23T22:40:00+00:00,1.3242,1.32422,1.32413,1.32418,125.0,2026-09-24T00:40:00+02:00
GBPUSD,5m,2026-09-23T22:45:00+00:00,1.32418,1.32427,1.3241699999999998,1.32422,188.0,2026-09-24T00:45:00+02:00
GBPUSD,5m,2026-09-23T22:50:00+00:00,1.32422,1.32423,1.32412,1.32419,178.0,2026-09-24T00:50:00+02:00
GBPUSD,5m,2026-09-23T22:55:00+00:00,1.32419,1.3242399999999999,1.3241,1.32411,287.0,2026-09-24T00:55:00+02:00
GBPUSD,5m,2026-09-23T23:00:00+00:00,1.32411,1.32422,1.32406,1.3240699999999999,265.0,2026-09-24T01:00:00+02:00
GBPUSD,5m,2026-09-23T23:05:00+00:00,1.3240699999999999,1.3241,1.3240399999999999,1.3241,112.0,2026-09-24T01:05:00+02:00
GBPUSD,5m,2026-09-23T23:10:00+00:00,1.3241,1.3241699999999998,1.32408,1.3241,163.0,2026-09-24T01:10:00+02:00
GBPUSD,5m,2026-09-23T23:15:00+00:00,1.3241,1.32413,1.32391,1.32393,207.0,2026-09-24T01:15:00+02:00
GBPUSD,5m,2026-09-23T23:20:00+00:00,1.32393,1.32395,1.3237999999999999,1.3238299999999998,306.0,2026-09-24T01:20:00+02:00
GBPUSD,5m,2026-09-23T23:25:00+00:00,1.3238299999999998,1.3238299999999998,1.32369,1.32369,274.0,2026-09-24T01:25:00+02:00
GBPUSD,5m,2026-09-23T23:30:00+00:00,1.32369,1.32381,1.32368,1.32369,254.0,2026-09-24T01:30:00+02:00
GBPUSD,5m,2026-09-23T23:35:00+00:00,1.32369,1.3237999999999999,1.32369,1.32378,178.0,2026-09-24T01:35:00+02:00
GBPUSD,5m,2026-09-23T23:40:00+00:00,1.32378,1.32382,1.3236999999999999,1.3236999999999999,169.0,2026-09-24T01:40:00+02:00
GBPUSD,5m,2026-09-23T23:45:00+00:00,1.3236999999999999,1.32393,1.32368,1.32388,319.0,2026-09-24T01:45:00+02:00
GBPUSD,5m,2026-09-23T23:50:00+00:00,1.32388,1.32394,1.32384,1.32388,347.0,2026-09-24T01:50:00+02:00
GBPUSD,5m,2026-09-23T23:55:00+00:00,1.32388,1.3238999999999999,1.32369,1.32372,554.0,2026-09-24T01:55:00+02:00
GBPUSD,5m,2026-09-24T00:00:00+00:00,1.32372,1.32406,1.32371,1.32402,808.0,2026-09-24T02:00:00+02:00
GBPUSD,5m,2026-09-24T00:05:00+00:00,1.32402,1.32402,1.32378,1.3237999999999999,796.0,2026-09-24T02:05:00+02:00
GBPUSD,5m,2026-09-24T00:10:00+00:00,1.3237999999999999,1.3237999999999999,1.32357,1.32358,644.0,2026-09-24T02:10:00+02:00
GBPUSD,5m,2026-09-24T00:15:00+00:00,1.32358,1.32361,1.32318,1.3233,947.0,2026-09-24T02:15:00+02:00
GBPUSD,5m,2026-09-24T00:20:00+00:00,1.3233,1.32331,1.32296,1.3233,893.0,2026-09-24T02:20:00+02:00
GBPUSD,5m,2026-09-24T00:25:00+00:00,1.3233,1.3233899999999998,1.3231199999999999,1.32328,1331.0,2026-09-24T02:25:00+02:00
GBPUSD,5m,2026-09-24T00:30:00+00:00,1.32328,1.32328,1.32308,1.32311,1006.0,2026-09-24T02:30:00+02:00
GBPUSD,5m,2026-09-24T00:35:00+00:00,1.32311,1.32325,1.32296,1.32298,689.0,2026-09-24T02:35:00+02:00
GBPUSD,5m,2026-09-24T00:40:00+00:00,1.32298,1.323,1.3227799999999998,1.3228499999999999,832.0,2026-09-24T02:40:00+02:00
GBPUSD,5m,2026-09-24T00:45:00+00:00,1.3228499999999999,1.3228499999999999,1.3223799999999999,1.3223799999999999,965.0,2026-09-24T02:45:00+02:00
GBPUSD,5m,2026-09-24T00:50:00+00:00,1.3223799999999999,1.32246,1.32227,1.3224,1381.0,2026-09-24T02:50:00+02:00
GBPUSD,5m,2026-09-24T00:55:00+00:00,1.3224,1.32288,1.3223799999999999,1.32288,1366.0,2026-09-24T02:55:00+02:00
GBPUSD,5m,2026-09-24T01:00:00+00:00,1.32288,1.32304,1.32273,1.32293,1474.0,2026-09-24T03:00:00+02:00
GBPUSD,5m,2026-09-24T01:05:00+00:00,1.32293,1.3232,1.32274,1.32317,1208.0,2026-09-24T03:05:00+02:00
GBPUSD,5m,2026-09-24T01:10:00+00:00,1.32317,1.32354,1.3231199999999999,1.32352,1202.0,2026-09-24T03:10:00+02:00
GBPUSD,5m,2026-09-24T01:15:00+00:00,1.32352,1.32359,1.32308,1.3232899999999999,1277.0,2026-09-24T03:15:00+02:00
GBPUSD,5m,2026-09-24T01:20:00+00:00,1.3232899999999999,1.3233,1.32297,1.3231,1072.0,2026-09-24T03:20:00+02:00
GBPUSD,5m,2026-09-24T01:25:00+00:00,1.3231,1.3232,1.32297,1.3232,642.0,2026-09-24T03:25:00+02:00
GBPUSD,5m,2026-09-24T01:30:00+00:00,1.3232,1.3234,1.3229899999999999,1.32323,1447.0,2026-09-24T03:30:00+02:00
GBPUSD,5m,2026-09-24T01:35:00+00:00,1.32323,1.3233599999999999,1.3229899999999999,1.32323,1373.0,2026-09-24T03:35:00+02:00
GBPUSD,5m,2026-09-24T01:40:00+00:00,1.32323,1.32337,1.3229899999999999,1.32332,1491.0,2026-09-24T03:40:00+02:00
GBPUSD,5m,2026-09-24T01:45:00+00:00,1.32332,1.32341,1.32315,1.32331,1212.0,2026-09-24T03:45:00+02:00
GBPUSD,5m,2026-09-24T01:50:00+00:00,1.32331,1.32371,1.32321,1.3233899999999998,1278.0,2026-09-24T03:50:00+02:00
GBPUSD,5m,2026-09-24T01:55:00+00:00,1.3233899999999998,1.3234599999999999,1.32298,1.3232,962.0,2026-09-24T03:55:00+02:00
GBPUSD,5m,2026-09-24T02:00:00+00:00,1.3232,1.32321,1.32271,1.3228,1346.0,2026-09-24T04:00:00+02:00
GBPUSD,5m,2026-09-24T02:05:00+00:00,1.3228,1.3228,1.32242,1.3225,1257.0,2026-09-24T04:05:00+02:00
GBPUSD,5m,2026-09-24T02:10:00+00:00,1.3225,1.3226099999999998,1.3224,1.3225099999999999,861.0,2026-09-24T04:10:00+02:00
GBPUSD,5m,2026-09-24T02:15:00+00:00,1.3225099999999999,1.32288,1.32249,1.32281,823.0,2026-09-24T04:15:00+02:00
GBPUSD,5m,2026-09-24T02:20:00+00:00,1.32281,1.3229199999999999,1.32272,1.32288,846.0,2026-09-24T04:20:00+02:00
GBPUSD,5m,2026-09-24T02:25:00+00:00,1.32288,1.32321,1.32287,1.32311,809.0,2026-09-24T04:25:00+02:00
GBPUSD,5m,2026-09-24T02:30:00+00:00,1.32311,1.32372,1.32308,1.32368,827.0,2026-09-24T04:30:00+02:00
GBPUSD,5m,2026-09-24T02:35:00+00:00,1.32368,1.32371,1.3235,1.3235299999999999,759.0,2026-09-24T04:35:00+02:00
GBPUSD,5m,2026-09-24T02:40:00+00:00,1.3235299999999999,1.3240399999999999,1.32351,1.32401,821.0,2026-09-24T04:40:00+02:00
GBPUSD,5m,2026-09-24T02:45:00+00:00,1.32401,1.32402,1.32382,1.32401,865.0,2026-09-24T04:45:00+02:00
GBPUSD,5m,2026-09-24T02:50:00+00:00,1.32401,1.32411,1.32388,1.3241,714.0,2026-09-24T04:50:00+02:00
GBPUSD,5m,2026-09-24T02:55:00+00:00,1.3241,1.32428,1.32409,1.32411,785.0,2026-09-24T04:55:00+02:00
GBPUSD,5m,2026-09-24T03:00:00+00:00,1.32411,1.32443,1.3241,1.32438,660.0,2026-09-24T05:00:00+02:00
GBPUSD,5m,2026-09-24T03:05:00+00:00,1.32438,1.3244,1.32402,1.32411,509.0,2026-09-24T05:05:00+02:00
GBPUSD,5m,2026-09-24T03:10:00+00:00,1.32411,1.3242,1.32398,1.32413,587.0,2026-09-24T05:10:00+02:00
GBPUSD,5m,2026-09-24T03:15:00+00:00,1.32413,1.3241399999999999,1.32389,1.32389,652.0,2026-09-24T05:15:00+02:00
GBPUSD,5m,2026-09-24T03:20:00+00:00,1.32389,1.3239999999999998,1.32388,1.32399,349.0,2026-09-24T05:20:00+02:00
GBPUSD,5m,2026-09-24T03:25:00+00:00,1.32399,1.32409,1.3236999999999999,1.32371,585.0,2026-09-24T05:25:00+02:00
GBPUSD,5m,2026-09-24T03:30:00+00:00,1.32371,1.32381,1.32365,1.32371,699.0,2026-09-24T05:30:00+02:00
GBPUSD,5m,2026-09-24T03:35:00+00:00,1.32371,1.32384,1.32365,1.32375,797.0,2026-09-24T05:35:00+02:00
GBPUSD,5m,2026-09-24T03:40:00+00:00,1.32375,1.3237999999999999,1.32349,1.3235299999999999,808.0,2026-09-24T05:40:00+02:00
GBPUSD,5m,2026-09-24T03:45:00+00:00,1.3235299999999999,1.32364,1.32351,1.32352,629.0,2026-09-24T05:45:00+02:00
GBPUSD,5m,2026-09-24T03:50:00+00:00,1.32352,1.32364,1.3234599999999999,1.3235299999999999,496.0,2026-09-24T05:50:00+02:00
GBPUSD,5m,2026-09-24T03:55:00+00:00,1.3235299999999999,1.32361,1.3234,1.32352,646.0,2026-09-24T05:55:00+02:00
GBPUSD,5m,2026-09-24T04:00:00+00:00,1.32352,1.32355,1.32324,1.3234599999999999,1057.0,2026-09-24T06:00:00+02:00
GBPUSD,5m,2026-09-24T04:05:00+00:00,1.3234599999999999,1.32352,1.3233599999999999,1.32345,712.0,2026-09-24T06:05:00+02:00
GBPUSD,5m,2026-09-24T04:10:00+00:00,1.32345,1.32365,1.32344,1.32364,729.0,2026-09-24T06:10:00+02:00
GBPUSD,5m,2026-09-24T04:15:00+00:00,1.32364,1.3237299999999999,1.32359,1.32371,519.0,2026-09-24T06:15:00+02:00
GBPUSD,5m,2026-09-24T04:20:00+00:00,1.32371,1.3237999999999999,1.32359,1.3237999999999999,620.0,2026-09-24T06:20:00+02:00
GBPUSD,5m,2026-09-24T04:25:00+00:00,1.3237999999999999,1.32393,1.32377,1.32389,530.0,2026-09-24T06:25:00+02:00
GBPUSD,5m,2026-09-24T04:30:00+00:00,1.32389,1.32406,1.3237999999999999,1.32396,446.0,2026-09-24T06:30:00+02:00
GBPUSD,5m,2026-09-24T04:35:00+00:00,1.32396,1.32419,1.32396,1.3241699999999998,688.0,2026-09-24T06:35:00+02:00
GBPUSD,5m,2026-09-24T04:40:00+00:00,1.3241699999999998,1.32425,1.32409,1.32423,542.0,2026-09-24T06:40:00+02:00
GBPUSD,5m,2026-09-24T04:45:00+00:00,1.32423,1.32432,1.32418,1.32422,526.0,2026-09-24T06:45:00+02:00
GBPUSD,5m,2026-09-24T04:50:00+00:00,1.32422,1.3244,1.32418,1.3243099999999999,553.0,2026-09-24T06:50:00+02:00
GBPUSD,5m,2026-09-24T04:55:00+00:00,1.3243099999999999,1.32442,1.32412,1.32412,601.0,2026-09-24T06:55:00+02:00
GBPUSD,5m,2026-09-24T05:00:00+00:00,1.32412,1.32439,1.32411,1.32432,633.0,2026-09-24T07:00:00+02:00
GBPUSD,5m,2026-09-24T05:05:00+00:00,1.32432,1.32445,1.32422,1.32423,721.0,2026-09-24T07:05:00+02:00
GBPUSD,5m,2026-09-24T05:10:00+00:00,1.32423,1.3242399999999999,1.32393,1.32394,590.0,2026-09-24T07:10:00+02:00
GBPUSD,5m,2026-09-24T05:15:00+00:00,1.32394,1.3241,1.3238999999999999,1.3240399999999999,530.0,2026-09-24T07:15:00+02:00
GBPUSD,5m,2026-09-24T05:20:00+00:00,1.3240399999999999,1.32413,1.32398,1.32413,417.0,2026-09-24T07:20:00+02:00
GBPUSD,5m,2026-09-24T05:25:00+00:00,1.32413,1.32416,1.32398,1.32412,488.0,2026-09-24T07:25:00+02:00
GBPUSD,5m,2026-09-24T05:30:00+00:00,1.32412,1.3243,1.3239999999999998,1.3239999999999998,688.0,2026-09-24T07:30:00+02:00
GBPUSD,5m,2026-09-24T05:35:00+00:00,1.3239999999999998,1.32422,1.32393,1.32422,636.0,2026-09-24T07:35:00+02:00
GBPUSD,5m,2026-09-24T05:40:00+00:00,1.32422,1.3243099999999999,1.3238999999999999,1.32392,816.0,2026-09-24T07:40:00+02:00
GBPUSD,5m,2026-09-24T05:45:00+00:00,1.32392,1.32402,1.32375,1.3237999999999999,1195.0,2026-09-24T07:45:00+02:00
GBPUSD,5m,2026-09-24T05:50:00+00:00,1.3237999999999999,1.32393,1.32374,1.32378,652.0,2026-09-24T07:50:00+02:00
GBPUSD,5m,2026-09-24T05:55:00+00:00,1.32378,1.32379,1.32318,1.3232,1019.0,2026-09-24T07:55:00+02:00
GBPUSD,5m,2026-09-24T06:00:00+00:00,1.3232,1.3238999999999999,1.3231,1.3237999999999999,1796.0,2026-09-24T08:00:00+02:00
GBPUSD,5m,2026-09-24T06:05:00+00:00,1.3237999999999999,1.32445,1.32379,1.3244399999999998,1309.0,2026-09-24T08:05:00+02:00
GBPUSD,5m,2026-09-24T06:10:00+00:00,1.3244399999999998,1.3250199999999999,1.3244399999999998,1.32491,1562.0,2026-09-24T08:10:00+02:00
GBPUSD,5m,2026-09-24T06:15:00+00:00,1.32491,1.3249499999999999,1.32443,1.32473,1839.0,2026-09-24T08:15:00+02:00
GBPUSD,5m,2026-09-24T06:20:00+00:00,1.32473,1.32481,1.3244,1.32452,1752.0,2026-09-24T08:20:00+02:00
GBPUSD,5m,2026-09-24T06:25:00+00:00,1.32452,1.3248499999999999,1.3244399999999998,1.3247499999999999,1597.0,2026-09-24T08:25:00+02:00
GBPUSD,5m,2026-09-24T06:30:00+00:00,1.3247499999999999,1.3247499999999999,1.32438,1.3246,1827.0,2026-09-24T08:30:00+02:00
GBPUSD,5m,2026-09-24T06:35:00+00:00,1.3246,1.32467,1.32415,1.32443,1479.0,2026-09-24T08:35:00+02:00
GBPUSD,5m,2026-09-24T06:40:00+00:00,1.32443,1.32445,1.32391,1.3242,1225.0,2026-09-24T08:40:00+02:00
GBPUSD,5m,2026-09-24T06:45:00+00:00,1.3242,1.32442,1.32402,1.32415,852.0,2026-09-24T08:45:00+02:00
GBPUSD,5m,2026-09-24T06:50:00+00:00,1.32415,1.3244099999999999,1.3240399999999999,1.3243099999999999,1090.0,2026-09-24T08:50:00+02:00
GBPUSD,5m,2026-09-24T06:55:00+00:00,1.3243099999999999,1.32452,1.3241699999999998,1.3244099999999999,1355.0,2026-09-24T08:55:00+02:00
GBPUSD,5m,2026-09-24T07:00:00+00:00,1.3244099999999999,1.32453,1.32409,1.32429,1707.0,2026-09-24T09:00:00+02:00
GBPUSD,5m,2026-09-24T07:05:00+00:00,1.32429,1.32462,1.3240399999999999,1.32443,1827.0,2026-09-24T09:05:00+02:00
GBPUSD,5m,2026-09-24T07:10:00+00:00,1.32443,1.3245,1.32389,1.32391,1560.0,2026-09-24T09:10:00+02:00
GBPUSD,5m,2026-09-24T07:15:00+00:00,1.32391,1.3246499999999999,1.3238699999999999,1.32455,1399.0,2026-09-24T09:15:00+02:00
GBPUSD,5m,2026-09-24T07:20:00+00:00,1.32455,1.32456,1.3242399999999999,1.3243399999999999,1204.0,2026-09-24T09:20:00+02:00
GBPUSD,5m,2026-09-24T07:25:00+00:00,1.3243399999999999,1.32483,1.32429,1.3248,621.0,2026-09-24T09:25:00+02:00
GBPUSD,5m,2026-09-24T07:30:00+00:00,1.3248,1.3248499999999999,1.32416,1.3242399999999999,1902.0,2026-09-24T09:30:00+02:00
GBPUSD,5m,2026-09-24T07:35:00+00:00,1.3242399999999999,1.32464,1.32422,1.32432,1377.0,2026-09-24T09:35:00+02:00
GBPUSD,5m,2026-09-24T07:40:00+00:00,1.32432,1.3247799999999998,1.32406,1.32473,1287.0,2026-09-24T09:40:00+02:00
GBPUSD,5m,2026-09-24T07:45:00+00:00,1.32473,1.3253599999999999,1.32472,1.32534,1386.0,2026-09-24T09:45:00+02:00
GBPUSD,5m,2026-09-24T07:50:00+00:00,1.32534,1.3255599999999998,1.32504,1.32514,1364.0,2026-09-24T09:50:00+02:00
GBPUSD,5m,2026-09-24T07:55:00+00:00,1.32514,1.32524,1.32446,1.32454,1133.0,2026-09-24T09:55:00+02:00
GBPUSD,5m,2026-09-24T08:00:00+00:00,1.32454,1.3254299999999999,1.32453,1.32542,1648.0,2026-09-24T10:00:00+02:00
GBPUSD,5m,2026-09-24T08:05:00+00:00,1.32542,1.32547,1.32489,1.32493,1614.0,2026-09-24T10:05:00+02:00
GBPUSD,5m,2026-09-24T08:10:00+00:00,1.32493,1.32496,1.32453,1.3247499999999999,1269.0,2026-09-24T10:10:00+02:00
GBPUSD,5m,2026-09-24T08:15:00+00:00,1.3247499999999999,1.32483,1.32418,1.32423,2050.0,2026-09-24T10:15:00+02:00
GBPUSD,5m,2026-09-24T08:20:00+00:00,1.32423,1.3244399999999998,1.32409,1.32411,1286.0,2026-09-24T10:20:00+02:00
GBPUSD,5m,2026-09-24T08:25:00+00:00,1.32411,1.3242099999999999,1.32379,1.32382,1760.0,2026-09-24T10:25:00+02:00
GBPUSD,5m,2026-09-24T08:30:00+00:00,1.32382,1.32454,1.32378,1.3242,1996.0,2026-09-24T10:30:00+02:00
GBPUSD,5m,2026-09-24T08:35:00+00:00,1.3242,1.32442,1.32394,1.32418,1465.0,2026-09-24T10:35:00+02:00
GBPUSD,5m,2026-09-24T08:40:00+00:00,1.32418,1.32422,1.3233599999999999,1.3233899999999998,1394.0,2026-09-24T10:40:00+02:00
GBPUSD,5m,2026-09-24T08:45:00+00:00,1.3233899999999998,1.32364,1.32335,1.32352,1212.0,2026-09-24T10:45:00+02:00
GBPUSD,5m,2026-09-24T08:50:00+00:00,1.32352,1.3237999999999999,1.32314,1.32315,1114.0,2026-09-24T10:50:00+02:00
GBPUSD,5m,2026-09-24T08:55:00+00:00,1.32315,1.32381,1.32301,1.32369,1498.0,2026-09-24T10:55:00+02:00
GBPUSD,5m,2026-09-24T09:00:00+00:00,1.32369,1.32401,1.32348,1.3236299999999999,1871.0,2026-09-24T11:00:00+02:00
GBPUSD,5m,2026-09-24T09:05:00+00:00,1.3236299999999999,1.32413,1.3235599999999998,1.32367,1396.0,2026-09-24T11:05:00+02:00
GBPUSD,5m,2026-09-24T09:10:00+00:00,1.32367,1.3237299999999999,1.32301,1.32308,1697.0,2026-09-24T11:10:00+02:00
GBPUSD,5m,2026-09-24T09:15:00+00:00,1.32308,1.32321,1.3228,1.32316,1740.0,2026-09-24T11:15:00+02:00
GBPUSD,5m,2026-09-24T09:20:00+00:00,1.32316,1.32352,1.32315,1.32341,1323.0,2026-09-24T11:20:00+02:00
GBPUSD,5m,2026-09-24T09:25:00+00:00,1.32341,1.32341,1.32294,1.3230899999999999,1241.0,2026-09-24T11:25:00+02:00
GBPUSD,5m,2026-09-24T09:30:00+00:00,1.3230899999999999,1.32332,1.3228499999999999,1.32288,1082.0,2026-09-24T11:30:00+02:00
GBPUSD,5m,2026-09-24T09:35:00+00:00,1.32288,1.32301,1.32257,1.3228199999999999,1074.0,2026-09-24T11:35:00+02:00
GBPUSD,5m,2026-09-24T09:40:00+00:00,1.3228199999999999,1.32288,1.32245,1.3224799999999999,1147.0,2026-09-24T11:40:00+02:00
GBPUSD,5m,2026-09-24T09:45:00+00:00,1.3224799999999999,1.32288,1.32247,1.32277,1102.0,2026-09-24T11:45:00+02:00
GBPUSD,5m,2026-09-24T09:50:00+00:00,1.32277,1.32291,1.32253,1.32254,994.0,2026-09-24T11:50:00+02:00
GBPUSD,5m,2026-09-24T09:55:00+00:00,1.32254,1.32288,1.32254,1.32288,1081.0,2026-09-24T11:55:00+02:00
GBPUSD,5m,2026-09-24T10:00:00+00:00,1.32288,1.32296,1.3223399999999998,1.32243,1149.0,2026-09-24T12:00:00+02:00
GBPUSD,5m,2026-09-24T10:05:00+00:00,1.32243,1.3228,1.32239,1.32262,1045.0,2026-09-24T12:05:00+02:00
GBPUSD,5m,2026-09-24T10:10:00+00:00,1.32262,1.3228199999999999,1.3223399999999998,1.32236,1486.0,2026-09-24T12:10:00+02:00
GBPUSD,5m,2026-09-24T10:15:00+00:00,1.32236,1.3224099999999999,1.32212,1.32216,1235.0,2026-09-24T12:15:00+02:00
GBPUSD,5m,2026-09-24T10:20:00+00:00,1.32216,1.32219,1.3214299999999999,1.32148,1172.0,2026-09-24T12:20:00+02:00
GBPUSD,5m,2026-09-24T10:25:00+00:00,1.32148,1.32206,1.3214,1.32164,1422.0,2026-09-24T12:25:00+02:00
GBPUSD,5m,2026-09-24T10:30:00+00:00,1.32164,1.32213,1.32162,1.32213,1570.0,2026-09-24T12:30:00+02:00
GBPUSD,5m,2026-09-24T10:35:00+00:00,1.32213,1.3228499999999999,1.32213,1.32242,1234.0,2026-09-24T12:35:00+02:00
GBPUSD,5m,2026-09-24T10:40:00+00:00,1.32242,1.32264,1.3222099999999999,1.32228,1211.0,2026-09-24T12:40:00+02:00
GBPUSD,5m,2026-09-24T10:45:00+00:00,1.32228,1.32277,1.32211,1.32262,1581.0,2026-09-24T12:45:00+02:00
GBPUSD,5m,2026-09-24T10:50:00+00:00,1.32262,1.32269,1.32237,1.32237,1216.0,2026-09-24T12:50:00+02:00
GBPUSD,5m,2026-09-24T10:55:00+00:00,1.32237,1.32291,1.3223399999999998,1.32286,1447.0,2026-09-24T12:55:00+02:00
GBPUSD,5m,2026-09-24T11:00:00+00:00,1.32286,1.32294,1.3223399999999998,1.32235,998.0,2026-09-24T13:00:00+02:00
GBPUSD,5m,2026-09-24T11:05:00+00:00,1.32235,1.3226499999999999,1.32226,1.3224799999999999,969.0,2026-09-24T13:05:00+02:00
GBPUSD,5m,2026-09-24T11:10:00+00:00,1.3224799999999999,1.3225799999999999,1.32228,1.32245,1369.0,2026-09-24T13:10:00+02:00
GBPUSD,5m,2026-09-24T11:15:00+00:00,1.32245,1.32296,1.32229,1.32257,2019.0,2026-09-24T13:15:00+02:00
GBPUSD,5m,2026-09-24T11:20:00+00:00,1.32257,1.32308,1.32257,1.323,1566.0,2026-09-24T13:20:00+02:00
GBPUSD,5m,2026-09-24T11:25:00+00:00,1.323,1.32321,1.32286,1.32291,1178.0,2026-09-24T13:25:00+02:00
GBPUSD,5m,2026-09-24T11:30:00+00:00,1.32291,1.32306,1.3226799999999999,1.3228199999999999,961.0,2026-09-24T13:30:00+02:00
GBPUSD,5m,2026-09-24T11:35:00+00:00,1.3228199999999999,1.32283,1.3222,1.3224099999999999,1162.0,2026-09-24T13:35:00+02:00
GBPUSD,5m,2026-09-24T11:40:00+00:00,1.3224099999999999,1.32255,1.3222,1.3225099999999999,965.0,2026-09-24T13:40:00+02:00
GBPUSD,5m,2026-09-24T11:45:00+00:00,1.3225099999999999,1.3225799999999999,1.32219,1.3224,850.0,2026-09-24T13:45:00+02:00
GBPUSD,5m,2026-09-24T11:50:00+00:00,1.3224,1.32252,1.32223,1.32228,752.0,2026-09-24T13:50:00+02:00
GBPUSD,5m,2026-09-24T11:55:00+00:00,1.32228,1.32242,1.32196,1.3222,1217.0,2026-09-24T13:55:00+02:00
GBPUSD,5m,2026-09-24T12:00:00+00:00,1.3222,1.3222,1.32162,1.32171,1794.0,2026-09-24T14:00:00+02:00
GBPUSD,5m,2026-09-24T12:05:00+00:00,1.32171,1.3221,1.32158,1.32189,1342.0,2026-09-24T14:05:00+02:00
GBPUSD,5m,2026-09-24T12:10:00+00:00,1.32189,1.32211,1.32166,1.32201,1291.0,2026-09-24T14:10:00+02:00
GBPUSD,5m,2026-09-24T12:15:00+00:00,1.32201,1.32206,1.32184,1.32193,1176.0,2026-09-24T14:15:00+02:00
GBPUSD,5m,2026-09-24T12:20:00+00:00,1.32193,1.32246,1.32193,1.3224099999999999,1416.0,2026-09-24T14:20:00+02:00
GBPUSD,5m,2026-09-24T12:25:00+00:00,1.3224099999999999,1.32254,1.32203,1.3221399999999999,1261.0,2026-09-24T14:25:00+02:00
GBPUSD,5m,2026-09-24T12:30:00+00:00,1.3221399999999999,1.32218,1.32152,1.32161,1001.0,2026-09-24T14:30:00+02:00
GBPUSD,5m,2026-09-24T12:35:00+00:00,1.32161,1.32189,1.3214599999999999,1.3215999999999999,1403.0,2026-09-24T14:35:00+02:00
GBPUSD,5m,2026-09-24T12:40:00+00:00,1.3215999999999999,1.32259,1.32159,1.3222399999999999,1824.0,2026-09-24T14:40:00+02:00
GBPUSD,5m,2026-09-24T12:45:00+00:00,1.3222399999999999,1.32244,1.32209,1.32232,1117.0,2026-09-24T14:45:00+02:00
GBPUSD,5m,2026-09-24T12:50:00+00:00,1.32232,1.32274,1.32211,1.32266,1103.0,2026-09-24T14:50:00+02:00
GBPUSD,5m,2026-09-24T12:55:00+00:00,1.32266,1.32324,1.32262,1.3231,1386.0,2026-09-24T14:55:00+02:00
GBPUSD,5m,2026-09-24T13:00:00+00:00,1.3231,1.32334,1.32259,1.32262,1746.0,2026-09-24T15:00:00+02:00
GBPUSD,5m,2026-09-24T13:05:00+00:00,1.32262,1.32264,1.32228,1.32256,1574.0,2026-09-24T15:05:00+02:00
GBPUSD,5m,2026-09-24T13:10:00+00:00,1.32256,1.32286,1.32242,1.32274,1051.0,2026-09-24T15:10:00+02:00
GBPUSD,5m,2026-09-24T13:15:00+00:00,1.32274,1.32297,1.3226499999999999,1.32276,1042.0,2026-09-24T15:15:00+02:00
GBPUSD,5m,2026-09-24T13:20:00+00:00,1.32276,1.32277,1.3223399999999998,1.32255,1249.0,2026-09-24T15:20:00+02:00
GBPUSD,5m,2026-09-24T13:25:00+00:00,1.32255,1.32259,1.32159,1.32165,1871.0,2026-09-24T15:25:00+02:00
GBPUSD,5m,2026-09-24T13:30:00+00:00,1.32165,1.3223,1.3215299999999999,1.32185,2479.0,2026-09-24T15:30:00+02:00
GBPUSD,5m,2026-09-24T13:35:00+00:00,1.32185,1.32236,1.32176,1.32216,2638.0,2026-09-24T15:35:00+02:00
GBPUSD,5m,2026-09-24T13:40:00+00:00,1.32216,1.32232,1.32182,1.32201,1831.0,2026-09-24T15:40:00+02:00
GBPUSD,5m,2026-09-24T13:45:00+00:00,1.32201,1.32226,1.3218299999999998,1.32198,1679.0,2026-09-24T15:45:00+02:00
GBPUSD,5m,2026-09-24T13:50:00+00:00,1.32198,1.32236,1.32177,1.32184,1805.0,2026-09-24T15:50:00+02:00
GBPUSD,5m,2026-09-24T13:55:00+00:00,1.32184,1.32237,1.32181,1.32225,1179.0,2026-09-24T15:55:00+02:00
GBPUSD,5m,2026-09-24T14:00:00+00:00,1.32225,1.32257,1.32162,1.32255,1648.0,2026-09-24T16:00:00+02:00
GBPUSD,5m,2026-09-24T14:05:00+00:00,1.32255,1.3226499999999999,1.32223,1.3224099999999999,1224.0,2026-09-24T16:05:00+02:00
GBPUSD,5m,2026-09-24T14:10:00+00:00,1.3224099999999999,1.3225799999999999,1.3222099999999999,1.32222,1189.0,2026-09-24T16:10:00+02:00
GBPUSD,5m,2026-09-24T14:15:00+00:00,1.32222,1.3223099999999999,1.32189,1.3221699999999998,1584.0,2026-09-24T16:15:00+02:00
GBPUSD,5m,2026-09-24T14:20:00+00:00,1.3221699999999998,1.32225,1.32181,1.3221399999999999,2196.0,2026-09-24T16:20:00+02:00
GBPUSD,5m,2026-09-24T14:25:00+00:00,1.3221399999999999,1.32215,1.3214,1.32141,1365.0,2026-09-24T16:25:00+02:00
GBPUSD,5m,2026-09-24T14:30:00+00:00,1.32141,1.32155,1.3211899999999999,1.3214599999999999,1369.0,2026-09-24T16:30:00+02:00
GBPUSD,5m,2026-09-24T14:35:00+00:00,1.3214599999999999,1.32169,1.32144,1.32165,1201.0,2026-09-24T16:35:00+02:00
GBPUSD,5m,2026-09-24T14:40:00+00:00,1.32165,1.32175,1.32101,1.32113,1213.0,2026-09-24T16:40:00+02:00
GBPUSD,5m,2026-09-24T14:45:00+00:00,1.32113,1.3214599999999999,1.3210899999999999,1.3213899999999998,1295.0,2026-09-24T16:45:00+02:00
GBPUSD,5m,2026-09-24T14:50:00+00:00,1.3213899999999998,1.32195,1.32117,1.32175,2073.0,2026-09-24T16:50:00+02:00
GBPUSD,5m,2026-09-24T14:55:00+00:00,1.32175,1.32195,1.3215999999999999,1.3218299999999998,1544.0,2026-09-24T16:55:00+02:00
GBPUSD,5m,2026-09-24T15:00:00+00:00,1.3218299999999998,1.32195,1.3213599999999999,1.32141,1891.0,2026-09-24T17:00:00+02:00
GBPUSD,5m,2026-09-24T15:05:00+00:00,1.32141,1.32151,1.3211899999999999,1.3213599999999999,1300.0,2026-09-24T17:05:00+02:00
GBPUSD,5m,2026-09-24T15:10:00+00:00,1.3213599999999999,1.3214299999999999,1.3209199999999999,1.321,1390.0,2026-09-24T17:10:00+02:00
GBPUSD,5m,2026-09-24T15:15:00+00:00,1.321,1.32168,1.3209899999999999,1.32141,1825.0,2026-09-24T17:15:00+02:00
GBPUSD,5m,2026-09-24T15:20:00+00:00,1.32141,1.32145,1.32101,1.32145,1444.0,2026-09-24T17:20:00+02:00
GBPUSD,5m,2026-09-24T15:25:00+00:00,1.32145,1.32181,1.32128,1.3217999999999999,1107.0,2026-09-24T17:25:00+02:00
GBPUSD,5m,2026-09-24T15:30:00+00:00,1.3217999999999999,1.32181,1.321,1.3211,1197.0,2026-09-24T17:30:00+02:00
GBPUSD,5m,2026-09-24T15:35:00+00:00,1.3211,1.32162,1.3210899999999999,1.3212,1668.0,2026-09-24T17:35:00+02:00
GBPUSD,5m,2026-09-24T15:40:00+00:00,1.3212,1.32142,1.32091,1.32133,1499.0,2026-09-24T17:40:00+02:00
GBPUSD,5m,2026-09-24T15:45:00+00:00,1.32133,1.3215299999999999,1.32101,1.32131,1142.0,2026-09-24T17:45:00+02:00
GBPUSD,5m,2026-09-24T15:50:00+00:00,1.32131,1.32171,1.3213,1.32147,1278.0,2026-09-24T17:50:00+02:00
GBPUSD,5m,2026-09-24T15:55:00+00:00,1.32147,1.3216299999999999,1.3213,1.32141,1048.0,2026-09-24T17:55:00+02:00
GBPUSD,5m,2026-09-24T16:00:00+00:00,1.32141,1.3216999999999999,1.32124,1.32169,1106.0,2026-09-24T18:00:00+02:00
GBPUSD,5m,2026-09-24T16:05:00+00:00,1.32169,1.3217299999999998,1.3215,1.3216299999999999,849.0,2026-09-24T18:05:00+02:00
GBPUSD,5m,2026-09-24T16:10:00+00:00,1.3216299999999999,1.32171,1.32113,1.32134,1054.0,2026-09-24T18:10:00+02:00
GBPUSD,5m,2026-09-24T16:15:00+00:00,1.32134,1.32399,1.32134,1.3232599999999999,4786.0,2026-09-24T18:15:00+02:00
GBPUSD,5m,2026-09-24T16:20:00+00:00,1.3232599999999999,1.32355,1.3226799999999999,1.32341,2884.0,2026-09-24T18:20:00+02:00
GBPUSD,5m,2026-09-24T16:25:00+00:00,1.32341,1.32368,1.323,1.32342,2288.0,2026-09-24T18:25:00+02:00
GBPUSD,5m,2026-09-24T16:30:00+00:00,1.32342,1.32352,1.32294,1.32311,1862.0,2026-09-24T18:30:00+02:00
GBPUSD,5m,2026-09-24T16:35:00+00:00,1.32311,1.32348,1.323,1.32325,1719.0,2026-09-24T18:35:00+02:00
GBPUSD,5m,2026-09-24T16:40:00+00:00,1.32325,1.32381,1.3232199999999998,1.3232599999999999,1718.0,2026-09-24T18:40:00+02:00
GBPUSD,5m,2026-09-24T16:45:00+00:00,1.3232599999999999,1.32331,1.3229199999999999,1.3231199999999999,1555.0,2026-09-24T18:45:00+02:00
GBPUSD,5m,2026-09-24T16:50:00+00:00,1.3231199999999999,1.32338,1.3228199999999999,1.3229199999999999,1683.0,2026-09-24T18:50:00+02:00
GBPUSD,5m,2026-09-24T16:55:00+00:00,1.3229199999999999,1.32304,1.3227799999999998,1.32286,1070.0,2026-09-24T18:55:00+02:00
GBPUSD,5m,2026-09-24T17:00:00+00:00,1.32286,1.32352,1.32271,1.32306,2898.0,2026-09-24T19:00:00+02:00
GBPUSD,5m,2026-09-24T17:05:00+00:00,1.32306,1.3232,1.32287,1.3229,1352.0,2026-09-24T19:05:00+02:00
GBPUSD,5m,2026-09-24T17:10:00+00:00,1.3229,1.3230199999999999,1.32262,1.323,1688.0,2026-09-24T19:10:00+02:00
GBPUSD,5m,2026-09-24T17:15:00+00:00,1.323,1.32301,1.32226,1.3223,1204.0,2026-09-24T19:15:00+02:00
GBPUSD,5m,2026-09-24T17:20:00+00:00,1.3223,1.32243,1.32219,1.3222,1133.0,2026-09-24T19:20:00+02:00
GBPUSD,5m,2026-09-24T17:25:00+00:00,1.3222,1.3222099999999999,1.32188,1.32198,1371.0,2026-09-24T19:25:00+02:00
GBPUSD,5m,2026-09-24T17:30:00+00:00,1.32198,1.32228,1.32176,1.32176,1345.0,2026-09-24T19:30:00+02:00
GBPUSD,5m,2026-09-24T17:35:00+00:00,1.32176,1.3218699999999999,1.32166,1.32182,867.0,2026-09-24T19:35:00+02:00
GBPUSD,5m,2026-09-24T17:40:00+00:00,1.32182,1.32191,1.32148,1.3215,1209.0,2026-09-24T19:40:00+02:00
GBPUSD,5m,2026-09-24T17:45:00+00:00,1.3215,1.3215,1.3211899999999999,1.3212,918.0,2026-09-24T19:45:00+02:00
GBPUSD,5m,2026-09-24T17:50:00+00:00,1.3212,1.32132,1.3210899999999999,1.32121,1037.0,2026-09-24T19:50:00+02:00
GBPUSD,5m,2026-09-24T17:55:00+00:00,1.32121,1.32131,1.321,1.3211899999999999,1230.0,2026-09-24T19:55:00+02:00
GBPUSD,5m,2026-09-24T18:00:00+00:00,1.3211899999999999,1.32124,1.3203799999999999,1.3204799999999999,1840.0,2026-09-24T20:00:00+02:00
GBPUSD,5m,2026-09-24T18:05:00+00:00,1.3204799999999999,1.32125,1.32046,1.3212199999999998,1408.0,2026-09-24T20:05:00+02:00
GBPUSD,5m,2026-09-24T18:10:00+00:00,1.3212199999999998,1.32176,1.3212199999999998,1.32162,1358.0,2026-09-24T20:10:00+02:00
GBPUSD,5m,2026-09-24T18:15:00+00:00,1.32162,1.32176,1.32145,1.32147,1238.0,2026-09-24T20:15:00+02:00
GBPUSD,5m,2026-09-24T18:20:00+00:00,1.32147,1.32158,1.32132,1.3215,1137.0,2026-09-24T20:20:00+02:00
GBPUSD,5m,2026-09-24T18:25:00+00:00,1.3215,1.32205,1.32149,1.32202,1563.0,2026-09-24T20:25:00+02:00
GBPUSD,5m,2026-09-24T18:30:00+00:00,1.32202,1.32203,1.3216299999999999,1.32167,689.0,2026-09-24T20:30:00+02:00
GBPUSD,5m,2026-09-24T18:35:00+00:00,1.32167,1.3222,1.3214,1.32194,1556.0,2026-09-24T20:35:00+02:00
GBPUSD,5m,2026-09-24T18:40:00+00:00,1.32194,1.32194,1.3213599999999999,1.32152,1069.0,2026-09-24T20:40:00+02:00
GBPUSD,5m,2026-09-24T18:45:00+00:00,1.32152,1.3216999999999999,1.3215,1.3216299999999999,997.0,2026-09-24T20:45:00+02:00
GBPUSD,5m,2026-09-24T18:50:00+00:00,1.3216299999999999,1.32193,1.32152,1.32175,1481.0,2026-09-24T20:50:00+02:00
GBPUSD,5m,2026-09-24T18:55:00+00:00,1.32175,1.3218699999999999,1.3216299999999999,1.32165,784.0,2026-09-24T20:55:00+02:00
GBPUSD,5m,2026-09-24T19:00:00+00:00,1.32165,1.32189,1.3215,1.3215599999999998,1482.0,2026-09-24T21:00:00+02:00
GBPUSD,5m,2026-09-24T19:05:00+00:00,1.3215599999999998,1.32171,1.32147,1.32152,906.0,2026-09-24T21:05:00+02:00
GBPUSD,5m,2026-09-24T19:10:00+00:00,1.32152,1.3215299999999999,1.32111,1.32113,590.0,2026-09-24T21:10:00+02:00
GBPUSD,5m,2026-09-24T19:15:00+00:00,1.32113,1.3214299999999999,1.3211199999999999,1.3213,441.0,2026-09-24T21:15:00+02:00
GBPUSD,5m,2026-09-24T19:20:00+00:00,1.3213,1.32162,1.3211,1.32159,620.0,2026-09-24T21:20:00+02:00
GBPUSD,5m,2026-09-24T19:25:00+00:00,1.32159,1.32164,1.3214299999999999,1.32149,818.0,2026-09-24T21:25:00+02:00
GBPUSD,5m,2026-09-24T19:30:00+00:00,1.32149,1.3216999999999999,1.32142,1.32168,983.0,2026-09-24T21:30:00+02:00
GBPUSD,5m,2026-09-24T19:35:00+00:00,1.32168,1.3216999999999999,1.32152,1.32161,761.0,2026-09-24T21:35:00+02:00
GBPUSD,5m,2026-09-24T19:40:00+00:00,1.32161,1.32172,1.32137,1.32168,563.0,2026-09-24T21:40:00+02:00
GBPUSD,5m,2026-09-24T19:45:00+00:00,1.32168,1.3218699999999999,1.32151,1.3218299999999998,660.0,2026-09-24T21:45:00+02:00
GBPUSD,5m,2026-09-24T19:50:00+00:00,1.3218299999999998,1.32201,1.32181,1.32182,866.0,2026-09-24T21:50:00+02:00
GBPUSD,5m,2026-09-24T19:55:00+00:00,1.32182,1.3220399999999999,1.32178,1.32199,721.0,2026-09-24T21:55:00+02:00
GBPUSD,5m,2026-09-24T20:00:00+00:00,1.32199,1.3220399999999999,1.32194,1.32199,259.0,2026-09-24T22:00:00+02:00
GBPUSD,5m,2026-09-24T20:05:00+00:00,1.32199,1.32202,1.32179,1.3217999999999999,166.0,2026-09-24T22:05:00+02:00
GBPUSD,5m,2026-09-24T20:10:00+00:00,1.3217999999999999,1.3218999999999999,1.32159,1.3215999999999999,244.0,2026-09-24T22:10:00+02:00
GBPUSD,5m,2026-09-24T20:15:00+00:00,1.3215999999999999,1.32169,1.32132,1.3214599999999999,427.0,2026-09-24T22:15:00+02:00
GBPUSD,5m,2026-09-24T20:20:00+00:00,1.3214599999999999,1.3214599999999999,1.3210899999999999,1.32124,357.0,2026-09-24T22:20:00+02:00
GBPUSD,5m,2026-09-24T20:25:00+00:00,1.32124,1.32133,1.32123,1.3212599999999999,219.0,2026-09-24T22:25:00+02:00
GBPUSD,5m,2026-09-24T20:30:00+00:00,1.3212599999999999,1.3212599999999999,1.32108,1.32117,254.0,2026-09-24T22:30:00+02:00
GBPUSD,5m,2026-09-24T20:35:00+00:00,1.32117,1.32158,1.32117,1.32158,307.0,2026-09-24T22:35:00+02:00
GBPUSD,5m,2026-09-24T20:40:00+00:00,1.32158,1.32174,1.32155,1.32169,693.0,2026-09-24T22:40:00+02:00
GBPUSD,5m,2026-09-24T20:45:00+00:00,1.32169,1.32182,1.3216299999999999,1.32167,358.0,2026-09-24T22:45:00+02:00
GBPUSD,5m,2026-09-24T20:50:00+00:00,1.32167,1.32185,1.32167,1.3218299999999998,335.0,2026-09-24T22:50:00+02:00
GBPUSD,5m,2026-09-24T20:55:00+00:00,1.3218299999999998,1.32195,1.32175,1.3217999999999999,420.0,2026-09-24T22:55:00+02:00
