instrument,bar,time,open,high,low,close,volume,time_berlin
XAUUSD,5m,2026-08-23T22:00:00+00:00,4608.07,4622.83,4606.06,4609.93,3645.0,2026-08-24T00:00:00+02:00
XAUUSD,5m,2026-08-23T22:05:00+00:00,4609.93,4617.52,4608.4,4617.03,2296.0,2026-08-24T00:05:00+02:00
XAUUSD,5m,2026-08-23T22:10:00+00:00,4617.03,4620.57,4615.59,4617.48,2272.0,2026-08-24T00:10:00+02:00
XAUUSD,5m,2026-08-23T22:15:00+00:00,4617.48,4618.37,4612.66,4618.37,2054.0,2026-08-24T00:15:00+02:00
XAUUSD,5m,2026-08-23T22:20:00+00:00,4618.37,4621.06,4615.7,4617.39,1605.0,2026-08-24T00:20:00+02:00
XAUUSD,5m,2026-08-23T22:25:00+00:00,4617.39,4617.48,4613.07,4614.34,1468.0,2026-08-24T00:25:00+02:00
XAUUSD,5m,2026-08-23T22:30:00+00:00,4614.34,4617.2,4613.94,4614.72,1511.0,2026-08-24T00:30:00+02:00
XAUUSD,5m,2026-08-23T22:35:00+00:00,4614.72,4616.9,4611.49,4611.52,1307.0,2026-08-24T00:35:00+02:00
XAUUSD,5m,2026-08-23T22:40:00+00:00,4611.52,4612.48,4606.83,4610.88,1938.0,2026-08-24T00:40:00+02:00
XAUUSD,5m,2026-08-23T22:45:00+00:00,4610.88,4610.95,4607.01,4608.46,1634.0,2026-08-24T00:45:00+02:00
XAUUSD,5m,2026-08-23T22:50:00+00:00,4608.46,4608.97,4606.83,4607.56,1190.0,2026-08-24T00:50:00+02:00
XAUUSD,5m,2026-08-23T22:55:00+00:00,4607.56,4607.83,4605.97,4606.11,729.0,2026-08-24T00:55:00+02:00
XAUUSD,5m,2026-08-23T23:00:00+00:00,4606.11,4609.31,4605.06,4607.54,1550.0,2026-08-24T01:00:00+02:00
XAUUSD,5m,2026-08-23T23:05:00+00:00,4607.54,4607.78,4604.74,4607.72,980.0,2026-08-24T01:05:00+02:00
XAUUSD,5m,2026-08-23T23:10:00+00:00,4607.72,4609.54,4607.49,4607.5,997.0,2026-08-24T01:10:00+02:00
XAUUSD,5m,2026-08-23T23:15:00+00:00,4607.5,4608.1,4606.77,4607.45,764.0,2026-08-24T01:15:00+02:00
XAUUSD,5m,2026-08-23T23:20:00+00:00,4607.45,4613.11,4607.34,4612.82,1359.0,2026-08-24T01:20:00+02:00
XAUUSD,5m,2026-08-23T23:25:00+00:00,4612.82,4616.13,4611.83,4615.08,1371.0,2026-08-24T01:25:00+02:00
XAUUSD,5m,2026-08-23T23:30:00+00:00,4615.08,4618.6,4613.83,4618.11,1622.0,2026-08-24T01:30:00+02:00
XAUUSD,5m,2026-08-23T23:35:00+00:00,4618.11,4619.32,4613.34,4613.35,1547.0,2026-08-24T01:35:00+02:00
XAUUSD,5m,2026-08-23T23:40:00+00:00,4613.35,4614.4,4607.32,4608.32,1762.0,2026-08-24T01:40:00+02:00
XAUUSD,5m,2026-08-23T23:45:00+00:00,4608.32,4615.02,4608.09,4614.98,3120.0,2026-08-24T01:45:00+02:00
XAUUSD,5m,2026-08-23T23:50:00+00:00,4614.98,4622.53,4614.94,4622.52,3174.0,2026-08-24T01:50:00+02:00
XAUUSD,5m,2026-08-23T23:55:00+00:00,4622.52,4624.52,4622.01,4624.01,2621.0,2026-08-24T01:55:00+02:00
XAUUSD,5m,2026-08-24T00:00:00+00:00,4624.01,4627.83,4620.11,4627.13,6486.0,2026-08-24T02:00:00+02:00
XAUUSD,5m,2026-08-24T00:05:00+00:00,4627.13,4639.16,4627.12,4635.11,6699.0,2026-08-24T02:05:00+02:00
XAUUSD,5m,2026-08-24T00:10:00+00:00,4635.11,4640.56,4633.45,4637.92,4584.0,2026-08-24T02:10:00+02:00
XAUUSD,5m,2026-08-24T00:15:00+00:00,4637.92,4640.05,4628.43,4629.29,3754.0,2026-08-24T02:15:00+02:00
XAUUSD,5m,2026-08-24T00:20:00+00:00,4629.29,4629.97,4611.71,4612.27,5814.0,2026-08-24T02:20:00+02:00
XAUUSD,5m,2026-08-24T00:25:00+00:00,4612.27,4612.62,4594.03,4604.54,7850.0,2026-08-24T02:25:00+02:00
XAUUSD,5m,2026-08-24T00:30:00+00:00,4604.54,4608.96,4602.63,4602.94,5714.0,2026-08-24T02:30:00+02:00
XAUUSD,5m,2026-08-24T00:35:00+00:00,4602.94,4608.99,4600.84,4601.4,5297.0,2026-08-24T02:35:00+02:00
XAUUSD,5m,2026-08-24T00:40:00+00:00,4601.4,4607.77,4600.92,4606.74,3537.0,2026-08-24T02:40:00+02:00
XAUUSD,5m,2026-08-24T00:45:00+00:00,4606.74,4615.25,4603.56,4614.06,4544.0,2026-08-24T02:45:00+02:00
XAUUSD,5m,2026-08-24T00:50:00+00:00,4614.06,4617.46,4611.29,4617.01,2932.0,2026-08-24T02:50:00+02:00
XAUUSD,5m,2026-08-24T00:55:00+00:00,4617.01,4623.41,4615.89,4621.68,3564.0,2026-08-24T02:55:00+02:00
XAUUSD,5m,2026-08-24T01:00:00+00:00,4621.68,4635.26,4618.48,4622.09,11430.0,2026-08-24T03:00:00+02:00
XAUUSD,5m,2026-08-24T01:05:00+00:00,4622.09,4629.98,4619.76,4622.87,7194.0,2026-08-24T03:05:00+02:00
XAUUSD,5m,2026-08-24T01:10:00+00:00,4622.87,4627.83,4621.69,4621.9,4965.0,2026-08-24T03:10:00+02:00
XAUUSD,5m,2026-08-24T01:15:00+00:00,4621.9,4625.75,4616.61,4621.62,5834.0,2026-08-24T03:15:00+02:00
XAUUSD,5m,2026-08-24T01:20:00+00:00,4621.62,4622.09,4610.97,4614.68,6629.0,2026-08-24T03:20:00+02:00
XAUUSD,5m,2026-08-24T01:25:00+00:00,4614.68,4618.06,4611.8,4614.59,6532.0,2026-08-24T03:25:00+02:00
XAUUSD,5m,2026-08-24T01:30:00+00:00,4614.59,4615.13,4607.8,4614.72,6205.0,2026-08-24T03:30:00+02:00
XAUUSD,5m,2026-08-24T01:35:00+00:00,4614.72,4621.16,4612.63,4614.13,5714.0,2026-08-24T03:35:00+02:00
XAUUSD,5m,2026-08-24T01:40:00+00:00,4614.13,4618.35,4607.97,4618.14,4685.0,2026-08-24T03:40:00+02:00
XAUUSD,5m,2026-08-24T01:45:00+00:00,4618.14,4619.0,4614.91,4618.8,4088.0,2026-08-24T03:45:00+02:00
XAUUSD,5m,2026-08-24T01:50:00+00:00,4618.8,4629.96,4618.8,4628.76,4840.0,2026-08-24T03:50:00+02:00
XAUUSD,5m,2026-08-24T01:55:00+00:00,4628.76,4637.7,4626.54,4632.0,4870.0,2026-08-24T03:55:00+02:00
XAUUSD,5m,2026-08-24T02:00:00+00:00,4632.0,4638.44,4627.72,4636.67,6119.0,2026-08-24T04:00:00+02:00
XAUUSD,5m,2026-08-24T02:05:00+00:00,4636.67,4643.12,4634.0,4642.71,4623.0,2026-08-24T04:05:00+02:00
XAUUSD,5m,2026-08-24T02:10:00+00:00,4642.71,4652.26,4642.24,4650.31,6441.0,2026-08-24T04:10:00+02:00
XAUUSD,5m,2026-08-24T02:15:00+00:00,4650.31,4655.35,4649.09,4654.32,3296.0,2026-08-24T04:15:00+02:00
XAUUSD,5m,2026-08-24T02:20:00+00:00,4654.32,4655.11,4649.27,4654.16,3609.0,2026-08-24T04:20:00+02:00
XAUUSD,5m,2026-08-24T02:25:00+00:00,4654.16,4655.58,4649.52,4655.41,3075.0,2026-08-24T04:25:00+02:00
XAUUSD,5m,2026-08-24T02:30:00+00:00,4655.41,4656.95,4649.77,4651.74,5506.0,2026-08-24T04:30:00+02:00
XAUUSD,5m,2026-08-24T02:35:00+00:00,4651.74,4653.89,4644.94,4645.09,4318.0,2026-08-24T04:35:00+02:00
XAUUSD,5m,2026-08-24T02:40:00+00:00,4645.09,4645.68,4637.26,4637.46,4352.0,2026-08-24T04:40:00+02:00
XAUUSD,5m,2026-08-24T02:45:00+00:00,4637.46,4637.8,4626.98,4628.68,5220.0,2026-08-24T04:45:00+02:00
XAUUSD,5m,2026-08-24T02:50:00+00:00,4628.68,4638.4,4627.98,4638.26,4754.0,2026-08-24T04:50:00+02:00
XAUUSD,5m,2026-08-24T02:55:00+00:00,4638.26,4644.79,4637.59,4643.62,4411.0,2026-08-24T04:55:00+02:00
XAUUSD,5m,2026-08-24T03:00:00+00:00,4643.62,4644.03,4637.46,4640.26,3974.0,2026-08-24T05:00:00+02:00
XAUUSD,5m,2026-08-24T03:05:00+00:00,4640.26,4640.28,4634.55,4637.56,3483.0,2026-08-24T05:05:00+02:00
XAUUSD,5m,2026-08-24T03:10:00+00:00,4637.56,4639.65,4633.31,4637.19,3966.0,2026-08-24T05:10:00+02:00
XAUUSD,5m,2026-08-24T03:15:00+00:00,4637.19,4641.49,4636.67,4638.8,3703.0,2026-08-24T05:15:00+02:00
XAUUSD,5m,2026-08-24T03:20:00+00:00,4638.8,4643.82,4635.39,4642.41,3786.0,2026-08-24T05:20:00+02:00
XAUUSD,5m,2026-08-24T03:25:00+00:00,4642.41,4648.47,4642.31,4643.72,3354.0,2026-08-24T05:25:00+02:00
XAUUSD,5m,2026-08-24T03:30:00+00:00,4643.72,4648.17,4643.56,4648.01,2896.0,2026-08-24T05:30:00+02:00
XAUUSD,5m,2026-08-24T03:35:00+00:00,4648.01,4650.16,4646.75,4647.58,2395.0,2026-08-24T05:35:00+02:00
XAUUSD,5m,2026-08-24T03:40:00+00:00,4647.58,4648.09,4642.58,4642.83,2245.0,2026-08-24T05:40:00+02:00
XAUUSD,5m,2026-08-24T03:45:00+00:00,4642.83,4644.57,4642.22,4642.57,1899.0,2026-08-24T05:45:00+02:00
XAUUSD,5m,2026-08-24T03:50:00+00:00,4642.57,4644.75,4641.11,4641.3,1916.0,2026-08-24T05:50:00+02:00
XAUUSD,5m,2026-08-24T03:55:00+00:00,4641.3,4643.62,4639.93,4641.6,2082.0,2026-08-24T05:55:00+02:00
XAUUSD,5m,2026-08-24T04:00:00+00:00,4641.6,4642.6,4637.69,4639.69,2544.0,2026-08-24T06:00:00+02:00
XAUUSD,5m,2026-08-24T04:05:00+00:00,4639.69,4639.74,4632.3,4633.66,2572.0,2026-08-24T06:05:00+02:00
XAUUSD,5m,2026-08-24T04:10:00+00:00,4633.66,4638.87,4632.77,4638.49,2733.0,2026-08-24T06:10:00+02:00
XAUUSD,5m,2026-08-24T04:15:00+00:00,4638.49,4640.93,4634.35,4640.17,2315.0,2026-08-24T06:15:00+02:00
XAUUSD,5m,2026-08-24T04:20:00+00:00,4640.17,4640.35,4637.32,4637.73,2194.0,2026-08-24T06:20:00+02:00
XAUUSD,5m,2026-08-24T04:25:00+00:00,4637.73,4642.05,4637.27,4640.55,2492.0,2026-08-24T06:25:00+02:00
XAUUSD,5m,2026-08-24T04:30:00+00:00,4640.55,4640.87,4632.84,4635.58,2424.0,2026-08-24T06:30:00+02:00
XAUUSD,5m,2026-08-24T04:35:00+00:00,4635.58,4637.57,4634.82,4636.52,2261.0,2026-08-24T06:35:00+02:00
XAUUSD,5m,2026-08-24T04:40:00+00:00,4636.52,4638.51,4634.85,4638.06,1795.0,2026-08-24T06:40:00+02:00
XAUUSD,5m,2026-08-24T04:45:00+00:00,4638.06,4639.1,4635.77,4636.6,1715.0,2026-08-24T06:45:00+02:00
XAUUSD,5m,2026-08-24T04:50:00+00:00,4636.6,4640.45,4635.86,4639.91,1843.0,2026-08-24T06:50:00+02:00
XAUUSD,5m,2026-08-24T04:55:00+00:00,4639.91,4640.24,4636.95,4638.8,1600.0,2026-08-24T06:55:00+02:00
XAUUSD,5m,2026-08-24T05:00:00+00:00,4638.8,4641.68,4638.53,4639.41,2428.0,2026-08-24T07:00:00+02:00
XAUUSD,5m,2026-08-24T05:05:00+00:00,4639.41,4642.84,4638.97,4639.9,2404.0,2026-08-24T07:05:00+02:00
XAUUSD,5m,2026-08-24T05:10:00+00:00,4639.9,4643.61,4638.85,4643.41,2352.0,2026-08-24T07:10:00+02:00
XAUUSD,5m,2026-08-24T05:15:00+00:00,4643.41,4646.51,4641.34,4643.28,2250.0,2026-08-24T07:15:00+02:00
XAUUSD,5m,2026-08-24T05:20:00+00:00,4643.28,4643.28,4637.99,4638.56,2755.0,2026-08-24T07:20:00+02:00
XAUUSD,5m,2026-08-24T05:25:00+00:00,4638.56,4642.38,4636.12,4636.16,2084.0,2026-08-24T07:25:00+02:00
XAUUSD,5m,2026-08-24T05:30:00+00:00,4636.16,4639.64,4629.32,4632.82,6951.0,2026-08-24T07:30:00+02:00
XAUUSD,5m,2026-08-24T05:35:00+00:00,4632.82,4638.92,4630.41,4633.12,4631.0,2026-08-24T07:35:00+02:00
XAUUSD,5m,2026-08-24T05:40:00+00:00,4633.12,4635.47,4631.2,4633.11,4620.0,2026-08-24T07:40:00+02:00
XAUUSD,5m,2026-08-24T05:45:00+00:00,4633.11,4638.65,4630.02,4638.6,4305.0,2026-08-24T07:45:00+02:00
XAUUSD,5m,2026-08-24T05:50:00+00:00,4638.6,4643.33,4636.26,4638.42,3943.0,2026-08-24T07:50:00+02:00
XAUUSD,5m,2026-08-24T05:55:00+00:00,4638.42,4641.45,4637.35,4640.86,3369.0,2026-08-24T07:55:00+02:00
XAUUSD,5m,2026-08-24T06:00:00+00:00,4640.86,4645.97,4639.24,4644.74,5192.0,2026-08-24T08:00:00+02:00
XAUUSD,5m,2026-08-24T06:05:00+00:00,4644.74,4651.68,4643.0,4649.04,4757.0,2026-08-24T08:05:00+02:00
XAUUSD,5m,2026-08-24T06:10:00+00:00,4649.04,4652.48,4647.01,4651.9,4139.0,2026-08-24T08:10:00+02:00
XAUUSD,5m,2026-08-24T06:15:00+00:00,4651.9,4659.82,4651.77,4656.17,4868.0,2026-08-24T08:15:00+02:00
XAUUSD,5m,2026-08-24T06:20:00+00:00,4656.17,4658.4,4645.95,4650.18,4879.0,2026-08-24T08:20:00+02:00
XAUUSD,5m,2026-08-24T06:25:00+00:00,4650.18,4650.18,4640.73,4642.63,4544.0,2026-08-24T08:25:00+02:00
XAUUSD,5m,2026-08-24T06:30:00+00:00,4642.63,4652.49,4642.08,4650.74,4110.0,2026-08-24T08:30:00+02:00
XAUUSD,5m,2026-08-24T06:35:00+00:00,4650.74,4653.6,4650.13,4651.02,3521.0,2026-08-24T08:35:00+02:00
XAUUSD,5m,2026-08-24T06:40:00+00:00,4651.02,4651.77,4641.83,4642.98,3577.0,2026-08-24T08:40:00+02:00
XAUUSD,5m,2026-08-24T06:45:00+00:00,4642.98,4650.46,4642.77,4650.15,3249.0,2026-08-24T08:45:00+02:00
XAUUSD,5m,2026-08-24T06:50:00+00:00,4650.15,4653.88,4645.82,4651.21,2994.0,2026-08-24T08:50:00+02:00
XAUUSD,5m,2026-08-24T06:55:00+00:00,4651.21,4651.3,4648.71,4649.9,2908.0,2026-08-24T08:55:00+02:00
XAUUSD,5m,2026-08-24T07:00:00+00:00,4649.9,4654.69,4647.27,4648.8,3996.0,2026-08-24T09:00:00+02:00
XAUUSD,5m,2026-08-24T07:05:00+00:00,4648.8,4650.21,4644.2,4646.63,3242.0,2026-08-24T09:05:00+02:00
XAUUSD,5m,2026-08-24T07:10:00+00:00,4646.63,4649.41,4644.25,4648.39,3366.0,2026-08-24T09:10:00+02:00
XAUUSD,5m,2026-08-24T07:15:00+00:00,4648.39,4650.16,4642.68,4645.93,3239.0,2026-08-24T09:15:00+02:00
XAUUSD,5m,2026-08-24T07:20:00+00:00,4645.93,4647.84,4642.3,4643.36,3067.0,2026-08-24T09:20:00+02:00
XAUUSD,5m,2026-08-24T07:25:00+00:00,4643.36,4647.49,4642.05,4642.59,3114.0,2026-08-24T09:25:00+02:00
XAUUSD,5m,2026-08-24T07:30:00+00:00,4642.59,4646.78,4641.19,4646.62,2758.0,2026-08-24T09:30:00+02:00
XAUUSD,5m,2026-08-24T07:35:00+00:00,4646.62,4648.06,4642.99,4644.41,2631.0,2026-08-24T09:35:00+02:00
XAUUSD,5m,2026-08-24T07:40:00+00:00,4644.41,4645.04,4634.69,4634.76,4369.0,2026-08-24T09:40:00+02:00
XAUUSD,5m,2026-08-24T07:45:00+00:00,4634.76,4635.4,4630.31,4631.44,4132.0,2026-08-24T09:45:00+02:00
XAUUSD,5m,2026-08-24T07:50:00+00:00,4631.44,4637.05,4630.04,4635.95,3172.0,2026-08-24T09:50:00+02:00
XAUUSD,5m,2026-08-24T07:55:00+00:00,4635.95,4643.92,4635.7,4641.55,2482.0,2026-08-24T09:55:00+02:00
XAUUSD,5m,2026-08-24T08:00:00+00:00,4641.55,4643.72,4636.44,4640.76,4950.0,2026-08-24T10:00:00+02:00
XAUUSD,5m,2026-08-24T08:05:00+00:00,4640.76,4646.24,4636.31,4638.39,4848.0,2026-08-24T10:05:00+02:00
XAUUSD,5m,2026-08-24T08:10:00+00:00,4638.39,4640.51,4635.75,4637.49,3022.0,2026-08-24T10:10:00+02:00
XAUUSD,5m,2026-08-24T08:15:00+00:00,4637.49,4637.67,4631.61,4635.9,3543.0,2026-08-24T10:15:00+02:00
XAUUSD,5m,2026-08-24T08:20:00+00:00,4635.9,4638.77,4634.87,4635.94,2813.0,2026-08-24T10:20:00+02:00
XAUUSD,5m,2026-08-24T08:25:00+00:00,4635.94,4639.9,4629.38,4629.38,2970.0,2026-08-24T10:25:00+02:00
XAUUSD,5m,2026-08-24T08:30:00+00:00,4629.38,4634.48,4628.81,4634.1,2993.0,2026-08-24T10:30:00+02:00
XAUUSD,5m,2026-08-24T08:35:00+00:00,4634.1,4637.36,4633.51,4637.25,2075.0,2026-08-24T10:35:00+02:00
XAUUSD,5m,2026-08-24T08:40:00+00:00,4637.25,4646.02,4636.07,4645.27,2542.0,2026-08-24T10:40:00+02:00
XAUUSD,5m,2026-08-24T08:45:00+00:00,4645.27,4646.06,4642.12,4643.69,2293.0,2026-08-24T10:45:00+02:00
XAUUSD,5m,2026-08-24T08:50:00+00:00,4643.69,4644.53,4640.14,4641.46,2096.0,2026-08-24T10:50:00+02:00
XAUUSD,5m,2026-08-24T08:55:00+00:00,4641.46,4642.31,4635.84,4637.87,2374.0,2026-08-24T10:55:00+02:00
XAUUSD,5m,2026-08-24T09:00:00+00:00,4637.87,4643.19,4637.06,4642.38,3236.0,2026-08-24T11:00:00+02:00
XAUUSD,5m,2026-08-24T09:05:00+00:00,4642.38,4644.78,4640.25,4642.06,2410.0,2026-08-24T11:05:00+02:00
XAUUSD,5m,2026-08-24T09:10:00+00:00,4642.06,4643.63,4639.43,4641.83,1974.0,2026-08-24T11:10:00+02:00
XAUUSD,5m,2026-08-24T09:15:00+00:00,4641.83,4641.92,4634.82,4636.59,2353.0,2026-08-24T11:15:00+02:00
XAUUSD,5m,2026-08-24T09:20:00+00:00,4636.59,4639.29,4636.22,4636.88,2037.0,2026-08-24T11:20:00+02:00
XAUUSD,5m,2026-08-24T09:25:00+00:00,4636.88,4638.39,4635.36,4635.79,1967.0,2026-08-24T11:25:00+02:00
XAUUSD,5m,2026-08-24T09:30:00+00:00,4635.79,4640.85,4634.36,4635.37,3138.0,2026-08-24T11:30:00+02:00
XAUUSD,5m,2026-08-24T09:35:00+00:00,4635.37,4637.18,4632.68,4637.02,2396.0,2026-08-24T11:35:00+02:00
XAUUSD,5m,2026-08-24T09:40:00+00:00,4637.02,4639.68,4636.24,4638.93,2175.0,2026-08-24T11:40:00+02:00
XAUUSD,5m,2026-08-24T09:45:00+00:00,4638.93,4644.98,4638.69,4643.97,2432.0,2026-08-24T11:45:00+02:00
XAUUSD,5m,2026-08-24T09:50:00+00:00,4643.97,4645.25,4641.65,4644.07,1691.0,2026-08-24T11:50:00+02:00
XAUUSD,5m,2026-08-24T09:55:00+00:00,4644.07,4646.06,4643.15,4645.75,1625.0,2026-08-24T11:55:00+02:00
XAUUSD,5m,2026-08-24T10:00:00+00:00,4645.75,4649.82,4645.55,4648.6,2382.0,2026-08-24T12:00:00+02:00
XAUUSD,5m,2026-08-24T10:05:00+00:00,4648.6,4649.95,4645.67,4646.84,2119.0,2026-08-24T12:05:00+02:00
XAUUSD,5m,2026-08-24T10:10:00+00:00,4646.84,4650.11,4645.35,4648.14,2331.0,2026-08-24T12:10:00+02:00
XAUUSD,5m,2026-08-24T10:15:00+00:00,4648.14,4648.53,4646.15,4646.7,1878.0,2026-08-24T12:15:00+02:00
XAUUSD,5m,2026-08-24T10:20:00+00:00,4646.7,4647.54,4642.81,4644.79,1933.0,2026-08-24T12:20:00+02:00
XAUUSD,5m,2026-08-24T10:25:00+00:00,4644.79,4645.88,4642.21,4642.98,2215.0,2026-08-24T12:25:00+02:00
XAUUSD,5m,2026-08-24T10:30:00+00:00,4642.98,4645.39,4642.54,4645.16,2107.0,2026-08-24T12:30:00+02:00
XAUUSD,5m,2026-08-24T10:35:00+00:00,4645.16,4649.05,4642.75,4647.88,2041.0,2026-08-24T12:35:00+02:00
XAUUSD,5m,2026-08-24T10:40:00+00:00,4647.88,4648.1,4643.75,4644.26,2024.0,2026-08-24T12:40:00+02:00
XAUUSD,5m,2026-08-24T10:45:00+00:00,4644.26,4645.79,4641.71,4645.69,2072.0,2026-08-24T12:45:00+02:00
XAUUSD,5m,2026-08-24T10:50:00+00:00,4645.69,4647.13,4644.3,4645.7,1979.0,2026-08-24T12:50:00+02:00
XAUUSD,5m,2026-08-24T10:55:00+00:00,4645.7,4646.65,4642.38,4643.21,2091.0,2026-08-24T12:55:00+02:00
XAUUSD,5m,2026-08-24T11:00:00+00:00,4643.21,4646.89,4639.96,4645.94,3273.0,2026-08-24T13:00:00+02:00
XAUUSD,5m,2026-08-24T11:05:00+00:00,4645.94,4646.55,4639.68,4640.56,2837.0,2026-08-24T13:05:00+02:00
XAUUSD,5m,2026-08-24T11:10:00+00:00,4640.56,4644.75,4639.05,4642.14,2372.0,2026-08-24T13:10:00+02:00
XAUUSD,5m,2026-08-24T11:15:00+00:00,4642.14,4645.55,4641.58,4644.56,1971.0,2026-08-24T13:15:00+02:00
XAUUSD,5m,2026-08-24T11:20:00+00:00,4644.56,4645.93,4640.32,4641.26,2208.0,2026-08-24T13:20:00+02:00
XAUUSD,5m,2026-08-24T11:25:00+00:00,4641.26,4647.62,4640.6,4646.46,2073.0,2026-08-24T13:25:00+02:00
XAUUSD,5m,2026-08-24T11:30:00+00:00,4646.46,4652.17,4643.4,4651.76,4094.0,2026-08-24T13:30:00+02:00
XAUUSD,5m,2026-08-24T11:35:00+00:00,4651.76,4670.17,4650.64,4660.32,9531.0,2026-08-24T13:35:00+02:00
XAUUSD,5m,2026-08-24T11:40:00+00:00,4660.32,4666.26,4653.79,4658.93,7107.0,2026-08-24T13:40:00+02:00
XAUUSD,5m,2026-08-24T11:45:00+00:00,4658.93,4661.5,4648.24,4648.99,4733.0,2026-08-24T13:45:00+02:00
XAUUSD,5m,2026-08-24T11:50:00+00:00,4648.99,4659.79,4648.21,4659.71,3939.0,2026-08-24T13:50:00+02:00
XAUUSD,5m,2026-08-24T11:55:00+00:00,4659.71,4659.94,4655.43,4657.68,2998.0,2026-08-24T13:55:00+02:00
XAUUSD,5m,2026-08-24T12:00:00+00:00,4657.68,4658.36,4650.19,4652.24,3809.0,2026-08-24T14:00:00+02:00
XAUUSD,5m,2026-08-24T12:05:00+00:00,4652.24,4656.56,4649.98,4654.87,3347.0,2026-08-24T14:05:00+02:00
XAUUSD,5m,2026-08-24T12:10:00+00:00,4654.87,4660.17,4653.84,4657.2,3588.0,2026-08-24T14:10:00+02:00
XAUUSD,5m,2026-08-24T12:15:00+00:00,4657.2,4657.23,4651.8,4653.14,2945.0,2026-08-24T14:15:00+02:00
XAUUSD,5m,2026-08-24T12:20:00+00:00,4653.14,4659.79,4651.54,4657.52,5023.0,2026-08-24T14:20:00+02:00
XAUUSD,5m,2026-08-24T12:25:00+00:00,4657.52,4662.73,4654.91,4661.65,4107.0,2026-08-24T14:25:00+02:00
XAUUSD,5m,2026-08-24T12:30:00+00:00,4661.65,4661.68,4644.98,4654.75,6343.0,2026-08-24T14:30:00+02:00
XAUUSD,5m,2026-08-24T12:35:00+00:00,4654.75,4663.88,4654.36,4662.86,3985.0,2026-08-24T14:35:00+02:00
XAUUSD,5m,2026-08-24T12:40:00+00:00,4662.86,4668.77,4654.98,4657.35,5197.0,2026-08-24T14:40:00+02:00
XAUUSD,5m,2026-08-24T12:45:00+00:00,4657.35,4661.99,4654.39,4661.87,3254.0,2026-08-24T14:45:00+02:00
XAUUSD,5m,2026-08-24T12:50:00+00:00,4661.87,4666.9,4661.34,4666.78,3095.0,2026-08-24T14:50:00+02:00
XAUUSD,5m,2026-08-24T12:55:00+00:00,4666.78,4667.33,4661.41,4662.7,3470.0,2026-08-24T14:55:00+02:00
XAUUSD,5m,2026-08-24T13:00:00+00:00,4662.7,4671.18,4661.49,4667.16,7343.0,2026-08-24T15:00:00+02:00
XAUUSD,5m,2026-08-24T13:05:00+00:00,4667.16,4674.03,4666.99,4673.49,5284.0,2026-08-24T15:05:00+02:00
XAUUSD,5m,2026-08-24T13:10:00+00:00,4673.49,4677.89,4673.23,4677.18,4914.0,2026-08-24T15:10:00+02:00
XAUUSD,5m,2026-08-24T13:15:00+00:00,4677.18,4677.86,4671.34,4672.25,4561.0,2026-08-24T15:15:00+02:00
XAUUSD,5m,2026-08-24T13:20:00+00:00,4672.25,4672.5,4667.66,4670.49,4717.0,2026-08-24T15:20:00+02:00
XAUUSD,5m,2026-08-24T13:25:00+00:00,4670.49,4674.63,4668.12,4672.2,5248.0,2026-08-24T15:25:00+02:00
XAUUSD,5m,2026-08-24T13:30:00+00:00,4672.2,4680.16,4669.8,4679.85,15174.0,2026-08-24T15:30:00+02:00
XAUUSD,5m,2026-08-24T13:35:00+00:00,4679.85,4680.89,4667.05,4667.29,16653.0,2026-08-24T15:35:00+02:00
XAUUSD,5m,2026-08-24T13:40:00+00:00,4667.29,4674.37,4658.35,4658.77,15425.0,2026-08-24T15:40:00+02:00
XAUUSD,5m,2026-08-24T13:45:00+00:00,4658.77,4678.03,4656.04,4673.55,13090.0,2026-08-24T15:45:00+02:00
XAUUSD,5m,2026-08-24T13:50:00+00:00,4673.55,4675.81,4658.2,4666.92,11534.0,2026-08-24T15:50:00+02:00
XAUUSD,5m,2026-08-24T13:55:00+00:00,4666.92,4669.07,4659.26,4664.62,10933.0,2026-08-24T15:55:00+02:00
XAUUSD,5m,2026-08-24T14:00:00+00:00,4664.62,4667.72,4659.75,4662.86,12186.0,2026-08-24T16:00:00+02:00
XAUUSD,5m,2026-08-24T14:05:00+00:00,4662.86,4670.52,4662.35,4670.5,11371.0,2026-08-24T16:05:00+02:00
XAUUSD,5m,2026-08-24T14:10:00+00:00,4670.5,4672.14,4661.91,4665.69,12752.0,2026-08-24T16:10:00+02:00
XAUUSD,5m,2026-08-24T14:15:00+00:00,4665.69,4666.3,4655.12,4665.1,12038.0,2026-08-24T16:15:00+02:00
XAUUSD,5m,2026-08-24T14:20:00+00:00,4665.1,4670.06,4664.54,4666.25,8718.0,2026-08-24T16:20:00+02:00
XAUUSD,5m,2026-08-24T14:25:00+00:00,4666.25,4675.0,4665.64,4671.65,7990.0,2026-08-24T16:25:00+02:00
XAUUSD,5m,2026-08-24T14:30:00+00:00,4671.65,4677.32,4670.5,4676.62,8619.0,2026-08-24T16:30:00+02:00
XAUUSD,5m,2026-08-24T14:35:00+00:00,4676.62,4678.54,4674.34,4675.48,7269.0,2026-08-24T16:35:00+02:00
XAUUSD,5m,2026-08-24T14:40:00+00:00,4675.48,4677.88,4669.66,4672.01,7676.0,2026-08-24T16:40:00+02:00
XAUUSD,5m,2026-08-24T14:45:00+00:00,4672.01,4673.27,4664.91,4665.85,7058.0,2026-08-24T16:45:00+02:00
XAUUSD,5m,2026-08-24T14:50:00+00:00,4665.85,4668.56,4656.84,4668.56,8236.0,2026-08-24T16:50:00+02:00
XAUUSD,5m,2026-08-24T14:55:00+00:00,4668.56,4675.79,4666.96,4670.26,7663.0,2026-08-24T16:55:00+02:00
XAUUSD,5m,2026-08-24T15:00:00+00:00,4670.26,4676.63,4665.24,4675.66,9526.0,2026-08-24T17:00:00+02:00
XAUUSD,5m,2026-08-24T15:05:00+00:00,4675.66,4676.53,4672.69,4673.37,8339.0,2026-08-24T17:05:00+02:00
XAUUSD,5m,2026-08-24T15:10:00+00:00,4673.37,4674.95,4670.93,4672.97,6699.0,2026-08-24T17:10:00+02:00
XAUUSD,5m,2026-08-24T15:15:00+00:00,4672.97,4673.68,4669.58,4673.15,6996.0,2026-08-24T17:15:00+02:00
XAUUSD,5m,2026-08-24T15:20:00+00:00,4673.15,4673.45,4668.03,4670.09,5788.0,2026-08-24T17:20:00+02:00
XAUUSD,5m,2026-08-24T15:25:00+00:00,4670.09,4679.77,4669.13,4675.79,8188.0,2026-08-24T17:25:00+02:00
XAUUSD,5m,2026-08-24T15:30:00+00:00,4675.79,4677.46,4669.81,4672.45,8420.0,2026-08-24T17:30:00+02:00
XAUUSD,5m,2026-08-24T15:35:00+00:00,4672.45,4674.71,4667.3,4668.45,5659.0,2026-08-24T17:35:00+02:00
XAUUSD,5m,2026-08-24T15:40:00+00:00,4668.45,4668.56,4659.6,4660.7,7062.0,2026-08-24T17:40:00+02:00
XAUUSD,5m,2026-08-24T15:45:00+00:00,4660.7,4663.25,4644.9,4646.66,8063.0,2026-08-24T17:45:00+02:00
XAUUSD,5m,2026-08-24T15:50:00+00:00,4646.66,4655.68,4646.62,4653.35,5766.0,2026-08-24T17:50:00+02:00
XAUUSD,5m,2026-08-24T15:55:00+00:00,4653.35,4653.35,4639.94,4649.18,7369.0,2026-08-24T17:55:00+02:00
XAUUSD,5m,2026-08-24T16:00:00+00:00,4649.18,4661.59,4646.5,4658.73,9673.0,2026-08-24T18:00:00+02:00
XAUUSD,5m,2026-08-24T16:05:00+00:00,4658.73,4662.04,4653.98,4654.2,5022.0,2026-08-24T18:05:00+02:00
XAUUSD,5m,2026-08-24T16:10:00+00:00,4654.2,4657.93,4653.52,4657.51,4417.0,2026-08-24T18:10:00+02:00
XAUUSD,5m,2026-08-24T16:15:00+00:00,4657.51,4660.49,4655.95,4658.77,5285.0,2026-08-24T18:15:00+02:00
XAUUSD,5m,2026-08-24T16:20:00+00:00,4658.77,4659.37,4656.06,4656.36,3959.0,2026-08-24T18:20:00+02:00
XAUUSD,5m,2026-08-24T16:25:00+00:00,4656.36,4659.35,4655.82,4658.8,3732.0,2026-08-24T18:25:00+02:00
XAUUSD,5m,2026-08-24T16:30:00+00:00,4658.8,4661.37,4658.75,4660.49,3668.0,2026-08-24T18:30:00+02:00
XAUUSD,5m,2026-08-24T16:35:00+00:00,4660.49,4662.18,4659.15,4659.46,2853.0,2026-08-24T18:35:00+02:00
XAUUSD,5m,2026-08-24T16:40:00+00:00,4659.46,4661.3,4658.24,4659.54,2731.0,2026-08-24T18:40:00+02:00
XAUUSD,5m,2026-08-24T16:45:00+00:00,4659.54,4659.99,4655.18,4657.38,2915.0,2026-08-24T18:45:00+02:00
XAUUSD,5m,2026-08-24T16:50:00+00:00,4657.38,4657.68,4651.04,4652.38,3526.0,2026-08-24T18:50:00+02:00
XAUUSD,5m,2026-08-24T16:55:00+00:00,4652.38,4652.44,4641.47,4644.88,6771.0,2026-08-24T18:55:00+02:00
XAUUSD,5m,2026-08-24T17:00:00+00:00,4644.88,4647.78,4641.26,4645.93,7420.0,2026-08-24T19:00:00+02:00
XAUUSD,5m,2026-08-24T17:05:00+00:00,4645.93,4655.26,4644.03,4652.3,7881.0,2026-08-24T19:05:00+02:00
XAUUSD,5m,2026-08-24T17:10:00+00:00,4652.3,4654.63,4649.35,4651.81,6060.0,2026-08-24T19:10:00+02:00
XAUUSD,5m,2026-08-24T17:15:00+00:00,4651.81,4654.14,4647.26,4648.31,8065.0,2026-08-24T19:15:00+02:00
XAUUSD,5m,2026-08-24T17:20:00+00:00,4648.31,4648.31,4630.07,4636.59,13135.0,2026-08-24T19:20:00+02:00
XAUUSD,5m,2026-08-24T17:25:00+00:00,4636.59,4645.07,4632.8,4638.58,7680.0,2026-08-24T19:25:00+02:00
XAUUSD,5m,2026-08-24T17:30:00+00:00,4638.58,4641.08,4635.54,4637.54,6257.0,2026-08-24T19:30:00+02:00
XAUUSD,5m,2026-08-24T17:35:00+00:00,4637.54,4643.13,4636.66,4641.17,5385.0,2026-08-24T19:35:00+02:00
XAUUSD,5m,2026-08-24T17:40:00+00:00,4641.17,4642.22,4638.32,4638.68,3708.0,2026-08-24T19:40:00+02:00
XAUUSD,5m,2026-08-24T17:45:00+00:00,4638.68,4639.09,4633.81,4633.85,3739.0,2026-08-24T19:45:00+02:00
XAUUSD,5m,2026-08-24T17:50:00+00:00,4633.85,4638.74,4632.54,4634.26,4313.0,2026-08-24T19:50:00+02:00
XAUUSD,5m,2026-08-24T17:55:00+00:00,4634.26,4637.62,4633.04,4636.47,3629.0,2026-08-24T19:55:00+02:00
XAUUSD,5m,2026-08-24T18:00:00+00:00,4636.47,4640.83,4635.13,4640.15,4613.0,2026-08-24T20:00:00+02:00
XAUUSD,5m,2026-08-24T18:05:00+00:00,4640.15,4640.16,4625.13,4632.13,6109.0,2026-08-24T20:05:00+02:00
XAUUSD,5m,2026-08-24T18:10:00+00:00,4632.13,4634.89,4629.96,4631.98,5574.0,2026-08-24T20:10:00+02:00
XAUUSD,5m,2026-08-24T18:15:00+00:00,4631.98,4634.32,4627.46,4628.3,4993.0,2026-08-24T20:15:00+02:00
XAUUSD,5m,2026-08-24T18:20:00+00:00,4628.3,4636.75,4627.18,4636.19,4448.0,2026-08-24T20:20:00+02:00
XAUUSD,5m,2026-08-24T18:25:00+00:00,4636.19,4642.3,4636.13,4640.37,4743.0,2026-08-24T20:25:00+02:00
XAUUSD,5m,2026-08-24T18:30:00+00:00,4640.37,4641.86,4631.62,4632.19,4180.0,2026-08-24T20:30:00+02:00
XAUUSD,5m,2026-08-24T18:35:00+00:00,4632.19,4633.24,4625.16,4630.05,5985.0,2026-08-24T20:35:00+02:00
XAUUSD,5m,2026-08-24T18:40:00+00:00,4630.05,4635.63,4630.05,4634.81,4587.0,2026-08-24T20:40:00+02:00
XAUUSD,5m,2026-08-24T18:45:00+00:00,4634.81,4635.47,4631.26,4633.11,4594.0,2026-08-24T20:45:00+02:00
XAUUSD,5m,2026-08-24T18:50:00+00:00,4633.11,4635.47,4632.96,4633.75,4315.0,2026-08-24T20:50:00+02:00
XAUUSD,5m,2026-08-24T18:55:00+00:00,4633.75,4637.61,4633.75,4636.4,4606.0,2026-08-24T20:55:00+02:00
XAUUSD,5m,2026-08-24T19:00:00+00:00,4636.4,4640.75,4636.03,4638.89,4894.0,2026-08-24T21:00:00+02:00
XAUUSD,5m,2026-08-24T19:05:00+00:00,4638.89,4640.61,4636.2,4638.53,4446.0,2026-08-24T21:05:00+02:00
XAUUSD,5m,2026-08-24T19:10:00+00:00,4638.53,4638.8,4635.94,4636.35,3354.0,2026-08-24T21:10:00+02:00
XAUUSD,5m,2026-08-24T19:15:00+00:00,4636.35,4643.02,4635.89,4642.99,3679.0,2026-08-24T21:15:00+02:00
XAUUSD,5m,2026-08-24T19:20:00+00:00,4642.99,4644.94,4641.46,4642.44,3626.0,2026-08-24T21:20:00+02:00
XAUUSD,5m,2026-08-24T19:25:00+00:00,4642.44,4643.02,4639.96,4641.4,3384.0,2026-08-24T21:25:00+02:00
XAUUSD,5m,2026-08-24T19:30:00+00:00,4641.4,4642.58,4640.09,4640.87,4891.0,2026-08-24T21:30:00+02:00
XAUUSD,5m,2026-08-24T19:35:00+00:00,4640.87,4646.27,4640.59,4644.79,4726.0,2026-08-24T21:35:00+02:00
XAUUSD,5m,2026-08-24T19:40:00+00:00,4644.79,4650.84,4644.57,4649.98,5032.0,2026-08-24T21:40:00+02:00
XAUUSD,5m,2026-08-24T19:45:00+00:00,4649.98,4655.16,4649.97,4655.12,4961.0,2026-08-24T21:45:00+02:00
XAUUSD,5m,2026-08-24T19:50:00+00:00,4655.12,4656.0,4651.2,4653.17,5439.0,2026-08-24T21:50:00+02:00
XAUUSD,5m,2026-08-24T19:55:00+00:00,4653.17,4654.0,4650.05,4651.88,6342.0,2026-08-24T21:55:00+02:00
XAUUSD,5m,2026-08-24T20:00:00+00:00,4651.88,4655.07,4650.66,4654.17,1987.0,2026-08-24T22:00:00+02:00
XAUUSD,5m,2026-08-24T20:05:00+00:00,4654.17,4654.81,4653.34,4653.8,872.0,2026-08-24T22:05:00+02:00
XAUUSD,5m,2026-08-24T20:10:00+00:00,4653.8,4655.18,4650.18,4650.33,1167.0,2026-08-24T22:10:00+02:00
XAUUSD,5m,2026-08-24T20:15:00+00:00,4650.33,4653.57,4650.31,4651.61,798.0,2026-08-24T22:15:00+02:00
XAUUSD,5m,2026-08-24T20:20:00+00:00,4651.61,4652.5,4650.25,4650.48,916.0,2026-08-24T22:20:00+02:00
XAUUSD,5m,2026-08-24T20:25:00+00:00,4650.48,4650.63,4648.75,4649.14,549.0,2026-08-24T22:25:00+02:00
XAUUSD,5m,2026-08-24T20:30:00+00:00,4649.14,4649.98,4647.9,4648.64,578.0,2026-08-24T22:30:00+02:00
XAUUSD,5m,2026-08-24T20:35:00+00:00,4648.64,4649.36,4648.0,4648.54,522.0,2026-08-24T22:35:00+02:00
XAUUSD,5m,2026-08-24T20:40:00+00:00,4648.54,4648.56,4647.5,4647.67,298.0,2026-08-24T22:40:00+02:00
XAUUSD,5m,2026-08-24T20:45:00+00:00,4647.67,4650.64,4646.95,4650.08,1035.0,2026-08-24T22:45:00+02:00
XAUUSD,5m,2026-08-24T20:50:00+00:00,4650.08,4651.23,4648.7,4651.01,1142.0,2026-08-24T22:50:00+02:00
XAUUSD,5m,2026-08-24T20:55:00+00:00,4651.01,4652.49,4649.53,4651.57,1454.0,2026-08-24T22:55:00+02:00
XAUUSD,5m,2026-08-24T22:00:00+00:00,4651.57,4656.36,4651.57,4655.45,1770.0,2026-08-25T00:00:00+02:00
XAUUSD,5m,2026-08-24T22:05:00+00:00,4655.45,4660.68,4654.8,4658.83,1147.0,2026-08-25T00:05:00+02:00
XAUUSD,5m,2026-08-24T22:10:00+00:00,4658.83,4659.94,4657.79,4658.69,612.0,2026-08-25T00:10:00+02:00
XAUUSD,5m,2026-08-24T22:15:00+00:00,4658.69,4659.54,4657.9,4658.05,487.0,2026-08-25T00:15:00+02:00
XAUUSD,5m,2026-08-24T22:20:00+00:00,4658.05,4658.86,4657.42,4658.47,570.0,2026-08-25T00:20:00+02:00
XAUUSD,5m,2026-08-24T22:25:00+00:00,4658.47,4658.47,4656.77,4657.73,475.0,2026-08-25T00:25:00+02:00
XAUUSD,5m,2026-08-24T22:30:00+00:00,4657.73,4659.14,4657.14,4659.12,624.0,2026-08-25T00:30:00+02:00
XAUUSD,5m,2026-08-24T22:35:00+00:00,4659.12,4661.15,4658.78,4660.59,598.0,2026-08-25T00:35:00+02:00
XAUUSD,5m,2026-08-24T22:40:00+00:00,4660.59,4661.56,4660.16,4661.47,500.0,2026-08-25T00:40:00+02:00
XAUUSD,5m,2026-08-24T22:45:00+00:00,4661.47,4662.47,4660.83,4662.45,546.0,2026-08-25T00:45:00+02:00
XAUUSD,5m,2026-08-24T22:50:00+00:00,4662.45,4664.92,4662.23,4664.59,815.0,2026-08-25T00:50:00+02:00
XAUUSD,5m,2026-08-24T22:55:00+00:00,4664.59,4668.36,4663.92,4667.57,788.0,2026-08-25T00:55:00+02:00
XAUUSD,5m,2026-08-24T23:00:00+00:00,4667.57,4669.62,4667.57,4668.37,779.0,2026-08-25T01:00:00+02:00
XAUUSD,5m,2026-08-24T23:05:00+00:00,4668.37,4669.56,4666.81,4669.28,755.0,2026-08-25T01:05:00+02:00
XAUUSD,5m,2026-08-24T23:10:00+00:00,4669.28,4672.24,4668.82,4672.14,1131.0,2026-08-25T01:10:00+02:00
XAUUSD,5m,2026-08-24T23:15:00+00:00,4672.14,4676.79,4672.14,4674.89,1487.0,2026-08-25T01:15:00+02:00
XAUUSD,5m,2026-08-24T23:20:00+00:00,4674.89,4675.33,4673.4,4674.57,1002.0,2026-08-25T01:20:00+02:00
XAUUSD,5m,2026-08-24T23:25:00+00:00,4674.57,4674.58,4668.78,4669.08,1191.0,2026-08-25T01:25:00+02:00
XAUUSD,5m,2026-08-24T23:30:00+00:00,4669.08,4673.01,4667.46,4672.39,1449.0,2026-08-25T01:30:00+02:00
XAUUSD,5m,2026-08-24T23:35:00+00:00,4672.39,4676.89,4671.44,4674.98,1224.0,2026-08-25T01:35:00+02:00
XAUUSD,5m,2026-08-24T23:40:00+00:00,4674.98,4677.0,4674.86,4676.36,1489.0,2026-08-25T01:40:00+02:00
XAUUSD,5m,2026-08-24T23:45:00+00:00,4676.36,4677.48,4675.01,4677.15,1977.0,2026-08-25T01:45:00+02:00
XAUUSD,5m,2026-08-24T23:50:00+00:00,4677.15,4682.66,4676.89,4679.32,3557.0,2026-08-25T01:50:00+02:00
XAUUSD,5m,2026-08-24T23:55:00+00:00,4679.32,4680.82,4677.82,4679.82,2017.0,2026-08-25T01:55:00+02:00
XAUUSD,5m,2026-08-25T00:00:00+00:00,4679.82,4689.3,4676.71,4677.19,7137.0,2026-08-25T02:00:00+02:00
XAUUSD,5m,2026-08-25T00:05:00+00:00,4677.19,4687.47,4675.34,4681.67,5607.0,2026-08-25T02:05:00+02:00
XAUUSD,5m,2026-08-25T00:10:00+00:00,4681.67,4691.85,4679.74,4690.37,4708.0,2026-08-25T02:10:00+02:00
XAUUSD,5m,2026-08-25T00:15:00+00:00,4690.37,4691.16,4680.92,4681.22,5342.0,2026-08-25T02:15:00+02:00
XAUUSD,5m,2026-08-25T00:20:00+00:00,4681.22,4682.88,4678.86,4679.64,3882.0,2026-08-25T02:20:00+02:00
XAUUSD,5m,2026-08-25T00:25:00+00:00,4679.64,4683.66,4676.44,4682.4,3930.0,2026-08-25T02:25:00+02:00
XAUUSD,5m,2026-08-25T00:30:00+00:00,4682.4,4693.16,4681.71,4688.63,6527.0,2026-08-25T02:30:00+02:00
XAUUSD,5m,2026-08-25T00:35:00+00:00,4688.63,4696.1,4687.8,4695.1,4487.0,2026-08-25T02:35:00+02:00
XAUUSD,5m,2026-08-25T00:40:00+00:00,4695.1,4696.87,4692.23,4693.78,4831.0,2026-08-25T02:40:00+02:00
XAUUSD,5m,2026-08-25T00:45:00+00:00,4693.78,4694.77,4687.67,4692.43,5257.0,2026-08-25T02:45:00+02:00
XAUUSD,5m,2026-08-25T00:50:00+00:00,4692.43,4693.8,4687.56,4688.3,3919.0,2026-08-25T02:50:00+02:00
XAUUSD,5m,2026-08-25T00:55:00+00:00,4688.3,4689.52,4683.99,4684.21,3741.0,2026-08-25T02:55:00+02:00
XAUUSD,5m,2026-08-25T01:00:00+00:00,4684.21,4686.73,4670.71,4676.81,9502.0,2026-08-25T03:00:00+02:00
XAUUSD,5m,2026-08-25T01:05:00+00:00,4676.81,4680.61,4670.96,4678.62,5923.0,2026-08-25T03:05:00+02:00
XAUUSD,5m,2026-08-25T01:10:00+00:00,4678.62,4680.09,4674.74,4678.21,5364.0,2026-08-25T03:10:00+02:00
XAUUSD,5m,2026-08-25T01:15:00+00:00,4678.21,4680.28,4672.94,4677.86,4863.0,2026-08-25T03:15:00+02:00
XAUUSD,5m,2026-08-25T01:20:00+00:00,4677.86,4677.87,4666.33,4667.05,5398.0,2026-08-25T03:20:00+02:00
XAUUSD,5m,2026-08-25T01:25:00+00:00,4667.05,4672.75,4664.12,4669.57,5019.0,2026-08-25T03:25:00+02:00
XAUUSD,5m,2026-08-25T01:30:00+00:00,4669.57,4674.63,4666.81,4668.03,5819.0,2026-08-25T03:30:00+02:00
XAUUSD,5m,2026-08-25T01:35:00+00:00,4668.03,4674.65,4666.62,4668.1,4925.0,2026-08-25T03:35:00+02:00
XAUUSD,5m,2026-08-25T01:40:00+00:00,4668.1,4673.32,4667.47,4670.58,5131.0,2026-08-25T03:40:00+02:00
XAUUSD,5m,2026-08-25T01:45:00+00:00,4670.58,4675.56,4665.03,4674.38,4586.0,2026-08-25T03:45:00+02:00
XAUUSD,5m,2026-08-25T01:50:00+00:00,4674.38,4674.73,4663.54,4664.88,5609.0,2026-08-25T03:50:00+02:00
XAUUSD,5m,2026-08-25T01:55:00+00:00,4664.88,4665.36,4656.49,4657.96,6034.0,2026-08-25T03:55:00+02:00
XAUUSD,5m,2026-08-25T02:00:00+00:00,4657.96,4661.5,4650.41,4651.22,6697.0,2026-08-25T04:00:00+02:00
XAUUSD,5m,2026-08-25T02:05:00+00:00,4651.22,4651.43,4639.42,4644.67,9541.0,2026-08-25T04:05:00+02:00
XAUUSD,5m,2026-08-25T02:10:00+00:00,4644.67,4645.8,4638.28,4641.91,6861.0,2026-08-25T04:10:00+02:00
XAUUSD,5m,2026-08-25T02:15:00+00:00,4641.91,4650.03,4640.78,4649.53,4054.0,2026-08-25T04:15:00+02:00
XAUUSD,5m,2026-08-25T02:20:00+00:00,4649.53,4655.69,4649.37,4654.27,3430.0,2026-08-25T04:20:00+02:00
XAUUSD,5m,2026-08-25T02:25:00+00:00,4654.27,4656.93,4652.7,4656.31,3174.0,2026-08-25T04:25:00+02:00
XAUUSD,5m,2026-08-25T02:30:00+00:00,4656.31,4656.76,4642.44,4646.21,8936.0,2026-08-25T04:30:00+02:00
XAUUSD,5m,2026-08-25T02:35:00+00:00,4646.21,4647.22,4639.56,4643.18,5097.0,2026-08-25T04:35:00+02:00
XAUUSD,5m,2026-08-25T02:40:00+00:00,4643.18,4647.4,4630.74,4630.93,6007.0,2026-08-25T04:40:00+02:00
XAUUSD,5m,2026-08-25T02:45:00+00:00,4630.93,4637.68,4629.88,4632.84,6873.0,2026-08-25T04:45:00+02:00
XAUUSD,5m,2026-08-25T02:50:00+00:00,4632.84,4636.59,4616.59,4626.91,8025.0,2026-08-25T04:50:00+02:00
XAUUSD,5m,2026-08-25T02:55:00+00:00,4626.91,4629.59,4620.92,4629.52,7563.0,2026-08-25T04:55:00+02:00
XAUUSD,5m,2026-08-25T03:00:00+00:00,4629.52,4631.52,4622.19,4623.82,6536.0,2026-08-25T05:00:00+02:00
XAUUSD,5m,2026-08-25T03:05:00+00:00,4623.82,4638.08,4622.66,4635.35,5645.0,2026-08-25T05:05:00+02:00
XAUUSD,5m,2026-08-25T03:10:00+00:00,4635.35,4638.13,4631.68,4633.69,4493.0,2026-08-25T05:10:00+02:00
XAUUSD,5m,2026-08-25T03:15:00+00:00,4633.69,4637.08,4631.92,4635.39,4314.0,2026-08-25T05:15:00+02:00
XAUUSD,5m,2026-08-25T03:20:00+00:00,4635.39,4637.16,4632.56,4634.81,3788.0,2026-08-25T05:20:00+02:00
XAUUSD,5m,2026-08-25T03:25:00+00:00,4634.81,4638.5,4634.72,4637.83,3774.0,2026-08-25T05:25:00+02:00
XAUUSD,5m,2026-08-25T03:30:00+00:00,4637.83,4641.2,4636.2,4640.41,2560.0,2026-08-25T05:30:00+02:00
XAUUSD,5m,2026-08-25T03:35:00+00:00,4640.41,4641.28,4634.54,4635.41,2262.0,2026-08-25T05:35:00+02:00
XAUUSD,5m,2026-08-25T03:40:00+00:00,4635.41,4637.23,4633.83,4634.24,2403.0,2026-08-25T05:40:00+02:00
XAUUSD,5m,2026-08-25T03:45:00+00:00,4634.24,4635.24,4631.42,4633.68,2511.0,2026-08-25T05:45:00+02:00
XAUUSD,5m,2026-08-25T03:50:00+00:00,4633.68,4634.64,4631.65,4633.2,2267.0,2026-08-25T05:50:00+02:00
XAUUSD,5m,2026-08-25T03:55:00+00:00,4633.2,4635.99,4632.12,4633.7,1839.0,2026-08-25T05:55:00+02:00
XAUUSD,5m,2026-08-25T04:00:00+00:00,4633.7,4635.6,4630.71,4634.97,2733.0,2026-08-25T06:00:00+02:00
XAUUSD,5m,2026-08-25T04:05:00+00:00,4634.97,4636.66,4634.07,4636.07,1748.0,2026-08-25T06:05:00+02:00
XAUUSD,5m,2026-08-25T04:10:00+00:00,4636.07,4637.62,4635.1,4636.98,1742.0,2026-08-25T06:10:00+02:00
XAUUSD,5m,2026-08-25T04:15:00+00:00,4636.98,4637.26,4633.34,4634.52,1861.0,2026-08-25T06:15:00+02:00
XAUUSD,5m,2026-08-25T04:20:00+00:00,4634.52,4635.63,4630.93,4632.79,1993.0,2026-08-25T06:20:00+02:00
XAUUSD,5m,2026-08-25T04:25:00+00:00,4632.79,4632.9,4628.74,4630.69,1775.0,2026-08-25T06:25:00+02:00
XAUUSD,5m,2026-08-25T04:30:00+00:00,4630.69,4632.69,4625.88,4629.61,2855.0,2026-08-25T06:30:00+02:00
XAUUSD,5m,2026-08-25T04:35:00+00:00,4629.61,4631.26,4626.22,4627.13,2359.0,2026-08-25T06:35:00+02:00
XAUUSD,5m,2026-08-25T04:40:00+00:00,4627.13,4627.46,4623.73,4625.86,2674.0,2026-08-25T06:40:00+02:00
XAUUSD,5m,2026-08-25T04:45:00+00:00,4625.86,4626.83,4624.52,4626.33,2375.0,2026-08-25T06:45:00+02:00
XAUUSD,5m,2026-08-25T04:50:00+00:00,4626.33,4628.9,4623.98,4627.0,2689.0,2026-08-25T06:50:00+02:00
XAUUSD,5m,2026-08-25T04:55:00+00:00,4627.0,4627.57,4625.59,4625.92,2233.0,2026-08-25T06:55:00+02:00
XAUUSD,5m,2026-08-25T05:00:00+00:00,4625.92,4629.26,4623.97,4629.26,3567.0,2026-08-25T07:00:00+02:00
XAUUSD,5m,2026-08-25T05:05:00+00:00,4629.26,4639.02,4629.09,4635.78,3341.0,2026-08-25T07:05:00+02:00
XAUUSD,5m,2026-08-25T05:10:00+00:00,4635.78,4639.02,4635.49,4637.84,2266.0,2026-08-25T07:10:00+02:00
XAUUSD,5m,2026-08-25T05:15:00+00:00,4637.84,4644.2,4637.72,4644.18,2214.0,2026-08-25T07:15:00+02:00
XAUUSD,5m,2026-08-25T05:20:00+00:00,4644.18,4646.22,4642.85,4644.23,2335.0,2026-08-25T07:20:00+02:00
XAUUSD,5m,2026-08-25T05:25:00+00:00,4644.23,4647.76,4642.73,4646.39,2375.0,2026-08-25T07:25:00+02:00
XAUUSD,5m,2026-08-25T05:30:00+00:00,4646.39,4647.08,4639.22,4642.83,5573.0,2026-08-25T07:30:00+02:00
XAUUSD,5m,2026-08-25T05:35:00+00:00,4642.83,4646.49,4641.86,4642.95,3539.0,2026-08-25T07:35:00+02:00
XAUUSD,5m,2026-08-25T05:40:00+00:00,4642.95,4643.31,4637.95,4638.99,3755.0,2026-08-25T07:40:00+02:00
XAUUSD,5m,2026-08-25T05:45:00+00:00,4638.99,4642.36,4635.78,4639.75,3681.0,2026-08-25T07:45:00+02:00
XAUUSD,5m,2026-08-25T05:50:00+00:00,4639.75,4643.82,4637.03,4643.73,3842.0,2026-08-25T07:50:00+02:00
XAUUSD,5m,2026-08-25T05:55:00+00:00,4643.73,4646.06,4641.35,4642.93,3622.0,2026-08-25T07:55:00+02:00
XAUUSD,5m,2026-08-25T06:00:00+00:00,4642.93,4646.27,4641.17,4644.37,4285.0,2026-08-25T08:00:00+02:00
XAUUSD,5m,2026-08-25T06:05:00+00:00,4644.37,4648.23,4643.8,4647.86,3327.0,2026-08-25T08:05:00+02:00
XAUUSD,5m,2026-08-25T06:10:00+00:00,4647.86,4650.4,4647.66,4649.56,2841.0,2026-08-25T08:10:00+02:00
XAUUSD,5m,2026-08-25T06:15:00+00:00,4649.56,4649.56,4646.59,4647.54,2018.0,2026-08-25T08:15:00+02:00
XAUUSD,5m,2026-08-25T06:20:00+00:00,4647.54,4652.05,4645.33,4651.68,2853.0,2026-08-25T08:20:00+02:00
XAUUSD,5m,2026-08-25T06:25:00+00:00,4651.68,4653.07,4649.62,4649.93,2524.0,2026-08-25T08:25:00+02:00
XAUUSD,5m,2026-08-25T06:30:00+00:00,4649.93,4653.35,4648.72,4651.26,2850.0,2026-08-25T08:30:00+02:00
XAUUSD,5m,2026-08-25T06:35:00+00:00,4651.26,4652.54,4648.15,4649.64,2999.0,2026-08-25T08:35:00+02:00
XAUUSD,5m,2026-08-25T06:40:00+00:00,4649.64,4652.48,4647.64,4647.64,2639.0,2026-08-25T08:40:00+02:00
XAUUSD,5m,2026-08-25T06:45:00+00:00,4647.64,4649.16,4646.31,4647.61,2424.0,2026-08-25T08:45:00+02:00
XAUUSD,5m,2026-08-25T06:50:00+00:00,4647.61,4648.19,4640.9,4641.13,2666.0,2026-08-25T08:50:00+02:00
XAUUSD,5m,2026-08-25T06:55:00+00:00,4641.13,4641.75,4637.0,4638.19,2900.0,2026-08-25T08:55:00+02:00
XAUUSD,5m,2026-08-25T07:00:00+00:00,4638.19,4640.81,4636.84,4639.87,3696.0,2026-08-25T09:00:00+02:00
XAUUSD,5m,2026-08-25T07:05:00+00:00,4639.87,4642.02,4636.37,4641.03,3405.0,2026-08-25T09:05:00+02:00
XAUUSD,5m,2026-08-25T07:10:00+00:00,4641.03,4641.81,4637.57,4639.71,2378.0,2026-08-25T09:10:00+02:00
XAUUSD,5m,2026-08-25T07:15:00+00:00,4639.71,4642.79,4637.88,4641.22,2849.0,2026-08-25T09:15:00+02:00
XAUUSD,5m,2026-08-25T07:20:00+00:00,4641.22,4643.77,4639.45,4640.63,1918.0,2026-08-25T09:20:00+02:00
XAUUSD,5m,2026-08-25T07:25:00+00:00,4640.63,4641.02,4634.16,4634.43,2401.0,2026-08-25T09:25:00+02:00
XAUUSD,5m,2026-08-25T07:30:00+00:00,4634.43,4638.95,4633.98,4635.11,2341.0,2026-08-25T09:30:00+02:00
XAUUSD,5m,2026-08-25T07:35:00+00:00,4635.11,4636.71,4633.84,4636.53,2493.0,2026-08-25T09:35:00+02:00
XAUUSD,5m,2026-08-25T07:40:00+00:00,4636.53,4640.08,4635.12,4639.54,1972.0,2026-08-25T09:40:00+02:00
XAUUSD,5m,2026-08-25T07:45:00+00:00,4639.54,4640.45,4634.19,4635.64,2024.0,2026-08-25T09:45:00+02:00
XAUUSD,5m,2026-08-25T07:50:00+00:00,4635.64,4636.96,4631.07,4631.57,2883.0,2026-08-25T09:50:00+02:00
XAUUSD,5m,2026-08-25T07:55:00+00:00,4631.57,4631.61,4629.72,4630.1,2541.0,2026-08-25T09:55:00+02:00
XAUUSD,5m,2026-08-25T08:00:00+00:00,4630.1,4631.2,4625.27,4625.87,4627.0,2026-08-25T10:00:00+02:00
XAUUSD,5m,2026-08-25T08:05:00+00:00,4625.87,4629.08,4620.02,4623.33,4154.0,2026-08-25T10:05:00+02:00
XAUUSD,5m,2026-08-25T08:10:00+00:00,4623.33,4626.68,4622.87,4626.65,2856.0,2026-08-25T10:10:00+02:00
XAUUSD,5m,2026-08-25T08:15:00+00:00,4626.65,4630.3,4625.75,4628.09,2484.0,2026-08-25T10:15:00+02:00
XAUUSD,5m,2026-08-25T08:20:00+00:00,4628.09,4645.31,4626.74,4643.72,6591.0,2026-08-25T10:20:00+02:00
XAUUSD,5m,2026-08-25T08:25:00+00:00,4643.72,4643.72,4631.77,4632.85,5257.0,2026-08-25T10:25:00+02:00
XAUUSD,5m,2026-08-25T08:30:00+00:00,4632.85,4635.3,4631.75,4635.01,4397.0,2026-08-25T10:30:00+02:00
XAUUSD,5m,2026-08-25T08:35:00+00:00,4635.01,4635.04,4629.21,4629.91,3587.0,2026-08-25T10:35:00+02:00
XAUUSD,5m,2026-08-25T08:40:00+00:00,4629.91,4632.22,4625.8,4632.07,3003.0,2026-08-25T10:40:00+02:00
XAUUSD,5m,2026-08-25T08:45:00+00:00,4632.07,4633.81,4627.35,4627.95,2342.0,2026-08-25T10:45:00+02:00
XAUUSD,5m,2026-08-25T08:50:00+00:00,4627.95,4628.35,4625.13,4626.52,2589.0,2026-08-25T10:50:00+02:00
XAUUSD,5m,2026-08-25T08:55:00+00:00,4626.52,4630.61,4626.28,4630.25,2333.0,2026-08-25T10:55:00+02:00
XAUUSD,5m,2026-08-25T09:00:00+00:00,4630.25,4630.25,4624.8,4626.52,3990.0,2026-08-25T11:00:00+02:00
XAUUSD,5m,2026-08-25T09:05:00+00:00,4626.52,4633.4,4624.93,4632.88,3050.0,2026-08-25T11:05:00+02:00
XAUUSD,5m,2026-08-25T09:10:00+00:00,4632.88,4632.95,4629.23,4630.47,2370.0,2026-08-25T11:10:00+02:00
XAUUSD,5m,2026-08-25T09:15:00+00:00,4630.47,4633.43,4630.01,4631.54,2567.0,2026-08-25T11:15:00+02:00
XAUUSD,5m,2026-08-25T09:20:00+00:00,4631.54,4632.3,4629.41,4629.88,2337.0,2026-08-25T11:20:00+02:00
XAUUSD,5m,2026-08-25T09:25:00+00:00,4629.88,4629.95,4625.66,4626.52,2274.0,2026-08-25T11:25:00+02:00
XAUUSD,5m,2026-08-25T09:30:00+00:00,4626.52,4639.4,4624.03,4636.94,5392.0,2026-08-25T11:30:00+02:00
XAUUSD,5m,2026-08-25T09:35:00+00:00,4636.94,4636.95,4629.61,4630.44,5235.0,2026-08-25T11:35:00+02:00
XAUUSD,5m,2026-08-25T09:40:00+00:00,4630.44,4639.19,4629.27,4637.1,4136.0,2026-08-25T11:40:00+02:00
XAUUSD,5m,2026-08-25T09:45:00+00:00,4637.1,4640.6,4636.42,4640.5,3251.0,2026-08-25T11:45:00+02:00
XAUUSD,5m,2026-08-25T09:50:00+00:00,4640.5,4642.5,4637.88,4637.99,3415.0,2026-08-25T11:50:00+02:00
XAUUSD,5m,2026-08-25T09:55:00+00:00,4637.99,4640.83,4635.81,4636.28,3848.0,2026-08-25T11:55:00+02:00
XAUUSD,5m,2026-08-25T10:00:00+00:00,4636.28,4637.25,4633.17,4634.28,3041.0,2026-08-25T12:00:00+02:00
XAUUSD,5m,2026-08-25T10:05:00+00:00,4634.28,4636.73,4633.39,4635.3,2140.0,2026-08-25T12:05:00+02:00
XAUUSD,5m,2026-08-25T10:10:00+00:00,4635.3,4638.5,4633.4,4635.23,2217.0,2026-08-25T12:10:00+02:00
XAUUSD,5m,2026-08-25T10:15:00+00:00,4635.23,4638.94,4634.74,4636.89,1954.0,2026-08-25T12:15:00+02:00
XAUUSD,5m,2026-08-25T10:20:00+00:00,4636.89,4638.34,4635.22,4635.37,1932.0,2026-08-25T12:20:00+02:00
XAUUSD,5m,2026-08-25T10:25:00+00:00,4635.37,4637.57,4632.96,4633.58,2053.0,2026-08-25T12:25:00+02:00
XAUUSD,5m,2026-08-25T10:30:00+00:00,4633.58,4636.86,4632.77,4635.43,2377.0,2026-08-25T12:30:00+02:00
XAUUSD,5m,2026-08-25T10:35:00+00:00,4635.43,4638.28,4633.58,4637.47,1607.0,2026-08-25T12:35:00+02:00
XAUUSD,5m,2026-08-25T10:40:00+00:00,4637.47,4640.83,4636.96,4637.68,1808.0,2026-08-25T12:40:00+02:00
XAUUSD,5m,2026-08-25T10:45:00+00:00,4637.68,4640.93,4637.17,4638.05,1790.0,2026-08-25T12:45:00+02:00
XAUUSD,5m,2026-08-25T10:50:00+00:00,4638.05,4642.11,4636.91,4641.11,1813.0,2026-08-25T12:50:00+02:00
XAUUSD,5m,2026-08-25T10:55:00+00:00,4641.11,4642.31,4639.22,4639.22,1556.0,2026-08-25T12:55:00+02:00
XAUUSD,5m,2026-08-25T11:00:00+00:00,4639.22,4640.75,4637.55,4640.28,2450.0,2026-08-25T13:00:00+02:00
XAUUSD,5m,2026-08-25T11:05:00+00:00,4640.28,4643.3,4635.92,4640.44,2943.0,2026-08-25T13:05:00+02:00
XAUUSD,5m,2026-08-25T11:10:00+00:00,4640.44,4642.91,4639.14,4642.8,2540.0,2026-08-25T13:10:00+02:00
XAUUSD,5m,2026-08-25T11:15:00+00:00,4642.8,4644.97,4641.35,4643.95,2247.0,2026-08-25T13:15:00+02:00
XAUUSD,5m,2026-08-25T11:20:00+00:00,4643.95,4644.62,4640.6,4642.33,1873.0,2026-08-25T13:20:00+02:00
XAUUSD,5m,2026-08-25T11:25:00+00:00,4642.33,4642.63,4638.92,4641.68,1768.0,2026-08-25T13:25:00+02:00
XAUUSD,5m,2026-08-25T11:30:00+00:00,4641.68,4644.65,4640.48,4643.05,2291.0,2026-08-25T13:30:00+02:00
XAUUSD,5m,2026-08-25T11:35:00+00:00,4643.05,4644.75,4642.04,4644.52,1836.0,2026-08-25T13:35:00+02:00
XAUUSD,5m,2026-08-25T11:40:00+00:00,4644.52,4645.11,4640.19,4640.54,1752.0,2026-08-25T13:40:00+02:00
XAUUSD,5m,2026-08-25T11:45:00+00:00,4640.54,4646.13,4640.44,4644.51,2173.0,2026-08-25T13:45:00+02:00
XAUUSD,5m,2026-08-25T11:50:00+00:00,4644.51,4647.25,4641.55,4643.8,2838.0,2026-08-25T13:50:00+02:00
XAUUSD,5m,2026-08-25T11:55:00+00:00,4643.8,4645.04,4641.62,4642.35,1812.0,2026-08-25T13:55:00+02:00
XAUUSD,5m,2026-08-25T12:00:00+00:00,4642.35,4642.74,4634.82,4636.74,3196.0,2026-08-25T14:00:00+02:00
XAUUSD,5m,2026-08-25T12:05:00+00:00,4636.74,4638.53,4635.36,4637.02,2582.0,2026-08-25T14:05:00+02:00
XAUUSD,5m,2026-08-25T12:10:00+00:00,4637.02,4642.17,4636.02,4639.06,3070.0,2026-08-25T14:10:00+02:00
XAUUSD,5m,2026-08-25T12:15:00+00:00,4639.06,4639.18,4632.9,4635.53,2745.0,2026-08-25T14:15:00+02:00
XAUUSD,5m,2026-08-25T12:20:00+00:00,4635.53,4639.32,4631.88,4633.64,3117.0,2026-08-25T14:20:00+02:00
XAUUSD,5m,2026-08-25T12:25:00+00:00,4633.64,4637.57,4632.96,4637.38,2695.0,2026-08-25T14:25:00+02:00
XAUUSD,5m,2026-08-25T12:30:00+00:00,4637.38,4637.71,4632.19,4633.1,3506.0,2026-08-25T14:30:00+02:00
XAUUSD,5m,2026-08-25T12:35:00+00:00,4633.1,4634.97,4630.36,4630.7,2739.0,2026-08-25T14:35:00+02:00
XAUUSD,5m,2026-08-25T12:40:00+00:00,4630.7,4640.66,4629.99,4638.26,3208.0,2026-08-25T14:40:00+02:00
XAUUSD,5m,2026-08-25T12:45:00+00:00,4638.26,4642.84,4637.14,4640.28,2947.0,2026-08-25T14:45:00+02:00
XAUUSD,5m,2026-08-25T12:50:00+00:00,4640.28,4644.18,4639.55,4640.89,2632.0,2026-08-25T14:50:00+02:00
XAUUSD,5m,2026-08-25T12:55:00+00:00,4640.89,4641.3,4638.39,4640.75,2080.0,2026-08-25T14:55:00+02:00
XAUUSD,5m,2026-08-25T13:00:00+00:00,4640.75,4641.21,4630.0,4634.47,6694.0,2026-08-25T15:00:00+02:00
XAUUSD,5m,2026-08-25T13:05:00+00:00,4634.47,4636.31,4627.97,4630.91,4929.0,2026-08-25T15:05:00+02:00
XAUUSD,5m,2026-08-25T13:10:00+00:00,4630.91,4633.85,4622.76,4623.08,6606.0,2026-08-25T15:10:00+02:00
XAUUSD,5m,2026-08-25T13:15:00+00:00,4623.08,4628.12,4620.47,4625.89,5837.0,2026-08-25T15:15:00+02:00
XAUUSD,5m,2026-08-25T13:20:00+00:00,4625.89,4626.21,4612.61,4614.51,6506.0,2026-08-25T15:20:00+02:00
XAUUSD,5m,2026-08-25T13:25:00+00:00,4614.51,4618.15,4608.43,4609.57,6354.0,2026-08-25T15:25:00+02:00
XAUUSD,5m,2026-08-25T13:30:00+00:00,4609.57,4623.5,4609.09,4621.8,10456.0,2026-08-25T15:30:00+02:00
XAUUSD,5m,2026-08-25T13:35:00+00:00,4621.8,4621.81,4609.42,4615.54,10801.0,2026-08-25T15:35:00+02:00
XAUUSD,5m,2026-08-25T13:40:00+00:00,4615.54,4621.27,4610.86,4612.71,9909.0,2026-08-25T15:40:00+02:00
XAUUSD,5m,2026-08-25T13:45:00+00:00,4612.71,4615.25,4605.1,4606.92,9539.0,2026-08-25T15:45:00+02:00
XAUUSD,5m,2026-08-25T13:50:00+00:00,4606.92,4612.32,4605.55,4607.35,10872.0,2026-08-25T15:50:00+02:00
XAUUSD,5m,2026-08-25T13:55:00+00:00,4607.35,4617.53,4605.57,4616.44,7200.0,2026-08-25T15:55:00+02:00
XAUUSD,5m,2026-08-25T14:00:00+00:00,4616.44,4621.38,4613.17,4618.75,8927.0,2026-08-25T16:00:00+02:00
XAUUSD,5m,2026-08-25T14:05:00+00:00,4618.75,4624.88,4617.86,4623.07,7548.0,2026-08-25T16:05:00+02:00
XAUUSD,5m,2026-08-25T14:10:00+00:00,4623.07,4626.53,4621.86,4623.0,6817.0,2026-08-25T16:10:00+02:00
XAUUSD,5m,2026-08-25T14:15:00+00:00,4623.0,4624.89,4619.15,4619.15,6791.0,2026-08-25T16:15:00+02:00
XAUUSD,5m,2026-08-25T14:20:00+00:00,4619.15,4625.99,4618.38,4625.51,6456.0,2026-08-25T16:20:00+02:00
XAUUSD,5m,2026-08-25T14:25:00+00:00,4625.51,4628.31,4623.3,4623.75,5226.0,2026-08-25T16:25:00+02:00
XAUUSD,5m,2026-08-25T14:30:00+00:00,4623.75,4631.47,4612.27,4629.57,9082.0,2026-08-25T16:30:00+02:00
XAUUSD,5m,2026-08-25T14:35:00+00:00,4629.57,4637.28,4629.44,4636.59,5794.0,2026-08-25T16:35:00+02:00
XAUUSD,5m,2026-08-25T14:40:00+00:00,4636.59,4638.04,4631.01,4637.03,6618.0,2026-08-25T16:40:00+02:00
XAUUSD,5m,2026-08-25T14:45:00+00:00,4637.03,4640.02,4635.24,4636.31,6436.0,2026-08-25T16:45:00+02:00
XAUUSD,5m,2026-08-25T14:50:00+00:00,4636.31,4638.11,4632.46,4634.85,6093.0,2026-08-25T16:50:00+02:00
XAUUSD,5m,2026-08-25T14:55:00+00:00,4634.85,4637.15,4632.91,4635.42,5947.0,2026-08-25T16:55:00+02:00
XAUUSD,5m,2026-08-25T15:00:00+00:00,4635.42,4637.21,4630.39,4632.2,7031.0,2026-08-25T17:00:00+02:00
XAUUSD,5m,2026-08-25T15:05:00+00:00,4632.2,4633.93,4630.51,4632.45,6353.0,2026-08-25T17:05:00+02:00
XAUUSD,5m,2026-08-25T15:10:00+00:00,4632.45,4635.33,4630.73,4633.19,5055.0,2026-08-25T17:10:00+02:00
XAUUSD,5m,2026-08-25T15:15:00+00:00,4633.19,4639.41,4629.27,4638.76,6333.0,2026-08-25T17:15:00+02:00
XAUUSD,5m,2026-08-25T15:20:00+00:00,4638.76,4644.72,4638.66,4640.6,6051.0,2026-08-25T17:20:00+02:00
XAUUSD,5m,2026-08-25T15:25:00+00:00,4640.6,4643.39,4636.89,4639.7,5267.0,2026-08-25T17:25:00+02:00
XAUUSD,5m,2026-08-25T15:30:00+00:00,4639.7,4651.15,4639.64,4648.73,7978.0,2026-08-25T17:30:00+02:00
XAUUSD,5m,2026-08-25T15:35:00+00:00,4648.73,4658.32,4647.94,4655.77,9414.0,2026-08-25T17:35:00+02:00
XAUUSD,5m,2026-08-25T15:40:00+00:00,4655.77,4659.46,4654.33,4656.07,6712.0,2026-08-25T17:40:00+02:00
XAUUSD,5m,2026-08-25T15:45:00+00:00,4656.07,4657.25,4650.95,4651.59,6820.0,2026-08-25T17:45:00+02:00
XAUUSD,5m,2026-08-25T15:50:00+00:00,4651.59,4652.33,4648.79,4650.4,4645.0,2026-08-25T17:50:00+02:00
XAUUSD,5m,2026-08-25T15:55:00+00:00,4650.4,4654.02,4648.84,4652.61,4606.0,2026-08-25T17:55:00+02:00
XAUUSD,5m,2026-08-25T16:00:00+00:00,4652.61,4653.41,4647.59,4648.04,5151.0,2026-08-25T18:00:00+02:00
XAUUSD,5m,2026-08-25T16:05:00+00:00,4648.04,4649.21,4644.63,4644.75,4067.0,2026-08-25T18:05:00+02:00
XAUUSD,5m,2026-08-25T16:10:00+00:00,4644.75,4645.94,4642.66,4644.76,4203.0,2026-08-25T18:10:00+02:00
XAUUSD,5m,2026-08-25T16:15:00+00:00,4644.76,4647.26,4641.76,4643.1,4610.0,2026-08-25T18:15:00+02:00
XAUUSD,5m,2026-08-25T16:20:00+00:00,4643.1,4643.47,4637.86,4640.03,3983.0,2026-08-25T18:20:00+02:00
XAUUSD,5m,2026-08-25T16:25:00+00:00,4640.03,4642.52,4638.98,4640.56,3455.0,2026-08-25T18:25:00+02:00
XAUUSD,5m,2026-08-25T16:30:00+00:00,4640.56,4642.14,4638.08,4638.31,4443.0,2026-08-25T18:30:00+02:00
XAUUSD,5m,2026-08-25T16:35:00+00:00,4638.31,4645.4,4636.87,4644.4,3432.0,2026-08-25T18:35:00+02:00
XAUUSD,5m,2026-08-25T16:40:00+00:00,4644.4,4645.05,4642.77,4643.86,3495.0,2026-08-25T18:40:00+02:00
XAUUSD,5m,2026-08-25T16:45:00+00:00,4643.86,4646.1,4641.7,4645.14,3403.0,2026-08-25T18:45:00+02:00
XAUUSD,5m,2026-08-25T16:50:00+00:00,4645.14,4646.47,4643.44,4643.6,2265.0,2026-08-25T18:50:00+02:00
XAUUSD,5m,2026-08-25T16:55:00+00:00,4643.6,4645.19,4640.27,4643.43,3207.0,2026-08-25T18:55:00+02:00
XAUUSD,5m,2026-08-25T17:00:00+00:00,4643.43,4643.76,4638.39,4640.17,3832.0,2026-08-25T19:00:00+02:00
XAUUSD,5m,2026-08-25T17:05:00+00:00,4640.17,4640.35,4634.88,4636.03,3277.0,2026-08-25T19:05:00+02:00
XAUUSD,5m,2026-08-25T17:10:00+00:00,4636.03,4639.95,4634.11,4637.91,2950.0,2026-08-25T19:10:00+02:00
XAUUSD,5m,2026-08-25T17:15:00+00:00,4637.91,4642.95,4634.4,4642.68,3273.0,2026-08-25T19:15:00+02:00
XAUUSD,5m,2026-08-25T17:20:00+00:00,4642.68,4645.07,4637.81,4639.15,3267.0,2026-08-25T19:20:00+02:00
XAUUSD,5m,2026-08-25T17:25:00+00:00,4639.15,4641.05,4636.0,4636.94,4710.0,2026-08-25T19:25:00+02:00
XAUUSD,5m,2026-08-25T17:30:00+00:00,4636.94,4639.57,4636.24,4638.15,2907.0,2026-08-25T19:30:00+02:00
XAUUSD,5m,2026-08-25T17:35:00+00:00,4638.15,4643.1,4637.92,4642.86,2619.0,2026-08-25T19:35:00+02:00
XAUUSD,5m,2026-08-25T17:40:00+00:00,4642.86,4644.66,4641.3,4642.78,2253.0,2026-08-25T19:40:00+02:00
XAUUSD,5m,2026-08-25T17:45:00+00:00,4642.78,4646.76,4642.67,4645.82,2371.0,2026-08-25T19:45:00+02:00
XAUUSD,5m,2026-08-25T17:50:00+00:00,4645.82,4646.11,4642.55,4644.87,1848.0,2026-08-25T19:50:00+02:00
XAUUSD,5m,2026-08-25T17:55:00+00:00,4644.87,4648.37,4644.8,4648.26,2046.0,2026-08-25T19:55:00+02:00
XAUUSD,5m,2026-08-25T18:00:00+00:00,4648.26,4648.55,4644.38,4644.84,2733.0,2026-08-25T20:00:00+02:00
XAUUSD,5m,2026-08-25T18:05:00+00:00,4644.84,4647.88,4644.14,4646.35,2009.0,2026-08-25T20:05:00+02:00
XAUUSD,5m,2026-08-25T18:10:00+00:00,4646.35,4650.3,4645.97,4647.09,1871.0,2026-08-25T20:10:00+02:00
XAUUSD,5m,2026-08-25T18:15:00+00:00,4647.09,4649.0,4646.22,4648.93,1794.0,2026-08-25T20:15:00+02:00
XAUUSD,5m,2026-08-25T18:20:00+00:00,4648.93,4649.5,4648.14,4648.9,1724.0,2026-08-25T20:20:00+02:00
XAUUSD,5m,2026-08-25T18:25:00+00:00,4648.9,4650.5,4648.79,4649.9,1955.0,2026-08-25T20:25:00+02:00
XAUUSD,5m,2026-08-25T18:30:00+00:00,4649.9,4650.0,4646.26,4647.42,1878.0,2026-08-25T20:30:00+02:00
XAUUSD,5m,2026-08-25T18:35:00+00:00,4647.42,4648.51,4645.8,4648.01,1804.0,2026-08-25T20:35:00+02:00
XAUUSD,5m,2026-08-25T18:40:00+00:00,4648.01,4650.41,4647.68,4649.19,1640.0,2026-08-25T20:40:00+02:00
XAUUSD,5m,2026-08-25T18:45:00+00:00,4649.19,4652.08,4649.17,4651.2,1865.0,2026-08-25T20:45:00+02:00
XAUUSD,5m,2026-08-25T18:50:00+00:00,4651.2,4651.25,4649.76,4650.92,1557.0,2026-08-25T20:50:00+02:00
XAUUSD,5m,2026-08-25T18:55:00+00:00,4650.92,4654.97,4650.7,4654.48,1904.0,2026-08-25T20:55:00+02:00
XAUUSD,5m,2026-08-25T19:00:00+00:00,4654.48,4657.88,4653.31,4654.05,2785.0,2026-08-25T21:00:00+02:00
XAUUSD,5m,2026-08-25T19:05:00+00:00,4654.05,4660.24,4653.57,4659.21,2451.0,2026-08-25T21:05:00+02:00
XAUUSD,5m,2026-08-25T19:10:00+00:00,4659.21,4663.14,4658.86,4662.13,2895.0,2026-08-25T21:10:00+02:00
XAUUSD,5m,2026-08-25T19:15:00+00:00,4662.13,4668.16,4661.77,4666.39,3170.0,2026-08-25T21:15:00+02:00
XAUUSD,5m,2026-08-25T19:20:00+00:00,4666.39,4666.95,4662.93,4664.17,2732.0,2026-08-25T21:20:00+02:00
XAUUSD,5m,2026-08-25T19:25:00+00:00,4664.17,4664.22,4659.9,4660.93,2337.0,2026-08-25T21:25:00+02:00
XAUUSD,5m,2026-08-25T19:30:00+00:00,4660.93,4661.77,4658.61,4659.08,2561.0,2026-08-25T21:30:00+02:00
XAUUSD,5m,2026-08-25T19:35:00+00:00,4659.08,4660.32,4657.88,4659.4,2796.0,2026-08-25T21:35:00+02:00
XAUUSD,5m,2026-08-25T19:40:00+00:00,4659.4,4664.51,4659.13,4662.11,3233.0,2026-08-25T21:40:00+02:00
XAUUSD,5m,2026-08-25T19:45:00+00:00,4662.11,4664.75,4660.31,4664.32,2865.0,2026-08-25T21:45:00+02:00
XAUUSD,5m,2026-08-25T19:50:00+00:00,4664.32,4667.47,4661.97,4665.16,4239.0,2026-08-25T21:50:00+02:00
XAUUSD,5m,2026-08-25T19:55:00+00:00,4665.16,4667.53,4660.92,4666.95,4817.0,2026-08-25T21:55:00+02:00
XAUUSD,5m,2026-08-25T20:00:00+00:00,4666.95,4667.54,4664.44,4665.23,1953.0,2026-08-25T22:00:00+02:00
XAUUSD,5m,2026-08-25T20:05:00+00:00,4665.23,4668.44,4662.77,4668.36,1682.0,2026-08-25T22:05:00+02:00
XAUUSD,5m,2026-08-25T20:10:00+00:00,4668.36,4668.96,4665.7,4665.72,1662.0,2026-08-25T22:10:00+02:00
XAUUSD,5m,2026-08-25T20:15:00+00:00,4665.72,4666.67,4665.26,4666.05,1263.0,2026-08-25T22:15:00+02:00
XAUUSD,5m,2026-08-25T20:20:00+00:00,4666.05,4667.53,4665.72,4666.22,852.0,2026-08-25T22:20:00+02:00
XAUUSD,5m,2026-08-25T20:25:00+00:00,4666.22,4666.22,4661.81,4662.4,1071.0,2026-08-25T22:25:00+02:00
XAUUSD,5m,2026-08-25T20:30:00+00:00,4662.4,4663.98,4661.26,4662.13,894.0,2026-08-25T22:30:00+02:00
XAUUSD,5m,2026-08-25T20:35:00+00:00,4662.13,4662.48,4661.08,4661.44,534.0,2026-08-25T22:35:00+02:00
XAUUSD,5m,2026-08-25T20:40:00+00:00,4661.44,4661.88,4660.2,4661.47,930.0,2026-08-25T22:40:00+02:00
XAUUSD,5m,2026-08-25T20:45:00+00:00,4661.47,4662.2,4660.54,4661.06,926.0,2026-08-25T22:45:00+02:00
XAUUSD,5m,2026-08-25T20:50:00+00:00,4661.06,4661.43,4659.31,4659.7,1063.0,2026-08-25T22:50:00+02:00
XAUUSD,5m,2026-08-25T20:55:00+00:00,4659.7,4660.07,4656.82,4657.56,1327.0,2026-08-25T22:55:00+02:00
XAUUSD,5m,2026-08-25T22:00:00+00:00,4657.56,4661.21,4657.16,4661.19,970.0,2026-08-26T00:00:00+02:00
XAUUSD,5m,2026-08-25T22:05:00+00:00,4661.19,4661.58,4659.98,4660.97,665.0,2026-08-26T00:05:00+02:00
XAUUSD,5m,2026-08-25T22:10:00+00:00,4660.97,4664.66,4660.66,4664.25,675.0,2026-08-26T00:10:00+02:00
XAUUSD,5m,2026-08-25T22:15:00+00:00,4664.25,4666.64,4664.11,4665.97,659.0,2026-08-26T00:15:00+02:00
XAUUSD,5m,2026-08-25T22:20:00+00:00,4665.97,4666.8,4664.78,4666.54,604.0,2026-08-26T00:20:00+02:00
XAUUSD,5m,2026-08-25T22:25:00+00:00,4666.54,4666.87,4665.29,4666.56,517.0,2026-08-26T00:25:00+02:00
XAUUSD,5m,2026-08-25T22:30:00+00:00,4666.56,4668.76,4666.52,4668.76,845.0,2026-08-26T00:30:00+02:00
XAUUSD,5m,2026-08-25T22:35:00+00:00,4668.76,4670.9,4666.8,4669.97,1003.0,2026-08-26T00:35:00+02:00
XAUUSD,5m,2026-08-25T22:40:00+00:00,4669.97,4670.25,4668.78,4669.75,640.0,2026-08-26T00:40:00+02:00
XAUUSD,5m,2026-08-25T22:45:00+00:00,4669.75,4672.65,4669.58,4672.0,792.0,2026-08-26T00:45:00+02:00
XAUUSD,5m,2026-08-25T22:50:00+00:00,4672.0,4673.71,4671.78,4672.34,750.0,2026-08-26T00:50:00+02:00
XAUUSD,5m,2026-08-25T22:55:00+00:00,4672.34,4673.36,4672.21,4672.57,653.0,2026-08-26T00:55:00+02:00
XAUUSD,5m,2026-08-25T23:00:00+00:00,4672.57,4673.5,4670.24,4672.12,1044.0,2026-08-26T01:00:00+02:00
XAUUSD,5m,2026-08-25T23:05:00+00:00,4672.12,4672.56,4669.0,4669.14,950.0,2026-08-26T01:05:00+02:00
XAUUSD,5m,2026-08-25T23:10:00+00:00,4669.14,4669.9,4667.11,4668.09,910.0,2026-08-26T01:10:00+02:00
XAUUSD,5m,2026-08-25T23:15:00+00:00,4668.09,4668.17,4666.48,4667.34,582.0,2026-08-26T01:15:00+02:00
XAUUSD,5m,2026-08-25T23:20:00+00:00,4667.34,4667.34,4661.53,4661.54,1344.0,2026-08-26T01:20:00+02:00
XAUUSD,5m,2026-08-25T23:25:00+00:00,4661.54,4661.84,4659.9,4660.95,990.0,2026-08-26T01:25:00+02:00
XAUUSD,5m,2026-08-25T23:30:00+00:00,4660.95,4661.31,4658.17,4660.07,1134.0,2026-08-26T01:30:00+02:00
XAUUSD,5m,2026-08-25T23:35:00+00:00,4660.07,4660.74,4658.74,4659.14,576.0,2026-08-26T01:35:00+02:00
XAUUSD,5m,2026-08-25T23:40:00+00:00,4659.14,4659.74,4655.7,4656.11,1589.0,2026-08-26T01:40:00+02:00
XAUUSD,5m,2026-08-25T23:45:00+00:00,4656.11,4658.91,4654.64,4655.85,2278.0,2026-08-26T01:45:00+02:00
XAUUSD,5m,2026-08-25T23:50:00+00:00,4655.85,4657.01,4653.6,4654.83,1870.0,2026-08-26T01:50:00+02:00
XAUUSD,5m,2026-08-25T23:55:00+00:00,4654.83,4655.6,4653.09,4654.83,1664.0,2026-08-26T01:55:00+02:00
XAUUSD,5m,2026-08-26T00:00:00+00:00,4654.83,4657.86,4651.46,4652.47,4580.0,2026-08-26T02:00:00+02:00
XAUUSD,5m,2026-08-26T00:05:00+00:00,4652.47,4654.26,4651.09,4653.69,3486.0,2026-08-26T02:05:00+02:00
XAUUSD,5m,2026-08-26T00:10:00+00:00,4653.69,4654.74,4650.61,4651.18,2693.0,2026-08-26T02:10:00+02:00
XAUUSD,5m,2026-08-26T00:15:00+00:00,4651.18,4655.13,4650.25,4651.3,2560.0,2026-08-26T02:15:00+02:00
XAUUSD,5m,2026-08-26T00:20:00+00:00,4651.3,4651.49,4644.86,4645.33,2625.0,2026-08-26T02:20:00+02:00
XAUUSD,5m,2026-08-26T00:25:00+00:00,4645.33,4647.58,4642.86,4646.7,2561.0,2026-08-26T02:25:00+02:00
XAUUSD,5m,2026-08-26T00:30:00+00:00,4646.7,4650.15,4643.84,4644.95,2922.0,2026-08-26T02:30:00+02:00
XAUUSD,5m,2026-08-26T00:35:00+00:00,4644.95,4645.31,4638.4,4639.81,3439.0,2026-08-26T02:35:00+02:00
XAUUSD,5m,2026-08-26T00:40:00+00:00,4639.81,4640.04,4636.28,4636.89,2731.0,2026-08-26T02:40:00+02:00
XAUUSD,5m,2026-08-26T00:45:00+00:00,4636.89,4638.47,4635.91,4636.42,3110.0,2026-08-26T02:45:00+02:00
XAUUSD,5m,2026-08-26T00:50:00+00:00,4636.42,4639.03,4634.35,4636.1,2860.0,2026-08-26T02:50:00+02:00
XAUUSD,5m,2026-08-26T00:55:00+00:00,4636.1,4638.89,4635.8,4637.4,2669.0,2026-08-26T02:55:00+02:00
XAUUSD,5m,2026-08-26T01:00:00+00:00,4637.4,4646.33,4629.23,4645.89,8589.0,2026-08-26T03:00:00+02:00
XAUUSD,5m,2026-08-26T01:05:00+00:00,4645.89,4647.69,4640.74,4644.61,5349.0,2026-08-26T03:05:00+02:00
XAUUSD,5m,2026-08-26T01:10:00+00:00,4644.61,4646.42,4640.81,4644.08,4226.0,2026-08-26T03:10:00+02:00
XAUUSD,5m,2026-08-26T01:15:00+00:00,4644.08,4650.38,4644.05,4645.44,4344.0,2026-08-26T03:15:00+02:00
XAUUSD,5m,2026-08-26T01:20:00+00:00,4645.44,4649.2,4644.19,4644.23,4367.0,2026-08-26T03:20:00+02:00
XAUUSD,5m,2026-08-26T01:25:00+00:00,4644.23,4647.98,4643.38,4643.5,3622.0,2026-08-26T03:25:00+02:00
XAUUSD,5m,2026-08-26T01:30:00+00:00,4643.5,4645.29,4638.81,4639.09,6396.0,2026-08-26T03:30:00+02:00
XAUUSD,5m,2026-08-26T01:35:00+00:00,4639.09,4646.72,4639.09,4645.46,4622.0,2026-08-26T03:35:00+02:00
XAUUSD,5m,2026-08-26T01:40:00+00:00,4645.46,4647.08,4639.79,4644.67,4187.0,2026-08-26T03:40:00+02:00
XAUUSD,5m,2026-08-26T01:45:00+00:00,4644.67,4650.69,4642.93,4650.56,4274.0,2026-08-26T03:45:00+02:00
XAUUSD,5m,2026-08-26T01:50:00+00:00,4650.56,4653.8,4649.96,4651.72,3731.0,2026-08-26T03:50:00+02:00
XAUUSD,5m,2026-08-26T01:55:00+00:00,4651.72,4660.89,4651.42,4657.06,4064.0,2026-08-26T03:55:00+02:00
XAUUSD,5m,2026-08-26T02:00:00+00:00,4657.06,4660.46,4654.83,4659.81,4785.0,2026-08-26T04:00:00+02:00
XAUUSD,5m,2026-08-26T02:05:00+00:00,4659.81,4661.64,4658.63,4660.46,3625.0,2026-08-26T04:05:00+02:00
XAUUSD,5m,2026-08-26T02:10:00+00:00,4660.46,4661.45,4657.8,4660.09,3281.0,2026-08-26T04:10:00+02:00
XAUUSD,5m,2026-08-26T02:15:00+00:00,4660.09,4661.32,4659.19,4661.07,1887.0,2026-08-26T04:15:00+02:00
XAUUSD,5m,2026-08-26T02:20:00+00:00,4661.07,4661.76,4658.69,4659.02,1906.0,2026-08-26T04:20:00+02:00
XAUUSD,5m,2026-08-26T02:25:00+00:00,4659.02,4660.13,4656.01,4658.96,2189.0,2026-08-26T04:25:00+02:00
XAUUSD,5m,2026-08-26T02:30:00+00:00,4658.96,4663.9,4657.44,4663.58,4212.0,2026-08-26T04:30:00+02:00
XAUUSD,5m,2026-08-26T02:35:00+00:00,4663.58,4665.74,4659.28,4663.33,3602.0,2026-08-26T04:35:00+02:00
XAUUSD,5m,2026-08-26T02:40:00+00:00,4663.33,4670.63,4661.89,4667.26,3513.0,2026-08-26T04:40:00+02:00
XAUUSD,5m,2026-08-26T02:45:00+00:00,4667.26,4669.0,4665.27,4665.72,2858.0,2026-08-26T04:45:00+02:00
XAUUSD,5m,2026-08-26T02:50:00+00:00,4665.72,4666.82,4660.32,4660.85,2971.0,2026-08-26T04:50:00+02:00
XAUUSD,5m,2026-08-26T02:55:00+00:00,4660.85,4661.08,4657.79,4658.37,2472.0,2026-08-26T04:55:00+02:00
XAUUSD,5m,2026-08-26T03:00:00+00:00,4658.37,4658.82,4653.16,4656.85,3504.0,2026-08-26T05:00:00+02:00
XAUUSD,5m,2026-08-26T03:05:00+00:00,4656.85,4657.22,4649.46,4650.09,3203.0,2026-08-26T05:05:00+02:00
XAUUSD,5m,2026-08-26T03:10:00+00:00,4650.09,4650.24,4647.1,4648.19,2579.0,2026-08-26T05:10:00+02:00
XAUUSD,5m,2026-08-26T03:15:00+00:00,4648.19,4648.63,4645.4,4647.51,2605.0,2026-08-26T05:15:00+02:00
XAUUSD,5m,2026-08-26T03:20:00+00:00,4647.51,4650.87,4647.1,4648.9,2738.0,2026-08-26T05:20:00+02:00
XAUUSD,5m,2026-08-26T03:25:00+00:00,4648.9,4650.77,4647.73,4650.33,2543.0,2026-08-26T05:25:00+02:00
XAUUSD,5m,2026-08-26T03:30:00+00:00,4650.33,4651.36,4649.6,4650.05,1885.0,2026-08-26T05:30:00+02:00
XAUUSD,5m,2026-08-26T03:35:00+00:00,4650.05,4651.24,4646.78,4648.33,1709.0,2026-08-26T05:35:00+02:00
XAUUSD,5m,2026-08-26T03:40:00+00:00,4648.33,4649.15,4645.22,4645.25,1509.0,2026-08-26T05:40:00+02:00
XAUUSD,5m,2026-08-26T03:45:00+00:00,4645.25,4645.41,4642.54,4644.78,1735.0,2026-08-26T05:45:00+02:00
XAUUSD,5m,2026-08-26T03:50:00+00:00,4644.78,4645.52,4643.2,4644.28,1308.0,2026-08-26T05:50:00+02:00
XAUUSD,5m,2026-08-26T03:55:00+00:00,4644.28,4644.66,4642.65,4642.72,1391.0,2026-08-26T05:55:00+02:00
XAUUSD,5m,2026-08-26T04:00:00+00:00,4642.72,4644.34,4642.39,4642.86,1448.0,2026-08-26T06:00:00+02:00
XAUUSD,5m,2026-08-26T04:05:00+00:00,4642.86,4643.77,4641.68,4643.69,1053.0,2026-08-26T06:05:00+02:00
XAUUSD,5m,2026-08-26T04:10:00+00:00,4643.69,4643.99,4642.39,4642.46,1010.0,2026-08-26T06:10:00+02:00
XAUUSD,5m,2026-08-26T04:15:00+00:00,4642.46,4643.29,4641.28,4642.14,1117.0,2026-08-26T06:15:00+02:00
XAUUSD,5m,2026-08-26T04:20:00+00:00,4642.14,4642.99,4641.4,4642.51,1222.0,2026-08-26T06:20:00+02:00
XAUUSD,5m,2026-08-26T04:25:00+00:00,4642.51,4642.89,4641.12,4642.28,1025.0,2026-08-26T06:25:00+02:00
XAUUSD,5m,2026-08-26T04:30:00+00:00,4642.28,4643.32,4641.11,4641.8,1168.0,2026-08-26T06:30:00+02:00
XAUUSD,5m,2026-08-26T04:35:00+00:00,4641.8,4642.24,4640.25,4640.39,1146.0,2026-08-26T06:35:00+02:00
XAUUSD,5m,2026-08-26T04:40:00+00:00,4640.39,4642.16,4639.74,4640.75,1171.0,2026-08-26T06:40:00+02:00
XAUUSD,5m,2026-08-26T04:45:00+00:00,4640.75,4641.2,4638.79,4640.14,1350.0,2026-08-26T06:45:00+02:00
XAUUSD,5m,2026-08-26T04:50:00+00:00,4640.14,4641.86,4639.52,4640.84,1410.0,2026-08-26T06:50:00+02:00
XAUUSD,5m,2026-08-26T04:55:00+00:00,4640.84,4641.67,4639.49,4640.57,1470.0,2026-08-26T06:55:00+02:00
XAUUSD,5m,2026-08-26T05:00:00+00:00,4640.57,4643.76,4640.06,4641.94,2006.0,2026-08-26T07:00:00+02:00
XAUUSD,5m,2026-08-26T05:05:00+00:00,4641.94,4645.92,4641.66,4645.63,1728.0,2026-08-26T07:05:00+02:00
XAUUSD,5m,2026-08-26T05:10:00+00:00,4645.63,4645.73,4641.3,4643.31,1447.0,2026-08-26T07:10:00+02:00
XAUUSD,5m,2026-08-26T05:15:00+00:00,4643.31,4644.76,4641.34,4643.32,2016.0,2026-08-26T07:15:00+02:00
XAUUSD,5m,2026-08-26T05:20:00+00:00,4643.32,4644.51,4641.77,4643.85,1578.0,2026-08-26T07:20:00+02:00
XAUUSD,5m,2026-08-26T05:25:00+00:00,4643.85,4645.34,4642.54,4643.42,1497.0,2026-08-26T07:25:00+02:00
XAUUSD,5m,2026-08-26T05:30:00+00:00,4643.42,4649.48,4640.74,4645.62,4654.0,2026-08-26T07:30:00+02:00
XAUUSD,5m,2026-08-26T05:35:00+00:00,4645.62,4645.94,4638.63,4641.52,3790.0,2026-08-26T07:35:00+02:00
XAUUSD,5m,2026-08-26T05:40:00+00:00,4641.52,4644.6,4637.91,4637.96,2795.0,2026-08-26T07:40:00+02:00
XAUUSD,5m,2026-08-26T05:45:00+00:00,4637.96,4640.54,4635.47,4637.64,3587.0,2026-08-26T07:45:00+02:00
XAUUSD,5m,2026-08-26T05:50:00+00:00,4637.64,4640.3,4636.89,4638.89,3004.0,2026-08-26T07:50:00+02:00
XAUUSD,5m,2026-08-26T05:55:00+00:00,4638.89,4639.76,4636.91,4639.65,2687.0,2026-08-26T07:55:00+02:00
XAUUSD,5m,2026-08-26T06:00:00+00:00,4639.65,4641.43,4636.16,4640.93,3738.0,2026-08-26T08:00:00+02:00
XAUUSD,5m,2026-08-26T06:05:00+00:00,4640.93,4641.01,4637.28,4639.04,2589.0,2026-08-26T08:05:00+02:00
XAUUSD,5m,2026-08-26T06:10:00+00:00,4639.04,4639.18,4635.98,4637.5,2653.0,2026-08-26T08:10:00+02:00
XAUUSD,5m,2026-08-26T06:15:00+00:00,4637.5,4637.83,4631.16,4634.19,3175.0,2026-08-26T08:15:00+02:00
XAUUSD,5m,2026-08-26T06:20:00+00:00,4634.19,4634.58,4625.86,4627.05,3673.0,2026-08-26T08:20:00+02:00
XAUUSD,5m,2026-08-26T06:25:00+00:00,4627.05,4628.94,4624.44,4626.7,3153.0,2026-08-26T08:25:00+02:00
XAUUSD,5m,2026-08-26T06:30:00+00:00,4626.7,4630.9,4625.66,4630.9,2722.0,2026-08-26T08:30:00+02:00
XAUUSD,5m,2026-08-26T06:35:00+00:00,4630.9,4631.13,4627.12,4630.59,2535.0,2026-08-26T08:35:00+02:00
XAUUSD,5m,2026-08-26T06:40:00+00:00,4630.59,4634.25,4629.81,4633.27,2550.0,2026-08-26T08:40:00+02:00
XAUUSD,5m,2026-08-26T06:45:00+00:00,4633.27,4636.91,4633.25,4635.08,2072.0,2026-08-26T08:45:00+02:00
XAUUSD,5m,2026-08-26T06:50:00+00:00,4635.08,4635.63,4632.37,4633.25,2106.0,2026-08-26T08:50:00+02:00
XAUUSD,5m,2026-08-26T06:55:00+00:00,4633.25,4634.5,4630.44,4634.15,2532.0,2026-08-26T08:55:00+02:00
XAUUSD,5m,2026-08-26T07:00:00+00:00,4634.15,4639.22,4634.04,4638.94,3272.0,2026-08-26T09:00:00+02:00
XAUUSD,5m,2026-08-26T07:05:00+00:00,4638.94,4639.32,4633.05,4635.25,2292.0,2026-08-26T09:05:00+02:00
XAUUSD,5m,2026-08-26T07:10:00+00:00,4635.25,4637.0,4633.0,4636.39,2342.0,2026-08-26T09:10:00+02:00
XAUUSD,5m,2026-08-26T07:15:00+00:00,4636.39,4637.65,4633.56,4633.84,2205.0,2026-08-26T09:15:00+02:00
XAUUSD,5m,2026-08-26T07:20:00+00:00,4633.84,4635.43,4631.94,4634.12,2084.0,2026-08-26T09:20:00+02:00
XAUUSD,5m,2026-08-26T07:25:00+00:00,4634.12,4635.92,4630.76,4631.34,2486.0,2026-08-26T09:25:00+02:00
XAUUSD,5m,2026-08-26T07:30:00+00:00,4631.34,4636.39,4631.05,4633.44,2656.0,2026-08-26T09:30:00+02:00
XAUUSD,5m,2026-08-26T07:35:00+00:00,4633.44,4634.41,4629.94,4630.4,1629.0,2026-08-26T09:35:00+02:00
XAUUSD,5m,2026-08-26T07:40:00+00:00,4630.4,4631.68,4628.86,4631.68,1666.0,2026-08-26T09:40:00+02:00
XAUUSD,5m,2026-08-26T07:45:00+00:00,4631.68,4634.8,4630.61,4631.77,1777.0,2026-08-26T09:45:00+02:00
XAUUSD,5m,2026-08-26T07:50:00+00:00,4631.77,4631.82,4627.6,4628.43,2159.0,2026-08-26T09:50:00+02:00
XAUUSD,5m,2026-08-26T07:55:00+00:00,4628.43,4630.0,4626.37,4628.99,2241.0,2026-08-26T09:55:00+02:00
XAUUSD,5m,2026-08-26T08:00:00+00:00,4628.99,4630.31,4626.48,4628.63,3182.0,2026-08-26T10:00:00+02:00
XAUUSD,5m,2026-08-26T08:05:00+00:00,4628.63,4629.6,4625.59,4627.65,2568.0,2026-08-26T10:05:00+02:00
XAUUSD,5m,2026-08-26T08:10:00+00:00,4627.65,4628.41,4625.18,4625.59,2359.0,2026-08-26T10:10:00+02:00
XAUUSD,5m,2026-08-26T08:15:00+00:00,4625.59,4628.39,4622.75,4624.99,2811.0,2026-08-26T10:15:00+02:00
XAUUSD,5m,2026-08-26T08:20:00+00:00,4624.99,4626.28,4622.06,4626.14,1982.0,2026-08-26T10:20:00+02:00
XAUUSD,5m,2026-08-26T08:25:00+00:00,4626.14,4629.67,4625.54,4629.66,2094.0,2026-08-26T10:25:00+02:00
XAUUSD,5m,2026-08-26T08:30:00+00:00,4629.66,4630.69,4624.9,4628.14,2909.0,2026-08-26T10:30:00+02:00
XAUUSD,5m,2026-08-26T08:35:00+00:00,4628.14,4630.39,4627.81,4629.08,1838.0,2026-08-26T10:35:00+02:00
XAUUSD,5m,2026-08-26T08:40:00+00:00,4629.08,4629.65,4627.84,4629.39,1734.0,2026-08-26T10:40:00+02:00
XAUUSD,5m,2026-08-26T08:45:00+00:00,4629.39,4629.95,4626.93,4628.79,1659.0,2026-08-26T10:45:00+02:00
XAUUSD,5m,2026-08-26T08:50:00+00:00,4628.79,4628.99,4627.3,4627.57,1362.0,2026-08-26T10:50:00+02:00
XAUUSD,5m,2026-08-26T08:55:00+00:00,4627.57,4628.6,4625.97,4628.22,1552.0,2026-08-26T10:55:00+02:00
XAUUSD,5m,2026-08-26T09:00:00+00:00,4628.22,4630.93,4625.71,4625.93,2302.0,2026-08-26T11:00:00+02:00
XAUUSD,5m,2026-08-26T09:05:00+00:00,4625.93,4627.59,4624.07,4624.21,2100.0,2026-08-26T11:05:00+02:00
XAUUSD,5m,2026-08-26T09:10:00+00:00,4624.21,4627.75,4623.91,4624.89,1958.0,2026-08-26T11:10:00+02:00
XAUUSD,5m,2026-08-26T09:15:00+00:00,4624.89,4625.14,4620.87,4620.94,2217.0,2026-08-26T11:15:00+02:00
XAUUSD,5m,2026-08-26T09:20:00+00:00,4620.94,4621.29,4618.5,4618.9,2029.0,2026-08-26T11:20:00+02:00
XAUUSD,5m,2026-08-26T09:25:00+00:00,4618.9,4619.55,4616.16,4616.67,2582.0,2026-08-26T11:25:00+02:00
XAUUSD,5m,2026-08-26T09:30:00+00:00,4616.67,4622.24,4616.62,4620.92,2287.0,2026-08-26T11:30:00+02:00
XAUUSD,5m,2026-08-26T09:35:00+00:00,4620.92,4621.34,4619.92,4620.26,1375.0,2026-08-26T11:35:00+02:00
XAUUSD,5m,2026-08-26T09:40:00+00:00,4620.26,4622.15,4619.4,4621.88,1622.0,2026-08-26T11:40:00+02:00
XAUUSD,5m,2026-08-26T09:45:00+00:00,4621.88,4625.57,4621.4,4624.11,1877.0,2026-08-26T11:45:00+02:00
XAUUSD,5m,2026-08-26T09:50:00+00:00,4624.11,4625.2,4622.76,4624.19,1803.0,2026-08-26T11:50:00+02:00
XAUUSD,5m,2026-08-26T09:55:00+00:00,4624.19,4625.13,4622.96,4622.96,1258.0,2026-08-26T11:55:00+02:00
XAUUSD,5m,2026-08-26T10:00:00+00:00,4622.96,4624.09,4620.12,4623.47,1814.0,2026-08-26T12:00:00+02:00
XAUUSD,5m,2026-08-26T10:05:00+00:00,4623.47,4623.47,4620.37,4621.86,1378.0,2026-08-26T12:05:00+02:00
XAUUSD,5m,2026-08-26T10:10:00+00:00,4621.86,4621.87,4617.62,4618.9,1412.0,2026-08-26T12:10:00+02:00
XAUUSD,5m,2026-08-26T10:15:00+00:00,4618.9,4620.4,4616.96,4617.14,1547.0,2026-08-26T12:15:00+02:00
XAUUSD,5m,2026-08-26T10:20:00+00:00,4617.14,4619.96,4615.96,4618.6,1661.0,2026-08-26T12:20:00+02:00
XAUUSD,5m,2026-08-26T10:25:00+00:00,4618.6,4618.64,4612.92,4615.12,1985.0,2026-08-26T12:25:00+02:00
XAUUSD,5m,2026-08-26T10:30:00+00:00,4615.12,4619.33,4614.55,4619.22,1545.0,2026-08-26T12:30:00+02:00
XAUUSD,5m,2026-08-26T10:35:00+00:00,4619.22,4624.09,4618.27,4623.97,1465.0,2026-08-26T12:35:00+02:00
XAUUSD,5m,2026-08-26T10:40:00+00:00,4623.97,4623.97,4620.67,4622.18,1538.0,2026-08-26T12:40:00+02:00
XAUUSD,5m,2026-08-26T10:45:00+00:00,4622.18,4623.81,4622.07,4623.51,1108.0,2026-08-26T12:45:00+02:00
XAUUSD,5m,2026-08-26T10:50:00+00:00,4623.51,4624.1,4621.5,4622.66,1458.0,2026-08-26T12:50:00+02:00
XAUUSD,5m,2026-08-26T10:55:00+00:00,4622.66,4622.66,4618.68,4620.22,1338.0,2026-08-26T12:55:00+02:00
XAUUSD,5m,2026-08-26T11:00:00+00:00,4620.22,4621.83,4619.29,4620.73,2127.0,2026-08-26T13:00:00+02:00
XAUUSD,5m,2026-08-26T11:05:00+00:00,4620.73,4620.85,4616.69,4617.62,1648.0,2026-08-26T13:05:00+02:00
XAUUSD,5m,2026-08-26T11:10:00+00:00,4617.62,4619.11,4616.53,4618.42,1439.0,2026-08-26T13:10:00+02:00
XAUUSD,5m,2026-08-26T11:15:00+00:00,4618.42,4622.96,4618.21,4622.0,1642.0,2026-08-26T13:15:00+02:00
XAUUSD,5m,2026-08-26T11:20:00+00:00,4622.0,4622.92,4615.96,4616.72,1735.0,2026-08-26T13:20:00+02:00
XAUUSD,5m,2026-08-26T11:25:00+00:00,4616.72,4621.76,4616.62,4620.72,2282.0,2026-08-26T13:25:00+02:00
XAUUSD,5m,2026-08-26T11:30:00+00:00,4620.72,4622.8,4618.25,4618.92,2275.0,2026-08-26T13:30:00+02:00
XAUUSD,5m,2026-08-26T11:35:00+00:00,4618.92,4619.97,4617.17,4618.19,1943.0,2026-08-26T13:35:00+02:00
XAUUSD,5m,2026-08-26T11:40:00+00:00,4618.19,4619.61,4617.29,4619.09,1649.0,2026-08-26T13:40:00+02:00
XAUUSD,5m,2026-08-26T11:45:00+00:00,4619.09,4619.24,4616.85,4618.43,2144.0,2026-08-26T13:45:00+02:00
XAUUSD,5m,2026-08-26T11:50:00+00:00,4618.43,4620.12,4617.68,4619.54,1577.0,2026-08-26T13:50:00+02:00
XAUUSD,5m,2026-08-26T11:55:00+00:00,4619.54,4625.15,4619.11,4624.5,2003.0,2026-08-26T13:55:00+02:00
XAUUSD,5m,2026-08-26T12:00:00+00:00,4624.5,4629.26,4623.52,4627.35,3511.0,2026-08-26T14:00:00+02:00
XAUUSD,5m,2026-08-26T12:05:00+00:00,4627.35,4629.74,4626.88,4627.19,2405.0,2026-08-26T14:05:00+02:00
XAUUSD,5m,2026-08-26T12:10:00+00:00,4627.19,4628.08,4625.18,4625.49,2377.0,2026-08-26T14:10:00+02:00
XAUUSD,5m,2026-08-26T12:15:00+00:00,4625.49,4629.99,4624.48,4628.95,2365.0,2026-08-26T14:15:00+02:00
XAUUSD,5m,2026-08-26T12:20:00+00:00,4628.95,4629.61,4625.15,4626.17,3140.0,2026-08-26T14:20:00+02:00
XAUUSD,5m,2026-08-26T12:25:00+00:00,4626.17,4630.31,4625.62,4630.06,2662.0,2026-08-26T14:25:00+02:00
XAUUSD,5m,2026-08-26T12:30:00+00:00,4630.06,4632.94,4611.94,4623.24,9984.0,2026-08-26T14:30:00+02:00
XAUUSD,5m,2026-08-26T12:35:00+00:00,4623.24,4625.87,4617.76,4621.96,6775.0,2026-08-26T14:35:00+02:00
XAUUSD,5m,2026-08-26T12:40:00+00:00,4621.96,4625.39,4614.57,4622.41,6468.0,2026-08-26T14:40:00+02:00
XAUUSD,5m,2026-08-26T12:45:00+00:00,4622.41,4624.94,4618.27,4623.93,4843.0,2026-08-26T14:45:00+02:00
XAUUSD,5m,2026-08-26T12:50:00+00:00,4623.93,4626.25,4610.43,4616.21,6096.0,2026-08-26T14:50:00+02:00
XAUUSD,5m,2026-08-26T12:55:00+00:00,4616.21,4618.56,4612.9,4614.33,6409.0,2026-08-26T14:55:00+02:00
XAUUSD,5m,2026-08-26T13:00:00+00:00,4614.33,4621.28,4608.63,4612.21,9831.0,2026-08-26T15:00:00+02:00
XAUUSD,5m,2026-08-26T13:05:00+00:00,4612.21,4617.27,4608.4,4609.03,7350.0,2026-08-26T15:05:00+02:00
XAUUSD,5m,2026-08-26T13:10:00+00:00,4609.03,4613.04,4607.99,4611.09,6266.0,2026-08-26T15:10:00+02:00
XAUUSD,5m,2026-08-26T13:15:00+00:00,4611.09,4613.83,4597.45,4611.29,7231.0,2026-08-26T15:15:00+02:00
XAUUSD,5m,2026-08-26T13:20:00+00:00,4611.29,4614.15,4604.08,4609.16,5769.0,2026-08-26T15:20:00+02:00
XAUUSD,5m,2026-08-26T13:25:00+00:00,4609.16,4612.57,4605.21,4611.15,5762.0,2026-08-26T15:25:00+02:00
XAUUSD,5m,2026-08-26T13:30:00+00:00,4611.15,4618.96,4610.28,4615.7,11631.0,2026-08-26T15:30:00+02:00
XAUUSD,5m,2026-08-26T13:35:00+00:00,4615.7,4617.04,4612.47,4613.31,11065.0,2026-08-26T15:35:00+02:00
XAUUSD,5m,2026-08-26T13:40:00+00:00,4613.31,4622.97,4611.81,4619.62,8996.0,2026-08-26T15:40:00+02:00
XAUUSD,5m,2026-08-26T13:45:00+00:00,4619.62,4625.68,4618.2,4625.59,9747.0,2026-08-26T15:45:00+02:00
XAUUSD,5m,2026-08-26T13:50:00+00:00,4625.59,4628.9,4622.51,4623.81,10382.0,2026-08-26T15:50:00+02:00
XAUUSD,5m,2026-08-26T13:55:00+00:00,4623.81,4631.87,4623.72,4631.46,8281.0,2026-08-26T15:55:00+02:00
XAUUSD,5m,2026-08-26T14:00:00+00:00,4631.46,4633.5,4622.6,4623.96,9666.0,2026-08-26T16:00:00+02:00
XAUUSD,5m,2026-08-26T14:05:00+00:00,4623.96,4625.93,4620.46,4622.86,7765.0,2026-08-26T16:05:00+02:00
XAUUSD,5m,2026-08-26T14:10:00+00:00,4622.86,4627.12,4619.29,4620.12,5623.0,2026-08-26T16:10:00+02:00
XAUUSD,5m,2026-08-26T14:15:00+00:00,4620.12,4624.17,4619.22,4623.02,5975.0,2026-08-26T16:15:00+02:00
XAUUSD,5m,2026-08-26T14:20:00+00:00,4623.02,4626.82,4619.18,4621.04,5596.0,2026-08-26T16:20:00+02:00
XAUUSD,5m,2026-08-26T14:25:00+00:00,4621.04,4621.25,4616.17,4616.62,6289.0,2026-08-26T16:25:00+02:00
XAUUSD,5m,2026-08-26T14:30:00+00:00,4616.62,4619.43,4614.7,4618.09,6479.0,2026-08-26T16:30:00+02:00
XAUUSD,5m,2026-08-26T14:35:00+00:00,4618.09,4618.67,4612.49,4616.89,5543.0,2026-08-26T16:35:00+02:00
XAUUSD,5m,2026-08-26T14:40:00+00:00,4616.89,4622.88,4616.85,4621.81,4580.0,2026-08-26T16:40:00+02:00
XAUUSD,5m,2026-08-26T14:45:00+00:00,4621.81,4622.76,4611.71,4612.66,6295.0,2026-08-26T16:45:00+02:00
XAUUSD,5m,2026-08-26T14:50:00+00:00,4612.66,4614.28,4605.99,4607.74,5635.0,2026-08-26T16:50:00+02:00
XAUUSD,5m,2026-08-26T14:55:00+00:00,4607.74,4612.44,4602.71,4602.87,6759.0,2026-08-26T16:55:00+02:00
XAUUSD,5m,2026-08-26T15:00:00+00:00,4602.87,4605.52,4592.8,4598.54,8741.0,2026-08-26T17:00:00+02:00
XAUUSD,5m,2026-08-26T15:05:00+00:00,4598.54,4598.76,4588.06,4597.73,8371.0,2026-08-26T17:05:00+02:00
XAUUSD,5m,2026-08-26T15:10:00+00:00,4597.73,4599.92,4587.93,4588.86,6807.0,2026-08-26T17:10:00+02:00
XAUUSD,5m,2026-08-26T15:15:00+00:00,4588.86,4594.11,4582.99,4590.69,7248.0,2026-08-26T17:15:00+02:00
XAUUSD,5m,2026-08-26T15:20:00+00:00,4590.69,4593.96,4589.02,4591.75,6009.0,2026-08-26T17:20:00+02:00
XAUUSD,5m,2026-08-26T15:25:00+00:00,4591.75,4598.06,4590.61,4594.67,6056.0,2026-08-26T17:25:00+02:00
XAUUSD,5m,2026-08-26T15:30:00+00:00,4594.67,4598.27,4594.32,4598.05,4911.0,2026-08-26T17:30:00+02:00
XAUUSD,5m,2026-08-26T15:35:00+00:00,4598.05,4601.5,4597.2,4601.49,4488.0,2026-08-26T17:35:00+02:00
XAUUSD,5m,2026-08-26T15:40:00+00:00,4601.49,4604.82,4600.08,4604.82,3584.0,2026-08-26T17:40:00+02:00
XAUUSD,5m,2026-08-26T15:45:00+00:00,4604.82,4609.24,4604.35,4608.22,4065.0,2026-08-26T17:45:00+02:00
XAUUSD,5m,2026-08-26T15:50:00+00:00,4608.22,4608.58,4598.18,4600.25,7154.0,2026-08-26T17:50:00+02:00
XAUUSD,5m,2026-08-26T15:55:00+00:00,4600.25,4604.07,4596.03,4596.06,4967.0,2026-08-26T17:55:00+02:00
XAUUSD,5m,2026-08-26T16:00:00+00:00,4596.06,4599.08,4590.42,4597.21,5729.0,2026-08-26T18:00:00+02:00
XAUUSD,5m,2026-08-26T16:05:00+00:00,4597.21,4601.57,4596.78,4599.54,4563.0,2026-08-26T18:05:00+02:00
XAUUSD,5m,2026-08-26T16:10:00+00:00,4599.54,4600.48,4597.14,4600.23,4156.0,2026-08-26T18:10:00+02:00
XAUUSD,5m,2026-08-26T16:15:00+00:00,4600.23,4600.98,4596.85,4599.28,3820.0,2026-08-26T18:15:00+02:00
XAUUSD,5m,2026-08-26T16:20:00+00:00,4599.28,4599.85,4594.02,4595.96,3638.0,2026-08-26T18:20:00+02:00
XAUUSD,5m,2026-08-26T16:25:00+00:00,4595.96,4597.21,4594.15,4594.86,4424.0,2026-08-26T18:25:00+02:00
XAUUSD,5m,2026-08-26T16:30:00+00:00,4594.86,4596.35,4592.86,4594.19,4475.0,2026-08-26T18:30:00+02:00
XAUUSD,5m,2026-08-26T16:35:00+00:00,4594.19,4595.38,4586.72,4587.17,3920.0,2026-08-26T18:35:00+02:00
XAUUSD,5m,2026-08-26T16:40:00+00:00,4587.17,4591.45,4585.45,4588.1,3511.0,2026-08-26T18:40:00+02:00
XAUUSD,5m,2026-08-26T16:45:00+00:00,4588.1,4594.85,4587.94,4594.84,3587.0,2026-08-26T18:45:00+02:00
XAUUSD,5m,2026-08-26T16:50:00+00:00,4594.84,4596.71,4588.88,4589.5,3807.0,2026-08-26T18:50:00+02:00
XAUUSD,5m,2026-08-26T16:55:00+00:00,4589.5,4592.07,4588.37,4591.5,3758.0,2026-08-26T18:55:00+02:00
XAUUSD,5m,2026-08-26T17:00:00+00:00,4591.5,4593.66,4591.15,4593.13,3689.0,2026-08-26T19:00:00+02:00
XAUUSD,5m,2026-08-26T17:05:00+00:00,4593.13,4596.13,4590.49,4594.25,3519.0,2026-08-26T19:05:00+02:00
XAUUSD,5m,2026-08-26T17:10:00+00:00,4594.25,4595.26,4593.11,4594.67,2843.0,2026-08-26T19:10:00+02:00
XAUUSD,5m,2026-08-26T17:15:00+00:00,4594.67,4595.96,4593.44,4595.93,2879.0,2026-08-26T19:15:00+02:00
XAUUSD,5m,2026-08-26T17:20:00+00:00,4595.93,4598.98,4595.14,4596.49,3463.0,2026-08-26T19:20:00+02:00
XAUUSD,5m,2026-08-26T17:25:00+00:00,4596.49,4598.35,4594.12,4597.64,3524.0,2026-08-26T19:25:00+02:00
XAUUSD,5m,2026-08-26T17:30:00+00:00,4597.64,4602.25,4596.71,4600.92,3179.0,2026-08-26T19:30:00+02:00
XAUUSD,5m,2026-08-26T17:35:00+00:00,4600.92,4601.42,4595.96,4596.6,2150.0,2026-08-26T19:35:00+02:00
XAUUSD,5m,2026-08-26T17:40:00+00:00,4596.6,4599.37,4595.7,4597.03,2588.0,2026-08-26T19:40:00+02:00
XAUUSD,5m,2026-08-26T17:45:00+00:00,4597.03,4598.69,4596.15,4598.16,1977.0,2026-08-26T19:45:00+02:00
XAUUSD,5m,2026-08-26T17:50:00+00:00,4598.16,4599.25,4597.14,4597.37,1749.0,2026-08-26T19:50:00+02:00
XAUUSD,5m,2026-08-26T17:55:00+00:00,4597.37,4597.85,4594.15,4597.77,2482.0,2026-08-26T19:55:00+02:00
XAUUSD,5m,2026-08-26T18:00:00+00:00,4597.77,4603.4,4596.61,4602.87,2750.0,2026-08-26T20:00:00+02:00
XAUUSD,5m,2026-08-26T18:05:00+00:00,4602.87,4604.53,4600.46,4602.08,2597.0,2026-08-26T20:05:00+02:00
XAUUSD,5m,2026-08-26T18:10:00+00:00,4602.08,4603.62,4599.74,4600.13,1904.0,2026-08-26T20:10:00+02:00
XAUUSD,5m,2026-08-26T18:15:00+00:00,4600.13,4600.51,4594.87,4595.64,2702.0,2026-08-26T20:15:00+02:00
XAUUSD,5m,2026-08-26T18:20:00+00:00,4595.64,4595.88,4592.68,4593.96,2620.0,2026-08-26T20:20:00+02:00
XAUUSD,5m,2026-08-26T18:25:00+00:00,4593.96,4595.34,4592.98,4594.79,2660.0,2026-08-26T20:25:00+02:00
XAUUSD,5m,2026-08-26T18:30:00+00:00,4594.79,4595.77,4593.27,4593.42,2560.0,2026-08-26T20:30:00+02:00
XAUUSD,5m,2026-08-26T18:35:00+00:00,4593.42,4596.55,4592.34,4594.26,1819.0,2026-08-26T20:35:00+02:00
XAUUSD,5m,2026-08-26T18:40:00+00:00,4594.26,4597.47,4593.66,4596.71,1792.0,2026-08-26T20:40:00+02:00
XAUUSD,5m,2026-08-26T18:45:00+00:00,4596.71,4597.73,4595.85,4596.85,2088.0,2026-08-26T20:45:00+02:00
XAUUSD,5m,2026-08-26T18:50:00+00:00,4596.85,4597.77,4596.07,4596.24,1626.0,2026-08-26T20:50:00+02:00
XAUUSD,5m,2026-08-26T18:55:00+00:00,4596.24,4596.26,4593.2,4593.81,2554.0,2026-08-26T20:55:00+02:00
XAUUSD,5m,2026-08-26T19:00:00+00:00,4593.81,4594.98,4591.05,4592.08,3268.0,2026-08-26T21:00:00+02:00
XAUUSD,5m,2026-08-26T19:05:00+00:00,4592.08,4593.48,4590.96,4592.93,2662.0,2026-08-26T21:05:00+02:00
XAUUSD,5m,2026-08-26T19:10:00+00:00,4592.93,4595.66,4592.8,4594.41,2604.0,2026-08-26T21:10:00+02:00
XAUUSD,5m,2026-08-26T19:15:00+00:00,4594.41,4595.58,4591.74,4591.78,2304.0,2026-08-26T21:15:00+02:00
XAUUSD,5m,2026-08-26T19:20:00+00:00,4591.78,4594.47,4590.88,4594.42,2364.0,2026-08-26T21:20:00+02:00
XAUUSD,5m,2026-08-26T19:25:00+00:00,4594.42,4599.06,4594.34,4598.45,2712.0,2026-08-26T21:25:00+02:00
XAUUSD,5m,2026-08-26T19:30:00+00:00,4598.45,4601.53,4596.77,4597.51,2143.0,2026-08-26T21:30:00+02:00
XAUUSD,5m,2026-08-26T19:35:00+00:00,4597.51,4598.47,4596.32,4596.76,2154.0,2026-08-26T21:35:00+02:00
XAUUSD,5m,2026-08-26T19:40:00+00:00,4596.76,4596.97,4594.26,4595.63,1836.0,2026-08-26T21:40:00+02:00
XAUUSD,5m,2026-08-26T19:45:00+00:00,4595.63,4596.48,4594.81,4595.13,2019.0,2026-08-26T21:45:00+02:00
XAUUSD,5m,2026-08-26T19:50:00+00:00,4595.13,4595.4,4592.43,4593.69,2941.0,2026-08-26T21:50:00+02:00
XAUUSD,5m,2026-08-26T19:55:00+00:00,4593.69,4594.87,4592.29,4594.2,4431.0,2026-08-26T21:55:00+02:00
XAUUSD,5m,2026-08-26T20:00:00+00:00,4594.2,4594.78,4592.66,4593.81,1883.0,2026-08-26T22:00:00+02:00
XAUUSD,5m,2026-08-26T20:05:00+00:00,4593.81,4596.54,4593.81,4594.26,1688.0,2026-08-26T22:05:00+02:00
XAUUSD,5m,2026-08-26T20:10:00+00:00,4594.26,4594.95,4591.55,4591.67,1282.0,2026-08-26T22:10:00+02:00
XAUUSD,5m,2026-08-26T20:15:00+00:00,4591.67,4591.88,4589.05,4589.47,1510.0,2026-08-26T22:15:00+02:00
XAUUSD,5m,2026-08-26T20:20:00+00:00,4589.47,4589.53,4583.96,4589.49,4570.0,2026-08-26T22:20:00+02:00
XAUUSD,5m,2026-08-26T20:25:00+00:00,4589.49,4591.89,4588.97,4591.15,1678.0,2026-08-26T22:25:00+02:00
XAUUSD,5m,2026-08-26T20:30:00+00:00,4591.15,4591.88,4590.22,4591.54,1363.0,2026-08-26T22:30:00+02:00
XAUUSD,5m,2026-08-26T20:35:00+00:00,4591.54,4593.4,4591.54,4593.34,1375.0,2026-08-26T22:35:00+02:00
XAUUSD,5m,2026-08-26T20:40:00+00:00,4593.34,4593.34,4591.1,4591.93,991.0,2026-08-26T22:40:00+02:00
XAUUSD,5m,2026-08-26T20:45:00+00:00,4591.93,4593.41,4591.33,4593.27,1000.0,2026-08-26T22:45:00+02:00
XAUUSD,5m,2026-08-26T20:50:00+00:00,4593.27,4593.75,4592.13,4592.83,1208.0,2026-08-26T22:50:00+02:00
XAUUSD,5m,2026-08-26T20:55:00+00:00,4592.83,4594.75,4592.34,4592.34,1485.0,2026-08-26T22:55:00+02:00
XAUUSD,5m,2026-08-26T22:00:00+00:00,4592.34,4606.3,4592.34,4603.24,2590.0,2026-08-27T00:00:00+02:00
XAUUSD,5m,2026-08-26T22:05:00+00:00,4603.24,4605.05,4602.81,4603.71,841.0,2026-08-27T00:05:00+02:00
XAUUSD,5m,2026-08-26T22:10:00+00:00,4603.71,4605.28,4601.56,4602.4,1163.0,2026-08-27T00:10:00+02:00
XAUUSD,5m,2026-08-26T22:15:00+00:00,4602.4,4612.17,4601.9,4610.55,2552.0,2026-08-27T00:15:00+02:00
XAUUSD,5m,2026-08-26T22:20:00+00:00,4610.55,4613.36,4606.04,4606.59,1726.0,2026-08-27T00:20:00+02:00
XAUUSD,5m,2026-08-26T22:25:00+00:00,4606.59,4611.39,4605.56,4610.89,1212.0,2026-08-27T00:25:00+02:00
XAUUSD,5m,2026-08-26T22:30:00+00:00,4610.89,4611.54,4609.48,4609.5,894.0,2026-08-27T00:30:00+02:00
XAUUSD,5m,2026-08-26T22:35:00+00:00,4609.5,4611.44,4608.65,4609.88,1117.0,2026-08-27T00:35:00+02:00
XAUUSD,5m,2026-08-26T22:40:00+00:00,4609.88,4611.46,4608.5,4610.81,1171.0,2026-08-27T00:40:00+02:00
XAUUSD,5m,2026-08-26T22:45:00+00:00,4610.81,4612.45,4607.76,4609.03,845.0,2026-08-27T00:45:00+02:00
XAUUSD,5m,2026-08-26T22:50:00+00:00,4609.03,4609.44,4606.67,4607.32,797.0,2026-08-27T00:50:00+02:00
XAUUSD,5m,2026-08-26T22:55:00+00:00,4607.32,4609.87,4606.78,4609.43,882.0,2026-08-27T00:55:00+02:00
XAUUSD,5m,2026-08-26T23:00:00+00:00,4609.43,4611.91,4606.77,4608.52,1696.0,2026-08-27T01:00:00+02:00
XAUUSD,5m,2026-08-26T23:05:00+00:00,4608.52,4612.48,4608.29,4611.09,1234.0,2026-08-27T01:05:00+02:00
XAUUSD,5m,2026-08-26T23:10:00+00:00,4611.09,4615.75,4611.09,4615.62,971.0,2026-08-27T01:10:00+02:00
XAUUSD,5m,2026-08-26T23:15:00+00:00,4615.62,4620.82,4614.39,4620.71,1308.0,2026-08-27T01:15:00+02:00
XAUUSD,5m,2026-08-26T23:20:00+00:00,4620.71,4622.21,4620.32,4621.28,1057.0,2026-08-27T01:20:00+02:00
XAUUSD,5m,2026-08-26T23:25:00+00:00,4621.28,4622.27,4619.5,4620.0,1122.0,2026-08-27T01:25:00+02:00
XAUUSD,5m,2026-08-26T23:30:00+00:00,4620.0,4621.02,4618.06,4621.02,1254.0,2026-08-27T01:30:00+02:00
XAUUSD,5m,2026-08-26T23:35:00+00:00,4621.02,4624.88,4619.02,4624.87,1225.0,2026-08-27T01:35:00+02:00
XAUUSD,5m,2026-08-26T23:40:00+00:00,4624.87,4624.87,4622.31,4622.61,1043.0,2026-08-27T01:40:00+02:00
XAUUSD,5m,2026-08-26T23:45:00+00:00,4622.61,4624.9,4620.84,4623.36,2391.0,2026-08-27T01:45:00+02:00
XAUUSD,5m,2026-08-26T23:50:00+00:00,4623.36,4624.62,4620.51,4620.74,1362.0,2026-08-27T01:50:00+02:00
XAUUSD,5m,2026-08-26T23:55:00+00:00,4620.74,4624.46,4620.53,4623.5,1688.0,2026-08-27T01:55:00+02:00
XAUUSD,5m,2026-08-27T00:00:00+00:00,4623.5,4627.06,4622.47,4624.18,3603.0,2026-08-27T02:00:00+02:00
XAUUSD,5m,2026-08-27T00:05:00+00:00,4624.18,4624.2,4617.98,4618.75,2662.0,2026-08-27T02:05:00+02:00
XAUUSD,5m,2026-08-27T00:10:00+00:00,4618.75,4619.32,4616.0,4617.91,2467.0,2026-08-27T02:10:00+02:00
XAUUSD,5m,2026-08-27T00:15:00+00:00,4617.91,4619.57,4613.24,4619.17,2753.0,2026-08-27T02:15:00+02:00
XAUUSD,5m,2026-08-27T00:20:00+00:00,4619.17,4621.35,4618.35,4620.05,2451.0,2026-08-27T02:20:00+02:00
XAUUSD,5m,2026-08-27T00:25:00+00:00,4620.05,4621.47,4617.03,4618.88,2559.0,2026-08-27T02:25:00+02:00
XAUUSD,5m,2026-08-27T00:30:00+00:00,4618.88,4618.88,4612.96,4613.24,2036.0,2026-08-27T02:30:00+02:00
XAUUSD,5m,2026-08-27T00:35:00+00:00,4613.24,4615.17,4609.53,4612.43,3132.0,2026-08-27T02:35:00+02:00
XAUUSD,5m,2026-08-27T00:40:00+00:00,4612.43,4613.51,4605.15,4606.12,3111.0,2026-08-27T02:40:00+02:00
XAUUSD,5m,2026-08-27T00:45:00+00:00,4606.12,4611.17,4606.0,4609.45,3085.0,2026-08-27T02:45:00+02:00
XAUUSD,5m,2026-08-27T00:50:00+00:00,4609.45,4609.63,4600.24,4602.51,3504.0,2026-08-27T02:50:00+02:00
XAUUSD,5m,2026-08-27T00:55:00+00:00,4602.51,4605.21,4601.9,4605.02,3781.0,2026-08-27T02:55:00+02:00
XAUUSD,5m,2026-08-27T01:00:00+00:00,4605.02,4614.91,4602.2,4614.31,9391.0,2026-08-27T03:00:00+02:00
XAUUSD,5m,2026-08-27T01:05:00+00:00,4614.31,4619.72,4612.02,4616.28,6427.0,2026-08-27T03:05:00+02:00
XAUUSD,5m,2026-08-27T01:10:00+00:00,4616.28,4624.91,4616.28,4624.61,4829.0,2026-08-27T03:10:00+02:00
XAUUSD,5m,2026-08-27T01:15:00+00:00,4624.61,4624.87,4616.84,4621.93,4365.0,2026-08-27T03:15:00+02:00
XAUUSD,5m,2026-08-27T01:20:00+00:00,4621.93,4625.11,4618.7,4624.75,3847.0,2026-08-27T03:20:00+02:00
XAUUSD,5m,2026-08-27T01:25:00+00:00,4624.75,4624.92,4618.32,4618.39,2895.0,2026-08-27T03:25:00+02:00
XAUUSD,5m,2026-08-27T01:30:00+00:00,4618.39,4622.5,4617.69,4621.56,3490.0,2026-08-27T03:30:00+02:00
XAUUSD,5m,2026-08-27T01:35:00+00:00,4621.56,4630.34,4619.74,4628.27,4009.0,2026-08-27T03:35:00+02:00
XAUUSD,5m,2026-08-27T01:40:00+00:00,4628.27,4631.29,4621.79,4623.83,4497.0,2026-08-27T03:40:00+02:00
XAUUSD,5m,2026-08-27T01:45:00+00:00,4623.83,4631.31,4623.56,4629.7,4005.0,2026-08-27T03:45:00+02:00
XAUUSD,5m,2026-08-27T01:50:00+00:00,4629.7,4635.42,4628.88,4634.8,3151.0,2026-08-27T03:50:00+02:00
XAUUSD,5m,2026-08-27T01:55:00+00:00,4634.8,4640.96,4634.53,4639.91,3062.0,2026-08-27T03:55:00+02:00
XAUUSD,5m,2026-08-27T02:00:00+00:00,4639.91,4642.93,4637.97,4638.62,3077.0,2026-08-27T04:00:00+02:00
XAUUSD,5m,2026-08-27T02:05:00+00:00,4638.62,4642.47,4638.01,4642.02,2982.0,2026-08-27T04:05:00+02:00
XAUUSD,5m,2026-08-27T02:10:00+00:00,4642.02,4642.22,4638.7,4640.37,2489.0,2026-08-27T04:10:00+02:00
XAUUSD,5m,2026-08-27T02:15:00+00:00,4640.37,4640.53,4637.51,4638.77,1726.0,2026-08-27T04:15:00+02:00
XAUUSD,5m,2026-08-27T02:20:00+00:00,4638.77,4640.47,4636.76,4636.91,1524.0,2026-08-27T04:20:00+02:00
XAUUSD,5m,2026-08-27T02:25:00+00:00,4636.91,4637.59,4632.54,4632.96,2012.0,2026-08-27T04:25:00+02:00
XAUUSD,5m,2026-08-27T02:30:00+00:00,4632.96,4633.66,4628.4,4629.36,3850.0,2026-08-27T04:30:00+02:00
XAUUSD,5m,2026-08-27T02:35:00+00:00,4629.36,4630.56,4624.61,4628.18,3436.0,2026-08-27T04:35:00+02:00
XAUUSD,5m,2026-08-27T02:40:00+00:00,4628.18,4628.62,4623.52,4627.27,3473.0,2026-08-27T04:40:00+02:00
XAUUSD,5m,2026-08-27T02:45:00+00:00,4627.27,4630.54,4624.21,4629.1,2768.0,2026-08-27T04:45:00+02:00
XAUUSD,5m,2026-08-27T02:50:00+00:00,4629.1,4631.36,4627.79,4628.98,2114.0,2026-08-27T04:50:00+02:00
XAUUSD,5m,2026-08-27T02:55:00+00:00,4628.98,4631.05,4628.3,4629.6,2128.0,2026-08-27T04:55:00+02:00
XAUUSD,5m,2026-08-27T03:00:00+00:00,4629.6,4634.6,4628.2,4634.34,2692.0,2026-08-27T05:00:00+02:00
XAUUSD,5m,2026-08-27T03:05:00+00:00,4634.34,4635.06,4629.83,4630.22,2012.0,2026-08-27T05:05:00+02:00
XAUUSD,5m,2026-08-27T03:10:00+00:00,4630.22,4634.84,4629.15,4634.24,2306.0,2026-08-27T05:10:00+02:00
XAUUSD,5m,2026-08-27T03:15:00+00:00,4634.24,4635.4,4632.69,4633.65,1903.0,2026-08-27T05:15:00+02:00
XAUUSD,5m,2026-08-27T03:20:00+00:00,4633.65,4638.53,4633.3,4637.92,2059.0,2026-08-27T05:20:00+02:00
XAUUSD,5m,2026-08-27T03:25:00+00:00,4637.92,4637.92,4634.51,4635.19,1982.0,2026-08-27T05:25:00+02:00
XAUUSD,5m,2026-08-27T03:30:00+00:00,4635.19,4635.51,4633.04,4633.74,1778.0,2026-08-27T05:30:00+02:00
XAUUSD,5m,2026-08-27T03:35:00+00:00,4633.74,4634.39,4631.58,4632.15,1364.0,2026-08-27T05:35:00+02:00
XAUUSD,5m,2026-08-27T03:40:00+00:00,4632.15,4632.27,4628.71,4629.21,1390.0,2026-08-27T05:40:00+02:00
XAUUSD,5m,2026-08-27T03:45:00+00:00,4629.21,4629.62,4626.67,4627.52,1448.0,2026-08-27T05:45:00+02:00
XAUUSD,5m,2026-08-27T03:50:00+00:00,4627.52,4627.84,4625.66,4626.79,1222.0,2026-08-27T05:50:00+02:00
XAUUSD,5m,2026-08-27T03:55:00+00:00,4626.79,4627.09,4624.32,4625.38,1476.0,2026-08-27T05:55:00+02:00
XAUUSD,5m,2026-08-27T04:00:00+00:00,4625.38,4627.29,4624.5,4626.5,1540.0,2026-08-27T06:00:00+02:00
XAUUSD,5m,2026-08-27T04:05:00+00:00,4626.5,4626.96,4624.54,4625.48,1340.0,2026-08-27T06:05:00+02:00
XAUUSD,5m,2026-08-27T04:10:00+00:00,4625.48,4626.21,4624.41,4625.41,1370.0,2026-08-27T06:10:00+02:00
XAUUSD,5m,2026-08-27T04:15:00+00:00,4625.41,4626.96,4623.87,4624.14,1285.0,2026-08-27T06:15:00+02:00
XAUUSD,5m,2026-08-27T04:20:00+00:00,4624.14,4624.79,4622.76,4623.11,1441.0,2026-08-27T06:20:00+02:00
XAUUSD,5m,2026-08-27T04:25:00+00:00,4623.11,4624.27,4620.38,4620.39,1679.0,2026-08-27T06:25:00+02:00
XAUUSD,5m,2026-08-27T04:30:00+00:00,4620.39,4620.78,4618.44,4618.62,1640.0,2026-08-27T06:30:00+02:00
XAUUSD,5m,2026-08-27T04:35:00+00:00,4618.62,4620.23,4617.53,4618.14,1480.0,2026-08-27T06:35:00+02:00
XAUUSD,5m,2026-08-27T04:40:00+00:00,4618.14,4619.99,4617.17,4619.12,1385.0,2026-08-27T06:40:00+02:00
XAUUSD,5m,2026-08-27T04:45:00+00:00,4619.12,4620.52,4617.49,4620.09,1654.0,2026-08-27T06:45:00+02:00
XAUUSD,5m,2026-08-27T04:50:00+00:00,4620.09,4620.61,4618.94,4619.83,1657.0,2026-08-27T06:50:00+02:00
XAUUSD,5m,2026-08-27T04:55:00+00:00,4619.83,4620.0,4617.71,4618.73,1681.0,2026-08-27T06:55:00+02:00
XAUUSD,5m,2026-08-27T05:00:00+00:00,4618.73,4620.19,4616.2,4620.11,2136.0,2026-08-27T07:00:00+02:00
XAUUSD,5m,2026-08-27T05:05:00+00:00,4620.11,4621.4,4618.7,4619.97,1678.0,2026-08-27T07:05:00+02:00
XAUUSD,5m,2026-08-27T05:10:00+00:00,4619.97,4621.44,4619.32,4619.94,1442.0,2026-08-27T07:10:00+02:00
XAUUSD,5m,2026-08-27T05:15:00+00:00,4619.94,4621.65,4618.28,4619.88,1714.0,2026-08-27T07:15:00+02:00
XAUUSD,5m,2026-08-27T05:20:00+00:00,4619.88,4621.22,4618.27,4620.53,1380.0,2026-08-27T07:20:00+02:00
XAUUSD,5m,2026-08-27T05:25:00+00:00,4620.53,4621.49,4616.92,4617.22,1601.0,2026-08-27T07:25:00+02:00
XAUUSD,5m,2026-08-27T05:30:00+00:00,4617.22,4620.03,4609.12,4611.18,6151.0,2026-08-27T07:30:00+02:00
XAUUSD,5m,2026-08-27T05:35:00+00:00,4611.18,4612.83,4608.17,4611.06,3088.0,2026-08-27T07:35:00+02:00
XAUUSD,5m,2026-08-27T05:40:00+00:00,4611.06,4611.08,4604.5,4605.37,4181.0,2026-08-27T07:40:00+02:00
XAUUSD,5m,2026-08-27T05:45:00+00:00,4605.37,4609.69,4604.4,4606.44,3281.0,2026-08-27T07:45:00+02:00
XAUUSD,5m,2026-08-27T05:50:00+00:00,4606.44,4608.8,4600.81,4602.98,3805.0,2026-08-27T07:50:00+02:00
XAUUSD,5m,2026-08-27T05:55:00+00:00,4602.98,4607.89,4601.91,4606.97,3305.0,2026-08-27T07:55:00+02:00
XAUUSD,5m,2026-08-27T06:00:00+00:00,4606.97,4607.56,4599.4,4603.76,3533.0,2026-08-27T08:00:00+02:00
XAUUSD,5m,2026-08-27T06:05:00+00:00,4603.76,4605.52,4601.14,4604.98,3079.0,2026-08-27T08:05:00+02:00
XAUUSD,5m,2026-08-27T06:10:00+00:00,4604.98,4606.99,4600.47,4605.91,2942.0,2026-08-27T08:10:00+02:00
XAUUSD,5m,2026-08-27T06:15:00+00:00,4605.91,4607.6,4603.5,4606.49,2508.0,2026-08-27T08:15:00+02:00
XAUUSD,5m,2026-08-27T06:20:00+00:00,4606.49,4609.99,4606.09,4609.51,2228.0,2026-08-27T08:20:00+02:00
XAUUSD,5m,2026-08-27T06:25:00+00:00,4609.51,4610.5,4606.94,4610.32,2430.0,2026-08-27T08:25:00+02:00
XAUUSD,5m,2026-08-27T06:30:00+00:00,4610.32,4611.89,4605.35,4607.43,2801.0,2026-08-27T08:30:00+02:00
XAUUSD,5m,2026-08-27T06:35:00+00:00,4607.43,4608.26,4604.59,4607.38,2255.0,2026-08-27T08:35:00+02:00
XAUUSD,5m,2026-08-27T06:40:00+00:00,4607.38,4608.96,4606.74,4607.43,1790.0,2026-08-27T08:40:00+02:00
XAUUSD,5m,2026-08-27T06:45:00+00:00,4607.43,4609.64,4603.51,4604.49,2369.0,2026-08-27T08:45:00+02:00
XAUUSD,5m,2026-08-27T06:50:00+00:00,4604.49,4606.14,4601.48,4601.81,2556.0,2026-08-27T08:50:00+02:00
XAUUSD,5m,2026-08-27T06:55:00+00:00,4601.81,4602.48,4597.75,4600.17,2757.0,2026-08-27T08:55:00+02:00
XAUUSD,5m,2026-08-27T07:00:00+00:00,4600.17,4603.67,4598.45,4603.21,3914.0,2026-08-27T09:00:00+02:00
XAUUSD,5m,2026-08-27T07:05:00+00:00,4603.21,4605.77,4602.18,4603.08,2628.0,2026-08-27T09:05:00+02:00
XAUUSD,5m,2026-08-27T07:10:00+00:00,4603.08,4603.9,4601.04,4603.8,2226.0,2026-08-27T09:10:00+02:00
XAUUSD,5m,2026-08-27T07:15:00+00:00,4603.8,4603.8,4595.91,4597.56,2542.0,2026-08-27T09:15:00+02:00
XAUUSD,5m,2026-08-27T07:20:00+00:00,4597.56,4598.85,4595.93,4596.78,1854.0,2026-08-27T09:20:00+02:00
XAUUSD,5m,2026-08-27T07:25:00+00:00,4596.78,4599.48,4593.47,4599.27,2521.0,2026-08-27T09:25:00+02:00
XAUUSD,5m,2026-08-27T07:30:00+00:00,4599.27,4601.35,4595.01,4596.25,2264.0,2026-08-27T09:30:00+02:00
XAUUSD,5m,2026-08-27T07:35:00+00:00,4596.25,4598.39,4594.86,4596.33,2503.0,2026-08-27T09:35:00+02:00
XAUUSD,5m,2026-08-27T07:40:00+00:00,4596.33,4598.3,4595.47,4597.83,1634.0,2026-08-27T09:40:00+02:00
XAUUSD,5m,2026-08-27T07:45:00+00:00,4597.83,4599.22,4596.1,4597.36,1547.0,2026-08-27T09:45:00+02:00
XAUUSD,5m,2026-08-27T07:50:00+00:00,4597.36,4599.65,4595.77,4598.05,1744.0,2026-08-27T09:50:00+02:00
XAUUSD,5m,2026-08-27T07:55:00+00:00,4598.05,4602.6,4597.96,4600.16,1889.0,2026-08-27T09:55:00+02:00
XAUUSD,5m,2026-08-27T08:00:00+00:00,4600.16,4605.96,4599.6,4605.26,2638.0,2026-08-27T10:00:00+02:00
XAUUSD,5m,2026-08-27T08:05:00+00:00,4605.26,4606.86,4602.59,4603.22,2054.0,2026-08-27T10:05:00+02:00
XAUUSD,5m,2026-08-27T08:10:00+00:00,4603.22,4604.73,4602.84,4603.19,1863.0,2026-08-27T10:10:00+02:00
XAUUSD,5m,2026-08-27T08:15:00+00:00,4603.19,4606.12,4602.64,4603.73,1813.0,2026-08-27T10:15:00+02:00
XAUUSD,5m,2026-08-27T08:20:00+00:00,4603.73,4603.87,4600.01,4603.42,2042.0,2026-08-27T10:20:00+02:00
XAUUSD,5m,2026-08-27T08:25:00+00:00,4603.42,4603.97,4600.5,4600.77,1910.0,2026-08-27T10:25:00+02:00
XAUUSD,5m,2026-08-27T08:30:00+00:00,4600.77,4601.71,4598.8,4599.03,1960.0,2026-08-27T10:30:00+02:00
XAUUSD,5m,2026-08-27T08:35:00+00:00,4599.03,4599.63,4597.24,4598.39,2341.0,2026-08-27T10:35:00+02:00
XAUUSD,5m,2026-08-27T08:40:00+00:00,4598.39,4598.99,4594.49,4596.07,2208.0,2026-08-27T10:40:00+02:00
XAUUSD,5m,2026-08-27T08:45:00+00:00,4596.07,4598.78,4595.55,4598.38,1904.0,2026-08-27T10:45:00+02:00
XAUUSD,5m,2026-08-27T08:50:00+00:00,4598.38,4600.09,4597.75,4599.67,1735.0,2026-08-27T10:50:00+02:00
XAUUSD,5m,2026-08-27T08:55:00+00:00,4599.67,4602.29,4598.68,4598.93,1615.0,2026-08-27T10:55:00+02:00
XAUUSD,5m,2026-08-27T09:00:00+00:00,4598.93,4600.74,4593.61,4594.77,3118.0,2026-08-27T11:00:00+02:00
XAUUSD,5m,2026-08-27T09:05:00+00:00,4594.77,4597.29,4594.02,4596.57,2398.0,2026-08-27T11:05:00+02:00
XAUUSD,5m,2026-08-27T09:10:00+00:00,4596.57,4598.85,4595.18,4596.0,1911.0,2026-08-27T11:10:00+02:00
XAUUSD,5m,2026-08-27T09:15:00+00:00,4596.0,4597.14,4594.82,4595.43,1598.0,2026-08-27T11:15:00+02:00
XAUUSD,5m,2026-08-27T09:20:00+00:00,4595.43,4597.08,4594.99,4596.7,1634.0,2026-08-27T11:20:00+02:00
XAUUSD,5m,2026-08-27T09:25:00+00:00,4596.7,4599.23,4593.68,4597.74,3073.0,2026-08-27T11:25:00+02:00
XAUUSD,5m,2026-08-27T09:30:00+00:00,4597.74,4599.19,4592.97,4593.78,3013.0,2026-08-27T11:30:00+02:00
XAUUSD,5m,2026-08-27T09:35:00+00:00,4593.78,4594.06,4577.74,4584.29,4132.0,2026-08-27T11:35:00+02:00
XAUUSD,5m,2026-08-27T09:40:00+00:00,4584.29,4584.4,4581.05,4582.42,2813.0,2026-08-27T11:40:00+02:00
XAUUSD,5m,2026-08-27T09:45:00+00:00,4582.42,4584.32,4580.66,4582.63,2165.0,2026-08-27T11:45:00+02:00
XAUUSD,5m,2026-08-27T09:50:00+00:00,4582.63,4585.89,4581.19,4582.42,2062.0,2026-08-27T11:50:00+02:00
XAUUSD,5m,2026-08-27T09:55:00+00:00,4582.42,4582.68,4578.85,4580.35,2555.0,2026-08-27T11:55:00+02:00
XAUUSD,5m,2026-08-27T10:00:00+00:00,4580.35,4581.05,4569.06,4572.38,3950.0,2026-08-27T12:00:00+02:00
XAUUSD,5m,2026-08-27T10:05:00+00:00,4572.38,4576.59,4569.81,4576.56,2471.0,2026-08-27T12:05:00+02:00
XAUUSD,5m,2026-08-27T10:10:00+00:00,4576.56,4581.95,4576.56,4581.56,2711.0,2026-08-27T12:10:00+02:00
XAUUSD,5m,2026-08-27T10:15:00+00:00,4581.56,4583.68,4577.38,4580.72,2054.0,2026-08-27T12:15:00+02:00
XAUUSD,5m,2026-08-27T10:20:00+00:00,4580.72,4582.4,4579.89,4582.17,1690.0,2026-08-27T12:20:00+02:00
XAUUSD,5m,2026-08-27T10:25:00+00:00,4582.17,4582.43,4579.85,4580.16,1833.0,2026-08-27T12:25:00+02:00
XAUUSD,5m,2026-08-27T10:30:00+00:00,4580.16,4580.92,4578.3,4578.74,1618.0,2026-08-27T12:30:00+02:00
XAUUSD,5m,2026-08-27T10:35:00+00:00,4578.74,4579.12,4575.89,4576.74,2116.0,2026-08-27T12:35:00+02:00
XAUUSD,5m,2026-08-27T10:40:00+00:00,4576.74,4586.03,4576.05,4585.53,2493.0,2026-08-27T12:40:00+02:00
XAUUSD,5m,2026-08-27T10:45:00+00:00,4585.53,4587.86,4585.5,4586.71,2161.0,2026-08-27T12:45:00+02:00
XAUUSD,5m,2026-08-27T10:50:00+00:00,4586.71,4589.4,4586.04,4588.97,1804.0,2026-08-27T12:50:00+02:00
XAUUSD,5m,2026-08-27T10:55:00+00:00,4588.97,4590.5,4588.15,4589.96,1737.0,2026-08-27T12:55:00+02:00
XAUUSD,5m,2026-08-27T11:00:00+00:00,4589.96,4591.21,4587.13,4588.98,2746.0,2026-08-27T13:00:00+02:00
XAUUSD,5m,2026-08-27T11:05:00+00:00,4588.98,4591.27,4588.74,4590.61,1949.0,2026-08-27T13:05:00+02:00
XAUUSD,5m,2026-08-27T11:10:00+00:00,4590.61,4592.52,4589.61,4592.45,1812.0,2026-08-27T13:10:00+02:00
XAUUSD,5m,2026-08-27T11:15:00+00:00,4592.45,4592.75,4590.94,4592.17,1685.0,2026-08-27T13:15:00+02:00
XAUUSD,5m,2026-08-27T11:20:00+00:00,4592.17,4596.46,4592.13,4596.3,1994.0,2026-08-27T13:20:00+02:00
XAUUSD,5m,2026-08-27T11:25:00+00:00,4596.3,4596.76,4592.73,4594.41,1944.0,2026-08-27T13:25:00+02:00
XAUUSD,5m,2026-08-27T11:30:00+00:00,4594.41,4598.83,4593.69,4595.76,3702.0,2026-08-27T13:30:00+02:00
XAUUSD,5m,2026-08-27T11:35:00+00:00,4595.76,4597.09,4593.92,4596.85,2435.0,2026-08-27T13:35:00+02:00
XAUUSD,5m,2026-08-27T11:40:00+00:00,4596.85,4599.68,4596.53,4597.46,2009.0,2026-08-27T13:40:00+02:00
XAUUSD,5m,2026-08-27T11:45:00+00:00,4597.46,4597.73,4594.59,4595.1,2145.0,2026-08-27T13:45:00+02:00
XAUUSD,5m,2026-08-27T11:50:00+00:00,4595.1,4599.96,4594.32,4599.96,2272.0,2026-08-27T13:50:00+02:00
XAUUSD,5m,2026-08-27T11:55:00+00:00,4599.96,4600.29,4596.89,4598.1,2497.0,2026-08-27T13:55:00+02:00
XAUUSD,5m,2026-08-27T12:00:00+00:00,4598.1,4601.1,4597.68,4598.28,3030.0,2026-08-27T14:00:00+02:00
XAUUSD,5m,2026-08-27T12:05:00+00:00,4598.28,4598.51,4593.68,4595.08,2354.0,2026-08-27T14:05:00+02:00
XAUUSD,5m,2026-08-27T12:10:00+00:00,4595.08,4595.42,4592.59,4592.79,2139.0,2026-08-27T14:10:00+02:00
XAUUSD,5m,2026-08-27T12:15:00+00:00,4592.79,4596.15,4591.74,4594.69,2624.0,2026-08-27T14:15:00+02:00
XAUUSD,5m,2026-08-27T12:20:00+00:00,4594.69,4600.68,4594.68,4596.38,3743.0,2026-08-27T14:20:00+02:00
XAUUSD,5m,2026-08-27T12:25:00+00:00,4596.38,4596.58,4592.36,4595.23,2531.0,2026-08-27T14:25:00+02:00
XAUUSD,5m,2026-08-27T12:30:00+00:00,4595.23,4596.37,4592.94,4593.47,2339.0,2026-08-27T14:30:00+02:00
XAUUSD,5m,2026-08-27T12:35:00+00:00,4593.47,4595.66,4587.8,4589.03,3426.0,2026-08-27T14:35:00+02:00
XAUUSD,5m,2026-08-27T12:40:00+00:00,4589.03,4590.41,4586.98,4587.42,2798.0,2026-08-27T14:40:00+02:00
XAUUSD,5m,2026-08-27T12:45:00+00:00,4587.42,4587.94,4583.12,4583.41,3098.0,2026-08-27T14:45:00+02:00
XAUUSD,5m,2026-08-27T12:50:00+00:00,4583.41,4584.93,4580.25,4584.67,2964.0,2026-08-27T14:50:00+02:00
XAUUSD,5m,2026-08-27T12:55:00+00:00,4584.67,4588.11,4583.32,4585.81,2877.0,2026-08-27T14:55:00+02:00
XAUUSD,5m,2026-08-27T13:00:00+00:00,4585.81,4589.92,4579.68,4588.43,8067.0,2026-08-27T15:00:00+02:00
XAUUSD,5m,2026-08-27T13:05:00+00:00,4588.43,4590.89,4585.99,4586.82,5444.0,2026-08-27T15:05:00+02:00
XAUUSD,5m,2026-08-27T13:10:00+00:00,4586.82,4590.56,4584.29,4585.23,4127.0,2026-08-27T15:10:00+02:00
XAUUSD,5m,2026-08-27T13:15:00+00:00,4585.23,4588.79,4582.93,4586.57,4292.0,2026-08-27T15:15:00+02:00
XAUUSD,5m,2026-08-27T13:20:00+00:00,4586.57,4588.76,4585.19,4587.55,4390.0,2026-08-27T15:20:00+02:00
XAUUSD,5m,2026-08-27T13:25:00+00:00,4587.55,4593.31,4587.11,4590.07,5676.0,2026-08-27T15:25:00+02:00
XAUUSD,5m,2026-08-27T13:30:00+00:00,4590.07,4593.11,4575.46,4575.61,12138.0,2026-08-27T15:30:00+02:00
XAUUSD,5m,2026-08-27T13:35:00+00:00,4575.61,4581.36,4573.92,4575.36,13195.0,2026-08-27T15:35:00+02:00
XAUUSD,5m,2026-08-27T13:40:00+00:00,4575.36,4583.7,4571.78,4578.57,8988.0,2026-08-27T15:40:00+02:00
XAUUSD,5m,2026-08-27T13:45:00+00:00,4578.57,4579.6,4564.19,4576.98,9852.0,2026-08-27T15:45:00+02:00
XAUUSD,5m,2026-08-27T13:50:00+00:00,4576.98,4582.77,4570.43,4572.18,9362.0,2026-08-27T15:50:00+02:00
XAUUSD,5m,2026-08-27T13:55:00+00:00,4572.18,4575.91,4571.09,4572.34,9940.0,2026-08-27T15:55:00+02:00
XAUUSD,5m,2026-08-27T14:00:00+00:00,4572.34,4576.18,4568.34,4575.62,9601.0,2026-08-27T16:00:00+02:00
XAUUSD,5m,2026-08-27T14:05:00+00:00,4575.62,4579.31,4571.47,4574.65,8872.0,2026-08-27T16:05:00+02:00
XAUUSD,5m,2026-08-27T14:10:00+00:00,4574.65,4577.73,4572.02,4573.66,6912.0,2026-08-27T16:10:00+02:00
XAUUSD,5m,2026-08-27T14:15:00+00:00,4573.66,4582.31,4573.55,4579.32,6838.0,2026-08-27T16:15:00+02:00
XAUUSD,5m,2026-08-27T14:20:00+00:00,4579.32,4584.12,4575.01,4578.16,7397.0,2026-08-27T16:20:00+02:00
XAUUSD,5m,2026-08-27T14:25:00+00:00,4578.16,4581.74,4573.94,4581.23,6387.0,2026-08-27T16:25:00+02:00
XAUUSD,5m,2026-08-27T14:30:00+00:00,4581.23,4586.15,4581.13,4585.88,5046.0,2026-08-27T16:30:00+02:00
XAUUSD,5m,2026-08-27T14:35:00+00:00,4585.88,4591.21,4585.66,4589.29,5598.0,2026-08-27T16:35:00+02:00
XAUUSD,5m,2026-08-27T14:40:00+00:00,4589.29,4597.49,4586.74,4595.17,7258.0,2026-08-27T16:40:00+02:00
XAUUSD,5m,2026-08-27T14:45:00+00:00,4595.17,4598.09,4592.23,4593.07,6816.0,2026-08-27T16:45:00+02:00
XAUUSD,5m,2026-08-27T14:50:00+00:00,4593.07,4593.96,4590.74,4591.22,6417.0,2026-08-27T16:50:00+02:00
XAUUSD,5m,2026-08-27T14:55:00+00:00,4591.22,4593.09,4588.04,4591.22,6827.0,2026-08-27T16:55:00+02:00
XAUUSD,5m,2026-08-27T15:00:00+00:00,4591.22,4595.36,4591.0,4593.77,6336.0,2026-08-27T17:00:00+02:00
XAUUSD,5m,2026-08-27T15:05:00+00:00,4593.77,4595.1,4590.97,4591.97,6180.0,2026-08-27T17:05:00+02:00
XAUUSD,5m,2026-08-27T15:10:00+00:00,4591.97,4595.16,4591.71,4592.42,4154.0,2026-08-27T17:10:00+02:00
XAUUSD,5m,2026-08-27T15:15:00+00:00,4592.42,4597.94,4592.41,4597.01,5027.0,2026-08-27T17:15:00+02:00
XAUUSD,5m,2026-08-27T15:20:00+00:00,4597.01,4597.16,4589.15,4590.32,4240.0,2026-08-27T17:20:00+02:00
XAUUSD,5m,2026-08-27T15:25:00+00:00,4590.32,4595.57,4588.73,4592.88,5319.0,2026-08-27T17:25:00+02:00
XAUUSD,5m,2026-08-27T15:30:00+00:00,4592.88,4598.82,4592.03,4597.14,6563.0,2026-08-27T17:30:00+02:00
XAUUSD,5m,2026-08-27T15:35:00+00:00,4597.14,4599.53,4595.9,4599.46,5371.0,2026-08-27T17:35:00+02:00
XAUUSD,5m,2026-08-27T15:40:00+00:00,4599.46,4605.65,4599.18,4601.08,6449.0,2026-08-27T17:40:00+02:00
XAUUSD,5m,2026-08-27T15:45:00+00:00,4601.08,4604.53,4600.05,4604.16,5888.0,2026-08-27T17:45:00+02:00
XAUUSD,5m,2026-08-27T15:50:00+00:00,4604.16,4609.12,4603.3,4608.91,3797.0,2026-08-27T17:50:00+02:00
XAUUSD,5m,2026-08-27T15:55:00+00:00,4608.91,4611.25,4607.99,4610.45,3684.0,2026-08-27T17:55:00+02:00
XAUUSD,5m,2026-08-27T16:00:00+00:00,4610.45,4613.0,4608.99,4611.47,4185.0,2026-08-27T18:00:00+02:00
XAUUSD,5m,2026-08-27T16:05:00+00:00,4611.47,4611.49,4605.83,4607.11,4543.0,2026-08-27T18:05:00+02:00
XAUUSD,5m,2026-08-27T16:10:00+00:00,4607.11,4607.76,4604.33,4604.39,3545.0,2026-08-27T18:10:00+02:00
XAUUSD,5m,2026-08-27T16:15:00+00:00,4604.39,4605.49,4602.1,4603.05,3539.0,2026-08-27T18:15:00+02:00
XAUUSD,5m,2026-08-27T16:20:00+00:00,4603.05,4608.04,4603.03,4606.2,3004.0,2026-08-27T18:20:00+02:00
XAUUSD,5m,2026-08-27T16:25:00+00:00,4606.2,4608.41,4605.73,4607.58,2929.0,2026-08-27T18:25:00+02:00
XAUUSD,5m,2026-08-27T16:30:00+00:00,4607.58,4608.85,4605.95,4608.71,3306.0,2026-08-27T18:30:00+02:00
XAUUSD,5m,2026-08-27T16:35:00+00:00,4608.71,4612.81,4607.6,4611.66,3448.0,2026-08-27T18:35:00+02:00
XAUUSD,5m,2026-08-27T16:40:00+00:00,4611.66,4611.79,4609.83,4611.44,2550.0,2026-08-27T18:40:00+02:00
XAUUSD,5m,2026-08-27T16:45:00+00:00,4611.44,4614.5,4610.16,4610.98,4678.0,2026-08-27T18:45:00+02:00
XAUUSD,5m,2026-08-27T16:50:00+00:00,4610.98,4616.59,4610.11,4615.97,3737.0,2026-08-27T18:50:00+02:00
XAUUSD,5m,2026-08-27T16:55:00+00:00,4615.97,4616.19,4612.17,4614.84,3409.0,2026-08-27T18:55:00+02:00
XAUUSD,5m,2026-08-27T17:00:00+00:00,4614.84,4616.5,4612.19,4613.99,5016.0,2026-08-27T19:00:00+02:00
XAUUSD,5m,2026-08-27T17:05:00+00:00,4613.99,4614.18,4609.95,4610.37,3200.0,2026-08-27T19:05:00+02:00
XAUUSD,5m,2026-08-27T17:10:00+00:00,4610.37,4611.48,4608.45,4610.2,3054.0,2026-08-27T19:10:00+02:00
XAUUSD,5m,2026-08-27T17:15:00+00:00,4610.2,4610.49,4608.3,4608.83,3446.0,2026-08-27T19:15:00+02:00
XAUUSD,5m,2026-08-27T17:20:00+00:00,4608.83,4612.01,4608.83,4611.7,3887.0,2026-08-27T19:20:00+02:00
XAUUSD,5m,2026-08-27T17:25:00+00:00,4611.7,4612.0,4608.77,4610.25,4018.0,2026-08-27T19:25:00+02:00
XAUUSD,5m,2026-08-27T17:30:00+00:00,4610.25,4611.59,4609.13,4609.96,3712.0,2026-08-27T19:30:00+02:00
XAUUSD,5m,2026-08-27T17:35:00+00:00,4609.96,4611.23,4608.32,4611.17,2631.0,2026-08-27T19:35:00+02:00
XAUUSD,5m,2026-08-27T17:40:00+00:00,4611.17,4614.41,4609.61,4610.98,2945.0,2026-08-27T19:40:00+02:00
XAUUSD,5m,2026-08-27T17:45:00+00:00,4610.98,4611.73,4606.63,4609.86,5563.0,2026-08-27T19:45:00+02:00
XAUUSD,5m,2026-08-27T17:50:00+00:00,4609.86,4610.29,4606.61,4607.91,4325.0,2026-08-27T19:50:00+02:00
XAUUSD,5m,2026-08-27T17:55:00+00:00,4607.91,4609.05,4605.05,4606.44,3365.0,2026-08-27T19:55:00+02:00
XAUUSD,5m,2026-08-27T18:00:00+00:00,4606.44,4607.36,4602.09,4602.99,5655.0,2026-08-27T20:00:00+02:00
XAUUSD,5m,2026-08-27T18:05:00+00:00,4602.99,4608.01,4602.72,4604.6,4347.0,2026-08-27T20:05:00+02:00
XAUUSD,5m,2026-08-27T18:10:00+00:00,4604.6,4606.44,4603.68,4605.49,4165.0,2026-08-27T20:10:00+02:00
XAUUSD,5m,2026-08-27T18:15:00+00:00,4605.49,4607.8,4604.75,4607.71,3420.0,2026-08-27T20:15:00+02:00
XAUUSD,5m,2026-08-27T18:20:00+00:00,4607.71,4607.89,4602.98,4603.4,3140.0,2026-08-27T20:20:00+02:00
XAUUSD,5m,2026-08-27T18:25:00+00:00,4603.4,4603.51,4601.22,4601.58,3521.0,2026-08-27T20:25:00+02:00
XAUUSD,5m,2026-08-27T18:30:00+00:00,4601.58,4603.73,4600.75,4602.0,2917.0,2026-08-27T20:30:00+02:00
XAUUSD,5m,2026-08-27T18:35:00+00:00,4602.0,4604.99,4601.6,4604.25,2672.0,2026-08-27T20:35:00+02:00
XAUUSD,5m,2026-08-27T18:40:00+00:00,4604.25,4604.68,4603.61,4604.43,2110.0,2026-08-27T20:40:00+02:00
XAUUSD,5m,2026-08-27T18:45:00+00:00,4604.43,4606.77,4604.13,4605.68,2204.0,2026-08-27T20:45:00+02:00
XAUUSD,5m,2026-08-27T18:50:00+00:00,4605.68,4611.19,4604.81,4609.12,2622.0,2026-08-27T20:50:00+02:00
XAUUSD,5m,2026-08-27T18:55:00+00:00,4609.12,4610.63,4608.62,4610.27,2509.0,2026-08-27T20:55:00+02:00
XAUUSD,5m,2026-08-27T19:00:00+00:00,4610.27,4616.6,4610.27,4613.33,3430.0,2026-08-27T21:00:00+02:00
XAUUSD,5m,2026-08-27T19:05:00+00:00,4613.33,4618.07,4612.55,4616.88,4335.0,2026-08-27T21:05:00+02:00
XAUUSD,5m,2026-08-27T19:10:00+00:00,4616.88,4616.97,4614.79,4615.5,2394.0,2026-08-27T21:10:00+02:00
XAUUSD,5m,2026-08-27T19:15:00+00:00,4615.5,4616.09,4609.96,4611.28,2281.0,2026-08-27T21:15:00+02:00
XAUUSD,5m,2026-08-27T19:20:00+00:00,4611.28,4611.62,4606.36,4607.42,2554.0,2026-08-27T21:20:00+02:00
XAUUSD,5m,2026-08-27T19:25:00+00:00,4607.42,4608.3,4604.2,4605.82,2824.0,2026-08-27T21:25:00+02:00
XAUUSD,5m,2026-08-27T19:30:00+00:00,4605.82,4608.04,4604.65,4607.1,3753.0,2026-08-27T21:30:00+02:00
XAUUSD,5m,2026-08-27T19:35:00+00:00,4607.1,4608.29,4606.64,4607.62,3471.0,2026-08-27T21:35:00+02:00
XAUUSD,5m,2026-08-27T19:40:00+00:00,4607.62,4610.11,4607.55,4609.74,2560.0,2026-08-27T21:40:00+02:00
XAUUSD,5m,2026-08-27T19:45:00+00:00,4609.74,4612.75,4608.42,4610.22,3233.0,2026-08-27T21:45:00+02:00
XAUUSD,5m,2026-08-27T19:50:00+00:00,4610.22,4610.32,4606.63,4608.05,3895.0,2026-08-27T21:50:00+02:00
XAUUSD,5m,2026-08-27T19:55:00+00:00,4608.05,4609.83,4605.22,4609.41,5136.0,2026-08-27T21:55:00+02:00
XAUUSD,5m,2026-08-27T20:00:00+00:00,4609.41,4609.65,4604.59,4605.04,1628.0,2026-08-27T22:00:00+02:00
XAUUSD,5m,2026-08-27T20:05:00+00:00,4605.04,4605.18,4603.77,4604.02,1060.0,2026-08-27T22:05:00+02:00
XAUUSD,5m,2026-08-27T20:10:00+00:00,4604.02,4606.11,4603.59,4604.86,1262.0,2026-08-27T22:10:00+02:00
XAUUSD,5m,2026-08-27T20:15:00+00:00,4604.86,4605.31,4604.36,4605.29,681.0,2026-08-27T22:15:00+02:00
XAUUSD,5m,2026-08-27T20:20:00+00:00,4605.29,4605.42,4604.59,4604.7,512.0,2026-08-27T22:20:00+02:00
XAUUSD,5m,2026-08-27T20:25:00+00:00,4604.7,4604.7,4602.66,4603.64,668.0,2026-08-27T22:25:00+02:00
XAUUSD,5m,2026-08-27T20:30:00+00:00,4603.64,4604.12,4603.12,4603.46,475.0,2026-08-27T22:30:00+02:00
XAUUSD,5m,2026-08-27T20:35:00+00:00,4603.46,4603.57,4601.94,4603.21,573.0,2026-08-27T22:35:00+02:00
XAUUSD,5m,2026-08-27T20:40:00+00:00,4603.21,4604.43,4603.05,4603.81,437.0,2026-08-27T22:40:00+02:00
XAUUSD,5m,2026-08-27T20:45:00+00:00,4603.81,4604.65,4601.99,4604.64,990.0,2026-08-27T22:45:00+02:00
XAUUSD,5m,2026-08-27T20:50:00+00:00,4604.64,4604.75,4600.41,4601.03,1406.0,2026-08-27T22:50:00+02:00
XAUUSD,5m,2026-08-27T20:55:00+00:00,4601.03,4602.04,4599.82,4600.49,1490.0,2026-08-27T22:55:00+02:00
XAUUSD,5m,2026-08-27T22:00:00+00:00,4600.49,4607.38,4600.49,4601.98,2184.0,2026-08-28T00:00:00+02:00
XAUUSD,5m,2026-08-27T22:05:00+00:00,4601.98,4605.26,4600.92,4604.94,1053.0,2026-08-28T00:05:00+02:00
XAUUSD,5m,2026-08-27T22:10:00+00:00,4604.94,4605.15,4603.78,4604.77,623.0,2026-08-28T00:10:00+02:00
XAUUSD,5m,2026-08-27T22:15:00+00:00,4604.77,4606.32,4604.43,4605.87,665.0,2026-08-28T00:15:00+02:00
XAUUSD,5m,2026-08-27T22:20:00+00:00,4605.87,4608.36,4605.87,4608.18,726.0,2026-08-28T00:20:00+02:00
XAUUSD,5m,2026-08-27T22:25:00+00:00,4608.18,4608.33,4606.44,4607.57,763.0,2026-08-28T00:25:00+02:00
XAUUSD,5m,2026-08-27T22:30:00+00:00,4607.57,4609.11,4606.75,4608.77,779.0,2026-08-28T00:30:00+02:00
XAUUSD,5m,2026-08-27T22:35:00+00:00,4608.77,4609.44,4607.85,4609.35,608.0,2026-08-28T00:35:00+02:00
XAUUSD,5m,2026-08-27T22:40:00+00:00,4609.35,4610.18,4607.31,4607.94,605.0,2026-08-28T00:40:00+02:00
XAUUSD,5m,2026-08-27T22:45:00+00:00,4607.94,4608.15,4606.95,4607.57,466.0,2026-08-28T00:45:00+02:00
XAUUSD,5m,2026-08-27T22:50:00+00:00,4607.57,4610.11,4606.73,4609.05,509.0,2026-08-28T00:50:00+02:00
XAUUSD,5m,2026-08-27T22:55:00+00:00,4609.05,4610.81,4608.96,4610.66,436.0,2026-08-28T00:55:00+02:00
XAUUSD,5m,2026-08-27T23:00:00+00:00,4610.66,4611.42,4608.99,4609.4,603.0,2026-08-28T01:00:00+02:00
XAUUSD,5m,2026-08-27T23:05:00+00:00,4609.4,4609.71,4605.24,4605.47,553.0,2026-08-28T01:05:00+02:00
XAUUSD,5m,2026-08-27T23:10:00+00:00,4605.47,4605.63,4602.84,4602.92,1092.0,2026-08-28T01:10:00+02:00
XAUUSD,5m,2026-08-27T23:15:00+00:00,4602.92,4603.65,4602.24,4602.76,635.0,2026-08-28T01:15:00+02:00
XAUUSD,5m,2026-08-27T23:20:00+00:00,4602.76,4603.26,4599.95,4602.39,879.0,2026-08-28T01:20:00+02:00
XAUUSD,5m,2026-08-27T23:25:00+00:00,4602.39,4602.75,4599.83,4600.83,604.0,2026-08-28T01:25:00+02:00
XAUUSD,5m,2026-08-27T23:30:00+00:00,4600.83,4601.44,4599.15,4599.25,733.0,2026-08-28T01:30:00+02:00
XAUUSD,5m,2026-08-27T23:35:00+00:00,4599.25,4602.36,4598.37,4601.03,1043.0,2026-08-28T01:35:00+02:00
XAUUSD,5m,2026-08-27T23:40:00+00:00,4601.03,4601.38,4599.07,4599.68,562.0,2026-08-28T01:40:00+02:00
XAUUSD,5m,2026-08-27T23:45:00+00:00,4599.68,4599.83,4595.7,4596.55,1325.0,2026-08-28T01:45:00+02:00
XAUUSD,5m,2026-08-27T23:50:00+00:00,4596.55,4596.65,4594.53,4595.15,1384.0,2026-08-28T01:50:00+02:00
XAUUSD,5m,2026-08-27T23:55:00+00:00,4595.15,4595.42,4594.16,4594.41,1135.0,2026-08-28T01:55:00+02:00
XAUUSD,5m,2026-08-28T00:00:00+00:00,4594.41,4600.05,4593.15,4596.66,3642.0,2026-08-28T02:00:00+02:00
XAUUSD,5m,2026-08-28T00:05:00+00:00,4596.66,4600.12,4596.06,4599.78,2945.0,2026-08-28T02:05:00+02:00
XAUUSD,5m,2026-08-28T00:10:00+00:00,4599.78,4602.5,4599.46,4600.5,2335.0,2026-08-28T02:10:00+02:00
XAUUSD,5m,2026-08-28T00:15:00+00:00,4600.5,4600.77,4593.15,4593.23,3283.0,2026-08-28T02:15:00+02:00
XAUUSD,5m,2026-08-28T00:20:00+00:00,4593.23,4595.67,4591.41,4593.45,2868.0,2026-08-28T02:20:00+02:00
XAUUSD,5m,2026-08-28T00:25:00+00:00,4593.45,4594.04,4590.57,4593.81,2072.0,2026-08-28T02:25:00+02:00
XAUUSD,5m,2026-08-28T00:30:00+00:00,4593.81,4594.29,4587.62,4589.52,2562.0,2026-08-28T02:30:00+02:00
XAUUSD,5m,2026-08-28T00:35:00+00:00,4589.52,4590.41,4588.24,4589.63,2246.0,2026-08-28T02:35:00+02:00
XAUUSD,5m,2026-08-28T00:40:00+00:00,4589.63,4591.23,4588.89,4590.96,2226.0,2026-08-28T02:40:00+02:00
XAUUSD,5m,2026-08-28T00:45:00+00:00,4590.96,4591.27,4586.06,4587.26,2768.0,2026-08-28T02:45:00+02:00
XAUUSD,5m,2026-08-28T00:50:00+00:00,4587.26,4589.25,4586.54,4587.48,2599.0,2026-08-28T02:50:00+02:00
XAUUSD,5m,2026-08-28T00:55:00+00:00,4587.48,4588.71,4585.52,4588.67,2425.0,2026-08-28T02:55:00+02:00
XAUUSD,5m,2026-08-28T01:00:00+00:00,4588.67,4595.88,4586.3,4594.48,7920.0,2026-08-28T03:00:00+02:00
XAUUSD,5m,2026-08-28T01:05:00+00:00,4594.48,4599.62,4591.48,4599.45,4729.0,2026-08-28T03:05:00+02:00
XAUUSD,5m,2026-08-28T01:10:00+00:00,4599.45,4601.37,4591.84,4593.95,3088.0,2026-08-28T03:10:00+02:00
XAUUSD,5m,2026-08-28T01:15:00+00:00,4593.95,4598.04,4591.32,4595.76,5511.0,2026-08-28T03:15:00+02:00
XAUUSD,5m,2026-08-28T01:20:00+00:00,4595.76,4597.22,4590.62,4592.35,4281.0,2026-08-28T03:20:00+02:00
XAUUSD,5m,2026-08-28T01:25:00+00:00,4592.35,4593.52,4583.71,4585.7,5529.0,2026-08-28T03:25:00+02:00
XAUUSD,5m,2026-08-28T01:30:00+00:00,4585.7,4589.17,4583.71,4587.3,5444.0,2026-08-28T03:30:00+02:00
XAUUSD,5m,2026-08-28T01:35:00+00:00,4587.3,4589.01,4580.44,4580.92,5114.0,2026-08-28T03:35:00+02:00
XAUUSD,5m,2026-08-28T01:40:00+00:00,4580.92,4583.05,4578.23,4582.12,4345.0,2026-08-28T03:40:00+02:00
XAUUSD,5m,2026-08-28T01:45:00+00:00,4582.12,4582.52,4577.65,4582.38,4283.0,2026-08-28T03:45:00+02:00
XAUUSD,5m,2026-08-28T01:50:00+00:00,4582.38,4583.26,4575.83,4577.05,3773.0,2026-08-28T03:50:00+02:00
XAUUSD,5m,2026-08-28T01:55:00+00:00,4577.05,4578.87,4575.38,4575.82,3058.0,2026-08-28T03:55:00+02:00
XAUUSD,5m,2026-08-28T02:00:00+00:00,4575.82,4577.9,4574.95,4577.11,3835.0,2026-08-28T04:00:00+02:00
XAUUSD,5m,2026-08-28T02:05:00+00:00,4577.11,4581.5,4577.04,4580.55,2821.0,2026-08-28T04:05:00+02:00
XAUUSD,5m,2026-08-28T02:10:00+00:00,4580.55,4582.78,4578.37,4581.5,2834.0,2026-08-28T04:10:00+02:00
XAUUSD,5m,2026-08-28T02:15:00+00:00,4581.5,4581.53,4578.59,4581.48,1346.0,2026-08-28T04:15:00+02:00
XAUUSD,5m,2026-08-28T02:20:00+00:00,4581.48,4584.59,4580.23,4584.05,1614.0,2026-08-28T04:20:00+02:00
XAUUSD,5m,2026-08-28T02:25:00+00:00,4584.05,4584.94,4582.72,4583.55,1751.0,2026-08-28T04:25:00+02:00
XAUUSD,5m,2026-08-28T02:30:00+00:00,4583.55,4587.19,4583.2,4585.29,3315.0,2026-08-28T04:30:00+02:00
XAUUSD,5m,2026-08-28T02:35:00+00:00,4585.29,4589.76,4585.27,4588.28,2486.0,2026-08-28T04:35:00+02:00
XAUUSD,5m,2026-08-28T02:40:00+00:00,4588.28,4588.61,4583.77,4585.14,2682.0,2026-08-28T04:40:00+02:00
XAUUSD,5m,2026-08-28T02:45:00+00:00,4585.14,4586.51,4582.3,4586.2,2484.0,2026-08-28T04:45:00+02:00
XAUUSD,5m,2026-08-28T02:50:00+00:00,4586.2,4587.31,4584.6,4586.03,2087.0,2026-08-28T04:50:00+02:00
XAUUSD,5m,2026-08-28T02:55:00+00:00,4586.03,4586.62,4582.92,4586.4,2171.0,2026-08-28T04:55:00+02:00
XAUUSD,5m,2026-08-28T03:00:00+00:00,4586.4,4587.97,4584.36,4587.45,2611.0,2026-08-28T05:00:00+02:00
XAUUSD,5m,2026-08-28T03:05:00+00:00,4587.45,4588.41,4585.09,4586.41,2133.0,2026-08-28T05:05:00+02:00
XAUUSD,5m,2026-08-28T03:10:00+00:00,4586.41,4587.94,4582.61,4584.14,2378.0,2026-08-28T05:10:00+02:00
XAUUSD,5m,2026-08-28T03:15:00+00:00,4584.14,4588.86,4584.12,4587.15,2519.0,2026-08-28T05:15:00+02:00
XAUUSD,5m,2026-08-28T03:20:00+00:00,4587.15,4589.75,4585.68,4589.57,2050.0,2026-08-28T05:20:00+02:00
XAUUSD,5m,2026-08-28T03:25:00+00:00,4589.57,4590.09,4586.49,4587.87,2250.0,2026-08-28T05:25:00+02:00
XAUUSD,5m,2026-08-28T03:30:00+00:00,4587.87,4588.29,4583.16,4584.29,1709.0,2026-08-28T05:30:00+02:00
XAUUSD,5m,2026-08-28T03:35:00+00:00,4584.29,4584.29,4582.33,4582.98,1246.0,2026-08-28T05:35:00+02:00
XAUUSD,5m,2026-08-28T03:40:00+00:00,4582.98,4583.69,4581.02,4581.93,1427.0,2026-08-28T05:40:00+02:00
XAUUSD,5m,2026-08-28T03:45:00+00:00,4581.93,4582.11,4579.5,4580.65,1600.0,2026-08-28T05:45:00+02:00
XAUUSD,5m,2026-08-28T03:50:00+00:00,4580.65,4581.07,4578.61,4579.14,1092.0,2026-08-28T05:50:00+02:00
XAUUSD,5m,2026-08-28T03:55:00+00:00,4579.14,4580.03,4578.68,4579.84,1013.0,2026-08-28T05:55:00+02:00
XAUUSD,5m,2026-08-28T04:00:00+00:00,4579.84,4580.39,4578.77,4579.2,1580.0,2026-08-28T06:00:00+02:00
XAUUSD,5m,2026-08-28T04:05:00+00:00,4579.2,4579.47,4577.88,4579.0,1032.0,2026-08-28T06:05:00+02:00
XAUUSD,5m,2026-08-28T04:10:00+00:00,4579.0,4580.45,4578.84,4579.42,1213.0,2026-08-28T06:10:00+02:00
XAUUSD,5m,2026-08-28T04:15:00+00:00,4579.42,4583.4,4578.68,4583.24,1282.0,2026-08-28T06:15:00+02:00
XAUUSD,5m,2026-08-28T04:20:00+00:00,4583.24,4584.63,4582.58,4584.53,1164.0,2026-08-28T06:20:00+02:00
XAUUSD,5m,2026-08-28T04:25:00+00:00,4584.53,4585.34,4583.12,4584.77,1074.0,2026-08-28T06:25:00+02:00
XAUUSD,5m,2026-08-28T04:30:00+00:00,4584.77,4584.81,4581.58,4581.65,1152.0,2026-08-28T06:30:00+02:00
XAUUSD,5m,2026-08-28T04:35:00+00:00,4581.65,4581.94,4578.1,4578.39,1435.0,2026-08-28T06:35:00+02:00
XAUUSD,5m,2026-08-28T04:40:00+00:00,4578.39,4580.25,4578.14,4579.89,973.0,2026-08-28T06:40:00+02:00
XAUUSD,5m,2026-08-28T04:45:00+00:00,4579.89,4582.29,4578.22,4580.78,1098.0,2026-08-28T06:45:00+02:00
XAUUSD,5m,2026-08-28T04:50:00+00:00,4580.78,4582.72,4580.77,4581.98,827.0,2026-08-28T06:50:00+02:00
XAUUSD,5m,2026-08-28T04:55:00+00:00,4581.98,4585.33,4581.31,4584.29,1115.0,2026-08-28T06:55:00+02:00
XAUUSD,5m,2026-08-28T05:00:00+00:00,4584.29,4585.35,4582.04,4582.47,1564.0,2026-08-28T07:00:00+02:00
XAUUSD,5m,2026-08-28T05:05:00+00:00,4582.47,4582.9,4578.92,4579.1,1740.0,2026-08-28T07:05:00+02:00
XAUUSD,5m,2026-08-28T05:10:00+00:00,4579.1,4580.88,4578.22,4579.86,1625.0,2026-08-28T07:10:00+02:00
XAUUSD,5m,2026-08-28T05:15:00+00:00,4579.86,4581.95,4578.97,4581.86,1256.0,2026-08-28T07:15:00+02:00
XAUUSD,5m,2026-08-28T05:20:00+00:00,4581.86,4584.54,4580.56,4584.14,1211.0,2026-08-28T07:20:00+02:00
XAUUSD,5m,2026-08-28T05:25:00+00:00,4584.14,4586.35,4582.23,4583.93,1641.0,2026-08-28T07:25:00+02:00
XAUUSD,5m,2026-08-28T05:30:00+00:00,4583.93,4584.09,4577.45,4578.94,5084.0,2026-08-28T07:30:00+02:00
XAUUSD,5m,2026-08-28T05:35:00+00:00,4578.94,4579.5,4574.69,4574.71,4272.0,2026-08-28T07:35:00+02:00
XAUUSD,5m,2026-08-28T05:40:00+00:00,4574.71,4576.22,4571.28,4572.56,3235.0,2026-08-28T07:40:00+02:00
XAUUSD,5m,2026-08-28T05:45:00+00:00,4572.56,4575.6,4571.48,4574.03,2787.0,2026-08-28T07:45:00+02:00
XAUUSD,5m,2026-08-28T05:50:00+00:00,4574.03,4577.07,4573.25,4576.72,2405.0,2026-08-28T07:50:00+02:00
XAUUSD,5m,2026-08-28T05:55:00+00:00,4576.72,4577.29,4572.55,4573.32,2757.0,2026-08-28T07:55:00+02:00
XAUUSD,5m,2026-08-28T06:00:00+00:00,4573.32,4577.56,4572.26,4576.91,4043.0,2026-08-28T08:00:00+02:00
XAUUSD,5m,2026-08-28T06:05:00+00:00,4576.91,4580.61,4574.22,4580.52,2648.0,2026-08-28T08:05:00+02:00
XAUUSD,5m,2026-08-28T06:10:00+00:00,4580.52,4583.5,4580.31,4581.67,3066.0,2026-08-28T08:10:00+02:00
XAUUSD,5m,2026-08-28T06:15:00+00:00,4581.67,4584.92,4580.55,4582.82,3123.0,2026-08-28T08:15:00+02:00
XAUUSD,5m,2026-08-28T06:20:00+00:00,4582.82,4585.51,4582.01,4583.45,2700.0,2026-08-28T08:20:00+02:00
XAUUSD,5m,2026-08-28T06:25:00+00:00,4583.45,4585.52,4583.19,4584.91,2312.0,2026-08-28T08:25:00+02:00
XAUUSD,5m,2026-08-28T06:30:00+00:00,4584.91,4586.42,4582.74,4583.92,3109.0,2026-08-28T08:30:00+02:00
XAUUSD,5m,2026-08-28T06:35:00+00:00,4583.92,4588.01,4583.78,4586.1,2727.0,2026-08-28T08:35:00+02:00
XAUUSD,5m,2026-08-28T06:40:00+00:00,4586.1,4588.42,4584.16,4588.16,3105.0,2026-08-28T08:40:00+02:00
XAUUSD,5m,2026-08-28T06:45:00+00:00,4588.16,4599.85,4588.06,4599.35,4592.0,2026-08-28T08:45:00+02:00
XAUUSD,5m,2026-08-28T06:50:00+00:00,4599.35,4606.36,4596.5,4604.37,5210.0,2026-08-28T08:50:00+02:00
XAUUSD,5m,2026-08-28T06:55:00+00:00,4604.37,4613.09,4603.73,4612.38,5098.0,2026-08-28T08:55:00+02:00
XAUUSD,5m,2026-08-28T07:00:00+00:00,4612.38,4613.34,4605.59,4606.81,4837.0,2026-08-28T09:00:00+02:00
XAUUSD,5m,2026-08-28T07:05:00+00:00,4606.81,4607.44,4599.13,4600.9,3690.0,2026-08-28T09:05:00+02:00
XAUUSD,5m,2026-08-28T07:10:00+00:00,4600.9,4603.38,4596.53,4600.62,3675.0,2026-08-28T09:10:00+02:00
XAUUSD,5m,2026-08-28T07:15:00+00:00,4600.62,4606.68,4599.27,4605.98,3415.0,2026-08-28T09:15:00+02:00
XAUUSD,5m,2026-08-28T07:20:00+00:00,4605.98,4610.06,4605.67,4607.32,3024.0,2026-08-28T09:20:00+02:00
XAUUSD,5m,2026-08-28T07:25:00+00:00,4607.32,4609.33,4606.57,4607.46,1797.0,2026-08-28T09:25:00+02:00
XAUUSD,5m,2026-08-28T07:30:00+00:00,4607.46,4611.79,4606.99,4611.57,2422.0,2026-08-28T09:30:00+02:00
XAUUSD,5m,2026-08-28T07:35:00+00:00,4611.57,4614.28,4609.58,4610.34,2579.0,2026-08-28T09:35:00+02:00
XAUUSD,5m,2026-08-28T07:40:00+00:00,4610.34,4610.59,4608.26,4609.09,1872.0,2026-08-28T09:40:00+02:00
XAUUSD,5m,2026-08-28T07:45:00+00:00,4609.09,4611.34,4607.31,4610.12,2170.0,2026-08-28T09:45:00+02:00
XAUUSD,5m,2026-08-28T07:50:00+00:00,4610.12,4612.9,4609.8,4611.38,1714.0,2026-08-28T09:50:00+02:00
XAUUSD,5m,2026-08-28T07:55:00+00:00,4611.38,4613.38,4609.53,4611.8,1564.0,2026-08-28T09:55:00+02:00
XAUUSD,5m,2026-08-28T08:00:00+00:00,4611.8,4614.56,4610.49,4612.51,2552.0,2026-08-28T10:00:00+02:00
XAUUSD,5m,2026-08-28T08:05:00+00:00,4612.51,4613.05,4609.84,4611.64,1923.0,2026-08-28T10:05:00+02:00
XAUUSD,5m,2026-08-28T08:10:00+00:00,4611.64,4612.89,4610.91,4611.75,2042.0,2026-08-28T10:10:00+02:00
XAUUSD,5m,2026-08-28T08:15:00+00:00,4611.75,4612.43,4608.95,4609.16,1956.0,2026-08-28T10:15:00+02:00
XAUUSD,5m,2026-08-28T08:20:00+00:00,4609.16,4611.44,4607.9,4610.84,1907.0,2026-08-28T10:20:00+02:00
XAUUSD,5m,2026-08-28T08:25:00+00:00,4610.84,4611.36,4608.55,4608.96,1831.0,2026-08-28T10:25:00+02:00
XAUUSD,5m,2026-08-28T08:30:00+00:00,4608.96,4611.42,4608.07,4609.49,2337.0,2026-08-28T10:30:00+02:00
XAUUSD,5m,2026-08-28T08:35:00+00:00,4609.49,4611.4,4606.51,4607.42,2187.0,2026-08-28T10:35:00+02:00
XAUUSD,5m,2026-08-28T08:40:00+00:00,4607.42,4607.71,4602.91,4603.5,1528.0,2026-08-28T10:40:00+02:00
XAUUSD,5m,2026-08-28T08:45:00+00:00,4603.5,4603.56,4600.79,4601.82,2054.0,2026-08-28T10:45:00+02:00
XAUUSD,5m,2026-08-28T08:50:00+00:00,4601.82,4606.19,4601.57,4604.56,1782.0,2026-08-28T10:50:00+02:00
XAUUSD,5m,2026-08-28T08:55:00+00:00,4604.56,4604.99,4601.1,4602.62,1451.0,2026-08-28T10:55:00+02:00
XAUUSD,5m,2026-08-28T09:00:00+00:00,4602.62,4604.21,4602.1,4603.99,2188.0,2026-08-28T11:00:00+02:00
XAUUSD,5m,2026-08-28T09:05:00+00:00,4603.99,4604.31,4601.17,4601.66,2283.0,2026-08-28T11:05:00+02:00
XAUUSD,5m,2026-08-28T09:10:00+00:00,4601.66,4602.95,4600.63,4601.57,1715.0,2026-08-28T11:10:00+02:00
XAUUSD,5m,2026-08-28T09:15:00+00:00,4601.57,4602.74,4600.25,4602.09,1893.0,2026-08-28T11:15:00+02:00
XAUUSD,5m,2026-08-28T09:20:00+00:00,4602.09,4604.15,4600.77,4602.95,2101.0,2026-08-28T11:20:00+02:00
XAUUSD,5m,2026-08-28T09:25:00+00:00,4602.95,4603.29,4600.38,4601.81,2379.0,2026-08-28T11:25:00+02:00
XAUUSD,5m,2026-08-28T09:30:00+00:00,4601.81,4604.17,4601.69,4602.59,2359.0,2026-08-28T11:30:00+02:00
XAUUSD,5m,2026-08-28T09:35:00+00:00,4602.59,4605.17,4600.86,4603.56,1925.0,2026-08-28T11:35:00+02:00
XAUUSD,5m,2026-08-28T09:40:00+00:00,4603.56,4605.06,4602.27,4603.98,1630.0,2026-08-28T11:40:00+02:00
XAUUSD,5m,2026-08-28T09:45:00+00:00,4603.98,4605.43,4602.98,4604.56,1546.0,2026-08-28T11:45:00+02:00
XAUUSD,5m,2026-08-28T09:50:00+00:00,4604.56,4607.15,4604.43,4607.01,1755.0,2026-08-28T11:50:00+02:00
XAUUSD,5m,2026-08-28T09:55:00+00:00,4607.01,4607.42,4604.99,4605.07,1423.0,2026-08-28T11:55:00+02:00
XAUUSD,5m,2026-08-28T10:00:00+00:00,4605.07,4606.47,4603.38,4605.7,1835.0,2026-08-28T12:00:00+02:00
XAUUSD,5m,2026-08-28T10:05:00+00:00,4605.7,4607.54,4605.5,4607.38,1508.0,2026-08-28T12:05:00+02:00
XAUUSD,5m,2026-08-28T10:10:00+00:00,4607.38,4609.02,4606.73,4608.68,1836.0,2026-08-28T12:10:00+02:00
XAUUSD,5m,2026-08-28T10:15:00+00:00,4608.68,4609.92,4604.34,4604.45,2116.0,2026-08-28T12:15:00+02:00
XAUUSD,5m,2026-08-28T10:20:00+00:00,4604.45,4604.59,4602.53,4603.99,1443.0,2026-08-28T12:20:00+02:00
XAUUSD,5m,2026-08-28T10:25:00+00:00,4603.99,4605.39,4601.73,4605.35,1720.0,2026-08-28T12:25:00+02:00
XAUUSD,5m,2026-08-28T10:30:00+00:00,4605.35,4607.98,4605.19,4607.26,1801.0,2026-08-28T12:30:00+02:00
XAUUSD,5m,2026-08-28T10:35:00+00:00,4607.26,4607.29,4602.85,4603.74,1342.0,2026-08-28T12:35:00+02:00
XAUUSD,5m,2026-08-28T10:40:00+00:00,4603.74,4604.25,4601.88,4602.89,1871.0,2026-08-28T12:40:00+02:00
XAUUSD,5m,2026-08-28T10:45:00+00:00,4602.89,4603.3,4599.92,4601.24,1874.0,2026-08-28T12:45:00+02:00
XAUUSD,5m,2026-08-28T10:50:00+00:00,4601.24,4601.26,4597.54,4598.22,2131.0,2026-08-28T12:50:00+02:00
XAUUSD,5m,2026-08-28T10:55:00+00:00,4598.22,4600.44,4597.74,4600.14,1817.0,2026-08-28T12:55:00+02:00
XAUUSD,5m,2026-08-28T11:00:00+00:00,4600.14,4601.33,4597.43,4598.8,2978.0,2026-08-28T13:00:00+02:00
XAUUSD,5m,2026-08-28T11:05:00+00:00,4598.8,4599.07,4594.86,4596.03,2496.0,2026-08-28T13:05:00+02:00
XAUUSD,5m,2026-08-28T11:10:00+00:00,4596.03,4598.89,4594.85,4598.89,2301.0,2026-08-28T13:10:00+02:00
XAUUSD,5m,2026-08-28T11:15:00+00:00,4598.89,4601.3,4598.21,4600.11,2030.0,2026-08-28T13:15:00+02:00
XAUUSD,5m,2026-08-28T11:20:00+00:00,4600.11,4600.49,4598.02,4600.34,1824.0,2026-08-28T13:20:00+02:00
XAUUSD,5m,2026-08-28T11:25:00+00:00,4600.34,4600.95,4597.52,4598.76,2007.0,2026-08-28T13:25:00+02:00
XAUUSD,5m,2026-08-28T11:30:00+00:00,4598.76,4600.81,4597.77,4598.54,2232.0,2026-08-28T13:30:00+02:00
XAUUSD,5m,2026-08-28T11:35:00+00:00,4598.54,4598.85,4593.35,4593.43,2465.0,2026-08-28T13:35:00+02:00
XAUUSD,5m,2026-08-28T11:40:00+00:00,4593.43,4594.98,4591.23,4594.6,2485.0,2026-08-28T13:40:00+02:00
XAUUSD,5m,2026-08-28T11:45:00+00:00,4594.6,4596.0,4593.26,4594.49,1888.0,2026-08-28T13:45:00+02:00
XAUUSD,5m,2026-08-28T11:50:00+00:00,4594.49,4595.95,4593.53,4594.35,2070.0,2026-08-28T13:50:00+02:00
XAUUSD,5m,2026-08-28T11:55:00+00:00,4594.35,4594.49,4591.57,4593.37,2339.0,2026-08-28T13:55:00+02:00
XAUUSD,5m,2026-08-28T12:00:00+00:00,4593.37,4595.81,4590.76,4594.53,3204.0,2026-08-28T14:00:00+02:00
XAUUSD,5m,2026-08-28T12:05:00+00:00,4594.53,4595.76,4591.83,4594.31,2974.0,2026-08-28T14:05:00+02:00
XAUUSD,5m,2026-08-28T12:10:00+00:00,4594.31,4597.11,4592.37,4594.22,2939.0,2026-08-28T14:10:00+02:00
XAUUSD,5m,2026-08-28T12:15:00+00:00,4594.22,4595.63,4592.36,4594.28,2621.0,2026-08-28T14:15:00+02:00
XAUUSD,5m,2026-08-28T12:20:00+00:00,4594.28,4601.52,4593.9,4601.22,3131.0,2026-08-28T14:20:00+02:00
XAUUSD,5m,2026-08-28T12:25:00+00:00,4601.22,4603.6,4600.05,4601.28,3072.0,2026-08-28T14:25:00+02:00
XAUUSD,5m,2026-08-28T12:30:00+00:00,4601.28,4602.1,4591.91,4593.45,4463.0,2026-08-28T14:30:00+02:00
XAUUSD,5m,2026-08-28T12:35:00+00:00,4593.45,4593.73,4588.95,4589.4,4465.0,2026-08-28T14:35:00+02:00
XAUUSD,5m,2026-08-28T12:40:00+00:00,4589.4,4592.7,4589.38,4591.87,3527.0,2026-08-28T14:40:00+02:00
XAUUSD,5m,2026-08-28T12:45:00+00:00,4591.87,4595.36,4590.23,4594.1,3810.0,2026-08-28T14:45:00+02:00
XAUUSD,5m,2026-08-28T12:50:00+00:00,4594.1,4597.23,4591.87,4596.21,3329.0,2026-08-28T14:50:00+02:00
XAUUSD,5m,2026-08-28T12:55:00+00:00,4596.21,4602.69,4596.21,4601.72,3521.0,2026-08-28T14:55:00+02:00
XAUUSD,5m,2026-08-28T13:00:00+00:00,4601.72,4603.63,4596.1,4599.24,7813.0,2026-08-28T15:00:00+02:00
XAUUSD,5m,2026-08-28T13:05:00+00:00,4599.24,4605.34,4598.77,4600.28,5817.0,2026-08-28T15:05:00+02:00
XAUUSD,5m,2026-08-28T13:10:00+00:00,4600.28,4601.09,4597.59,4598.98,4509.0,2026-08-28T15:10:00+02:00
XAUUSD,5m,2026-08-28T13:15:00+00:00,4598.98,4599.86,4593.68,4598.36,4531.0,2026-08-28T15:15:00+02:00
XAUUSD,5m,2026-08-28T13:20:00+00:00,4598.36,4601.16,4596.04,4601.05,4682.0,2026-08-28T15:20:00+02:00
XAUUSD,5m,2026-08-28T13:25:00+00:00,4601.05,4604.42,4599.39,4603.89,4954.0,2026-08-28T15:25:00+02:00
XAUUSD,5m,2026-08-28T13:30:00+00:00,4603.89,4605.43,4598.79,4604.89,10429.0,2026-08-28T15:30:00+02:00
XAUUSD,5m,2026-08-28T13:35:00+00:00,4604.89,4607.16,4600.56,4605.98,7984.0,2026-08-28T15:35:00+02:00
XAUUSD,5m,2026-08-28T13:40:00+00:00,4605.98,4607.84,4601.65,4604.78,5721.0,2026-08-28T15:40:00+02:00
XAUUSD,5m,2026-08-28T13:45:00+00:00,4604.78,4612.29,4604.77,4609.76,7033.0,2026-08-28T15:45:00+02:00
XAUUSD,5m,2026-08-28T13:50:00+00:00,4609.76,4612.1,4606.96,4610.17,8723.0,2026-08-28T15:50:00+02:00
XAUUSD,5m,2026-08-28T13:55:00+00:00,4610.17,4627.33,4604.17,4605.02,6232.0,2026-08-28T15:55:00+02:00
XAUUSD,5m,2026-08-28T14:00:00+00:00,4605.02,4630.7,4573.27,4577.21,25123.0,2026-08-28T16:00:00+02:00
XAUUSD,5m,2026-08-28T14:05:00+00:00,4577.21,4581.75,4548.48,4573.85,28262.0,2026-08-28T16:05:00+02:00
XAUUSD,5m,2026-08-28T14:10:00+00:00,4573.85,4574.18,4543.39,4546.28,26780.0,2026-08-28T16:10:00+02:00
XAUUSD,5m,2026-08-28T14:15:00+00:00,4546.28,4566.48,4544.88,4553.86,22149.0,2026-08-28T16:15:00+02:00
XAUUSD,5m,2026-08-28T14:20:00+00:00,4553.86,4568.45,4548.26,4557.64,17536.0,2026-08-28T16:20:00+02:00
XAUUSD,5m,2026-08-28T14:25:00+00:00,4557.64,4559.6,4529.29,4552.04,23428.0,2026-08-28T16:25:00+02:00
XAUUSD,5m,2026-08-28T14:30:00+00:00,4552.04,4570.03,4551.73,4569.67,19275.0,2026-08-28T16:30:00+02:00
XAUUSD,5m,2026-08-28T14:35:00+00:00,4569.67,4576.93,4564.68,4564.91,15724.0,2026-08-28T16:35:00+02:00
XAUUSD,5m,2026-08-28T14:40:00+00:00,4564.91,4568.72,4557.35,4561.02,16526.0,2026-08-28T16:40:00+02:00
XAUUSD,5m,2026-08-28T14:45:00+00:00,4561.02,4562.79,4551.78,4552.93,16783.0,2026-08-28T16:45:00+02:00
XAUUSD,5m,2026-08-28T14:50:00+00:00,4552.93,4570.98,4550.5,4570.89,14497.0,2026-08-28T16:50:00+02:00
XAUUSD,5m,2026-08-28T14:55:00+00:00,4570.89,4580.77,4569.94,4576.74,14404.0,2026-08-28T16:55:00+02:00
XAUUSD,5m,2026-08-28T15:00:00+00:00,4576.74,4582.87,4571.75,4579.99,16643.0,2026-08-28T17:00:00+02:00
XAUUSD,5m,2026-08-28T15:05:00+00:00,4579.99,4581.85,4572.08,4573.0,13087.0,2026-08-28T17:05:00+02:00
XAUUSD,5m,2026-08-28T15:10:00+00:00,4573.0,4574.02,4556.82,4559.09,12771.0,2026-08-28T17:10:00+02:00
XAUUSD,5m,2026-08-28T15:15:00+00:00,4559.09,4564.54,4553.96,4555.35,11689.0,2026-08-28T17:15:00+02:00
XAUUSD,5m,2026-08-28T15:20:00+00:00,4555.35,4566.29,4551.27,4565.63,11296.0,2026-08-28T17:20:00+02:00
XAUUSD,5m,2026-08-28T15:25:00+00:00,4565.63,4569.26,4558.73,4566.65,12143.0,2026-08-28T17:25:00+02:00
XAUUSD,5m,2026-08-28T15:30:00+00:00,4566.65,4567.5,4554.89,4557.34,11078.0,2026-08-28T17:30:00+02:00
XAUUSD,5m,2026-08-28T15:35:00+00:00,4557.34,4562.44,4546.81,4547.5,10423.0,2026-08-28T17:35:00+02:00
XAUUSD,5m,2026-08-28T15:40:00+00:00,4547.5,4548.28,4534.18,4539.33,15422.0,2026-08-28T17:40:00+02:00
XAUUSD,5m,2026-08-28T15:45:00+00:00,4539.33,4545.96,4531.64,4536.02,13888.0,2026-08-28T17:45:00+02:00
XAUUSD,5m,2026-08-28T15:50:00+00:00,4536.02,4545.65,4534.2,4539.94,11877.0,2026-08-28T17:50:00+02:00
XAUUSD,5m,2026-08-28T15:55:00+00:00,4539.94,4540.93,4523.66,4524.41,16064.0,2026-08-28T17:55:00+02:00
XAUUSD,5m,2026-08-28T16:00:00+00:00,4524.41,4529.54,4519.97,4520.47,16580.0,2026-08-28T18:00:00+02:00
XAUUSD,5m,2026-08-28T16:05:00+00:00,4520.47,4520.56,4508.01,4508.38,15983.0,2026-08-28T18:05:00+02:00
XAUUSD,5m,2026-08-28T16:10:00+00:00,4508.38,4515.78,4496.93,4497.9,14332.0,2026-08-28T18:10:00+02:00
XAUUSD,5m,2026-08-28T16:15:00+00:00,4497.9,4503.59,4481.42,4481.57,16240.0,2026-08-28T18:15:00+02:00
XAUUSD,5m,2026-08-28T16:20:00+00:00,4481.57,4483.64,4463.71,4468.84,20853.0,2026-08-28T18:20:00+02:00
XAUUSD,5m,2026-08-28T16:25:00+00:00,4468.84,4482.0,4464.59,4481.16,14651.0,2026-08-28T18:25:00+02:00
XAUUSD,5m,2026-08-28T16:30:00+00:00,4481.16,4487.46,4471.29,4474.08,17657.0,2026-08-28T18:30:00+02:00
XAUUSD,5m,2026-08-28T16:35:00+00:00,4474.08,4486.09,4473.57,4484.89,14750.0,2026-08-28T18:35:00+02:00
XAUUSD,5m,2026-08-28T16:40:00+00:00,4484.89,4486.42,4465.95,4469.15,14352.0,2026-08-28T18:40:00+02:00
XAUUSD,5m,2026-08-28T16:45:00+00:00,4469.15,4481.52,4469.09,4481.52,11365.0,2026-08-28T18:45:00+02:00
XAUUSD,5m,2026-08-28T16:50:00+00:00,4481.52,4485.09,4479.52,4480.77,7773.0,2026-08-28T18:50:00+02:00
XAUUSD,5m,2026-08-28T16:55:00+00:00,4480.77,4482.77,4475.01,4479.4,9282.0,2026-08-28T18:55:00+02:00
XAUUSD,5m,2026-08-28T17:00:00+00:00,4479.4,4480.84,4473.32,4475.8,13090.0,2026-08-28T19:00:00+02:00
XAUUSD,5m,2026-08-28T17:05:00+00:00,4475.8,4482.98,4474.78,4480.29,9007.0,2026-08-28T19:05:00+02:00
XAUUSD,5m,2026-08-28T17:10:00+00:00,4480.29,4480.89,4471.16,4480.66,8821.0,2026-08-28T19:10:00+02:00
XAUUSD,5m,2026-08-28T17:15:00+00:00,4480.66,4482.22,4474.88,4480.88,8604.0,2026-08-28T19:15:00+02:00
XAUUSD,5m,2026-08-28T17:20:00+00:00,4480.88,4486.59,4479.73,4484.85,8435.0,2026-08-28T19:20:00+02:00
XAUUSD,5m,2026-08-28T17:25:00+00:00,4484.85,4486.13,4475.7,4477.92,8283.0,2026-08-28T19:25:00+02:00
XAUUSD,5m,2026-08-28T17:30:00+00:00,4477.92,4481.47,4473.33,4478.69,7925.0,2026-08-28T19:30:00+02:00
XAUUSD,5m,2026-08-28T17:35:00+00:00,4478.69,4481.68,4471.02,4471.78,7043.0,2026-08-28T19:35:00+02:00
XAUUSD,5m,2026-08-28T17:40:00+00:00,4471.78,4474.99,4460.3,4467.39,9193.0,2026-08-28T19:40:00+02:00
XAUUSD,5m,2026-08-28T17:45:00+00:00,4467.39,4475.9,4466.47,4473.87,6846.0,2026-08-28T19:45:00+02:00
XAUUSD,5m,2026-08-28T17:50:00+00:00,4473.87,4475.69,4471.72,4472.52,5136.0,2026-08-28T19:50:00+02:00
XAUUSD,5m,2026-08-28T17:55:00+00:00,4472.52,4472.62,4466.47,4469.28,5352.0,2026-08-28T19:55:00+02:00
XAUUSD,5m,2026-08-28T18:00:00+00:00,4469.28,4471.63,4460.26,4460.8,8070.0,2026-08-28T20:00:00+02:00
XAUUSD,5m,2026-08-28T18:05:00+00:00,4460.8,4466.6,4459.5,4461.63,9619.0,2026-08-28T20:05:00+02:00
XAUUSD,5m,2026-08-28T18:10:00+00:00,4461.63,4464.84,4459.63,4461.35,7625.0,2026-08-28T20:10:00+02:00
XAUUSD,5m,2026-08-28T18:15:00+00:00,4461.35,4462.8,4453.17,4458.66,8763.0,2026-08-28T20:15:00+02:00
XAUUSD,5m,2026-08-28T18:20:00+00:00,4458.66,4463.46,4452.06,4453.43,8769.0,2026-08-28T20:20:00+02:00
XAUUSD,5m,2026-08-28T18:25:00+00:00,4453.43,4462.9,4452.35,4456.15,10349.0,2026-08-28T20:25:00+02:00
XAUUSD,5m,2026-08-28T18:30:00+00:00,4456.15,4458.67,4451.89,4457.08,8619.0,2026-08-28T20:30:00+02:00
XAUUSD,5m,2026-08-28T18:35:00+00:00,4457.08,4457.33,4451.46,4452.95,7856.0,2026-08-28T20:35:00+02:00
XAUUSD,5m,2026-08-28T18:40:00+00:00,4452.95,4455.28,4445.3,4451.28,7416.0,2026-08-28T20:40:00+02:00
XAUUSD,5m,2026-08-28T18:45:00+00:00,4451.28,4455.1,4448.25,4453.3,6575.0,2026-08-28T20:45:00+02:00
XAUUSD,5m,2026-08-28T18:50:00+00:00,4453.3,4456.96,4451.57,4454.37,6900.0,2026-08-28T20:50:00+02:00
XAUUSD,5m,2026-08-28T18:55:00+00:00,4454.37,4458.26,4452.5,4456.74,7147.0,2026-08-28T20:55:00+02:00
XAUUSD,5m,2026-08-28T19:00:00+00:00,4456.74,4462.07,4452.92,4457.92,9773.0,2026-08-28T21:00:00+02:00
XAUUSD,5m,2026-08-28T19:05:00+00:00,4457.92,4462.9,4456.73,4461.89,5934.0,2026-08-28T21:05:00+02:00
XAUUSD,5m,2026-08-28T19:10:00+00:00,4461.89,4462.14,4454.4,4457.03,5907.0,2026-08-28T21:10:00+02:00
XAUUSD,5m,2026-08-28T19:15:00+00:00,4457.03,4460.99,4455.13,4460.29,4556.0,2026-08-28T21:15:00+02:00
XAUUSD,5m,2026-08-28T19:20:00+00:00,4460.29,4462.11,4457.35,4459.34,3965.0,2026-08-28T21:20:00+02:00
XAUUSD,5m,2026-08-28T19:25:00+00:00,4459.34,4463.5,4459.34,4461.94,3775.0,2026-08-28T21:25:00+02:00
XAUUSD,5m,2026-08-28T19:30:00+00:00,4461.94,4464.9,4460.65,4462.93,4196.0,2026-08-28T21:30:00+02:00
XAUUSD,5m,2026-08-28T19:35:00+00:00,4462.93,4467.01,4461.86,4466.43,3459.0,2026-08-28T21:35:00+02:00
XAUUSD,5m,2026-08-28T19:40:00+00:00,4466.43,4466.77,4464.37,4464.89,2616.0,2026-08-28T21:40:00+02:00
XAUUSD,5m,2026-08-28T19:45:00+00:00,4464.89,4464.9,4454.78,4457.48,4692.0,2026-08-28T21:45:00+02:00
XAUUSD,5m,2026-08-28T19:50:00+00:00,4457.48,4459.81,4452.84,4457.16,6221.0,2026-08-28T21:50:00+02:00
XAUUSD,5m,2026-08-28T19:55:00+00:00,4457.16,4461.48,4456.26,4458.49,7225.0,2026-08-28T21:55:00+02:00
XAUUSD,5m,2026-08-28T20:00:00+00:00,4458.49,4462.68,4455.36,4460.42,3126.0,2026-08-28T22:00:00+02:00
XAUUSD,5m,2026-08-28T20:05:00+00:00,4460.42,4461.67,4459.88,4460.58,1648.0,2026-08-28T22:05:00+02:00
XAUUSD,5m,2026-08-28T20:10:00+00:00,4460.58,4461.5,4457.4,4457.78,1571.0,2026-08-28T22:10:00+02:00
XAUUSD,5m,2026-08-28T20:15:00+00:00,4457.78,4460.57,4457.69,4458.32,966.0,2026-08-28T22:15:00+02:00
XAUUSD,5m,2026-08-28T20:20:00+00:00,4458.32,4458.32,4454.04,4454.56,928.0,2026-08-28T22:20:00+02:00
XAUUSD,5m,2026-08-28T20:25:00+00:00,4454.56,4458.28,4453.62,4457.99,881.0,2026-08-28T22:25:00+02:00
XAUUSD,5m,2026-08-28T20:30:00+00:00,4457.99,4458.15,4455.24,4455.87,869.0,2026-08-28T22:30:00+02:00
XAUUSD,5m,2026-08-28T20:35:00+00:00,4455.87,4457.36,4455.04,4455.37,881.0,2026-08-28T22:35:00+02:00
XAUUSD,5m,2026-08-28T20:40:00+00:00,4455.37,4456.86,4453.45,4456.77,907.0,2026-08-28T22:40:00+02:00
XAUUSD,5m,2026-08-30T22:00:00+00:00,4456.77,4456.77,4433.87,4445.66,3985.0,2026-08-31T00:00:00+02:00
XAUUSD,5m,2026-08-30T22:05:00+00:00,4445.66,4456.79,4445.56,4456.22,3780.0,2026-08-31T00:05:00+02:00
XAUUSD,5m,2026-08-30T22:10:00+00:00,4456.22,4459.61,4455.08,4458.74,2784.0,2026-08-31T00:10:00+02:00
XAUUSD,5m,2026-08-30T22:15:00+00:00,4458.74,4463.23,4455.83,4461.93,2118.0,2026-08-31T00:15:00+02:00
XAUUSD,5m,2026-08-30T22:20:00+00:00,4461.93,4465.93,4460.51,4462.39,1951.0,2026-08-31T00:20:00+02:00
XAUUSD,5m,2026-08-30T22:25:00+00:00,4462.39,4465.4,4457.92,4459.54,2049.0,2026-08-31T00:25:00+02:00
XAUUSD,5m,2026-08-30T22:30:00+00:00,4459.54,4459.67,4452.96,4453.09,1794.0,2026-08-31T00:30:00+02:00
XAUUSD,5m,2026-08-30T22:35:00+00:00,4453.09,4461.54,4453.01,4460.26,1704.0,2026-08-31T00:35:00+02:00
XAUUSD,5m,2026-08-30T22:40:00+00:00,4460.26,4462.52,4456.74,4457.72,1349.0,2026-08-31T00:40:00+02:00
XAUUSD,5m,2026-08-30T22:45:00+00:00,4457.72,4460.38,4456.71,4459.6,1071.0,2026-08-31T00:45:00+02:00
XAUUSD,5m,2026-08-30T22:50:00+00:00,4459.6,4459.84,4458.4,4458.76,695.0,2026-08-31T00:50:00+02:00
XAUUSD,5m,2026-08-30T22:55:00+00:00,4458.76,4462.41,4458.54,4461.29,1010.0,2026-08-31T00:55:00+02:00
XAUUSD,5m,2026-08-30T23:00:00+00:00,4461.29,4462.94,4459.46,4462.22,1642.0,2026-08-31T01:00:00+02:00
XAUUSD,5m,2026-08-30T23:05:00+00:00,4462.22,4466.75,4461.92,4465.22,1657.0,2026-08-31T01:05:00+02:00
XAUUSD,5m,2026-08-30T23:10:00+00:00,4465.22,4465.53,4459.71,4460.5,1512.0,2026-08-31T01:10:00+02:00
XAUUSD,5m,2026-08-30T23:15:00+00:00,4460.5,4463.94,4460.02,4463.22,1203.0,2026-08-31T01:15:00+02:00
XAUUSD,5m,2026-08-30T23:20:00+00:00,4463.22,4465.08,4458.92,4459.48,1531.0,2026-08-31T01:20:00+02:00
XAUUSD,5m,2026-08-30T23:25:00+00:00,4459.48,4459.66,4455.04,4457.51,1599.0,2026-08-31T01:25:00+02:00
XAUUSD,5m,2026-08-30T23:30:00+00:00,4457.51,4457.93,4451.18,4454.51,2916.0,2026-08-31T01:30:00+02:00
XAUUSD,5m,2026-08-30T23:35:00+00:00,4454.51,4454.62,4449.98,4449.99,1691.0,2026-08-31T01:35:00+02:00
XAUUSD,5m,2026-08-30T23:40:00+00:00,4449.99,4451.05,4446.39,4447.41,2162.0,2026-08-31T01:40:00+02:00
XAUUSD,5m,2026-08-30T23:45:00+00:00,4447.41,4447.44,4435.62,4439.51,5363.0,2026-08-31T01:45:00+02:00
XAUUSD,5m,2026-08-30T23:50:00+00:00,4439.51,4448.16,4439.51,4447.56,3272.0,2026-08-31T01:50:00+02:00
XAUUSD,5m,2026-08-30T23:55:00+00:00,4447.56,4460.56,4447.56,4458.32,3902.0,2026-08-31T01:55:00+02:00
XAUUSD,5m,2026-08-31T00:00:00+00:00,4458.32,4462.04,4453.25,4458.39,6523.0,2026-08-31T02:00:00+02:00
XAUUSD,5m,2026-08-31T00:05:00+00:00,4458.39,4459.83,4454.05,4456.79,4598.0,2026-08-31T02:05:00+02:00
XAUUSD,5m,2026-08-31T00:10:00+00:00,4456.79,4463.54,4454.99,4461.95,4191.0,2026-08-31T02:10:00+02:00
XAUUSD,5m,2026-08-31T00:15:00+00:00,4461.95,4465.24,4459.27,4459.6,3006.0,2026-08-31T02:15:00+02:00
XAUUSD,5m,2026-08-31T00:20:00+00:00,4459.6,4460.91,4456.55,4458.41,2574.0,2026-08-31T02:20:00+02:00
XAUUSD,5m,2026-08-31T00:25:00+00:00,4458.41,4458.45,4452.09,4456.76,3162.0,2026-08-31T02:25:00+02:00
XAUUSD,5m,2026-08-31T00:30:00+00:00,4456.76,4466.08,4456.67,4462.52,3596.0,2026-08-31T02:30:00+02:00
XAUUSD,5m,2026-08-31T00:35:00+00:00,4462.52,4470.66,4462.52,4470.27,3104.0,2026-08-31T02:35:00+02:00
XAUUSD,5m,2026-08-31T00:40:00+00:00,4470.27,4472.13,4463.71,4465.29,2789.0,2026-08-31T02:40:00+02:00
XAUUSD,5m,2026-08-31T00:45:00+00:00,4465.29,4468.97,4463.93,4465.89,2860.0,2026-08-31T02:45:00+02:00
XAUUSD,5m,2026-08-31T00:50:00+00:00,4465.89,4466.49,4462.57,4466.39,2690.0,2026-08-31T02:50:00+02:00
XAUUSD,5m,2026-08-31T00:55:00+00:00,4466.39,4467.05,4456.07,4456.28,3459.0,2026-08-31T02:55:00+02:00
XAUUSD,5m,2026-08-31T01:00:00+00:00,4456.28,4463.3,4437.63,4462.26,13302.0,2026-08-31T03:00:00+02:00
XAUUSD,5m,2026-08-31T01:05:00+00:00,4462.26,4463.14,4438.73,4439.59,9134.0,2026-08-31T03:05:00+02:00
XAUUSD,5m,2026-08-31T01:10:00+00:00,4439.59,4444.86,4435.84,4443.61,8345.0,2026-08-31T03:10:00+02:00
XAUUSD,5m,2026-08-31T01:15:00+00:00,4443.61,4452.43,4442.1,4452.23,8287.0,2026-08-31T03:15:00+02:00
XAUUSD,5m,2026-08-31T01:20:00+00:00,4452.23,4454.25,4443.95,4449.8,7019.0,2026-08-31T03:20:00+02:00
XAUUSD,5m,2026-08-31T01:25:00+00:00,4449.8,4449.81,4442.97,4443.86,5456.0,2026-08-31T03:25:00+02:00
XAUUSD,5m,2026-08-31T01:30:00+00:00,4443.86,4450.38,4436.45,4441.26,7695.0,2026-08-31T03:30:00+02:00
XAUUSD,5m,2026-08-31T01:35:00+00:00,4441.26,4450.69,4439.7,4449.07,6580.0,2026-08-31T03:35:00+02:00
XAUUSD,5m,2026-08-31T01:40:00+00:00,4449.07,4453.91,4443.36,4450.84,6801.0,2026-08-31T03:40:00+02:00
XAUUSD,5m,2026-08-31T01:45:00+00:00,4450.84,4452.67,4437.35,4437.37,6916.0,2026-08-31T03:45:00+02:00
XAUUSD,5m,2026-08-31T01:50:00+00:00,4437.37,4444.57,4435.62,4444.5,6219.0,2026-08-31T03:50:00+02:00
XAUUSD,5m,2026-08-31T01:55:00+00:00,4444.5,4446.71,4439.56,4440.11,5725.0,2026-08-31T03:55:00+02:00
XAUUSD,5m,2026-08-31T02:00:00+00:00,4440.11,4441.41,4417.35,4426.77,8661.0,2026-08-31T04:00:00+02:00
XAUUSD,5m,2026-08-31T02:05:00+00:00,4426.77,4434.01,4425.07,4428.75,6208.0,2026-08-31T04:05:00+02:00
XAUUSD,5m,2026-08-31T02:10:00+00:00,4428.75,4432.56,4422.63,4424.4,5200.0,2026-08-31T04:10:00+02:00
XAUUSD,5m,2026-08-31T02:15:00+00:00,4424.4,4425.18,4417.95,4421.71,5365.0,2026-08-31T04:15:00+02:00
XAUUSD,5m,2026-08-31T02:20:00+00:00,4421.71,4427.34,4420.85,4427.06,4582.0,2026-08-31T04:20:00+02:00
XAUUSD,5m,2026-08-31T02:25:00+00:00,4427.06,4428.02,4422.82,4423.0,4266.0,2026-08-31T04:25:00+02:00
XAUUSD,5m,2026-08-31T02:30:00+00:00,4423.0,4426.44,4411.01,4411.3,7962.0,2026-08-31T04:30:00+02:00
XAUUSD,5m,2026-08-31T02:35:00+00:00,4411.3,4412.1,4404.74,4408.08,6221.0,2026-08-31T04:35:00+02:00
XAUUSD,5m,2026-08-31T02:40:00+00:00,4408.08,4408.09,4401.3,4403.07,5751.0,2026-08-31T04:40:00+02:00
XAUUSD,5m,2026-08-31T02:45:00+00:00,4403.07,4406.97,4396.26,4401.52,5647.0,2026-08-31T04:45:00+02:00
XAUUSD,5m,2026-08-31T02:50:00+00:00,4401.52,4417.18,4399.28,4416.59,5557.0,2026-08-31T04:50:00+02:00
XAUUSD,5m,2026-08-31T02:55:00+00:00,4416.59,4422.84,4416.16,4422.78,3923.0,2026-08-31T04:55:00+02:00
XAUUSD,5m,2026-08-31T03:00:00+00:00,4422.78,4427.0,4421.58,4422.22,3947.0,2026-08-31T05:00:00+02:00
XAUUSD,5m,2026-08-31T03:05:00+00:00,4422.22,4426.57,4421.88,4425.38,3108.0,2026-08-31T05:05:00+02:00
XAUUSD,5m,2026-08-31T03:10:00+00:00,4425.38,4428.21,4424.17,4428.08,2914.0,2026-08-31T05:10:00+02:00
XAUUSD,5m,2026-08-31T03:15:00+00:00,4428.08,4432.41,4427.73,4427.84,3300.0,2026-08-31T05:15:00+02:00
XAUUSD,5m,2026-08-31T03:20:00+00:00,4427.84,4433.93,4427.46,4430.83,2592.0,2026-08-31T05:20:00+02:00
XAUUSD,5m,2026-08-31T03:25:00+00:00,4430.83,4431.85,4426.18,4427.6,3096.0,2026-08-31T05:25:00+02:00
XAUUSD,5m,2026-08-31T03:30:00+00:00,4427.6,4427.6,4423.31,4423.45,2251.0,2026-08-31T05:30:00+02:00
XAUUSD,5m,2026-08-31T03:35:00+00:00,4423.45,4425.27,4419.7,4420.52,2398.0,2026-08-31T05:35:00+02:00
XAUUSD,5m,2026-08-31T03:40:00+00:00,4420.52,4424.01,4420.19,4422.73,1745.0,2026-08-31T05:40:00+02:00
XAUUSD,5m,2026-08-31T03:45:00+00:00,4422.73,4425.12,4422.52,4423.87,1685.0,2026-08-31T05:45:00+02:00
XAUUSD,5m,2026-08-31T03:50:00+00:00,4423.87,4426.9,4423.79,4424.2,1605.0,2026-08-31T05:50:00+02:00
XAUUSD,5m,2026-08-31T03:55:00+00:00,4424.2,4424.55,4421.46,4422.51,1526.0,2026-08-31T05:55:00+02:00
XAUUSD,5m,2026-08-31T04:00:00+00:00,4422.51,4422.85,4418.35,4418.4,1741.0,2026-08-31T06:00:00+02:00
XAUUSD,5m,2026-08-31T04:05:00+00:00,4418.4,4418.92,4416.67,4418.32,1548.0,2026-08-31T06:05:00+02:00
XAUUSD,5m,2026-08-31T04:10:00+00:00,4418.32,4422.44,4416.85,4421.1,1897.0,2026-08-31T06:10:00+02:00
XAUUSD,5m,2026-08-31T04:15:00+00:00,4421.1,4421.42,4417.93,4418.23,1549.0,2026-08-31T06:15:00+02:00
XAUUSD,5m,2026-08-31T04:20:00+00:00,4418.23,4419.42,4415.84,4418.22,1942.0,2026-08-31T06:20:00+02:00
XAUUSD,5m,2026-08-31T04:25:00+00:00,4418.22,4420.61,4415.88,4415.97,1592.0,2026-08-31T06:25:00+02:00
XAUUSD,5m,2026-08-31T04:30:00+00:00,4415.97,4416.51,4412.81,4416.47,1814.0,2026-08-31T06:30:00+02:00
XAUUSD,5m,2026-08-31T04:35:00+00:00,4416.47,4421.77,4415.81,4420.24,2296.0,2026-08-31T06:35:00+02:00
XAUUSD,5m,2026-08-31T04:40:00+00:00,4420.24,4420.4,4416.94,4420.14,1988.0,2026-08-31T06:40:00+02:00
XAUUSD,5m,2026-08-31T04:45:00+00:00,4420.14,4421.56,4418.95,4419.14,1808.0,2026-08-31T06:45:00+02:00
XAUUSD,5m,2026-08-31T04:50:00+00:00,4419.14,4421.01,4418.6,4420.52,1634.0,2026-08-31T06:50:00+02:00
XAUUSD,5m,2026-08-31T04:55:00+00:00,4420.52,4424.96,4419.11,4424.5,2287.0,2026-08-31T06:55:00+02:00
XAUUSD,5m,2026-08-31T05:00:00+00:00,4424.5,4426.99,4422.15,4423.73,2543.0,2026-08-31T07:00:00+02:00
XAUUSD,5m,2026-08-31T05:05:00+00:00,4423.73,4424.06,4419.2,4420.26,2421.0,2026-08-31T07:05:00+02:00
XAUUSD,5m,2026-08-31T05:10:00+00:00,4420.26,4425.32,4419.36,4422.65,2153.0,2026-08-31T07:10:00+02:00
XAUUSD,5m,2026-08-31T05:15:00+00:00,4422.65,4428.01,4422.0,4427.87,2455.0,2026-08-31T07:15:00+02:00
XAUUSD,5m,2026-08-31T05:20:00+00:00,4427.87,4434.66,4427.81,4433.91,3011.0,2026-08-31T07:20:00+02:00
XAUUSD,5m,2026-08-31T05:25:00+00:00,4433.91,4440.76,4432.63,4440.16,3020.0,2026-08-31T07:25:00+02:00
XAUUSD,5m,2026-08-31T05:30:00+00:00,4440.16,4442.24,4430.49,4433.05,6783.0,2026-08-31T07:30:00+02:00
XAUUSD,5m,2026-08-31T05:35:00+00:00,4433.05,4436.78,4431.96,4434.21,3647.0,2026-08-31T07:35:00+02:00
XAUUSD,5m,2026-08-31T05:40:00+00:00,4434.21,4439.12,4432.8,4437.59,4128.0,2026-08-31T07:40:00+02:00
XAUUSD,5m,2026-08-31T05:45:00+00:00,4437.59,4441.51,4435.11,4435.43,3737.0,2026-08-31T07:45:00+02:00
XAUUSD,5m,2026-08-31T05:50:00+00:00,4435.43,4439.51,4434.11,4437.03,3495.0,2026-08-31T07:50:00+02:00
XAUUSD,5m,2026-08-31T05:55:00+00:00,4437.03,4443.75,4435.15,4442.92,3397.0,2026-08-31T07:55:00+02:00
XAUUSD,5m,2026-08-31T06:00:00+00:00,4442.92,4443.21,4432.7,4433.18,4572.0,2026-08-31T08:00:00+02:00
XAUUSD,5m,2026-08-31T06:05:00+00:00,4433.18,4433.23,4429.15,4432.14,3493.0,2026-08-31T08:05:00+02:00
XAUUSD,5m,2026-08-31T06:10:00+00:00,4432.14,4435.32,4431.85,4432.19,2487.0,2026-08-31T08:10:00+02:00
XAUUSD,5m,2026-08-31T06:15:00+00:00,4432.19,4438.22,4431.01,4437.84,3447.0,2026-08-31T08:15:00+02:00
XAUUSD,5m,2026-08-31T06:20:00+00:00,4437.84,4438.93,4434.49,4437.67,3193.0,2026-08-31T08:20:00+02:00
XAUUSD,5m,2026-08-31T06:25:00+00:00,4437.67,4438.0,4434.35,4435.86,2378.0,2026-08-31T08:25:00+02:00
XAUUSD,5m,2026-08-31T06:30:00+00:00,4435.86,4436.96,4431.2,4434.13,3182.0,2026-08-31T08:30:00+02:00
XAUUSD,5m,2026-08-31T06:35:00+00:00,4434.13,4440.87,4433.81,4440.39,2572.0,2026-08-31T08:35:00+02:00
XAUUSD,5m,2026-08-31T06:40:00+00:00,4440.39,4441.14,4438.74,4439.53,2012.0,2026-08-31T08:40:00+02:00
XAUUSD,5m,2026-08-31T06:45:00+00:00,4439.53,4442.52,4438.89,4441.66,2379.0,2026-08-31T08:45:00+02:00
XAUUSD,5m,2026-08-31T06:50:00+00:00,4441.66,4441.66,4437.23,4440.02,2486.0,2026-08-31T08:50:00+02:00
XAUUSD,5m,2026-08-31T06:55:00+00:00,4440.02,4440.04,4436.52,4439.26,2932.0,2026-08-31T08:55:00+02:00
XAUUSD,5m,2026-08-31T07:00:00+00:00,4439.26,4440.44,4436.9,4439.49,3368.0,2026-08-31T09:00:00+02:00
XAUUSD,5m,2026-08-31T07:05:00+00:00,4439.49,4441.84,4436.78,4437.71,2739.0,2026-08-31T09:05:00+02:00
XAUUSD,5m,2026-08-31T07:10:00+00:00,4437.71,4439.87,4435.57,4436.12,1825.0,2026-08-31T09:10:00+02:00
XAUUSD,5m,2026-08-31T07:15:00+00:00,4436.12,4441.19,4435.06,4438.91,2135.0,2026-08-31T09:15:00+02:00
XAUUSD,5m,2026-08-31T07:20:00+00:00,4438.91,4445.61,4438.31,4445.08,2483.0,2026-08-31T09:20:00+02:00
XAUUSD,5m,2026-08-31T07:25:00+00:00,4445.08,4447.86,4443.43,4445.43,1838.0,2026-08-31T09:25:00+02:00
XAUUSD,5m,2026-08-31T07:30:00+00:00,4445.43,4446.54,4441.09,4444.09,2447.0,2026-08-31T09:30:00+02:00
XAUUSD,5m,2026-08-31T07:35:00+00:00,4444.09,4444.9,4441.71,4443.28,1969.0,2026-08-31T09:35:00+02:00
XAUUSD,5m,2026-08-31T07:40:00+00:00,4443.28,4447.12,4441.3,4446.43,1768.0,2026-08-31T09:40:00+02:00
XAUUSD,5m,2026-08-31T07:45:00+00:00,4446.43,4447.78,4443.08,4444.48,1824.0,2026-08-31T09:45:00+02:00
XAUUSD,5m,2026-08-31T07:50:00+00:00,4444.48,4444.57,4441.88,4444.08,1742.0,2026-08-31T09:50:00+02:00
XAUUSD,5m,2026-08-31T07:55:00+00:00,4444.08,4445.09,4440.67,4443.23,2034.0,2026-08-31T09:55:00+02:00
XAUUSD,5m,2026-08-31T08:00:00+00:00,4443.23,4449.45,4442.82,4448.36,3721.0,2026-08-31T10:00:00+02:00
XAUUSD,5m,2026-08-31T08:05:00+00:00,4448.36,4448.67,4441.89,4442.77,2421.0,2026-08-31T10:05:00+02:00
XAUUSD,5m,2026-08-31T08:10:00+00:00,4442.77,4442.83,4436.93,4438.74,2339.0,2026-08-31T10:10:00+02:00
XAUUSD,5m,2026-08-31T08:15:00+00:00,4438.74,4440.32,4435.93,4439.64,2441.0,2026-08-31T10:15:00+02:00
XAUUSD,5m,2026-08-31T08:20:00+00:00,4439.64,4440.21,4437.2,4437.28,2310.0,2026-08-31T10:20:00+02:00
XAUUSD,5m,2026-08-31T08:25:00+00:00,4437.28,4441.33,4437.28,4440.11,2322.0,2026-08-31T10:25:00+02:00
XAUUSD,5m,2026-08-31T08:30:00+00:00,4440.11,4440.25,4435.53,4435.95,2141.0,2026-08-31T10:30:00+02:00
XAUUSD,5m,2026-08-31T08:35:00+00:00,4435.95,4438.18,4435.22,4436.61,1890.0,2026-08-31T10:35:00+02:00
XAUUSD,5m,2026-08-31T08:40:00+00:00,4436.61,4437.27,4434.36,4435.32,1789.0,2026-08-31T10:40:00+02:00
XAUUSD,5m,2026-08-31T08:45:00+00:00,4435.32,4436.78,4434.28,4436.3,1666.0,2026-08-31T10:45:00+02:00
XAUUSD,5m,2026-08-31T08:50:00+00:00,4436.3,4436.92,4433.68,4434.14,1757.0,2026-08-31T10:50:00+02:00
XAUUSD,5m,2026-08-31T08:55:00+00:00,4434.14,4436.11,4434.1,4435.54,1429.0,2026-08-31T10:55:00+02:00
XAUUSD,5m,2026-08-31T09:00:00+00:00,4435.54,4438.84,4435.51,4438.75,1826.0,2026-08-31T11:00:00+02:00
XAUUSD,5m,2026-08-31T09:05:00+00:00,4438.75,4441.47,4436.34,4436.56,1820.0,2026-08-31T11:05:00+02:00
XAUUSD,5m,2026-08-31T09:10:00+00:00,4436.56,4442.94,4435.73,4442.8,2277.0,2026-08-31T11:10:00+02:00
XAUUSD,5m,2026-08-31T09:15:00+00:00,4442.8,4444.18,4440.7,4441.04,1581.0,2026-08-31T11:15:00+02:00
XAUUSD,5m,2026-08-31T09:20:00+00:00,4441.04,4441.36,4438.6,4439.34,1538.0,2026-08-31T11:20:00+02:00
XAUUSD,5m,2026-08-31T09:25:00+00:00,4439.34,4439.79,4437.82,4439.12,1221.0,2026-08-31T11:25:00+02:00
XAUUSD,5m,2026-08-31T09:30:00+00:00,4439.12,4444.29,4438.99,4444.22,1687.0,2026-08-31T11:30:00+02:00
XAUUSD,5m,2026-08-31T09:35:00+00:00,4444.22,4444.65,4441.28,4441.5,1165.0,2026-08-31T11:35:00+02:00
XAUUSD,5m,2026-08-31T09:40:00+00:00,4441.5,4443.29,4440.69,4442.86,1106.0,2026-08-31T11:40:00+02:00
XAUUSD,5m,2026-08-31T09:45:00+00:00,4442.86,4444.75,4442.38,4442.8,1451.0,2026-08-31T11:45:00+02:00
XAUUSD,5m,2026-08-31T09:50:00+00:00,4442.8,4444.25,4440.76,4443.61,1533.0,2026-08-31T11:50:00+02:00
XAUUSD,5m,2026-08-31T09:55:00+00:00,4443.61,4445.5,4442.44,4445.26,1094.0,2026-08-31T11:55:00+02:00
XAUUSD,5m,2026-08-31T10:00:00+00:00,4445.26,4447.62,4444.56,4447.54,2276.0,2026-08-31T12:00:00+02:00
XAUUSD,5m,2026-08-31T10:05:00+00:00,4447.54,4453.66,4446.89,4448.08,2749.0,2026-08-31T12:05:00+02:00
XAUUSD,5m,2026-08-31T10:10:00+00:00,4448.08,4451.7,4446.12,4451.52,2455.0,2026-08-31T12:10:00+02:00
XAUUSD,5m,2026-08-31T10:15:00+00:00,4451.52,4452.08,4446.34,4448.07,2222.0,2026-08-31T12:15:00+02:00
XAUUSD,5m,2026-08-31T10:20:00+00:00,4448.07,4449.73,4447.26,4447.28,1684.0,2026-08-31T12:20:00+02:00
XAUUSD,5m,2026-08-31T10:25:00+00:00,4447.28,4448.73,4446.51,4448.26,2071.0,2026-08-31T12:25:00+02:00
XAUUSD,5m,2026-08-31T10:30:00+00:00,4448.26,4450.24,4447.42,4448.4,1781.0,2026-08-31T12:30:00+02:00
XAUUSD,5m,2026-08-31T10:35:00+00:00,4448.4,4451.08,4447.52,4449.95,1940.0,2026-08-31T12:35:00+02:00
XAUUSD,5m,2026-08-31T10:40:00+00:00,4449.95,4451.56,4448.56,4450.76,1795.0,2026-08-31T12:40:00+02:00
XAUUSD,5m,2026-08-31T10:45:00+00:00,4450.76,4451.26,4449.26,4450.67,1504.0,2026-08-31T12:45:00+02:00
XAUUSD,5m,2026-08-31T10:50:00+00:00,4450.67,4455.44,4450.37,4453.66,2155.0,2026-08-31T12:50:00+02:00
XAUUSD,5m,2026-08-31T10:55:00+00:00,4453.66,4455.55,4453.46,4453.89,1859.0,2026-08-31T12:55:00+02:00
XAUUSD,5m,2026-08-31T11:00:00+00:00,4453.89,4456.93,4453.49,4455.98,2207.0,2026-08-31T13:00:00+02:00
XAUUSD,5m,2026-08-31T11:05:00+00:00,4455.98,4457.07,4453.07,4456.56,1945.0,2026-08-31T13:05:00+02:00
XAUUSD,5m,2026-08-31T11:10:00+00:00,4456.56,4457.59,4453.47,4453.61,1547.0,2026-08-31T13:10:00+02:00
XAUUSD,5m,2026-08-31T11:15:00+00:00,4453.61,4457.1,4452.56,4456.4,1745.0,2026-08-31T13:15:00+02:00
XAUUSD,5m,2026-08-31T11:20:00+00:00,4456.4,4458.38,4455.99,4458.01,1660.0,2026-08-31T13:20:00+02:00
XAUUSD,5m,2026-08-31T11:25:00+00:00,4458.01,4463.81,4457.7,4463.18,2186.0,2026-08-31T13:25:00+02:00
XAUUSD,5m,2026-08-31T11:30:00+00:00,4463.18,4463.74,4458.38,4458.38,2573.0,2026-08-31T13:30:00+02:00
XAUUSD,5m,2026-08-31T11:35:00+00:00,4458.38,4459.68,4454.66,4455.5,2069.0,2026-08-31T13:35:00+02:00
XAUUSD,5m,2026-08-31T11:40:00+00:00,4455.5,4459.41,4452.95,4454.7,3190.0,2026-08-31T13:40:00+02:00
XAUUSD,5m,2026-08-31T11:45:00+00:00,4454.7,4455.82,4452.47,4453.18,2019.0,2026-08-31T13:45:00+02:00
XAUUSD,5m,2026-08-31T11:50:00+00:00,4453.18,4454.68,4452.16,4452.98,1960.0,2026-08-31T13:50:00+02:00
XAUUSD,5m,2026-08-31T11:55:00+00:00,4452.98,4456.19,4452.98,4455.26,1848.0,2026-08-31T13:55:00+02:00
XAUUSD,5m,2026-08-31T12:00:00+00:00,4455.26,4459.11,4454.8,4458.3,2478.0,2026-08-31T14:00:00+02:00
XAUUSD,5m,2026-08-31T12:05:00+00:00,4458.3,4460.85,4449.32,4456.95,3946.0,2026-08-31T14:05:00+02:00
XAUUSD,5m,2026-08-31T12:10:00+00:00,4456.95,4459.78,4454.74,4457.13,2959.0,2026-08-31T14:10:00+02:00
XAUUSD,5m,2026-08-31T12:15:00+00:00,4457.13,4458.6,4454.98,4456.75,2625.0,2026-08-31T14:15:00+02:00
XAUUSD,5m,2026-08-31T12:20:00+00:00,4456.75,4457.34,4450.25,4452.7,3069.0,2026-08-31T14:20:00+02:00
XAUUSD,5m,2026-08-31T12:25:00+00:00,4452.7,4454.39,4447.02,4447.65,6543.0,2026-08-31T14:25:00+02:00
XAUUSD,5m,2026-08-31T12:30:00+00:00,4447.65,4450.04,4445.38,4446.57,5333.0,2026-08-31T14:30:00+02:00
XAUUSD,5m,2026-08-31T12:35:00+00:00,4446.57,4447.38,4441.76,4442.09,4129.0,2026-08-31T14:35:00+02:00
XAUUSD,5m,2026-08-31T12:40:00+00:00,4442.09,4442.41,4438.93,4440.39,4064.0,2026-08-31T14:40:00+02:00
XAUUSD,5m,2026-08-31T12:45:00+00:00,4440.39,4440.39,4435.62,4437.82,3583.0,2026-08-31T14:45:00+02:00
XAUUSD,5m,2026-08-31T12:50:00+00:00,4437.82,4441.62,4436.72,4437.0,3020.0,2026-08-31T14:50:00+02:00
XAUUSD,5m,2026-08-31T12:55:00+00:00,4437.0,4439.38,4435.22,4435.77,3514.0,2026-08-31T14:55:00+02:00
XAUUSD,5m,2026-08-31T13:00:00+00:00,4435.77,4439.98,4433.76,4437.34,7580.0,2026-08-31T15:00:00+02:00
XAUUSD,5m,2026-08-31T13:05:00+00:00,4437.34,4445.79,4436.16,4444.93,4635.0,2026-08-31T15:05:00+02:00
XAUUSD,5m,2026-08-31T13:10:00+00:00,4444.93,4446.62,4442.7,4445.96,4264.0,2026-08-31T15:10:00+02:00
XAUUSD,5m,2026-08-31T13:15:00+00:00,4445.96,4448.23,4441.25,4442.94,4522.0,2026-08-31T15:15:00+02:00
XAUUSD,5m,2026-08-31T13:20:00+00:00,4442.94,4443.74,4439.1,4440.91,3658.0,2026-08-31T15:20:00+02:00
XAUUSD,5m,2026-08-31T13:25:00+00:00,4440.91,4447.16,4440.35,4445.95,5128.0,2026-08-31T15:25:00+02:00
XAUUSD,5m,2026-08-31T13:30:00+00:00,4445.95,4447.29,4437.75,4438.14,10262.0,2026-08-31T15:30:00+02:00
XAUUSD,5m,2026-08-31T13:35:00+00:00,4438.14,4443.1,4435.62,4436.73,9938.0,2026-08-31T15:35:00+02:00
XAUUSD,5m,2026-08-31T13:40:00+00:00,4436.73,4437.88,4431.92,4433.71,9457.0,2026-08-31T15:40:00+02:00
XAUUSD,5m,2026-08-31T13:45:00+00:00,4433.71,4433.73,4424.7,4425.48,9291.0,2026-08-31T15:45:00+02:00
XAUUSD,5m,2026-08-31T13:50:00+00:00,4425.48,4429.19,4418.91,4424.39,9020.0,2026-08-31T15:50:00+02:00
XAUUSD,5m,2026-08-31T13:55:00+00:00,4424.39,4424.67,4415.59,4418.54,7939.0,2026-08-31T15:55:00+02:00
XAUUSD,5m,2026-08-31T14:00:00+00:00,4418.54,4423.64,4416.12,4420.89,10895.0,2026-08-31T16:00:00+02:00
XAUUSD,5m,2026-08-31T14:05:00+00:00,4420.89,4427.88,4419.82,4427.12,8873.0,2026-08-31T16:05:00+02:00
XAUUSD,5m,2026-08-31T14:10:00+00:00,4427.12,4427.77,4421.09,4427.35,7933.0,2026-08-31T16:10:00+02:00
XAUUSD,5m,2026-08-31T14:15:00+00:00,4427.35,4431.07,4424.67,4426.92,7419.0,2026-08-31T16:15:00+02:00
XAUUSD,5m,2026-08-31T14:20:00+00:00,4426.92,4426.92,4416.39,4418.94,8701.0,2026-08-31T16:20:00+02:00
XAUUSD,5m,2026-08-31T14:25:00+00:00,4418.94,4423.13,4417.44,4420.11,8114.0,2026-08-31T16:25:00+02:00
XAUUSD,5m,2026-08-31T14:30:00+00:00,4420.11,4428.52,4419.18,4424.87,8244.0,2026-08-31T16:30:00+02:00
XAUUSD,5m,2026-08-31T14:35:00+00:00,4424.87,4436.66,4424.68,4433.46,7521.0,2026-08-31T16:35:00+02:00
XAUUSD,5m,2026-08-31T14:40:00+00:00,4433.46,4435.69,4431.3,4432.87,5881.0,2026-08-31T16:40:00+02:00
XAUUSD,5m,2026-08-31T14:45:00+00:00,4432.87,4435.84,4428.28,4428.64,6493.0,2026-08-31T16:45:00+02:00
XAUUSD,5m,2026-08-31T14:50:00+00:00,4428.64,4433.46,4426.0,4432.83,7544.0,2026-08-31T16:50:00+02:00
XAUUSD,5m,2026-08-31T14:55:00+00:00,4432.83,4436.16,4430.91,4431.66,6648.0,2026-08-31T16:55:00+02:00
XAUUSD,5m,2026-08-31T15:00:00+00:00,4431.66,4436.45,4428.42,4428.6,6896.0,2026-08-31T17:00:00+02:00
XAUUSD,5m,2026-08-31T15:05:00+00:00,4428.6,4434.26,4428.07,4433.84,6010.0,2026-08-31T17:05:00+02:00
XAUUSD,5m,2026-08-31T15:10:00+00:00,4433.84,4437.64,4431.84,4435.15,5997.0,2026-08-31T17:10:00+02:00
XAUUSD,5m,2026-08-31T15:15:00+00:00,4435.15,4437.8,4428.97,4432.27,6418.0,2026-08-31T17:15:00+02:00
XAUUSD,5m,2026-08-31T15:20:00+00:00,4432.27,4435.58,4429.36,4433.05,5770.0,2026-08-31T17:20:00+02:00
XAUUSD,5m,2026-08-31T15:25:00+00:00,4433.05,4434.53,4430.52,4432.79,4869.0,2026-08-31T17:25:00+02:00
XAUUSD,5m,2026-08-31T15:30:00+00:00,4432.79,4434.29,4428.76,4430.13,7821.0,2026-08-31T17:30:00+02:00
XAUUSD,5m,2026-08-31T15:35:00+00:00,4430.13,4432.54,4426.97,4429.79,6372.0,2026-08-31T17:35:00+02:00
XAUUSD,5m,2026-08-31T15:40:00+00:00,4429.79,4431.4,4426.15,4427.26,4454.0,2026-08-31T17:40:00+02:00
XAUUSD,5m,2026-08-31T15:45:00+00:00,4427.26,4433.55,4427.03,4431.39,4896.0,2026-08-31T17:45:00+02:00
XAUUSD,5m,2026-08-31T15:50:00+00:00,4431.39,4432.76,4426.74,4427.84,4347.0,2026-08-31T17:50:00+02:00
XAUUSD,5m,2026-08-31T15:55:00+00:00,4427.84,4429.0,4424.51,4426.2,5166.0,2026-08-31T17:55:00+02:00
XAUUSD,5m,2026-08-31T16:00:00+00:00,4426.2,4432.65,4423.67,4430.35,5335.0,2026-08-31T18:00:00+02:00
XAUUSD,5m,2026-08-31T16:05:00+00:00,4430.35,4436.21,4429.86,4434.25,4991.0,2026-08-31T18:05:00+02:00
XAUUSD,5m,2026-08-31T16:10:00+00:00,4434.25,4437.18,4432.65,4434.7,4715.0,2026-08-31T18:10:00+02:00
XAUUSD,5m,2026-08-31T16:15:00+00:00,4434.7,4436.78,4434.23,4434.84,3804.0,2026-08-31T18:15:00+02:00
XAUUSD,5m,2026-08-31T16:20:00+00:00,4434.84,4436.42,4433.25,4435.9,4493.0,2026-08-31T18:20:00+02:00
XAUUSD,5m,2026-08-31T16:25:00+00:00,4435.9,4438.53,4435.03,4438.32,2810.0,2026-08-31T18:25:00+02:00
XAUUSD,5m,2026-08-31T16:30:00+00:00,4438.32,4440.26,4435.34,4436.37,4369.0,2026-08-31T18:30:00+02:00
XAUUSD,5m,2026-08-31T16:35:00+00:00,4436.37,4436.43,4431.2,4432.1,4495.0,2026-08-31T18:35:00+02:00
XAUUSD,5m,2026-08-31T16:40:00+00:00,4432.1,4437.69,4431.39,4435.71,4607.0,2026-08-31T18:40:00+02:00
XAUUSD,5m,2026-08-31T16:45:00+00:00,4435.71,4436.93,4432.14,4433.94,3776.0,2026-08-31T18:45:00+02:00
XAUUSD,5m,2026-08-31T16:50:00+00:00,4433.94,4437.54,4433.66,4434.14,3261.0,2026-08-31T18:50:00+02:00
XAUUSD,5m,2026-08-31T16:55:00+00:00,4434.14,4434.36,4431.88,4433.21,2831.0,2026-08-31T18:55:00+02:00
XAUUSD,5m,2026-08-31T17:00:00+00:00,4433.21,4434.63,4431.22,4432.54,4322.0,2026-08-31T19:00:00+02:00
XAUUSD,5m,2026-08-31T17:05:00+00:00,4432.54,4433.04,4430.73,4431.57,3630.0,2026-08-31T19:05:00+02:00
XAUUSD,5m,2026-08-31T17:10:00+00:00,4431.57,4435.26,4431.34,4433.46,3034.0,2026-08-31T19:10:00+02:00
XAUUSD,5m,2026-08-31T17:15:00+00:00,4433.46,4436.24,4432.55,4435.84,2818.0,2026-08-31T19:15:00+02:00
XAUUSD,5m,2026-08-31T17:20:00+00:00,4435.84,4437.11,4432.7,4432.78,3647.0,2026-08-31T19:20:00+02:00
XAUUSD,5m,2026-08-31T17:25:00+00:00,4432.78,4434.91,4428.7,4430.49,5583.0,2026-08-31T19:25:00+02:00
XAUUSD,5m,2026-08-31T17:30:00+00:00,4430.49,4434.73,4429.76,4432.74,4242.0,2026-08-31T19:30:00+02:00
XAUUSD,5m,2026-08-31T17:35:00+00:00,4432.74,4435.46,4432.73,4433.52,3621.0,2026-08-31T19:35:00+02:00
XAUUSD,5m,2026-08-31T17:40:00+00:00,4433.52,4436.91,4432.85,4436.57,3082.0,2026-08-31T19:40:00+02:00
XAUUSD,5m,2026-08-31T17:45:00+00:00,4436.57,4440.03,4435.74,4438.91,3142.0,2026-08-31T19:45:00+02:00
XAUUSD,5m,2026-08-31T17:50:00+00:00,4438.91,4440.0,4437.27,4437.59,3021.0,2026-08-31T19:50:00+02:00
XAUUSD,5m,2026-08-31T17:55:00+00:00,4437.59,4438.03,4435.67,4436.48,2508.0,2026-08-31T19:55:00+02:00
XAUUSD,5m,2026-08-31T18:00:00+00:00,4436.48,4436.8,4430.08,4432.3,4320.0,2026-08-31T20:00:00+02:00
XAUUSD,5m,2026-08-31T18:05:00+00:00,4432.3,4432.8,4431.07,4431.31,2268.0,2026-08-31T20:05:00+02:00
XAUUSD,5m,2026-08-31T18:10:00+00:00,4431.31,4433.74,4430.32,4433.72,2276.0,2026-08-31T20:10:00+02:00
XAUUSD,5m,2026-08-31T18:15:00+00:00,4433.72,4434.45,4431.56,4431.95,1948.0,2026-08-31T20:15:00+02:00
XAUUSD,5m,2026-08-31T18:20:00+00:00,4431.95,4433.25,4431.77,4432.99,1831.0,2026-08-31T20:20:00+02:00
XAUUSD,5m,2026-08-31T18:25:00+00:00,4432.99,4433.11,4429.28,4429.72,3124.0,2026-08-31T20:25:00+02:00
XAUUSD,5m,2026-08-31T18:30:00+00:00,4429.72,4429.73,4426.18,4427.47,2870.0,2026-08-31T20:30:00+02:00
XAUUSD,5m,2026-08-31T18:35:00+00:00,4427.47,4428.77,4426.67,4428.25,3169.0,2026-08-31T20:35:00+02:00
XAUUSD,5m,2026-08-31T18:40:00+00:00,4428.25,4430.3,4427.45,4429.23,2996.0,2026-08-31T20:40:00+02:00
XAUUSD,5m,2026-08-31T18:45:00+00:00,4429.23,4433.01,4429.1,4432.84,2208.0,2026-08-31T20:45:00+02:00
XAUUSD,5m,2026-08-31T18:50:00+00:00,4432.84,4434.64,4432.38,4433.51,1974.0,2026-08-31T20:50:00+02:00
XAUUSD,5m,2026-08-31T18:55:00+00:00,4433.51,4433.94,4430.29,4430.86,2407.0,2026-08-31T20:55:00+02:00
XAUUSD,5m,2026-08-31T19:00:00+00:00,4430.86,4433.24,4429.17,4430.83,3048.0,2026-08-31T21:00:00+02:00
XAUUSD,5m,2026-08-31T19:05:00+00:00,4430.83,4434.89,4430.74,4434.89,2118.0,2026-08-31T21:05:00+02:00
XAUUSD,5m,2026-08-31T19:10:00+00:00,4434.89,4435.39,4432.34,4433.76,2222.0,2026-08-31T21:10:00+02:00
XAUUSD,5m,2026-08-31T19:15:00+00:00,4433.76,4434.17,4433.34,4433.66,1967.0,2026-08-31T21:15:00+02:00
XAUUSD,5m,2026-08-31T19:20:00+00:00,4433.66,4439.59,4432.86,4439.15,2685.0,2026-08-31T21:20:00+02:00
XAUUSD,5m,2026-08-31T19:25:00+00:00,4439.15,4442.36,4438.04,4440.32,3488.0,2026-08-31T21:25:00+02:00
XAUUSD,5m,2026-08-31T19:30:00+00:00,4440.32,4441.09,4439.36,4440.62,3310.0,2026-08-31T21:30:00+02:00
XAUUSD,5m,2026-08-31T19:35:00+00:00,4440.62,4445.34,4440.05,4442.96,4676.0,2026-08-31T21:35:00+02:00
XAUUSD,5m,2026-08-31T19:40:00+00:00,4442.96,4443.38,4438.93,4442.94,3592.0,2026-08-31T21:40:00+02:00
XAUUSD,5m,2026-08-31T19:45:00+00:00,4442.94,4449.1,4441.39,4448.65,4212.0,2026-08-31T21:45:00+02:00
XAUUSD,5m,2026-08-31T19:50:00+00:00,4448.65,4452.8,4447.34,4450.39,6174.0,2026-08-31T21:50:00+02:00
XAUUSD,5m,2026-08-31T19:55:00+00:00,4450.39,4453.72,4447.76,4453.35,9664.0,2026-08-31T21:55:00+02:00
XAUUSD,5m,2026-08-31T20:00:00+00:00,4453.35,4455.77,4452.53,4452.74,3580.0,2026-08-31T22:00:00+02:00
XAUUSD,5m,2026-08-31T20:05:00+00:00,4452.74,4453.35,4451.31,4452.24,1463.0,2026-08-31T22:05:00+02:00
XAUUSD,5m,2026-08-31T20:10:00+00:00,4452.24,4452.95,4449.72,4450.04,1052.0,2026-08-31T22:10:00+02:00
XAUUSD,5m,2026-08-31T20:15:00+00:00,4450.04,4450.37,4448.74,4448.94,882.0,2026-08-31T22:15:00+02:00
XAUUSD,5m,2026-08-31T20:20:00+00:00,4448.94,4448.94,4446.84,4447.72,778.0,2026-08-31T22:20:00+02:00
XAUUSD,5m,2026-08-31T20:25:00+00:00,4447.72,4448.03,4446.74,4447.19,717.0,2026-08-31T22:25:00+02:00
XAUUSD,5m,2026-08-31T20:30:00+00:00,4447.19,4448.56,4446.61,4447.89,695.0,2026-08-31T22:30:00+02:00
XAUUSD,5m,2026-08-31T20:35:00+00:00,4447.89,4449.17,4447.61,4448.06,455.0,2026-08-31T22:35:00+02:00
XAUUSD,5m,2026-08-31T20:40:00+00:00,4448.06,4448.64,4447.51,4448.09,436.0,2026-08-31T22:40:00+02:00
XAUUSD,5m,2026-08-31T20:45:00+00:00,4448.09,4448.32,4446.56,4447.02,598.0,2026-08-31T22:45:00+02:00
XAUUSD,5m,2026-08-31T20:50:00+00:00,4447.02,4448.26,4446.32,4448.05,715.0,2026-08-31T22:50:00+02:00
XAUUSD,5m,2026-08-31T20:55:00+00:00,4448.05,4449.07,4445.05,4446.83,1094.0,2026-08-31T22:55:00+02:00
XAUUSD,5m,2026-08-31T22:00:00+00:00,4446.83,4454.35,4446.76,4454.15,1318.0,2026-09-01T00:00:00+02:00
XAUUSD,5m,2026-08-31T22:05:00+00:00,4454.15,4455.72,4451.89,4455.49,1060.0,2026-09-01T00:05:00+02:00
XAUUSD,5m,2026-08-31T22:10:00+00:00,4455.49,4455.71,4451.5,4451.64,1259.0,2026-09-01T00:10:00+02:00
XAUUSD,5m,2026-08-31T22:15:00+00:00,4451.64,4452.1,4450.04,4450.04,649.0,2026-09-01T00:15:00+02:00
XAUUSD,5m,2026-08-31T22:20:00+00:00,4450.04,4450.04,4447.77,4447.89,529.0,2026-09-01T00:20:00+02:00
XAUUSD,5m,2026-08-31T22:25:00+00:00,4447.89,4450.48,4447.7,4449.67,767.0,2026-09-01T00:25:00+02:00
XAUUSD,5m,2026-08-31T22:30:00+00:00,4449.67,4451.14,4448.66,4450.11,555.0,2026-09-01T00:30:00+02:00
XAUUSD,5m,2026-08-31T22:35:00+00:00,4450.11,4450.11,4448.12,4448.43,597.0,2026-09-01T00:35:00+02:00
XAUUSD,5m,2026-08-31T22:40:00+00:00,4448.43,4448.99,4447.23,4447.69,404.0,2026-09-01T00:40:00+02:00
XAUUSD,5m,2026-08-31T22:45:00+00:00,4447.69,4448.21,4445.92,4446.91,527.0,2026-09-01T00:45:00+02:00
XAUUSD,5m,2026-08-31T22:50:00+00:00,4446.91,4447.36,4445.37,4445.77,544.0,2026-09-01T00:50:00+02:00
XAUUSD,5m,2026-08-31T22:55:00+00:00,4445.77,4447.92,4445.72,4446.94,563.0,2026-09-01T00:55:00+02:00
XAUUSD,5m,2026-08-31T23:00:00+00:00,4446.94,4447.15,4445.82,4445.87,866.0,2026-09-01T01:00:00+02:00
XAUUSD,5m,2026-08-31T23:05:00+00:00,4445.87,4446.8,4445.57,4446.13,725.0,2026-09-01T01:05:00+02:00
XAUUSD,5m,2026-08-31T23:10:00+00:00,4446.13,4446.67,4443.68,4443.93,726.0,2026-09-01T01:10:00+02:00
XAUUSD,5m,2026-08-31T23:15:00+00:00,4443.93,4444.04,4442.94,4443.2,546.0,2026-09-01T01:15:00+02:00
XAUUSD,5m,2026-08-31T23:20:00+00:00,4443.2,4443.42,4441.68,4443.02,782.0,2026-09-01T01:20:00+02:00
XAUUSD,5m,2026-08-31T23:25:00+00:00,4443.02,4444.27,4442.66,4443.13,574.0,2026-09-01T01:25:00+02:00
XAUUSD,5m,2026-08-31T23:30:00+00:00,4443.13,4447.81,4442.91,4445.47,987.0,2026-09-01T01:30:00+02:00
XAUUSD,5m,2026-08-31T23:35:00+00:00,4445.47,4446.23,4444.28,4444.71,784.0,2026-09-01T01:35:00+02:00
XAUUSD,5m,2026-08-31T23:40:00+00:00,4444.71,4446.5,4442.95,4445.58,852.0,2026-09-01T01:40:00+02:00
XAUUSD,5m,2026-08-31T23:45:00+00:00,4445.58,4449.35,4445.36,4446.37,2112.0,2026-09-01T01:45:00+02:00
XAUUSD,5m,2026-08-31T23:50:00+00:00,4446.37,4451.81,4446.11,4450.67,1220.0,2026-09-01T01:50:00+02:00
XAUUSD,5m,2026-08-31T23:55:00+00:00,4450.67,4452.43,4448.44,4452.24,1700.0,2026-09-01T01:55:00+02:00
XAUUSD,5m,2026-09-01T00:00:00+00:00,4452.24,4454.25,4446.26,4453.91,4897.0,2026-09-01T02:00:00+02:00
XAUUSD,5m,2026-09-01T00:05:00+00:00,4453.91,4456.0,4450.76,4455.29,4640.0,2026-09-01T02:05:00+02:00
XAUUSD,5m,2026-09-01T00:10:00+00:00,4455.29,4458.1,4452.31,4455.18,3585.0,2026-09-01T02:10:00+02:00
XAUUSD,5m,2026-09-01T00:15:00+00:00,4455.18,4458.07,4452.6,4457.53,3568.0,2026-09-01T02:15:00+02:00
XAUUSD,5m,2026-09-01T00:20:00+00:00,4457.53,4461.41,4457.43,4457.75,2459.0,2026-09-01T02:20:00+02:00
XAUUSD,5m,2026-09-01T00:25:00+00:00,4457.75,4461.1,4456.8,4460.22,2563.0,2026-09-01T02:25:00+02:00
XAUUSD,5m,2026-09-01T00:30:00+00:00,4460.22,4461.05,4456.21,4457.34,1792.0,2026-09-01T02:30:00+02:00
XAUUSD,5m,2026-09-01T00:35:00+00:00,4457.34,4457.37,4453.18,4455.1,1987.0,2026-09-01T02:35:00+02:00
XAUUSD,5m,2026-09-01T00:40:00+00:00,4455.1,4456.42,4451.97,4453.18,2337.0,2026-09-01T02:40:00+02:00
XAUUSD,5m,2026-09-01T00:45:00+00:00,4453.18,4456.75,4452.26,4455.83,2961.0,2026-09-01T02:45:00+02:00
XAUUSD,5m,2026-09-01T00:50:00+00:00,4455.83,4461.43,4455.28,4456.93,2641.0,2026-09-01T02:50:00+02:00
XAUUSD,5m,2026-09-01T00:55:00+00:00,4456.93,4457.31,4451.01,4453.56,3252.0,2026-09-01T02:55:00+02:00
XAUUSD,5m,2026-09-01T01:00:00+00:00,4453.56,4456.92,4447.86,4449.72,9229.0,2026-09-01T03:00:00+02:00
XAUUSD,5m,2026-09-01T01:05:00+00:00,4449.72,4450.72,4446.55,4447.07,4692.0,2026-09-01T03:05:00+02:00
XAUUSD,5m,2026-09-01T01:10:00+00:00,4447.07,4449.02,4445.35,4446.4,5285.0,2026-09-01T03:10:00+02:00
XAUUSD,5m,2026-09-01T01:15:00+00:00,4446.4,4447.74,4443.12,4443.26,4682.0,2026-09-01T03:15:00+02:00
XAUUSD,5m,2026-09-01T01:20:00+00:00,4443.26,4444.74,4438.52,4440.36,3767.0,2026-09-01T03:20:00+02:00
XAUUSD,5m,2026-09-01T01:25:00+00:00,4440.36,4440.56,4437.82,4439.71,3487.0,2026-09-01T03:25:00+02:00
XAUUSD,5m,2026-09-01T01:30:00+00:00,4439.71,4442.95,4436.01,4442.63,4370.0,2026-09-01T03:30:00+02:00
XAUUSD,5m,2026-09-01T01:35:00+00:00,4442.63,4445.61,4440.88,4443.95,3694.0,2026-09-01T03:35:00+02:00
XAUUSD,5m,2026-09-01T01:40:00+00:00,4443.95,4445.78,4440.36,4445.55,3304.0,2026-09-01T03:40:00+02:00
XAUUSD,5m,2026-09-01T01:45:00+00:00,4445.55,4446.68,4440.64,4441.1,3510.0,2026-09-01T03:45:00+02:00
XAUUSD,5m,2026-09-01T01:50:00+00:00,4441.1,4443.3,4438.96,4441.45,3301.0,2026-09-01T03:50:00+02:00
XAUUSD,5m,2026-09-01T01:55:00+00:00,4441.45,4444.55,4440.79,4444.31,3173.0,2026-09-01T03:55:00+02:00
XAUUSD,5m,2026-09-01T02:00:00+00:00,4444.31,4446.9,4442.49,4446.9,3518.0,2026-09-01T04:00:00+02:00
XAUUSD,5m,2026-09-01T02:05:00+00:00,4446.9,4448.63,4441.8,4441.93,3321.0,2026-09-01T04:05:00+02:00
XAUUSD,5m,2026-09-01T02:10:00+00:00,4441.93,4449.03,4441.83,4444.92,3189.0,2026-09-01T04:10:00+02:00
XAUUSD,5m,2026-09-01T02:15:00+00:00,4444.92,4446.82,4444.71,4446.58,1496.0,2026-09-01T04:15:00+02:00
XAUUSD,5m,2026-09-01T02:20:00+00:00,4446.58,4448.31,4442.31,4442.78,1734.0,2026-09-01T04:20:00+02:00
XAUUSD,5m,2026-09-01T02:25:00+00:00,4442.78,4443.36,4440.01,4440.67,2316.0,2026-09-01T04:25:00+02:00
XAUUSD,5m,2026-09-01T02:30:00+00:00,4440.67,4441.09,4435.14,4437.63,4382.0,2026-09-01T04:30:00+02:00
XAUUSD,5m,2026-09-01T02:35:00+00:00,4437.63,4437.63,4432.18,4433.4,4810.0,2026-09-01T04:35:00+02:00
XAUUSD,5m,2026-09-01T02:40:00+00:00,4433.4,4436.92,4431.37,4431.8,3361.0,2026-09-01T04:40:00+02:00
XAUUSD,5m,2026-09-01T02:45:00+00:00,4431.8,4436.15,4427.66,4435.18,4023.0,2026-09-01T04:45:00+02:00
XAUUSD,5m,2026-09-01T02:50:00+00:00,4435.18,4440.26,4434.38,4439.33,2736.0,2026-09-01T04:50:00+02:00
XAUUSD,5m,2026-09-01T02:55:00+00:00,4439.33,4443.17,4438.56,4442.84,2647.0,2026-09-01T04:55:00+02:00
XAUUSD,5m,2026-09-01T03:00:00+00:00,4442.84,4444.05,4439.58,4440.93,3572.0,2026-09-01T05:00:00+02:00
XAUUSD,5m,2026-09-01T03:05:00+00:00,4440.93,4442.3,4439.45,4440.72,1932.0,2026-09-01T05:05:00+02:00
XAUUSD,5m,2026-09-01T03:10:00+00:00,4440.72,4442.08,4438.36,4439.73,1918.0,2026-09-01T05:10:00+02:00
XAUUSD,5m,2026-09-01T03:15:00+00:00,4439.73,4440.36,4436.37,4436.84,1868.0,2026-09-01T05:15:00+02:00
XAUUSD,5m,2026-09-01T03:20:00+00:00,4436.84,4436.89,4432.2,4432.72,2843.0,2026-09-01T05:20:00+02:00
XAUUSD,5m,2026-09-01T03:25:00+00:00,4432.72,4436.19,4431.6,4434.05,2261.0,2026-09-01T05:25:00+02:00
XAUUSD,5m,2026-09-01T03:30:00+00:00,4434.05,4436.77,4433.13,4436.35,1811.0,2026-09-01T05:30:00+02:00
XAUUSD,5m,2026-09-01T03:35:00+00:00,4436.35,4437.84,4433.16,4437.65,1757.0,2026-09-01T05:35:00+02:00
XAUUSD,5m,2026-09-01T03:40:00+00:00,4437.65,4438.8,4437.07,4438.58,1318.0,2026-09-01T05:40:00+02:00
XAUUSD,5m,2026-09-01T03:45:00+00:00,4438.58,4442.94,4438.47,4441.3,1312.0,2026-09-01T05:45:00+02:00
XAUUSD,5m,2026-09-01T03:50:00+00:00,4441.3,4443.31,4440.83,4441.84,1277.0,2026-09-01T05:50:00+02:00
XAUUSD,5m,2026-09-01T03:55:00+00:00,4441.84,4441.86,4436.55,4436.71,1348.0,2026-09-01T05:55:00+02:00
XAUUSD,5m,2026-09-01T04:00:00+00:00,4436.71,4437.72,4435.45,4437.06,1406.0,2026-09-01T06:00:00+02:00
XAUUSD,5m,2026-09-01T04:05:00+00:00,4437.06,4437.47,4431.51,4432.01,1688.0,2026-09-01T06:05:00+02:00
XAUUSD,5m,2026-09-01T04:10:00+00:00,4432.01,4432.46,4430.1,4431.13,1924.0,2026-09-01T06:10:00+02:00
XAUUSD,5m,2026-09-01T04:15:00+00:00,4431.13,4433.82,4429.58,4430.27,1922.0,2026-09-01T06:15:00+02:00
XAUUSD,5m,2026-09-01T04:20:00+00:00,4430.27,4432.47,4429.71,4432.07,881.0,2026-09-01T06:20:00+02:00
XAUUSD,5m,2026-09-01T04:25:00+00:00,4432.07,4433.25,4429.49,4429.59,1306.0,2026-09-01T06:25:00+02:00
XAUUSD,5m,2026-09-01T04:30:00+00:00,4429.59,4430.3,4428.53,4430.06,1511.0,2026-09-01T06:30:00+02:00
XAUUSD,5m,2026-09-01T04:35:00+00:00,4430.06,4430.56,4428.59,4429.65,1244.0,2026-09-01T06:35:00+02:00
XAUUSD,5m,2026-09-01T04:40:00+00:00,4429.65,4430.05,4426.43,4427.72,1751.0,2026-09-01T06:40:00+02:00
XAUUSD,5m,2026-09-01T04:45:00+00:00,4427.72,4429.46,4425.47,4427.04,1800.0,2026-09-01T06:45:00+02:00
XAUUSD,5m,2026-09-01T04:50:00+00:00,4427.04,4429.59,4425.25,4429.24,1670.0,2026-09-01T06:50:00+02:00
XAUUSD,5m,2026-09-01T04:55:00+00:00,4429.24,4429.24,4425.42,4426.62,1570.0,2026-09-01T06:55:00+02:00
XAUUSD,5m,2026-09-01T05:00:00+00:00,4426.62,4431.46,4426.13,4430.96,2095.0,2026-09-01T07:00:00+02:00
XAUUSD,5m,2026-09-01T05:05:00+00:00,4430.96,4432.69,4430.09,4430.78,1387.0,2026-09-01T07:05:00+02:00
XAUUSD,5m,2026-09-01T05:10:00+00:00,4430.78,4431.45,4428.9,4429.43,1480.0,2026-09-01T07:10:00+02:00
XAUUSD,5m,2026-09-01T05:15:00+00:00,4429.43,4430.71,4425.33,4425.9,1814.0,2026-09-01T07:15:00+02:00
XAUUSD,5m,2026-09-01T05:20:00+00:00,4425.9,4427.92,4425.9,4427.21,1898.0,2026-09-01T07:20:00+02:00
XAUUSD,5m,2026-09-01T05:25:00+00:00,4427.21,4428.45,4425.93,4426.84,2032.0,2026-09-01T07:25:00+02:00
XAUUSD,5m,2026-09-01T05:30:00+00:00,4426.84,4435.29,4423.4,4434.95,5559.0,2026-09-01T07:30:00+02:00
XAUUSD,5m,2026-09-01T05:35:00+00:00,4434.95,4442.91,4433.16,4439.32,4520.0,2026-09-01T07:35:00+02:00
XAUUSD,5m,2026-09-01T05:40:00+00:00,4439.32,4443.57,4438.21,4442.65,3985.0,2026-09-01T07:40:00+02:00
XAUUSD,5m,2026-09-01T05:45:00+00:00,4442.65,4445.86,4441.02,4445.36,3882.0,2026-09-01T07:45:00+02:00
XAUUSD,5m,2026-09-01T05:50:00+00:00,4445.36,4445.36,4441.01,4443.04,2662.0,2026-09-01T07:50:00+02:00
XAUUSD,5m,2026-09-01T05:55:00+00:00,4443.04,4446.04,4439.86,4440.12,2727.0,2026-09-01T07:55:00+02:00
XAUUSD,5m,2026-09-01T06:00:00+00:00,4440.12,4440.56,4435.41,4436.36,3046.0,2026-09-01T08:00:00+02:00
XAUUSD,5m,2026-09-01T06:05:00+00:00,4436.36,4438.62,4435.23,4435.46,2647.0,2026-09-01T08:05:00+02:00
XAUUSD,5m,2026-09-01T06:10:00+00:00,4435.46,4436.44,4431.63,4432.88,2907.0,2026-09-01T08:10:00+02:00
XAUUSD,5m,2026-09-01T06:15:00+00:00,4432.88,4435.01,4432.5,4433.9,2364.0,2026-09-01T08:15:00+02:00
XAUUSD,5m,2026-09-01T06:20:00+00:00,4433.9,4434.73,4430.8,4432.88,2120.0,2026-09-01T08:20:00+02:00
XAUUSD,5m,2026-09-01T06:25:00+00:00,4432.88,4433.41,4427.53,4429.04,2415.0,2026-09-01T08:25:00+02:00
XAUUSD,5m,2026-09-01T06:30:00+00:00,4429.04,4430.28,4428.33,4429.39,2451.0,2026-09-01T08:30:00+02:00
XAUUSD,5m,2026-09-01T06:35:00+00:00,4429.39,4434.08,4429.39,4433.3,1909.0,2026-09-01T08:35:00+02:00
XAUUSD,5m,2026-09-01T06:40:00+00:00,4433.3,4435.25,4432.62,4434.78,2181.0,2026-09-01T08:40:00+02:00
XAUUSD,5m,2026-09-01T06:45:00+00:00,4434.78,4435.22,4429.04,4429.96,2351.0,2026-09-01T08:45:00+02:00
XAUUSD,5m,2026-09-01T06:50:00+00:00,4429.96,4430.36,4428.19,4429.98,2224.0,2026-09-01T08:50:00+02:00
XAUUSD,5m,2026-09-01T06:55:00+00:00,4429.98,4430.97,4429.29,4429.56,1729.0,2026-09-01T08:55:00+02:00
XAUUSD,5m,2026-09-01T07:00:00+00:00,4429.56,4434.95,4429.34,4434.03,3690.0,2026-09-01T09:00:00+02:00
XAUUSD,5m,2026-09-01T07:05:00+00:00,4434.03,4434.26,4429.6,4430.58,3062.0,2026-09-01T09:05:00+02:00
XAUUSD,5m,2026-09-01T07:10:00+00:00,4430.58,4433.2,4429.38,4433.15,3023.0,2026-09-01T09:10:00+02:00
XAUUSD,5m,2026-09-01T07:15:00+00:00,4433.15,4433.66,4428.51,4429.46,2795.0,2026-09-01T09:15:00+02:00
XAUUSD,5m,2026-09-01T07:20:00+00:00,4429.46,4432.39,4426.55,4426.87,3055.0,2026-09-01T09:20:00+02:00
XAUUSD,5m,2026-09-01T07:25:00+00:00,4426.87,4429.68,4425.88,4426.15,3302.0,2026-09-01T09:25:00+02:00
XAUUSD,5m,2026-09-01T07:30:00+00:00,4426.15,4428.24,4418.92,4425.32,4108.0,2026-09-01T09:30:00+02:00
XAUUSD,5m,2026-09-01T07:35:00+00:00,4425.32,4425.67,4412.7,4413.04,4301.0,2026-09-01T09:35:00+02:00
XAUUSD,5m,2026-09-01T07:40:00+00:00,4413.04,4421.81,4411.93,4418.1,3956.0,2026-09-01T09:40:00+02:00
XAUUSD,5m,2026-09-01T07:45:00+00:00,4418.1,4422.43,4416.5,4422.15,3729.0,2026-09-01T09:45:00+02:00
XAUUSD,5m,2026-09-01T07:50:00+00:00,4422.15,4423.2,4418.54,4419.14,2622.0,2026-09-01T09:50:00+02:00
XAUUSD,5m,2026-09-01T07:55:00+00:00,4419.14,4422.19,4417.01,4420.07,2919.0,2026-09-01T09:55:00+02:00
XAUUSD,5m,2026-09-01T08:00:00+00:00,4420.07,4420.07,4410.34,4411.12,5078.0,2026-09-01T10:00:00+02:00
XAUUSD,5m,2026-09-01T08:05:00+00:00,4411.12,4418.66,4393.45,4395.86,10979.0,2026-09-01T10:05:00+02:00
XAUUSD,5m,2026-09-01T08:10:00+00:00,4395.86,4406.64,4388.75,4405.38,8792.0,2026-09-01T10:10:00+02:00
XAUUSD,5m,2026-09-01T08:15:00+00:00,4405.38,4405.79,4394.72,4395.04,5418.0,2026-09-01T10:15:00+02:00
XAUUSD,5m,2026-09-01T08:20:00+00:00,4395.04,4398.33,4383.97,4385.11,6956.0,2026-09-01T10:20:00+02:00
XAUUSD,5m,2026-09-01T08:25:00+00:00,4385.11,4387.65,4381.75,4382.96,7395.0,2026-09-01T10:25:00+02:00
XAUUSD,5m,2026-09-01T08:30:00+00:00,4382.96,4383.82,4372.65,4374.68,8174.0,2026-09-01T10:30:00+02:00
XAUUSD,5m,2026-09-01T08:35:00+00:00,4374.68,4377.12,4369.88,4374.53,8096.0,2026-09-01T10:35:00+02:00
XAUUSD,5m,2026-09-01T08:40:00+00:00,4374.53,4381.1,4370.29,4375.58,6837.0,2026-09-01T10:40:00+02:00
XAUUSD,5m,2026-09-01T08:45:00+00:00,4375.58,4378.57,4369.12,4377.1,6604.0,2026-09-01T10:45:00+02:00
XAUUSD,5m,2026-09-01T08:50:00+00:00,4377.1,4378.06,4372.52,4376.66,6233.0,2026-09-01T10:50:00+02:00
XAUUSD,5m,2026-09-01T08:55:00+00:00,4376.66,4378.03,4370.06,4370.77,3917.0,2026-09-01T10:55:00+02:00
XAUUSD,5m,2026-09-01T09:00:00+00:00,4370.77,4375.39,4366.15,4374.09,6217.0,2026-09-01T11:00:00+02:00
XAUUSD,5m,2026-09-01T09:05:00+00:00,4374.09,4375.21,4367.54,4369.8,6515.0,2026-09-01T11:05:00+02:00
XAUUSD,5m,2026-09-01T09:10:00+00:00,4369.8,4376.12,4369.09,4376.04,5129.0,2026-09-01T11:10:00+02:00
XAUUSD,5m,2026-09-01T09:15:00+00:00,4376.04,4378.04,4374.64,4376.47,4861.0,2026-09-01T11:15:00+02:00
XAUUSD,5m,2026-09-01T09:20:00+00:00,4376.47,4377.76,4374.26,4375.24,3608.0,2026-09-01T11:20:00+02:00
XAUUSD,5m,2026-09-01T09:25:00+00:00,4375.24,4375.32,4370.49,4372.79,4230.0,2026-09-01T11:25:00+02:00
XAUUSD,5m,2026-09-01T09:30:00+00:00,4372.79,4372.91,4366.31,4370.71,5045.0,2026-09-01T11:30:00+02:00
XAUUSD,5m,2026-09-01T09:35:00+00:00,4370.71,4371.16,4365.47,4367.97,4126.0,2026-09-01T11:35:00+02:00
XAUUSD,5m,2026-09-01T09:40:00+00:00,4367.97,4371.62,4365.93,4371.55,3314.0,2026-09-01T11:40:00+02:00
XAUUSD,5m,2026-09-01T09:45:00+00:00,4371.55,4373.59,4369.45,4369.45,3526.0,2026-09-01T11:45:00+02:00
XAUUSD,5m,2026-09-01T09:50:00+00:00,4369.45,4371.72,4368.57,4370.37,2643.0,2026-09-01T11:50:00+02:00
XAUUSD,5m,2026-09-01T09:55:00+00:00,4370.37,4373.35,4364.18,4364.74,3148.0,2026-09-01T11:55:00+02:00
XAUUSD,5m,2026-09-01T10:00:00+00:00,4364.74,4370.96,4364.28,4368.58,3239.0,2026-09-01T12:00:00+02:00
XAUUSD,5m,2026-09-01T10:05:00+00:00,4368.58,4374.79,4367.74,4373.06,2841.0,2026-09-01T12:05:00+02:00
XAUUSD,5m,2026-09-01T10:10:00+00:00,4373.06,4381.9,4372.99,4378.28,3290.0,2026-09-01T12:10:00+02:00
XAUUSD,5m,2026-09-01T10:15:00+00:00,4378.28,4383.27,4378.23,4381.01,2843.0,2026-09-01T12:15:00+02:00
XAUUSD,5m,2026-09-01T10:20:00+00:00,4381.01,4385.24,4380.3,4384.36,2808.0,2026-09-01T12:20:00+02:00
XAUUSD,5m,2026-09-01T10:25:00+00:00,4384.36,4385.6,4383.08,4384.87,2370.0,2026-09-01T12:25:00+02:00
XAUUSD,5m,2026-09-01T10:30:00+00:00,4384.87,4385.63,4381.58,4383.64,2602.0,2026-09-01T12:30:00+02:00
XAUUSD,5m,2026-09-01T10:35:00+00:00,4383.64,4385.52,4383.03,4384.16,2036.0,2026-09-01T12:35:00+02:00
XAUUSD,5m,2026-09-01T10:40:00+00:00,4384.16,4385.95,4381.54,4381.54,2078.0,2026-09-01T12:40:00+02:00
XAUUSD,5m,2026-09-01T10:45:00+00:00,4381.54,4381.76,4377.02,4378.14,3896.0,2026-09-01T12:45:00+02:00
XAUUSD,5m,2026-09-01T10:50:00+00:00,4378.14,4378.72,4375.04,4375.67,2930.0,2026-09-01T12:50:00+02:00
XAUUSD,5m,2026-09-01T10:55:00+00:00,4375.67,4380.1,4375.43,4378.15,2682.0,2026-09-01T12:55:00+02:00
XAUUSD,5m,2026-09-01T11:00:00+00:00,4378.15,4380.67,4375.8,4380.22,4095.0,2026-09-01T13:00:00+02:00
XAUUSD,5m,2026-09-01T11:05:00+00:00,4380.22,4382.71,4376.72,4382.05,3306.0,2026-09-01T13:05:00+02:00
XAUUSD,5m,2026-09-01T11:10:00+00:00,4382.05,4383.07,4376.31,4377.11,3232.0,2026-09-01T13:10:00+02:00
XAUUSD,5m,2026-09-01T11:15:00+00:00,4377.11,4377.47,4374.83,4376.23,2429.0,2026-09-01T13:15:00+02:00
XAUUSD,5m,2026-09-01T11:20:00+00:00,4376.23,4381.64,4375.76,4377.79,3549.0,2026-09-01T13:20:00+02:00
XAUUSD,5m,2026-09-01T11:25:00+00:00,4377.79,4381.93,4376.41,4380.42,3304.0,2026-09-01T13:25:00+02:00
XAUUSD,5m,2026-09-01T11:30:00+00:00,4380.42,4382.18,4378.11,4380.41,3007.0,2026-09-01T13:30:00+02:00
XAUUSD,5m,2026-09-01T11:35:00+00:00,4380.41,4384.25,4378.83,4383.64,2621.0,2026-09-01T13:35:00+02:00
XAUUSD,5m,2026-09-01T11:40:00+00:00,4383.64,4384.77,4382.53,4384.02,2216.0,2026-09-01T13:40:00+02:00
XAUUSD,5m,2026-09-01T11:45:00+00:00,4384.02,4387.14,4383.56,4384.99,2862.0,2026-09-01T13:45:00+02:00
XAUUSD,5m,2026-09-01T11:50:00+00:00,4384.99,4386.67,4378.68,4378.97,2929.0,2026-09-01T13:50:00+02:00
XAUUSD,5m,2026-09-01T11:55:00+00:00,4378.97,4378.97,4371.84,4374.42,4044.0,2026-09-01T13:55:00+02:00
XAUUSD,5m,2026-09-01T12:00:00+00:00,4374.42,4374.63,4369.67,4371.79,4637.0,2026-09-01T14:00:00+02:00
XAUUSD,5m,2026-09-01T12:05:00+00:00,4371.79,4373.04,4370.05,4370.64,3843.0,2026-09-01T14:05:00+02:00
XAUUSD,5m,2026-09-01T12:10:00+00:00,4370.64,4372.4,4366.77,4370.8,4303.0,2026-09-01T14:10:00+02:00
XAUUSD,5m,2026-09-01T12:15:00+00:00,4370.8,4375.45,4369.68,4370.94,4455.0,2026-09-01T14:15:00+02:00
XAUUSD,5m,2026-09-01T12:20:00+00:00,4370.94,4371.83,4365.9,4367.97,5745.0,2026-09-01T14:20:00+02:00
XAUUSD,5m,2026-09-01T12:25:00+00:00,4367.97,4376.09,4367.62,4368.55,4765.0,2026-09-01T14:25:00+02:00
XAUUSD,5m,2026-09-01T12:30:00+00:00,4368.55,4368.91,4358.37,4359.04,5823.0,2026-09-01T14:30:00+02:00
XAUUSD,5m,2026-09-01T12:35:00+00:00,4359.04,4360.87,4351.93,4357.41,7771.0,2026-09-01T14:35:00+02:00
XAUUSD,5m,2026-09-01T12:40:00+00:00,4357.41,4365.02,4355.25,4364.91,6068.0,2026-09-01T14:40:00+02:00
XAUUSD,5m,2026-09-01T12:45:00+00:00,4364.91,4369.93,4362.91,4364.46,5739.0,2026-09-01T14:45:00+02:00
XAUUSD,5m,2026-09-01T12:50:00+00:00,4364.46,4365.32,4361.79,4362.86,4261.0,2026-09-01T14:50:00+02:00
XAUUSD,5m,2026-09-01T12:55:00+00:00,4362.86,4363.23,4356.04,4356.13,4645.0,2026-09-01T14:55:00+02:00
XAUUSD,5m,2026-09-01T13:00:00+00:00,4356.13,4357.6,4336.65,4339.56,12851.0,2026-09-01T15:00:00+02:00
XAUUSD,5m,2026-09-01T13:05:00+00:00,4339.56,4343.1,4329.3,4331.95,10737.0,2026-09-01T15:05:00+02:00
XAUUSD,5m,2026-09-01T13:10:00+00:00,4331.95,4335.4,4326.09,4329.36,9545.0,2026-09-01T15:10:00+02:00
XAUUSD,5m,2026-09-01T13:15:00+00:00,4329.36,4334.14,4326.36,4333.82,7645.0,2026-09-01T15:15:00+02:00
XAUUSD,5m,2026-09-01T13:20:00+00:00,4333.82,4337.41,4331.37,4335.99,6281.0,2026-09-01T15:20:00+02:00
XAUUSD,5m,2026-09-01T13:25:00+00:00,4335.99,4344.58,4334.98,4343.07,6606.0,2026-09-01T15:25:00+02:00
XAUUSD,5m,2026-09-01T13:30:00+00:00,4343.07,4354.82,4341.09,4352.97,14383.0,2026-09-01T15:30:00+02:00
XAUUSD,5m,2026-09-01T13:35:00+00:00,4352.97,4356.7,4346.65,4352.89,12107.0,2026-09-01T15:35:00+02:00
XAUUSD,5m,2026-09-01T13:40:00+00:00,4352.89,4362.23,4351.22,4361.8,8452.0,2026-09-01T15:40:00+02:00
XAUUSD,5m,2026-09-01T13:45:00+00:00,4361.8,4362.22,4354.12,4361.15,10856.0,2026-09-01T15:45:00+02:00
XAUUSD,5m,2026-09-01T13:50:00+00:00,4361.15,4364.8,4356.62,4357.84,10359.0,2026-09-01T15:50:00+02:00
XAUUSD,5m,2026-09-01T13:55:00+00:00,4357.84,4367.45,4357.84,4364.87,7684.0,2026-09-01T15:55:00+02:00
XAUUSD,5m,2026-09-01T14:00:00+00:00,4364.87,4370.71,4353.22,4353.42,12187.0,2026-09-01T16:00:00+02:00
XAUUSD,5m,2026-09-01T14:05:00+00:00,4353.42,4369.55,4353.19,4366.22,9167.0,2026-09-01T16:05:00+02:00
XAUUSD,5m,2026-09-01T14:10:00+00:00,4366.22,4370.23,4362.17,4370.22,8685.0,2026-09-01T16:10:00+02:00
XAUUSD,5m,2026-09-01T14:15:00+00:00,4370.22,4374.34,4368.72,4371.27,8672.0,2026-09-01T16:15:00+02:00
XAUUSD,5m,2026-09-01T14:20:00+00:00,4371.27,4375.56,4370.89,4373.56,7197.0,2026-09-01T16:20:00+02:00
XAUUSD,5m,2026-09-01T14:25:00+00:00,4373.56,4374.19,4365.51,4365.6,6881.0,2026-09-01T16:25:00+02:00
XAUUSD,5m,2026-09-01T14:30:00+00:00,4365.6,4372.25,4365.52,4372.17,7156.0,2026-09-01T16:30:00+02:00
XAUUSD,5m,2026-09-01T14:35:00+00:00,4372.17,4373.29,4365.16,4365.7,8212.0,2026-09-01T16:35:00+02:00
XAUUSD,5m,2026-09-01T14:40:00+00:00,4365.7,4367.85,4364.17,4367.0,7578.0,2026-09-01T16:40:00+02:00
XAUUSD,5m,2026-09-01T14:45:00+00:00,4367.0,4370.32,4360.38,4361.53,7158.0,2026-09-01T16:45:00+02:00
XAUUSD,5m,2026-09-01T14:50:00+00:00,4361.53,4367.95,4358.83,4359.93,6356.0,2026-09-01T16:50:00+02:00
XAUUSD,5m,2026-09-01T14:55:00+00:00,4359.93,4360.58,4356.61,4360.43,5666.0,2026-09-01T16:55:00+02:00
XAUUSD,5m,2026-09-01T15:00:00+00:00,4360.43,4363.01,4355.17,4357.45,7089.0,2026-09-01T17:00:00+02:00
XAUUSD,5m,2026-09-01T15:05:00+00:00,4357.45,4360.5,4356.22,4360.19,5439.0,2026-09-01T17:05:00+02:00
XAUUSD,5m,2026-09-01T15:10:00+00:00,4360.19,4362.92,4356.6,4357.28,5717.0,2026-09-01T17:10:00+02:00
XAUUSD,5m,2026-09-01T15:15:00+00:00,4357.28,4363.85,4356.22,4363.35,6117.0,2026-09-01T17:15:00+02:00
XAUUSD,5m,2026-09-01T15:20:00+00:00,4363.35,4365.5,4361.74,4362.14,4689.0,2026-09-01T17:20:00+02:00
XAUUSD,5m,2026-09-01T15:25:00+00:00,4362.14,4365.93,4358.58,4365.8,4567.0,2026-09-01T17:25:00+02:00
XAUUSD,5m,2026-09-01T15:30:00+00:00,4365.8,4366.92,4362.51,4363.02,5922.0,2026-09-01T17:30:00+02:00
XAUUSD,5m,2026-09-01T15:35:00+00:00,4363.02,4366.63,4361.5,4364.01,5030.0,2026-09-01T17:35:00+02:00
XAUUSD,5m,2026-09-01T15:40:00+00:00,4364.01,4370.81,4364.01,4370.66,4600.0,2026-09-01T17:40:00+02:00
XAUUSD,5m,2026-09-01T15:45:00+00:00,4370.66,4371.53,4368.49,4371.0,4073.0,2026-09-01T17:45:00+02:00
XAUUSD,5m,2026-09-01T15:50:00+00:00,4371.0,4373.14,4369.37,4372.78,3683.0,2026-09-01T17:50:00+02:00
XAUUSD,5m,2026-09-01T15:55:00+00:00,4372.78,4373.75,4370.35,4372.81,3777.0,2026-09-01T17:55:00+02:00
XAUUSD,5m,2026-09-01T16:00:00+00:00,4372.81,4374.69,4371.33,4371.94,4394.0,2026-09-01T18:00:00+02:00
XAUUSD,5m,2026-09-01T16:05:00+00:00,4371.94,4373.18,4367.63,4367.74,4377.0,2026-09-01T18:05:00+02:00
XAUUSD,5m,2026-09-01T16:10:00+00:00,4367.74,4368.62,4362.24,4362.24,5325.0,2026-09-01T18:10:00+02:00
XAUUSD,5m,2026-09-01T16:15:00+00:00,4362.24,4365.64,4358.61,4359.01,8260.0,2026-09-01T18:15:00+02:00
XAUUSD,5m,2026-09-01T16:20:00+00:00,4359.01,4359.01,4355.59,4357.76,8476.0,2026-09-01T18:20:00+02:00
XAUUSD,5m,2026-09-01T16:25:00+00:00,4357.76,4358.91,4352.42,4352.61,6961.0,2026-09-01T18:25:00+02:00
XAUUSD,5m,2026-09-01T16:30:00+00:00,4352.61,4353.21,4347.01,4348.7,8355.0,2026-09-01T18:30:00+02:00
XAUUSD,5m,2026-09-01T16:35:00+00:00,4348.7,4355.52,4346.91,4355.18,6811.0,2026-09-01T18:35:00+02:00
XAUUSD,5m,2026-09-01T16:40:00+00:00,4355.18,4357.67,4352.14,4354.89,5567.0,2026-09-01T18:40:00+02:00
XAUUSD,5m,2026-09-01T16:45:00+00:00,4354.89,4359.12,4354.67,4357.13,5383.0,2026-09-01T18:45:00+02:00
XAUUSD,5m,2026-09-01T16:50:00+00:00,4357.13,4358.33,4353.66,4355.11,5082.0,2026-09-01T18:50:00+02:00
XAUUSD,5m,2026-09-01T16:55:00+00:00,4355.11,4356.2,4350.93,4351.28,3757.0,2026-09-01T18:55:00+02:00
XAUUSD,5m,2026-09-01T17:00:00+00:00,4351.28,4351.87,4346.82,4346.85,5255.0,2026-09-01T19:00:00+02:00
XAUUSD,5m,2026-09-01T17:05:00+00:00,4346.85,4347.92,4344.33,4346.03,4126.0,2026-09-01T19:05:00+02:00
XAUUSD,5m,2026-09-01T17:10:00+00:00,4346.03,4347.87,4344.23,4346.34,3810.0,2026-09-01T19:10:00+02:00
XAUUSD,5m,2026-09-01T17:15:00+00:00,4346.34,4348.6,4343.86,4346.54,4136.0,2026-09-01T19:15:00+02:00
XAUUSD,5m,2026-09-01T17:20:00+00:00,4346.54,4348.1,4344.76,4347.23,3860.0,2026-09-01T19:20:00+02:00
XAUUSD,5m,2026-09-01T17:25:00+00:00,4347.23,4350.15,4342.62,4349.94,7768.0,2026-09-01T19:25:00+02:00
XAUUSD,5m,2026-09-01T17:30:00+00:00,4349.94,4352.03,4347.16,4347.44,6244.0,2026-09-01T19:30:00+02:00
XAUUSD,5m,2026-09-01T17:35:00+00:00,4347.44,4350.74,4345.64,4345.9,5014.0,2026-09-01T19:35:00+02:00
XAUUSD,5m,2026-09-01T17:40:00+00:00,4345.9,4347.08,4342.66,4343.92,5109.0,2026-09-01T19:40:00+02:00
XAUUSD,5m,2026-09-01T17:45:00+00:00,4343.92,4344.35,4340.9,4342.83,3523.0,2026-09-01T19:45:00+02:00
XAUUSD,5m,2026-09-01T17:50:00+00:00,4342.83,4344.58,4341.16,4343.2,3022.0,2026-09-01T19:50:00+02:00
XAUUSD,5m,2026-09-01T17:55:00+00:00,4343.2,4344.09,4341.77,4342.87,3100.0,2026-09-01T19:55:00+02:00
XAUUSD,5m,2026-09-01T18:00:00+00:00,4342.87,4344.52,4338.05,4338.72,4584.0,2026-09-01T20:00:00+02:00
XAUUSD,5m,2026-09-01T18:05:00+00:00,4338.72,4340.26,4336.55,4336.55,3942.0,2026-09-01T20:05:00+02:00
XAUUSD,5m,2026-09-01T18:10:00+00:00,4336.55,4337.65,4334.3,4336.42,3285.0,2026-09-01T20:10:00+02:00
XAUUSD,5m,2026-09-01T18:15:00+00:00,4336.42,4341.06,4335.35,4340.7,3837.0,2026-09-01T20:15:00+02:00
XAUUSD,5m,2026-09-01T18:20:00+00:00,4340.7,4341.77,4339.68,4341.25,3393.0,2026-09-01T20:20:00+02:00
XAUUSD,5m,2026-09-01T18:25:00+00:00,4341.25,4341.25,4337.03,4337.5,3351.0,2026-09-01T20:25:00+02:00
XAUUSD,5m,2026-09-01T18:30:00+00:00,4337.5,4337.58,4332.95,4333.9,4877.0,2026-09-01T20:30:00+02:00
XAUUSD,5m,2026-09-01T18:35:00+00:00,4333.9,4334.33,4328.85,4329.67,4351.0,2026-09-01T20:35:00+02:00
XAUUSD,5m,2026-09-01T18:40:00+00:00,4329.67,4331.0,4328.28,4329.54,3686.0,2026-09-01T20:40:00+02:00
XAUUSD,5m,2026-09-01T18:45:00+00:00,4329.54,4331.63,4328.16,4331.62,4256.0,2026-09-01T20:45:00+02:00
XAUUSD,5m,2026-09-01T18:50:00+00:00,4331.62,4334.34,4329.14,4329.36,4037.0,2026-09-01T20:50:00+02:00
XAUUSD,5m,2026-09-01T18:55:00+00:00,4329.36,4333.58,4328.12,4331.62,3729.0,2026-09-01T20:55:00+02:00
XAUUSD,5m,2026-09-01T19:00:00+00:00,4331.62,4332.56,4329.05,4331.69,5214.0,2026-09-01T21:00:00+02:00
XAUUSD,5m,2026-09-01T19:05:00+00:00,4331.69,4333.96,4329.72,4331.4,4131.0,2026-09-01T21:05:00+02:00
XAUUSD,5m,2026-09-01T19:10:00+00:00,4331.4,4337.3,4330.87,4337.23,4124.0,2026-09-01T21:10:00+02:00
XAUUSD,5m,2026-09-01T19:15:00+00:00,4337.23,4337.62,4334.37,4335.23,3567.0,2026-09-01T21:15:00+02:00
XAUUSD,5m,2026-09-01T19:20:00+00:00,4335.23,4335.62,4333.23,4334.01,3460.0,2026-09-01T21:20:00+02:00
XAUUSD,5m,2026-09-01T19:25:00+00:00,4334.01,4335.53,4333.91,4334.46,2694.0,2026-09-01T21:25:00+02:00
XAUUSD,5m,2026-09-01T19:30:00+00:00,4334.46,4334.75,4328.3,4329.95,4406.0,2026-09-01T21:30:00+02:00
XAUUSD,5m,2026-09-01T19:35:00+00:00,4329.95,4330.6,4322.82,4323.15,4100.0,2026-09-01T21:35:00+02:00
XAUUSD,5m,2026-09-01T19:40:00+00:00,4323.15,4327.97,4322.66,4326.39,3688.0,2026-09-01T21:40:00+02:00
XAUUSD,5m,2026-09-01T19:45:00+00:00,4326.39,4329.53,4323.46,4327.26,4779.0,2026-09-01T21:45:00+02:00
XAUUSD,5m,2026-09-01T19:50:00+00:00,4327.26,4330.42,4326.24,4328.0,4952.0,2026-09-01T21:50:00+02:00
XAUUSD,5m,2026-09-01T19:55:00+00:00,4328.0,4329.58,4324.3,4327.0,4457.0,2026-09-01T21:55:00+02:00
XAUUSD,5m,2026-09-01T20:00:00+00:00,4327.0,4329.48,4323.65,4328.06,2823.0,2026-09-01T22:00:00+02:00
XAUUSD,5m,2026-09-01T20:05:00+00:00,4328.06,4330.77,4327.7,4329.18,1830.0,2026-09-01T22:05:00+02:00
XAUUSD,5m,2026-09-01T20:10:00+00:00,4329.18,4329.37,4325.45,4325.72,1171.0,2026-09-01T22:10:00+02:00
XAUUSD,5m,2026-09-01T20:15:00+00:00,4325.72,4328.33,4324.8,4327.68,1100.0,2026-09-01T22:15:00+02:00
XAUUSD,5m,2026-09-01T20:20:00+00:00,4327.68,4328.53,4326.8,4327.87,875.0,2026-09-01T22:20:00+02:00
XAUUSD,5m,2026-09-01T20:25:00+00:00,4327.87,4329.0,4325.22,4326.02,1125.0,2026-09-01T22:25:00+02:00
XAUUSD,5m,2026-09-01T20:30:00+00:00,4326.02,4327.18,4325.77,4325.87,882.0,2026-09-01T22:30:00+02:00
XAUUSD,5m,2026-09-01T20:35:00+00:00,4325.87,4327.85,4325.08,4327.5,805.0,2026-09-01T22:35:00+02:00
XAUUSD,5m,2026-09-01T20:40:00+00:00,4327.5,4329.06,4327.07,4327.52,989.0,2026-09-01T22:40:00+02:00
XAUUSD,5m,2026-09-01T20:45:00+00:00,4327.52,4329.7,4326.65,4328.21,1157.0,2026-09-01T22:45:00+02:00
XAUUSD,5m,2026-09-01T20:50:00+00:00,4328.21,4329.22,4327.29,4328.55,904.0,2026-09-01T22:50:00+02:00
XAUUSD,5m,2026-09-01T20:55:00+00:00,4328.55,4329.15,4327.87,4328.35,1007.0,2026-09-01T22:55:00+02:00
XAUUSD,5m,2026-09-01T22:00:00+00:00,4328.35,4334.0,4328.35,4330.94,728.0,2026-09-02T00:00:00+02:00
XAUUSD,5m,2026-09-01T22:05:00+00:00,4330.94,4331.07,4328.77,4329.73,829.0,2026-09-02T00:05:00+02:00
XAUUSD,5m,2026-09-01T22:10:00+00:00,4329.73,4330.04,4328.21,4329.08,1045.0,2026-09-02T00:10:00+02:00
XAUUSD,5m,2026-09-01T22:15:00+00:00,4329.08,4329.15,4327.22,4327.43,1035.0,2026-09-02T00:15:00+02:00
XAUUSD,5m,2026-09-01T22:20:00+00:00,4327.43,4328.58,4327.43,4327.93,888.0,2026-09-02T00:20:00+02:00
XAUUSD,5m,2026-09-01T22:25:00+00:00,4327.93,4328.42,4327.17,4327.8,852.0,2026-09-02T00:25:00+02:00
XAUUSD,5m,2026-09-01T22:30:00+00:00,4327.8,4328.7,4326.72,4327.33,713.0,2026-09-02T00:30:00+02:00
XAUUSD,5m,2026-09-01T22:35:00+00:00,4327.33,4329.62,4327.24,4327.55,692.0,2026-09-02T00:35:00+02:00
XAUUSD,5m,2026-09-01T22:40:00+00:00,4327.55,4328.84,4326.19,4328.18,644.0,2026-09-02T00:40:00+02:00
XAUUSD,5m,2026-09-01T22:45:00+00:00,4328.18,4328.98,4327.42,4328.17,535.0,2026-09-02T00:45:00+02:00
XAUUSD,5m,2026-09-01T22:50:00+00:00,4328.17,4331.06,4327.76,4329.34,829.0,2026-09-02T00:50:00+02:00
XAUUSD,5m,2026-09-01T22:55:00+00:00,4329.34,4330.11,4328.99,4329.37,480.0,2026-09-02T00:55:00+02:00
XAUUSD,5m,2026-09-01T23:00:00+00:00,4329.37,4329.74,4326.99,4329.56,959.0,2026-09-02T01:00:00+02:00
XAUUSD,5m,2026-09-01T23:05:00+00:00,4329.56,4330.76,4328.21,4330.58,978.0,2026-09-02T01:05:00+02:00
XAUUSD,5m,2026-09-01T23:10:00+00:00,4330.58,4332.53,4330.24,4330.64,757.0,2026-09-02T01:10:00+02:00
XAUUSD,5m,2026-09-01T23:15:00+00:00,4330.64,4331.64,4329.28,4330.02,626.0,2026-09-02T01:15:00+02:00
XAUUSD,5m,2026-09-01T23:20:00+00:00,4330.02,4330.94,4326.49,4327.22,829.0,2026-09-02T01:20:00+02:00
XAUUSD,5m,2026-09-01T23:25:00+00:00,4327.22,4330.78,4325.44,4330.77,964.0,2026-09-02T01:25:00+02:00
XAUUSD,5m,2026-09-01T23:30:00+00:00,4330.77,4333.11,4330.67,4333.03,781.0,2026-09-02T01:30:00+02:00
XAUUSD,5m,2026-09-01T23:35:00+00:00,4333.03,4335.82,4331.39,4334.75,1011.0,2026-09-02T01:35:00+02:00
XAUUSD,5m,2026-09-01T23:40:00+00:00,4334.75,4335.59,4333.21,4333.74,1076.0,2026-09-02T01:40:00+02:00
XAUUSD,5m,2026-09-01T23:45:00+00:00,4333.74,4333.81,4330.97,4331.7,1516.0,2026-09-02T01:45:00+02:00
XAUUSD,5m,2026-09-01T23:50:00+00:00,4331.7,4332.54,4328.89,4328.91,984.0,2026-09-02T01:50:00+02:00
XAUUSD,5m,2026-09-01T23:55:00+00:00,4328.91,4329.23,4322.55,4324.58,2508.0,2026-09-02T01:55:00+02:00
XAUUSD,5m,2026-09-02T00:00:00+00:00,4324.58,4330.12,4314.8,4329.29,6079.0,2026-09-02T02:00:00+02:00
XAUUSD,5m,2026-09-02T00:05:00+00:00,4329.29,4330.27,4318.06,4323.08,4960.0,2026-09-02T02:05:00+02:00
XAUUSD,5m,2026-09-02T00:10:00+00:00,4323.08,4328.24,4318.57,4328.21,4229.0,2026-09-02T02:10:00+02:00
XAUUSD,5m,2026-09-02T00:15:00+00:00,4328.21,4334.48,4327.31,4327.84,4511.0,2026-09-02T02:15:00+02:00
XAUUSD,5m,2026-09-02T00:20:00+00:00,4327.84,4333.92,4324.1,4329.65,6408.0,2026-09-02T02:20:00+02:00
XAUUSD,5m,2026-09-02T00:25:00+00:00,4329.65,4330.55,4322.41,4325.67,4408.0,2026-09-02T02:25:00+02:00
XAUUSD,5m,2026-09-02T00:30:00+00:00,4325.67,4325.76,4320.1,4322.67,4530.0,2026-09-02T02:30:00+02:00
XAUUSD,5m,2026-09-02T00:35:00+00:00,4322.67,4329.92,4322.08,4326.92,4091.0,2026-09-02T02:35:00+02:00
XAUUSD,5m,2026-09-02T00:40:00+00:00,4326.92,4331.66,4323.61,4329.96,3558.0,2026-09-02T02:40:00+02:00
XAUUSD,5m,2026-09-02T00:45:00+00:00,4329.96,4331.45,4323.03,4323.56,3298.0,2026-09-02T02:45:00+02:00
XAUUSD,5m,2026-09-02T00:50:00+00:00,4323.56,4323.56,4314.07,4314.6,3451.0,2026-09-02T02:50:00+02:00
XAUUSD,5m,2026-09-02T00:55:00+00:00,4314.6,4319.95,4314.47,4315.64,5061.0,2026-09-02T02:55:00+02:00
XAUUSD,5m,2026-09-02T01:00:00+00:00,4315.64,4322.64,4306.19,4311.93,14478.0,2026-09-02T03:00:00+02:00
XAUUSD,5m,2026-09-02T01:05:00+00:00,4311.93,4312.36,4304.34,4308.72,9175.0,2026-09-02T03:05:00+02:00
XAUUSD,5m,2026-09-02T01:10:00+00:00,4308.72,4320.79,4308.21,4317.52,7351.0,2026-09-02T03:10:00+02:00
XAUUSD,5m,2026-09-02T01:15:00+00:00,4317.52,4326.76,4315.97,4320.52,6888.0,2026-09-02T03:15:00+02:00
XAUUSD,5m,2026-09-02T01:20:00+00:00,4320.52,4323.34,4317.68,4321.81,6114.0,2026-09-02T03:20:00+02:00
XAUUSD,5m,2026-09-02T01:25:00+00:00,4321.81,4324.37,4315.09,4317.25,5160.0,2026-09-02T03:25:00+02:00
XAUUSD,5m,2026-09-02T01:30:00+00:00,4317.25,4318.53,4305.18,4309.49,7071.0,2026-09-02T03:30:00+02:00
XAUUSD,5m,2026-09-02T01:35:00+00:00,4309.49,4310.13,4305.05,4307.74,6256.0,2026-09-02T03:35:00+02:00
XAUUSD,5m,2026-09-02T01:40:00+00:00,4307.74,4311.09,4306.61,4309.02,5412.0,2026-09-02T03:40:00+02:00
XAUUSD,5m,2026-09-02T01:45:00+00:00,4309.02,4309.82,4304.03,4306.17,5178.0,2026-09-02T03:45:00+02:00
XAUUSD,5m,2026-09-02T01:50:00+00:00,4306.17,4306.49,4290.35,4297.56,6724.0,2026-09-02T03:50:00+02:00
XAUUSD,5m,2026-09-02T01:55:00+00:00,4297.56,4299.81,4288.43,4290.99,5811.0,2026-09-02T03:55:00+02:00
XAUUSD,5m,2026-09-02T02:00:00+00:00,4290.99,4296.72,4287.13,4295.66,6098.0,2026-09-02T04:00:00+02:00
XAUUSD,5m,2026-09-02T02:05:00+00:00,4295.66,4301.84,4291.71,4292.56,4745.0,2026-09-02T04:05:00+02:00
XAUUSD,5m,2026-09-02T02:10:00+00:00,4292.56,4296.75,4289.35,4296.18,3748.0,2026-09-02T04:10:00+02:00
XAUUSD,5m,2026-09-02T02:15:00+00:00,4296.18,4301.1,4296.03,4300.45,2500.0,2026-09-02T04:15:00+02:00
XAUUSD,5m,2026-09-02T02:20:00+00:00,4300.45,4306.53,4299.95,4303.49,3343.0,2026-09-02T04:20:00+02:00
XAUUSD,5m,2026-09-02T02:25:00+00:00,4303.49,4305.84,4301.53,4304.45,2627.0,2026-09-02T04:25:00+02:00
XAUUSD,5m,2026-09-02T02:30:00+00:00,4304.45,4309.16,4299.45,4307.88,4833.0,2026-09-02T04:30:00+02:00
XAUUSD,5m,2026-09-02T02:35:00+00:00,4307.88,4314.73,4306.32,4312.22,3974.0,2026-09-02T04:35:00+02:00
XAUUSD,5m,2026-09-02T02:40:00+00:00,4312.22,4313.69,4308.68,4309.08,3596.0,2026-09-02T04:40:00+02:00
XAUUSD,5m,2026-09-02T02:45:00+00:00,4309.08,4311.12,4308.78,4310.59,2597.0,2026-09-02T04:45:00+02:00
XAUUSD,5m,2026-09-02T02:50:00+00:00,4310.59,4310.76,4305.32,4305.54,2860.0,2026-09-02T04:50:00+02:00
XAUUSD,5m,2026-09-02T02:55:00+00:00,4305.54,4306.28,4300.06,4302.81,3451.0,2026-09-02T04:55:00+02:00
XAUUSD,5m,2026-09-02T03:00:00+00:00,4302.81,4304.31,4299.07,4301.01,2982.0,2026-09-02T05:00:00+02:00
XAUUSD,5m,2026-09-02T03:05:00+00:00,4301.01,4301.04,4296.86,4299.45,3145.0,2026-09-02T05:05:00+02:00
XAUUSD,5m,2026-09-02T03:10:00+00:00,4299.45,4301.6,4298.0,4300.72,2492.0,2026-09-02T05:10:00+02:00
XAUUSD,5m,2026-09-02T03:15:00+00:00,4300.72,4302.53,4296.42,4297.81,3475.0,2026-09-02T05:15:00+02:00
XAUUSD,5m,2026-09-02T03:20:00+00:00,4297.81,4297.86,4289.37,4293.68,3979.0,2026-09-02T05:20:00+02:00
XAUUSD,5m,2026-09-02T03:25:00+00:00,4293.68,4298.99,4293.04,4293.62,2848.0,2026-09-02T05:25:00+02:00
XAUUSD,5m,2026-09-02T03:30:00+00:00,4293.62,4293.82,4284.31,4285.04,3533.0,2026-09-02T05:30:00+02:00
XAUUSD,5m,2026-09-02T03:35:00+00:00,4285.04,4291.94,4282.48,4291.5,3478.0,2026-09-02T05:35:00+02:00
XAUUSD,5m,2026-09-02T03:40:00+00:00,4291.5,4291.69,4285.35,4288.62,2465.0,2026-09-02T05:40:00+02:00
XAUUSD,5m,2026-09-02T03:45:00+00:00,4288.62,4299.56,4288.53,4299.02,2516.0,2026-09-02T05:45:00+02:00
XAUUSD,5m,2026-09-02T03:50:00+00:00,4299.02,4300.97,4296.4,4300.93,2400.0,2026-09-02T05:50:00+02:00
XAUUSD,5m,2026-09-02T03:55:00+00:00,4300.93,4303.75,4300.24,4303.23,1826.0,2026-09-02T05:55:00+02:00
XAUUSD,5m,2026-09-02T04:00:00+00:00,4303.23,4305.48,4302.11,4303.84,2356.0,2026-09-02T06:00:00+02:00
XAUUSD,5m,2026-09-02T04:05:00+00:00,4303.84,4306.71,4303.62,4304.88,1711.0,2026-09-02T06:05:00+02:00
XAUUSD,5m,2026-09-02T04:10:00+00:00,4304.88,4306.81,4303.7,4304.34,1433.0,2026-09-02T06:10:00+02:00
XAUUSD,5m,2026-09-02T04:15:00+00:00,4304.34,4305.73,4302.98,4303.21,1811.0,2026-09-02T06:15:00+02:00
XAUUSD,5m,2026-09-02T04:20:00+00:00,4303.21,4304.89,4301.17,4304.31,1822.0,2026-09-02T06:20:00+02:00
XAUUSD,5m,2026-09-02T04:25:00+00:00,4304.31,4304.74,4301.66,4302.89,1534.0,2026-09-02T06:25:00+02:00
XAUUSD,5m,2026-09-02T04:30:00+00:00,4302.89,4307.82,4302.54,4305.25,1808.0,2026-09-02T06:30:00+02:00
XAUUSD,5m,2026-09-02T04:35:00+00:00,4305.25,4306.59,4303.8,4304.48,1231.0,2026-09-02T06:35:00+02:00
XAUUSD,5m,2026-09-02T04:40:00+00:00,4304.48,4306.18,4302.63,4304.77,1451.0,2026-09-02T06:40:00+02:00
XAUUSD,5m,2026-09-02T04:45:00+00:00,4304.77,4306.5,4303.75,4305.52,1509.0,2026-09-02T06:45:00+02:00
XAUUSD,5m,2026-09-02T04:50:00+00:00,4305.52,4306.91,4304.95,4306.14,1180.0,2026-09-02T06:50:00+02:00
XAUUSD,5m,2026-09-02T04:55:00+00:00,4306.14,4307.65,4305.77,4307.26,1193.0,2026-09-02T06:55:00+02:00
XAUUSD,5m,2026-09-02T05:00:00+00:00,4307.26,4308.29,4305.58,4306.32,1691.0,2026-09-02T07:00:00+02:00
XAUUSD,5m,2026-09-02T05:05:00+00:00,4306.32,4306.53,4303.46,4304.62,1835.0,2026-09-02T07:05:00+02:00
XAUUSD,5m,2026-09-02T05:10:00+00:00,4304.62,4310.15,4304.62,4310.02,2399.0,2026-09-02T07:10:00+02:00
XAUUSD,5m,2026-09-02T05:15:00+00:00,4310.02,4313.89,4309.96,4310.9,2407.0,2026-09-02T07:15:00+02:00
XAUUSD,5m,2026-09-02T05:20:00+00:00,4310.9,4310.97,4306.64,4308.81,2141.0,2026-09-02T07:20:00+02:00
XAUUSD,5m,2026-09-02T05:25:00+00:00,4308.81,4313.98,4308.5,4313.04,2383.0,2026-09-02T07:25:00+02:00
XAUUSD,5m,2026-09-02T05:30:00+00:00,4313.04,4324.95,4313.01,4324.3,6676.0,2026-09-02T07:30:00+02:00
XAUUSD,5m,2026-09-02T05:35:00+00:00,4324.3,4324.34,4317.57,4318.12,3817.0,2026-09-02T07:35:00+02:00
XAUUSD,5m,2026-09-02T05:40:00+00:00,4318.12,4323.28,4317.21,4323.17,3202.0,2026-09-02T07:40:00+02:00
XAUUSD,5m,2026-09-02T05:45:00+00:00,4323.17,4326.17,4322.57,4325.74,2674.0,2026-09-02T07:45:00+02:00
XAUUSD,5m,2026-09-02T05:50:00+00:00,4325.74,4326.49,4319.29,4319.96,2982.0,2026-09-02T07:50:00+02:00
XAUUSD,5m,2026-09-02T05:55:00+00:00,4319.96,4322.6,4319.24,4319.9,2549.0,2026-09-02T07:55:00+02:00
XAUUSD,5m,2026-09-02T06:00:00+00:00,4319.9,4322.46,4317.65,4318.0,4253.0,2026-09-02T08:00:00+02:00
XAUUSD,5m,2026-09-02T06:05:00+00:00,4318.0,4324.28,4317.51,4324.2,3392.0,2026-09-02T08:05:00+02:00
XAUUSD,5m,2026-09-02T06:10:00+00:00,4324.2,4329.14,4320.81,4326.53,3718.0,2026-09-02T08:10:00+02:00
XAUUSD,5m,2026-09-02T06:15:00+00:00,4326.53,4328.51,4321.66,4326.03,3889.0,2026-09-02T08:15:00+02:00
XAUUSD,5m,2026-09-02T06:20:00+00:00,4326.03,4326.81,4320.68,4326.68,3386.0,2026-09-02T08:20:00+02:00
XAUUSD,5m,2026-09-02T06:25:00+00:00,4326.68,4327.61,4322.27,4322.75,3163.0,2026-09-02T08:25:00+02:00
XAUUSD,5m,2026-09-02T06:30:00+00:00,4322.75,4323.95,4318.3,4320.05,3344.0,2026-09-02T08:30:00+02:00
XAUUSD,5m,2026-09-02T06:35:00+00:00,4320.05,4324.59,4316.71,4324.59,3523.0,2026-09-02T08:35:00+02:00
XAUUSD,5m,2026-09-02T06:40:00+00:00,4324.59,4326.41,4322.67,4324.13,4092.0,2026-09-02T08:40:00+02:00
XAUUSD,5m,2026-09-02T06:45:00+00:00,4324.13,4324.96,4316.32,4316.51,3418.0,2026-09-02T08:45:00+02:00
XAUUSD,5m,2026-09-02T06:50:00+00:00,4316.51,4317.33,4314.54,4316.13,3238.0,2026-09-02T08:50:00+02:00
XAUUSD,5m,2026-09-02T06:55:00+00:00,4316.13,4321.87,4315.79,4321.64,3364.0,2026-09-02T08:55:00+02:00
XAUUSD,5m,2026-09-02T07:00:00+00:00,4321.64,4324.25,4319.18,4321.47,4766.0,2026-09-02T09:00:00+02:00
XAUUSD,5m,2026-09-02T07:05:00+00:00,4321.47,4327.09,4319.01,4326.22,3948.0,2026-09-02T09:05:00+02:00
XAUUSD,5m,2026-09-02T07:10:00+00:00,4326.22,4331.11,4326.11,4326.63,4158.0,2026-09-02T09:10:00+02:00
XAUUSD,5m,2026-09-02T07:15:00+00:00,4326.63,4328.57,4325.36,4328.02,3464.0,2026-09-02T09:15:00+02:00
XAUUSD,5m,2026-09-02T07:20:00+00:00,4328.02,4329.17,4324.75,4328.2,3245.0,2026-09-02T09:20:00+02:00
XAUUSD,5m,2026-09-02T07:25:00+00:00,4328.2,4328.89,4324.89,4326.75,3328.0,2026-09-02T09:25:00+02:00
XAUUSD,5m,2026-09-02T07:30:00+00:00,4326.75,4330.01,4325.03,4327.2,2628.0,2026-09-02T09:30:00+02:00
XAUUSD,5m,2026-09-02T07:35:00+00:00,4327.2,4331.3,4326.05,4326.45,2487.0,2026-09-02T09:35:00+02:00
XAUUSD,5m,2026-09-02T07:40:00+00:00,4326.45,4327.26,4321.8,4322.65,2695.0,2026-09-02T09:40:00+02:00
XAUUSD,5m,2026-09-02T07:45:00+00:00,4322.65,4325.07,4321.77,4322.2,2875.0,2026-09-02T09:45:00+02:00
XAUUSD,5m,2026-09-02T07:50:00+00:00,4322.2,4323.39,4320.31,4322.14,2499.0,2026-09-02T09:50:00+02:00
XAUUSD,5m,2026-09-02T07:55:00+00:00,4322.14,4323.92,4320.64,4323.11,2186.0,2026-09-02T09:55:00+02:00
XAUUSD,5m,2026-09-02T08:00:00+00:00,4323.11,4327.6,4321.96,4327.19,3810.0,2026-09-02T10:00:00+02:00
XAUUSD,5m,2026-09-02T08:05:00+00:00,4327.19,4330.02,4322.66,4329.82,3270.0,2026-09-02T10:05:00+02:00
XAUUSD,5m,2026-09-02T08:10:00+00:00,4329.82,4331.58,4324.46,4325.44,2782.0,2026-09-02T10:10:00+02:00
XAUUSD,5m,2026-09-02T08:15:00+00:00,4325.44,4327.66,4324.63,4325.32,2723.0,2026-09-02T10:15:00+02:00
XAUUSD,5m,2026-09-02T08:20:00+00:00,4325.32,4326.99,4323.98,4325.92,2766.0,2026-09-02T10:20:00+02:00
XAUUSD,5m,2026-09-02T08:25:00+00:00,4325.92,4326.24,4322.11,4322.99,2664.0,2026-09-02T10:25:00+02:00
XAUUSD,5m,2026-09-02T08:30:00+00:00,4322.99,4325.8,4320.8,4321.56,2875.0,2026-09-02T10:30:00+02:00
XAUUSD,5m,2026-09-02T08:35:00+00:00,4321.56,4326.75,4319.3,4324.86,2560.0,2026-09-02T10:35:00+02:00
XAUUSD,5m,2026-09-02T08:40:00+00:00,4324.86,4326.26,4320.2,4321.95,2427.0,2026-09-02T10:40:00+02:00
XAUUSD,5m,2026-09-02T08:45:00+00:00,4321.95,4322.5,4319.57,4321.67,2642.0,2026-09-02T10:45:00+02:00
XAUUSD,5m,2026-09-02T08:50:00+00:00,4321.67,4322.0,4313.04,4314.46,3484.0,2026-09-02T10:50:00+02:00
XAUUSD,5m,2026-09-02T08:55:00+00:00,4314.46,4317.29,4312.41,4312.87,3486.0,2026-09-02T10:55:00+02:00
XAUUSD,5m,2026-09-02T09:00:00+00:00,4312.87,4316.69,4312.26,4315.81,3889.0,2026-09-02T11:00:00+02:00
XAUUSD,5m,2026-09-02T09:05:00+00:00,4315.81,4322.33,4315.78,4318.54,3098.0,2026-09-02T11:05:00+02:00
XAUUSD,5m,2026-09-02T09:10:00+00:00,4318.54,4318.56,4313.46,4313.88,2976.0,2026-09-02T11:10:00+02:00
XAUUSD,5m,2026-09-02T09:15:00+00:00,4313.88,4315.17,4313.16,4314.38,2569.0,2026-09-02T11:15:00+02:00
XAUUSD,5m,2026-09-02T09:20:00+00:00,4314.38,4314.44,4308.73,4308.93,2921.0,2026-09-02T11:20:00+02:00
XAUUSD,5m,2026-09-02T09:25:00+00:00,4308.93,4309.14,4304.77,4308.92,3271.0,2026-09-02T11:25:00+02:00
XAUUSD,5m,2026-09-02T09:30:00+00:00,4308.92,4310.42,4306.93,4309.76,3145.0,2026-09-02T11:30:00+02:00
XAUUSD,5m,2026-09-02T09:35:00+00:00,4309.76,4310.95,4307.51,4308.86,2848.0,2026-09-02T11:35:00+02:00
XAUUSD,5m,2026-09-02T09:40:00+00:00,4308.86,4311.74,4308.72,4310.02,1951.0,2026-09-02T11:40:00+02:00
XAUUSD,5m,2026-09-02T09:45:00+00:00,4310.02,4311.33,4309.64,4310.25,2106.0,2026-09-02T11:45:00+02:00
XAUUSD,5m,2026-09-02T09:50:00+00:00,4310.25,4310.85,4307.84,4308.52,1950.0,2026-09-02T11:50:00+02:00
XAUUSD,5m,2026-09-02T09:55:00+00:00,4308.52,4310.33,4307.84,4308.47,2249.0,2026-09-02T11:55:00+02:00
XAUUSD,5m,2026-09-02T10:00:00+00:00,4308.47,4309.71,4303.97,4304.18,2537.0,2026-09-02T12:00:00+02:00
XAUUSD,5m,2026-09-02T10:05:00+00:00,4304.18,4305.67,4301.64,4303.02,2856.0,2026-09-02T12:05:00+02:00
XAUUSD,5m,2026-09-02T10:10:00+00:00,4303.02,4308.15,4302.22,4306.58,2246.0,2026-09-02T12:10:00+02:00
XAUUSD,5m,2026-09-02T10:15:00+00:00,4306.58,4309.61,4305.95,4308.38,2205.0,2026-09-02T12:15:00+02:00
XAUUSD,5m,2026-09-02T10:20:00+00:00,4308.38,4312.2,4308.37,4310.56,1978.0,2026-09-02T12:20:00+02:00
XAUUSD,5m,2026-09-02T10:25:00+00:00,4310.56,4312.2,4309.51,4309.83,2194.0,2026-09-02T12:25:00+02:00
XAUUSD,5m,2026-09-02T10:30:00+00:00,4309.83,4310.73,4307.42,4308.87,2174.0,2026-09-02T12:30:00+02:00
XAUUSD,5m,2026-09-02T10:35:00+00:00,4308.87,4309.65,4307.05,4308.41,2181.0,2026-09-02T12:35:00+02:00
XAUUSD,5m,2026-09-02T10:40:00+00:00,4308.41,4310.11,4307.58,4309.38,1851.0,2026-09-02T12:40:00+02:00
XAUUSD,5m,2026-09-02T10:45:00+00:00,4309.38,4310.44,4308.02,4310.27,1654.0,2026-09-02T12:45:00+02:00
XAUUSD,5m,2026-09-02T10:50:00+00:00,4310.27,4310.29,4305.07,4308.42,2329.0,2026-09-02T12:50:00+02:00
XAUUSD,5m,2026-09-02T10:55:00+00:00,4308.42,4309.6,4306.46,4309.27,2630.0,2026-09-02T12:55:00+02:00
XAUUSD,5m,2026-09-02T11:00:00+00:00,4309.27,4312.99,4307.5,4312.74,3721.0,2026-09-02T13:00:00+02:00
XAUUSD,5m,2026-09-02T11:05:00+00:00,4312.74,4314.94,4307.94,4312.87,3422.0,2026-09-02T13:05:00+02:00
XAUUSD,5m,2026-09-02T11:10:00+00:00,4312.87,4324.52,4311.16,4322.6,5634.0,2026-09-02T13:10:00+02:00
XAUUSD,5m,2026-09-02T11:15:00+00:00,4322.6,4323.14,4315.56,4319.01,6063.0,2026-09-02T13:15:00+02:00
XAUUSD,5m,2026-09-02T11:20:00+00:00,4319.01,4319.94,4316.12,4318.95,3087.0,2026-09-02T13:20:00+02:00
XAUUSD,5m,2026-09-02T11:25:00+00:00,4318.95,4323.01,4316.79,4321.74,3547.0,2026-09-02T13:25:00+02:00
XAUUSD,5m,2026-09-02T11:30:00+00:00,4321.74,4330.12,4321.6,4329.95,3258.0,2026-09-02T13:30:00+02:00
XAUUSD,5m,2026-09-02T11:35:00+00:00,4329.95,4332.95,4328.83,4332.21,3531.0,2026-09-02T13:35:00+02:00
XAUUSD,5m,2026-09-02T11:40:00+00:00,4332.21,4332.86,4323.98,4324.5,3414.0,2026-09-02T13:40:00+02:00
XAUUSD,5m,2026-09-02T11:45:00+00:00,4324.5,4327.4,4323.36,4325.84,2690.0,2026-09-02T13:45:00+02:00
XAUUSD,5m,2026-09-02T11:50:00+00:00,4325.84,4331.18,4323.37,4330.48,3113.0,2026-09-02T13:50:00+02:00
XAUUSD,5m,2026-09-02T11:55:00+00:00,4330.48,4333.01,4329.24,4332.24,3495.0,2026-09-02T13:55:00+02:00
XAUUSD,5m,2026-09-02T12:00:00+00:00,4332.24,4335.84,4328.92,4334.69,5748.0,2026-09-02T14:00:00+02:00
XAUUSD,5m,2026-09-02T12:05:00+00:00,4334.69,4336.39,4330.41,4333.85,5149.0,2026-09-02T14:05:00+02:00
XAUUSD,5m,2026-09-02T12:10:00+00:00,4333.85,4334.67,4329.49,4333.1,3582.0,2026-09-02T14:10:00+02:00
XAUUSD,5m,2026-09-02T12:15:00+00:00,4333.1,4334.95,4330.41,4331.35,3824.0,2026-09-02T14:15:00+02:00
XAUUSD,5m,2026-09-02T12:20:00+00:00,4331.35,4344.14,4329.84,4338.88,10756.0,2026-09-02T14:20:00+02:00
XAUUSD,5m,2026-09-02T12:25:00+00:00,4338.88,4342.49,4334.08,4336.23,4631.0,2026-09-02T14:25:00+02:00
XAUUSD,5m,2026-09-02T12:30:00+00:00,4336.23,4337.68,4329.39,4330.03,4006.0,2026-09-02T14:30:00+02:00
XAUUSD,5m,2026-09-02T12:35:00+00:00,4330.03,4333.56,4327.34,4333.45,4099.0,2026-09-02T14:35:00+02:00
XAUUSD,5m,2026-09-02T12:40:00+00:00,4333.45,4335.04,4331.8,4334.36,3384.0,2026-09-02T14:40:00+02:00
XAUUSD,5m,2026-09-02T12:45:00+00:00,4334.36,4339.11,4331.73,4339.11,3822.0,2026-09-02T14:45:00+02:00
XAUUSD,5m,2026-09-02T12:50:00+00:00,4339.11,4339.19,4332.52,4334.29,3845.0,2026-09-02T14:50:00+02:00
XAUUSD,5m,2026-09-02T12:55:00+00:00,4334.29,4334.79,4330.42,4331.27,4419.0,2026-09-02T14:55:00+02:00
XAUUSD,5m,2026-09-02T13:00:00+00:00,4331.27,4341.65,4330.57,4338.48,7847.0,2026-09-02T15:00:00+02:00
XAUUSD,5m,2026-09-02T13:05:00+00:00,4338.48,4344.05,4338.27,4341.93,4846.0,2026-09-02T15:05:00+02:00
XAUUSD,5m,2026-09-02T13:10:00+00:00,4341.93,4344.54,4337.49,4339.5,4260.0,2026-09-02T15:10:00+02:00
XAUUSD,5m,2026-09-02T13:15:00+00:00,4339.5,4344.4,4336.61,4342.35,4061.0,2026-09-02T15:15:00+02:00
XAUUSD,5m,2026-09-02T13:20:00+00:00,4342.35,4348.37,4341.91,4348.06,4360.0,2026-09-02T15:20:00+02:00
XAUUSD,5m,2026-09-02T13:25:00+00:00,4348.06,4358.61,4347.31,4358.32,12051.0,2026-09-02T15:25:00+02:00
XAUUSD,5m,2026-09-02T13:30:00+00:00,4358.32,4367.33,4356.87,4364.85,13030.0,2026-09-02T15:30:00+02:00
XAUUSD,5m,2026-09-02T13:35:00+00:00,4364.85,4368.6,4362.23,4367.21,12210.0,2026-09-02T15:35:00+02:00
XAUUSD,5m,2026-09-02T13:40:00+00:00,4367.21,4379.39,4364.45,4377.86,10431.0,2026-09-02T15:40:00+02:00
XAUUSD,5m,2026-09-02T13:45:00+00:00,4377.86,4379.31,4368.15,4368.32,10456.0,2026-09-02T15:45:00+02:00
XAUUSD,5m,2026-09-02T13:50:00+00:00,4368.32,4378.13,4367.61,4376.53,8499.0,2026-09-02T15:50:00+02:00
XAUUSD,5m,2026-09-02T13:55:00+00:00,4376.53,4385.47,4371.66,4385.25,8221.0,2026-09-02T15:55:00+02:00
XAUUSD,5m,2026-09-02T14:00:00+00:00,4385.25,4385.69,4378.78,4384.49,11410.0,2026-09-02T16:00:00+02:00
XAUUSD,5m,2026-09-02T14:05:00+00:00,4384.49,4396.81,4383.87,4391.12,12486.0,2026-09-02T16:05:00+02:00
XAUUSD,5m,2026-09-02T14:10:00+00:00,4391.12,4397.69,4386.94,4387.81,12221.0,2026-09-02T16:10:00+02:00
XAUUSD,5m,2026-09-02T14:15:00+00:00,4387.81,4392.65,4384.76,4392.26,11580.0,2026-09-02T16:15:00+02:00
XAUUSD,5m,2026-09-02T14:20:00+00:00,4392.26,4397.23,4386.63,4387.12,11373.0,2026-09-02T16:20:00+02:00
XAUUSD,5m,2026-09-02T14:25:00+00:00,4387.12,4390.37,4385.31,4387.48,9754.0,2026-09-02T16:25:00+02:00
XAUUSD,5m,2026-09-02T14:30:00+00:00,4387.48,4388.11,4382.68,4386.3,9050.0,2026-09-02T16:30:00+02:00
XAUUSD,5m,2026-09-02T14:35:00+00:00,4386.3,4387.6,4382.18,4382.63,7405.0,2026-09-02T16:35:00+02:00
XAUUSD,5m,2026-09-02T14:40:00+00:00,4382.63,4386.15,4381.27,4385.43,7677.0,2026-09-02T16:40:00+02:00
XAUUSD,5m,2026-09-02T14:45:00+00:00,4385.43,4386.76,4378.74,4380.89,6849.0,2026-09-02T16:45:00+02:00
XAUUSD,5m,2026-09-02T14:50:00+00:00,4380.89,4382.36,4375.9,4376.9,6675.0,2026-09-02T16:50:00+02:00
XAUUSD,5m,2026-09-02T14:55:00+00:00,4376.9,4378.51,4374.22,4376.83,5058.0,2026-09-02T16:55:00+02:00
XAUUSD,5m,2026-09-02T15:00:00+00:00,4376.83,4380.92,4373.69,4377.75,8479.0,2026-09-02T17:00:00+02:00
XAUUSD,5m,2026-09-02T15:05:00+00:00,4377.75,4380.67,4373.65,4376.45,7552.0,2026-09-02T17:05:00+02:00
XAUUSD,5m,2026-09-02T15:10:00+00:00,4376.45,4378.17,4372.49,4372.61,7817.0,2026-09-02T17:10:00+02:00
XAUUSD,5m,2026-09-02T15:15:00+00:00,4372.61,4372.79,4368.73,4369.81,5933.0,2026-09-02T17:15:00+02:00
XAUUSD,5m,2026-09-02T15:20:00+00:00,4369.81,4371.62,4365.47,4370.11,6239.0,2026-09-02T17:20:00+02:00
XAUUSD,5m,2026-09-02T15:25:00+00:00,4370.11,4373.02,4367.23,4372.63,6776.0,2026-09-02T17:25:00+02:00
XAUUSD,5m,2026-09-02T15:30:00+00:00,4372.63,4375.07,4370.96,4371.35,6536.0,2026-09-02T17:30:00+02:00
XAUUSD,5m,2026-09-02T15:35:00+00:00,4371.35,4372.64,4367.42,4370.36,5865.0,2026-09-02T17:35:00+02:00
XAUUSD,5m,2026-09-02T15:40:00+00:00,4370.36,4372.25,4365.9,4366.17,5332.0,2026-09-02T17:40:00+02:00
XAUUSD,5m,2026-09-02T15:45:00+00:00,4366.17,4369.62,4364.46,4367.87,4263.0,2026-09-02T17:45:00+02:00
XAUUSD,5m,2026-09-02T15:50:00+00:00,4367.87,4369.72,4367.16,4368.64,4099.0,2026-09-02T17:50:00+02:00
XAUUSD,5m,2026-09-02T15:55:00+00:00,4368.64,4373.89,4367.9,4373.11,4325.0,2026-09-02T17:55:00+02:00
XAUUSD,5m,2026-09-02T16:00:00+00:00,4373.11,4374.75,4371.18,4373.04,4475.0,2026-09-02T18:00:00+02:00
XAUUSD,5m,2026-09-02T16:05:00+00:00,4373.04,4373.24,4368.69,4370.45,4093.0,2026-09-02T18:05:00+02:00
XAUUSD,5m,2026-09-02T16:10:00+00:00,4370.45,4373.25,4370.21,4372.35,3219.0,2026-09-02T18:10:00+02:00
XAUUSD,5m,2026-09-02T16:15:00+00:00,4372.35,4372.43,4367.83,4369.91,3427.0,2026-09-02T18:15:00+02:00
XAUUSD,5m,2026-09-02T16:20:00+00:00,4369.91,4370.99,4368.58,4369.47,3009.0,2026-09-02T18:20:00+02:00
XAUUSD,5m,2026-09-02T16:25:00+00:00,4369.47,4370.25,4367.6,4368.57,2921.0,2026-09-02T18:25:00+02:00
XAUUSD,5m,2026-09-02T16:30:00+00:00,4368.57,4370.46,4367.13,4367.25,3688.0,2026-09-02T18:30:00+02:00
XAUUSD,5m,2026-09-02T16:35:00+00:00,4367.25,4368.98,4366.08,4368.59,3778.0,2026-09-02T18:35:00+02:00
XAUUSD,5m,2026-09-02T16:40:00+00:00,4368.59,4368.59,4364.36,4364.77,3376.0,2026-09-02T18:40:00+02:00
XAUUSD,5m,2026-09-02T16:45:00+00:00,4364.77,4366.7,4364.4,4365.95,3844.0,2026-09-02T18:45:00+02:00
XAUUSD,5m,2026-09-02T16:50:00+00:00,4365.95,4370.7,4364.65,4369.94,4082.0,2026-09-02T18:50:00+02:00
XAUUSD,5m,2026-09-02T16:55:00+00:00,4369.94,4370.27,4367.91,4368.28,3726.0,2026-09-02T18:55:00+02:00
XAUUSD,5m,2026-09-02T17:00:00+00:00,4368.28,4370.79,4367.7,4370.79,3415.0,2026-09-02T19:00:00+02:00
XAUUSD,5m,2026-09-02T17:05:00+00:00,4370.79,4371.16,4368.79,4369.91,3475.0,2026-09-02T19:05:00+02:00
XAUUSD,5m,2026-09-02T17:10:00+00:00,4369.91,4370.47,4367.45,4368.84,2584.0,2026-09-02T19:10:00+02:00
XAUUSD,5m,2026-09-02T17:15:00+00:00,4368.84,4369.07,4364.55,4365.29,2727.0,2026-09-02T19:15:00+02:00
XAUUSD,5m,2026-09-02T17:20:00+00:00,4365.29,4367.36,4364.56,4367.0,2750.0,2026-09-02T19:20:00+02:00
XAUUSD,5m,2026-09-02T17:25:00+00:00,4367.0,4369.88,4366.75,4369.8,3463.0,2026-09-02T19:25:00+02:00
XAUUSD,5m,2026-09-02T17:30:00+00:00,4369.8,4371.54,4367.92,4368.04,3566.0,2026-09-02T19:30:00+02:00
XAUUSD,5m,2026-09-02T17:35:00+00:00,4368.04,4369.51,4366.41,4366.5,2269.0,2026-09-02T19:35:00+02:00
XAUUSD,5m,2026-09-02T17:40:00+00:00,4366.5,4377.54,4366.41,4376.39,5144.0,2026-09-02T19:40:00+02:00
XAUUSD,5m,2026-09-02T17:45:00+00:00,4376.39,4380.71,4375.36,4375.92,5560.0,2026-09-02T19:45:00+02:00
XAUUSD,5m,2026-09-02T17:50:00+00:00,4375.92,4377.46,4375.17,4376.11,2990.0,2026-09-02T19:50:00+02:00
XAUUSD,5m,2026-09-02T17:55:00+00:00,4376.11,4378.43,4375.67,4376.85,2542.0,2026-09-02T19:55:00+02:00
XAUUSD,5m,2026-09-02T18:00:00+00:00,4376.85,4377.54,4372.01,4375.0,4141.0,2026-09-02T20:00:00+02:00
XAUUSD,5m,2026-09-02T18:05:00+00:00,4375.0,4375.69,4373.2,4373.58,3376.0,2026-09-02T20:05:00+02:00
XAUUSD,5m,2026-09-02T18:10:00+00:00,4373.58,4374.01,4370.1,4370.21,2721.0,2026-09-02T20:10:00+02:00
XAUUSD,5m,2026-09-02T18:15:00+00:00,4370.21,4379.56,4369.16,4377.56,5557.0,2026-09-02T20:15:00+02:00
XAUUSD,5m,2026-09-02T18:20:00+00:00,4377.56,4379.78,4372.18,4373.21,5120.0,2026-09-02T20:20:00+02:00
XAUUSD,5m,2026-09-02T18:25:00+00:00,4373.21,4373.78,4371.82,4373.1,3103.0,2026-09-02T20:25:00+02:00
XAUUSD,5m,2026-09-02T18:30:00+00:00,4373.1,4378.13,4372.76,4376.53,2967.0,2026-09-02T20:30:00+02:00
XAUUSD,5m,2026-09-02T18:35:00+00:00,4376.53,4378.0,4375.24,4376.19,2772.0,2026-09-02T20:35:00+02:00
XAUUSD,5m,2026-09-02T18:40:00+00:00,4376.19,4376.57,4372.44,4372.88,2736.0,2026-09-02T20:40:00+02:00
XAUUSD,5m,2026-09-02T18:45:00+00:00,4372.88,4374.62,4372.44,4373.94,2931.0,2026-09-02T20:45:00+02:00
XAUUSD,5m,2026-09-02T18:50:00+00:00,4373.94,4375.76,4373.6,4374.69,3018.0,2026-09-02T20:50:00+02:00
XAUUSD,5m,2026-09-02T18:55:00+00:00,4374.69,4375.31,4372.51,4374.02,2830.0,2026-09-02T20:55:00+02:00
XAUUSD,5m,2026-09-02T19:00:00+00:00,4374.02,4375.17,4371.61,4374.99,3550.0,2026-09-02T21:00:00+02:00
XAUUSD,5m,2026-09-02T19:05:00+00:00,4374.99,4377.41,4374.74,4377.04,3079.0,2026-09-02T21:05:00+02:00
XAUUSD,5m,2026-09-02T19:10:00+00:00,4377.04,4380.36,4376.38,4379.2,2874.0,2026-09-02T21:10:00+02:00
XAUUSD,5m,2026-09-02T19:15:00+00:00,4379.2,4380.27,4378.14,4379.49,3364.0,2026-09-02T21:15:00+02:00
XAUUSD,5m,2026-09-02T19:20:00+00:00,4379.49,4380.91,4378.26,4379.85,3635.0,2026-09-02T21:20:00+02:00
XAUUSD,5m,2026-09-02T19:25:00+00:00,4379.85,4383.08,4379.74,4381.1,3453.0,2026-09-02T21:25:00+02:00
XAUUSD,5m,2026-09-02T19:30:00+00:00,4381.1,4384.02,4381.1,4383.81,3834.0,2026-09-02T21:30:00+02:00
XAUUSD,5m,2026-09-02T19:35:00+00:00,4383.81,4384.11,4381.23,4384.04,3018.0,2026-09-02T21:35:00+02:00
XAUUSD,5m,2026-09-02T19:40:00+00:00,4384.04,4388.65,4383.48,4388.05,3102.0,2026-09-02T21:40:00+02:00
XAUUSD,5m,2026-09-02T19:45:00+00:00,4388.05,4388.88,4384.84,4386.54,3694.0,2026-09-02T21:45:00+02:00
XAUUSD,5m,2026-09-02T19:50:00+00:00,4386.54,4389.72,4385.78,4387.33,4251.0,2026-09-02T21:50:00+02:00
XAUUSD,5m,2026-09-02T19:55:00+00:00,4387.33,4391.17,4386.03,4391.09,5079.0,2026-09-02T21:55:00+02:00
XAUUSD,5m,2026-09-02T20:00:00+00:00,4391.09,4391.47,4388.62,4390.39,2193.0,2026-09-02T22:00:00+02:00
XAUUSD,5m,2026-09-02T20:05:00+00:00,4390.39,4390.95,4387.43,4387.66,1138.0,2026-09-02T22:05:00+02:00
XAUUSD,5m,2026-09-02T20:10:00+00:00,4387.66,4388.51,4385.72,4385.76,1263.0,2026-09-02T22:10:00+02:00
XAUUSD,5m,2026-09-02T20:15:00+00:00,4385.76,4386.1,4383.77,4384.8,2006.0,2026-09-02T22:15:00+02:00
XAUUSD,5m,2026-09-02T20:20:00+00:00,4384.8,4385.59,4384.33,4385.3,881.0,2026-09-02T22:20:00+02:00
XAUUSD,5m,2026-09-02T20:25:00+00:00,4385.3,4387.55,4384.98,4386.07,786.0,2026-09-02T22:25:00+02:00
XAUUSD,5m,2026-09-02T20:30:00+00:00,4386.07,4387.64,4385.52,4387.2,508.0,2026-09-02T22:30:00+02:00
XAUUSD,5m,2026-09-02T20:35:00+00:00,4387.2,4387.54,4386.65,4387.33,614.0,2026-09-02T22:35:00+02:00
XAUUSD,5m,2026-09-02T20:40:00+00:00,4387.33,4389.5,4387.14,4387.56,672.0,2026-09-02T22:40:00+02:00
XAUUSD,5m,2026-09-02T20:45:00+00:00,4387.56,4389.53,4386.82,4388.97,553.0,2026-09-02T22:45:00+02:00
XAUUSD,5m,2026-09-02T20:50:00+00:00,4388.97,4390.63,4388.93,4389.19,704.0,2026-09-02T22:50:00+02:00
XAUUSD,5m,2026-09-02T20:55:00+00:00,4389.19,4389.21,4386.52,4386.52,793.0,2026-09-02T22:55:00+02:00
XAUUSD,5m,2026-09-02T22:00:00+00:00,4386.52,4393.22,4386.52,4391.16,784.0,2026-09-03T00:00:00+02:00
XAUUSD,5m,2026-09-02T22:05:00+00:00,4391.16,4391.69,4389.94,4390.42,430.0,2026-09-03T00:05:00+02:00
XAUUSD,5m,2026-09-02T22:10:00+00:00,4390.42,4391.34,4389.53,4389.86,393.0,2026-09-03T00:10:00+02:00
XAUUSD,5m,2026-09-02T22:15:00+00:00,4389.86,4390.01,4387.74,4388.41,667.0,2026-09-03T00:15:00+02:00
XAUUSD,5m,2026-09-02T22:20:00+00:00,4388.41,4389.45,4388.03,4389.41,830.0,2026-09-03T00:20:00+02:00
XAUUSD,5m,2026-09-02T22:25:00+00:00,4389.41,4390.83,4388.9,4389.73,662.0,2026-09-03T00:25:00+02:00
XAUUSD,5m,2026-09-02T22:30:00+00:00,4389.73,4389.74,4387.43,4387.99,733.0,2026-09-03T00:30:00+02:00
XAUUSD,5m,2026-09-02T22:35:00+00:00,4387.99,4388.26,4386.97,4387.22,523.0,2026-09-03T00:35:00+02:00
XAUUSD,5m,2026-09-02T22:40:00+00:00,4387.22,4387.78,4384.67,4385.09,665.0,2026-09-03T00:40:00+02:00
XAUUSD,5m,2026-09-02T22:45:00+00:00,4385.09,4385.28,4383.29,4384.07,785.0,2026-09-03T00:45:00+02:00
XAUUSD,5m,2026-09-02T22:50:00+00:00,4384.07,4385.1,4383.71,4384.49,515.0,2026-09-03T00:50:00+02:00
XAUUSD,5m,2026-09-02T22:55:00+00:00,4384.49,4384.81,4384.27,4384.51,330.0,2026-09-03T00:55:00+02:00
XAUUSD,5m,2026-09-02T23:00:00+00:00,4384.51,4386.47,4383.96,4386.4,703.0,2026-09-03T01:00:00+02:00
XAUUSD,5m,2026-09-02T23:05:00+00:00,4386.4,4386.74,4384.93,4386.68,600.0,2026-09-03T01:05:00+02:00
XAUUSD,5m,2026-09-02T23:10:00+00:00,4386.68,4386.74,4383.82,4383.97,623.0,2026-09-03T01:10:00+02:00
XAUUSD,5m,2026-09-02T23:15:00+00:00,4383.97,4384.12,4382.14,4382.34,655.0,2026-09-03T01:15:00+02:00
XAUUSD,5m,2026-09-02T23:20:00+00:00,4382.34,4383.05,4382.17,4382.98,384.0,2026-09-03T01:20:00+02:00
XAUUSD,5m,2026-09-02T23:25:00+00:00,4382.98,4383.07,4381.74,4382.11,432.0,2026-09-03T01:25:00+02:00
XAUUSD,5m,2026-09-02T23:30:00+00:00,4382.11,4383.61,4381.42,4382.86,741.0,2026-09-03T01:30:00+02:00
XAUUSD,5m,2026-09-02T23:35:00+00:00,4382.86,4383.45,4380.97,4383.36,762.0,2026-09-03T01:35:00+02:00
XAUUSD,5m,2026-09-02T23:40:00+00:00,4383.36,4385.43,4383.06,4385.13,804.0,2026-09-03T01:40:00+02:00
XAUUSD,5m,2026-09-02T23:45:00+00:00,4385.13,4388.8,4384.39,4386.64,1883.0,2026-09-03T01:45:00+02:00
XAUUSD,5m,2026-09-02T23:50:00+00:00,4386.64,4387.46,4384.48,4384.69,1210.0,2026-09-03T01:50:00+02:00
XAUUSD,5m,2026-09-02T23:55:00+00:00,4384.69,4386.86,4384.41,4385.54,1184.0,2026-09-03T01:55:00+02:00
XAUUSD,5m,2026-09-03T00:00:00+00:00,4385.54,4389.64,4384.37,4389.13,3180.0,2026-09-03T02:00:00+02:00
XAUUSD,5m,2026-09-03T00:05:00+00:00,4389.13,4390.83,4384.94,4387.14,2319.0,2026-09-03T02:05:00+02:00
XAUUSD,5m,2026-09-03T00:10:00+00:00,4387.14,4392.56,4386.97,4390.26,2187.0,2026-09-03T02:10:00+02:00
XAUUSD,5m,2026-09-03T00:15:00+00:00,4390.26,4390.41,4385.26,4386.97,2304.0,2026-09-03T02:15:00+02:00
XAUUSD,5m,2026-09-03T00:20:00+00:00,4386.97,4387.94,4385.19,4387.74,2083.0,2026-09-03T02:20:00+02:00
XAUUSD,5m,2026-09-03T00:25:00+00:00,4387.74,4390.18,4386.94,4387.25,2009.0,2026-09-03T02:25:00+02:00
XAUUSD,5m,2026-09-03T00:30:00+00:00,4387.25,4387.27,4382.58,4382.92,1670.0,2026-09-03T02:30:00+02:00
XAUUSD,5m,2026-09-03T00:35:00+00:00,4382.92,4389.65,4382.44,4388.97,2008.0,2026-09-03T02:35:00+02:00
XAUUSD,5m,2026-09-03T00:40:00+00:00,4388.97,4389.86,4386.99,4387.73,1698.0,2026-09-03T02:40:00+02:00
XAUUSD,5m,2026-09-03T00:45:00+00:00,4387.73,4389.99,4385.77,4389.99,2259.0,2026-09-03T02:45:00+02:00
XAUUSD,5m,2026-09-03T00:50:00+00:00,4389.99,4393.86,4389.09,4391.45,2595.0,2026-09-03T02:50:00+02:00
XAUUSD,5m,2026-09-03T00:55:00+00:00,4391.45,4397.87,4390.39,4395.49,2580.0,2026-09-03T02:55:00+02:00
XAUUSD,5m,2026-09-03T01:00:00+00:00,4395.49,4397.08,4387.21,4395.36,8877.0,2026-09-03T03:00:00+02:00
XAUUSD,5m,2026-09-03T01:05:00+00:00,4395.36,4403.02,4392.43,4402.44,5636.0,2026-09-03T03:05:00+02:00
XAUUSD,5m,2026-09-03T01:10:00+00:00,4402.44,4409.34,4400.86,4401.32,5619.0,2026-09-03T03:10:00+02:00
XAUUSD,5m,2026-09-03T01:15:00+00:00,4401.32,4403.63,4396.71,4398.42,4005.0,2026-09-03T03:15:00+02:00
XAUUSD,5m,2026-09-03T01:20:00+00:00,4398.42,4402.89,4395.12,4396.01,4022.0,2026-09-03T03:20:00+02:00
XAUUSD,5m,2026-09-03T01:25:00+00:00,4396.01,4402.12,4394.01,4401.69,4129.0,2026-09-03T03:25:00+02:00
XAUUSD,5m,2026-09-03T01:30:00+00:00,4401.69,4409.28,4401.39,4409.03,5694.0,2026-09-03T03:30:00+02:00
XAUUSD,5m,2026-09-03T01:35:00+00:00,4409.03,4409.38,4404.62,4407.92,4069.0,2026-09-03T03:35:00+02:00
XAUUSD,5m,2026-09-03T01:40:00+00:00,4407.92,4408.12,4400.36,4400.81,3265.0,2026-09-03T03:40:00+02:00
XAUUSD,5m,2026-09-03T01:45:00+00:00,4400.81,4408.38,4400.15,4407.49,3217.0,2026-09-03T03:45:00+02:00
XAUUSD,5m,2026-09-03T01:50:00+00:00,4407.49,4407.86,4404.47,4407.4,2826.0,2026-09-03T03:50:00+02:00
XAUUSD,5m,2026-09-03T01:55:00+00:00,4407.4,4412.47,4407.21,4410.34,3317.0,2026-09-03T03:55:00+02:00
XAUUSD,5m,2026-09-03T02:00:00+00:00,4410.34,4415.67,4409.45,4410.72,4214.0,2026-09-03T04:00:00+02:00
XAUUSD,5m,2026-09-03T02:05:00+00:00,4410.72,4413.0,4409.06,4410.06,3342.0,2026-09-03T04:05:00+02:00
XAUUSD,5m,2026-09-03T02:10:00+00:00,4410.06,4413.53,4409.53,4411.05,3454.0,2026-09-03T04:10:00+02:00
XAUUSD,5m,2026-09-03T02:15:00+00:00,4411.05,4413.34,4409.17,4410.19,2099.0,2026-09-03T04:15:00+02:00
XAUUSD,5m,2026-09-03T02:20:00+00:00,4410.19,4412.61,4406.61,4409.53,2462.0,2026-09-03T04:20:00+02:00
XAUUSD,5m,2026-09-03T02:25:00+00:00,4409.53,4411.77,4407.24,4411.51,2085.0,2026-09-03T04:25:00+02:00
XAUUSD,5m,2026-09-03T02:30:00+00:00,4411.51,4417.29,4409.49,4415.5,3212.0,2026-09-03T04:30:00+02:00
XAUUSD,5m,2026-09-03T02:35:00+00:00,4415.5,4418.13,4413.94,4416.26,3167.0,2026-09-03T04:35:00+02:00
XAUUSD,5m,2026-09-03T02:40:00+00:00,4416.26,4416.94,4412.6,4413.68,2394.0,2026-09-03T04:40:00+02:00
XAUUSD,5m,2026-09-03T02:45:00+00:00,4413.68,4417.44,4411.43,4417.28,2707.0,2026-09-03T04:45:00+02:00
XAUUSD,5m,2026-09-03T02:50:00+00:00,4417.28,4420.2,4415.79,4419.58,3036.0,2026-09-03T04:50:00+02:00
XAUUSD,5m,2026-09-03T02:55:00+00:00,4419.58,4420.53,4418.92,4420.35,2141.0,2026-09-03T04:55:00+02:00
XAUUSD,5m,2026-09-03T03:00:00+00:00,4420.35,4425.29,4418.9,4424.47,2642.0,2026-09-03T05:00:00+02:00
XAUUSD,5m,2026-09-03T03:05:00+00:00,4424.47,4426.18,4423.91,4425.07,2296.0,2026-09-03T05:05:00+02:00
XAUUSD,5m,2026-09-03T03:10:00+00:00,4425.07,4430.03,4423.86,4428.79,2450.0,2026-09-03T05:10:00+02:00
XAUUSD,5m,2026-09-03T03:15:00+00:00,4428.79,4430.31,4425.36,4426.16,3151.0,2026-09-03T05:15:00+02:00
XAUUSD,5m,2026-09-03T03:20:00+00:00,4426.16,4427.06,4424.58,4426.58,2370.0,2026-09-03T05:20:00+02:00
XAUUSD,5m,2026-09-03T03:25:00+00:00,4426.58,4431.25,4425.3,4429.35,2594.0,2026-09-03T05:25:00+02:00
XAUUSD,5m,2026-09-03T03:30:00+00:00,4429.35,4432.23,4429.27,4431.61,1860.0,2026-09-03T05:30:00+02:00
XAUUSD,5m,2026-09-03T03:35:00+00:00,4431.61,4431.96,4429.11,4430.45,1700.0,2026-09-03T05:35:00+02:00
XAUUSD,5m,2026-09-03T03:40:00+00:00,4430.45,4430.56,4426.57,4426.57,1650.0,2026-09-03T05:40:00+02:00
XAUUSD,5m,2026-09-03T03:45:00+00:00,4426.57,4428.5,4425.26,4427.01,1731.0,2026-09-03T05:45:00+02:00
XAUUSD,5m,2026-09-03T03:50:00+00:00,4427.01,4430.8,4426.06,4430.35,1688.0,2026-09-03T05:50:00+02:00
XAUUSD,5m,2026-09-03T03:55:00+00:00,4430.35,4432.64,4429.55,4431.39,1406.0,2026-09-03T05:55:00+02:00
XAUUSD,5m,2026-09-03T04:00:00+00:00,4431.39,4431.78,4426.93,4427.07,1875.0,2026-09-03T06:00:00+02:00
XAUUSD,5m,2026-09-03T04:05:00+00:00,4427.07,4433.82,4425.51,4433.51,2698.0,2026-09-03T06:05:00+02:00
XAUUSD,5m,2026-09-03T04:10:00+00:00,4433.51,4435.92,4430.6,4431.19,1881.0,2026-09-03T06:10:00+02:00
XAUUSD,5m,2026-09-03T04:15:00+00:00,4431.19,4431.39,4429.87,4430.75,974.0,2026-09-03T06:15:00+02:00
XAUUSD,5m,2026-09-03T04:20:00+00:00,4430.75,4434.15,4430.67,4433.61,953.0,2026-09-03T06:20:00+02:00
XAUUSD,5m,2026-09-03T04:25:00+00:00,4433.61,4436.94,4433.61,4436.39,1182.0,2026-09-03T06:25:00+02:00
XAUUSD,5m,2026-09-03T04:30:00+00:00,4436.39,4437.16,4435.34,4436.96,1444.0,2026-09-03T06:30:00+02:00
XAUUSD,5m,2026-09-03T04:35:00+00:00,4436.96,4438.47,4436.02,4438.16,1018.0,2026-09-03T06:35:00+02:00
XAUUSD,5m,2026-09-03T04:40:00+00:00,4438.16,4438.36,4436.56,4438.0,941.0,2026-09-03T06:40:00+02:00
XAUUSD,5m,2026-09-03T04:45:00+00:00,4438.0,4438.46,4436.03,4436.2,978.0,2026-09-03T06:45:00+02:00
XAUUSD,5m,2026-09-03T04:50:00+00:00,4436.2,4436.4,4434.9,4435.42,762.0,2026-09-03T06:50:00+02:00
XAUUSD,5m,2026-09-03T04:55:00+00:00,4435.42,4437.67,4433.9,4437.33,1611.0,2026-09-03T06:55:00+02:00
XAUUSD,5m,2026-09-03T05:00:00+00:00,4437.33,4440.13,4435.93,4436.15,1803.0,2026-09-03T07:00:00+02:00
XAUUSD,5m,2026-09-03T05:05:00+00:00,4436.15,4436.4,4430.44,4430.57,1983.0,2026-09-03T07:05:00+02:00
XAUUSD,5m,2026-09-03T05:10:00+00:00,4430.57,4432.57,4428.67,4429.48,2066.0,2026-09-03T07:10:00+02:00
XAUUSD,5m,2026-09-03T05:15:00+00:00,4429.48,4430.75,4426.89,4428.59,2755.0,2026-09-03T07:15:00+02:00
XAUUSD,5m,2026-09-03T05:20:00+00:00,4428.59,4428.65,4422.56,4425.72,3732.0,2026-09-03T07:20:00+02:00
XAUUSD,5m,2026-09-03T05:25:00+00:00,4425.72,4427.38,4422.69,4425.01,3290.0,2026-09-03T07:25:00+02:00
XAUUSD,5m,2026-09-03T05:30:00+00:00,4425.01,4432.63,4422.19,4430.77,6034.0,2026-09-03T07:30:00+02:00
XAUUSD,5m,2026-09-03T05:35:00+00:00,4430.77,4432.42,4425.35,4428.23,4280.0,2026-09-03T07:35:00+02:00
XAUUSD,5m,2026-09-03T05:40:00+00:00,4428.23,4432.4,4425.51,4432.32,4355.0,2026-09-03T07:40:00+02:00
XAUUSD,5m,2026-09-03T05:45:00+00:00,4432.32,4436.38,4428.32,4435.29,3366.0,2026-09-03T07:45:00+02:00
XAUUSD,5m,2026-09-03T05:50:00+00:00,4435.29,4439.33,4432.64,4433.33,3551.0,2026-09-03T07:50:00+02:00
XAUUSD,5m,2026-09-03T05:55:00+00:00,4433.33,4436.38,4430.31,4431.07,3362.0,2026-09-03T07:55:00+02:00
XAUUSD,5m,2026-09-03T06:00:00+00:00,4431.07,4433.85,4428.54,4430.41,4590.0,2026-09-03T08:00:00+02:00
XAUUSD,5m,2026-09-03T06:05:00+00:00,4430.41,4436.17,4429.55,4431.24,4484.0,2026-09-03T08:05:00+02:00
XAUUSD,5m,2026-09-03T06:10:00+00:00,4431.24,4431.45,4425.75,4426.92,3614.0,2026-09-03T08:10:00+02:00
XAUUSD,5m,2026-09-03T06:15:00+00:00,4426.92,4430.73,4425.1,4425.85,3766.0,2026-09-03T08:15:00+02:00
XAUUSD,5m,2026-09-03T06:20:00+00:00,4425.85,4427.01,4417.84,4419.02,3448.0,2026-09-03T08:20:00+02:00
XAUUSD,5m,2026-09-03T06:25:00+00:00,4419.02,4423.91,4418.78,4421.51,3068.0,2026-09-03T08:25:00+02:00
XAUUSD,5m,2026-09-03T06:30:00+00:00,4421.51,4423.15,4420.33,4422.99,3647.0,2026-09-03T08:30:00+02:00
XAUUSD,5m,2026-09-03T06:35:00+00:00,4422.99,4425.81,4422.32,4422.66,3008.0,2026-09-03T08:35:00+02:00
XAUUSD,5m,2026-09-03T06:40:00+00:00,4422.66,4426.07,4422.47,4425.46,2196.0,2026-09-03T08:40:00+02:00
XAUUSD,5m,2026-09-03T06:45:00+00:00,4425.46,4428.77,4424.96,4426.26,2570.0,2026-09-03T08:45:00+02:00
XAUUSD,5m,2026-09-03T06:50:00+00:00,4426.26,4426.26,4422.78,4422.94,1936.0,2026-09-03T08:50:00+02:00
XAUUSD,5m,2026-09-03T06:55:00+00:00,4422.94,4423.98,4420.56,4420.58,2275.0,2026-09-03T08:55:00+02:00
XAUUSD,5m,2026-09-03T07:00:00+00:00,4420.58,4431.33,4418.97,4431.3,5190.0,2026-09-03T09:00:00+02:00
XAUUSD,5m,2026-09-03T07:05:00+00:00,4431.3,4431.55,4423.61,4425.1,4409.0,2026-09-03T09:05:00+02:00
XAUUSD,5m,2026-09-03T07:10:00+00:00,4425.1,4425.38,4421.62,4421.98,2692.0,2026-09-03T09:10:00+02:00
XAUUSD,5m,2026-09-03T07:15:00+00:00,4421.98,4427.01,4421.63,4425.16,2423.0,2026-09-03T09:15:00+02:00
XAUUSD,5m,2026-09-03T07:20:00+00:00,4425.16,4430.03,4424.46,4429.54,2226.0,2026-09-03T09:20:00+02:00
XAUUSD,5m,2026-09-03T07:25:00+00:00,4429.54,4430.08,4425.27,4426.36,3139.0,2026-09-03T09:25:00+02:00
XAUUSD,5m,2026-09-03T07:30:00+00:00,4426.36,4428.57,4426.14,4427.81,2605.0,2026-09-03T09:30:00+02:00
XAUUSD,5m,2026-09-03T07:35:00+00:00,4427.81,4430.7,4423.48,4427.41,4144.0,2026-09-03T09:35:00+02:00
XAUUSD,5m,2026-09-03T07:40:00+00:00,4427.41,4430.74,4426.49,4426.62,2903.0,2026-09-03T09:40:00+02:00
XAUUSD,5m,2026-09-03T07:45:00+00:00,4426.62,4428.66,4424.18,4426.26,2658.0,2026-09-03T09:45:00+02:00
XAUUSD,5m,2026-09-03T07:50:00+00:00,4426.26,4431.01,4424.61,4430.36,2647.0,2026-09-03T09:50:00+02:00
XAUUSD,5m,2026-09-03T07:55:00+00:00,4430.36,4430.36,4428.01,4428.71,2289.0,2026-09-03T09:55:00+02:00
XAUUSD,5m,2026-09-03T08:00:00+00:00,4428.71,4441.27,4428.02,4436.79,8211.0,2026-09-03T10:00:00+02:00
XAUUSD,5m,2026-09-03T08:05:00+00:00,4436.79,4443.64,4434.97,4435.27,9465.0,2026-09-03T10:05:00+02:00
XAUUSD,5m,2026-09-03T08:10:00+00:00,4435.27,4435.55,4430.77,4431.41,4519.0,2026-09-03T10:10:00+02:00
XAUUSD,5m,2026-09-03T08:15:00+00:00,4431.41,4438.64,4430.66,4437.87,3590.0,2026-09-03T10:15:00+02:00
XAUUSD,5m,2026-09-03T08:20:00+00:00,4437.87,4439.52,4434.85,4437.36,3620.0,2026-09-03T10:20:00+02:00
XAUUSD,5m,2026-09-03T08:25:00+00:00,4437.36,4438.82,4434.83,4438.27,3250.0,2026-09-03T10:25:00+02:00
XAUUSD,5m,2026-09-03T08:30:00+00:00,4438.27,4439.48,4435.7,4439.01,3143.0,2026-09-03T10:30:00+02:00
XAUUSD,5m,2026-09-03T08:35:00+00:00,4439.01,4439.65,4434.12,4434.12,2268.0,2026-09-03T10:35:00+02:00
XAUUSD,5m,2026-09-03T08:40:00+00:00,4434.12,4435.32,4431.34,4434.46,2276.0,2026-09-03T10:40:00+02:00
XAUUSD,5m,2026-09-03T08:45:00+00:00,4434.46,4440.03,4434.39,4438.25,2461.0,2026-09-03T10:45:00+02:00
XAUUSD,5m,2026-09-03T08:50:00+00:00,4438.25,4438.25,4433.91,4435.44,2387.0,2026-09-03T10:50:00+02:00
XAUUSD,5m,2026-09-03T08:55:00+00:00,4435.44,4437.44,4433.92,4434.9,2085.0,2026-09-03T10:55:00+02:00
XAUUSD,5m,2026-09-03T09:00:00+00:00,4434.9,4437.72,4434.06,4437.2,3154.0,2026-09-03T11:00:00+02:00
XAUUSD,5m,2026-09-03T09:05:00+00:00,4437.2,4441.95,4435.0,4439.63,2736.0,2026-09-03T11:05:00+02:00
XAUUSD,5m,2026-09-03T09:10:00+00:00,4439.63,4439.92,4437.71,4437.9,2484.0,2026-09-03T11:10:00+02:00
XAUUSD,5m,2026-09-03T09:15:00+00:00,4437.9,4438.24,4434.46,4434.64,2422.0,2026-09-03T11:15:00+02:00
XAUUSD,5m,2026-09-03T09:20:00+00:00,4434.64,4435.4,4431.99,4432.62,2449.0,2026-09-03T11:20:00+02:00
XAUUSD,5m,2026-09-03T09:25:00+00:00,4432.62,4435.9,4432.11,4435.25,2275.0,2026-09-03T11:25:00+02:00
XAUUSD,5m,2026-09-03T09:30:00+00:00,4435.25,4437.81,4433.54,4436.99,3224.0,2026-09-03T11:30:00+02:00
XAUUSD,5m,2026-09-03T09:35:00+00:00,4436.99,4437.93,4430.54,4432.65,2631.0,2026-09-03T11:35:00+02:00
XAUUSD,5m,2026-09-03T09:40:00+00:00,4432.65,4434.15,4429.55,4429.88,2282.0,2026-09-03T11:40:00+02:00
XAUUSD,5m,2026-09-03T09:45:00+00:00,4429.88,4429.99,4426.69,4429.0,2041.0,2026-09-03T11:45:00+02:00
XAUUSD,5m,2026-09-03T09:50:00+00:00,4429.0,4430.44,4426.54,4426.95,1687.0,2026-09-03T11:50:00+02:00
XAUUSD,5m,2026-09-03T09:55:00+00:00,4426.95,4429.19,4425.55,4427.47,2432.0,2026-09-03T11:55:00+02:00
XAUUSD,5m,2026-09-03T10:00:00+00:00,4427.47,4428.46,4425.29,4427.33,2504.0,2026-09-03T12:00:00+02:00
XAUUSD,5m,2026-09-03T10:05:00+00:00,4427.33,4429.79,4424.98,4425.02,2123.0,2026-09-03T12:05:00+02:00
XAUUSD,5m,2026-09-03T10:10:00+00:00,4425.02,4425.62,4422.84,4424.47,2422.0,2026-09-03T12:10:00+02:00
XAUUSD,5m,2026-09-03T10:15:00+00:00,4424.47,4425.66,4421.45,4421.92,2122.0,2026-09-03T12:15:00+02:00
XAUUSD,5m,2026-09-03T10:20:00+00:00,4421.92,4422.96,4418.95,4419.79,1826.0,2026-09-03T12:20:00+02:00
XAUUSD,5m,2026-09-03T10:25:00+00:00,4419.79,4424.05,4419.79,4422.46,2547.0,2026-09-03T12:25:00+02:00
XAUUSD,5m,2026-09-03T10:30:00+00:00,4422.46,4424.19,4419.94,4422.53,2472.0,2026-09-03T12:30:00+02:00
XAUUSD,5m,2026-09-03T10:35:00+00:00,4422.53,4424.8,4421.87,4424.38,2418.0,2026-09-03T12:35:00+02:00
XAUUSD,5m,2026-09-03T10:40:00+00:00,4424.38,4426.32,4424.03,4425.57,1727.0,2026-09-03T12:40:00+02:00
XAUUSD,5m,2026-09-03T10:45:00+00:00,4425.57,4426.57,4424.03,4424.51,1391.0,2026-09-03T12:45:00+02:00
XAUUSD,5m,2026-09-03T10:50:00+00:00,4424.51,4428.05,4423.97,4427.86,1663.0,2026-09-03T12:50:00+02:00
XAUUSD,5m,2026-09-03T10:55:00+00:00,4427.86,4428.51,4426.81,4427.15,1665.0,2026-09-03T12:55:00+02:00
XAUUSD,5m,2026-09-03T11:00:00+00:00,4427.15,4429.14,4424.94,4426.28,3297.0,2026-09-03T13:00:00+02:00
XAUUSD,5m,2026-09-03T11:05:00+00:00,4426.28,4431.05,4425.7,4430.73,3038.0,2026-09-03T13:05:00+02:00
XAUUSD,5m,2026-09-03T11:10:00+00:00,4430.73,4432.78,4429.98,4432.57,2715.0,2026-09-03T13:10:00+02:00
XAUUSD,5m,2026-09-03T11:15:00+00:00,4432.57,4437.96,4432.32,4434.18,3927.0,2026-09-03T13:15:00+02:00
XAUUSD,5m,2026-09-03T11:20:00+00:00,4434.18,4434.54,4430.6,4431.17,2239.0,2026-09-03T13:20:00+02:00
XAUUSD,5m,2026-09-03T11:25:00+00:00,4431.17,4435.22,4430.23,4434.35,2493.0,2026-09-03T13:25:00+02:00
XAUUSD,5m,2026-09-03T11:30:00+00:00,4434.35,4435.47,4426.46,4434.39,3112.0,2026-09-03T13:30:00+02:00
XAUUSD,5m,2026-09-03T11:35:00+00:00,4434.39,4436.91,4434.24,4435.64,2117.0,2026-09-03T13:35:00+02:00
XAUUSD,5m,2026-09-03T11:40:00+00:00,4435.64,4439.26,4435.45,4438.72,2052.0,2026-09-03T13:40:00+02:00
XAUUSD,5m,2026-09-03T11:45:00+00:00,4438.72,4440.66,4436.64,4439.1,2621.0,2026-09-03T13:45:00+02:00
XAUUSD,5m,2026-09-03T11:50:00+00:00,4439.1,4441.8,4437.93,4440.08,2143.0,2026-09-03T13:50:00+02:00
XAUUSD,5m,2026-09-03T11:55:00+00:00,4440.08,4445.75,4439.62,4444.16,2347.0,2026-09-03T13:55:00+02:00
XAUUSD,5m,2026-09-03T12:00:00+00:00,4444.16,4448.54,4441.06,4448.25,4063.0,2026-09-03T14:00:00+02:00
XAUUSD,5m,2026-09-03T12:05:00+00:00,4448.25,4449.02,4444.78,4448.58,2818.0,2026-09-03T14:05:00+02:00
XAUUSD,5m,2026-09-03T12:10:00+00:00,4448.58,4450.03,4443.17,4443.85,3422.0,2026-09-03T14:10:00+02:00
XAUUSD,5m,2026-09-03T12:15:00+00:00,4443.85,4444.54,4440.62,4441.37,3371.0,2026-09-03T14:15:00+02:00
XAUUSD,5m,2026-09-03T12:20:00+00:00,4441.37,4449.05,4437.76,4446.56,4921.0,2026-09-03T14:20:00+02:00
XAUUSD,5m,2026-09-03T12:25:00+00:00,4446.56,4449.02,4445.99,4446.47,3228.0,2026-09-03T14:25:00+02:00
XAUUSD,5m,2026-09-03T12:30:00+00:00,4446.47,4469.98,4446.24,4466.61,12463.0,2026-09-03T14:30:00+02:00
XAUUSD,5m,2026-09-03T12:35:00+00:00,4466.61,4478.58,4459.72,4475.56,11460.0,2026-09-03T14:35:00+02:00
XAUUSD,5m,2026-09-03T12:40:00+00:00,4475.56,4477.33,4464.55,4467.96,8741.0,2026-09-03T14:40:00+02:00
XAUUSD,5m,2026-09-03T12:45:00+00:00,4467.96,4480.17,4465.42,4479.92,7721.0,2026-09-03T14:45:00+02:00
XAUUSD,5m,2026-09-03T12:50:00+00:00,4479.92,4492.14,4479.31,4490.97,7849.0,2026-09-03T14:50:00+02:00
XAUUSD,5m,2026-09-03T12:55:00+00:00,4490.97,4495.17,4489.66,4493.43,7745.0,2026-09-03T14:55:00+02:00
XAUUSD,5m,2026-09-03T13:00:00+00:00,4493.43,4496.02,4488.21,4490.21,12035.0,2026-09-03T15:00:00+02:00
XAUUSD,5m,2026-09-03T13:05:00+00:00,4490.21,4493.91,4485.82,4488.02,7255.0,2026-09-03T15:05:00+02:00
XAUUSD,5m,2026-09-03T13:10:00+00:00,4488.02,4490.11,4484.61,4485.69,7215.0,2026-09-03T15:10:00+02:00
XAUUSD,5m,2026-09-03T13:15:00+00:00,4485.69,4487.79,4479.13,4479.63,6555.0,2026-09-03T15:15:00+02:00
XAUUSD,5m,2026-09-03T13:20:00+00:00,4479.63,4484.48,4478.27,4483.43,6394.0,2026-09-03T15:20:00+02:00
XAUUSD,5m,2026-09-03T13:25:00+00:00,4483.43,4483.81,4476.85,4480.09,6257.0,2026-09-03T15:25:00+02:00
XAUUSD,5m,2026-09-03T13:30:00+00:00,4480.09,4482.39,4474.21,4477.54,12557.0,2026-09-03T15:30:00+02:00
XAUUSD,5m,2026-09-03T13:35:00+00:00,4477.54,4480.03,4472.33,4475.56,11711.0,2026-09-03T15:35:00+02:00
XAUUSD,5m,2026-09-03T13:40:00+00:00,4475.56,4475.89,4468.01,4469.88,8590.0,2026-09-03T15:40:00+02:00
XAUUSD,5m,2026-09-03T13:45:00+00:00,4469.88,4470.21,4456.75,4458.23,10568.0,2026-09-03T15:45:00+02:00
XAUUSD,5m,2026-09-03T13:50:00+00:00,4458.23,4465.04,4457.99,4463.79,11782.0,2026-09-03T15:50:00+02:00
XAUUSD,5m,2026-09-03T13:55:00+00:00,4463.79,4470.87,4462.21,4470.52,6690.0,2026-09-03T15:55:00+02:00
XAUUSD,5m,2026-09-03T14:00:00+00:00,4470.52,4470.52,4456.99,4465.08,9614.0,2026-09-03T16:00:00+02:00
XAUUSD,5m,2026-09-03T14:05:00+00:00,4465.08,4472.83,4462.13,4464.29,10620.0,2026-09-03T16:05:00+02:00
XAUUSD,5m,2026-09-03T14:10:00+00:00,4464.29,4469.94,4461.34,4469.28,10154.0,2026-09-03T16:10:00+02:00
XAUUSD,5m,2026-09-03T14:15:00+00:00,4469.28,4477.44,4469.17,4476.6,10663.0,2026-09-03T16:15:00+02:00
XAUUSD,5m,2026-09-03T14:20:00+00:00,4476.6,4480.86,4471.89,4475.85,10774.0,2026-09-03T16:20:00+02:00
XAUUSD,5m,2026-09-03T14:25:00+00:00,4475.85,4478.23,4470.7,4477.37,10512.0,2026-09-03T16:25:00+02:00
XAUUSD,5m,2026-09-03T14:30:00+00:00,4477.37,4479.74,4470.55,4470.73,8998.0,2026-09-03T16:30:00+02:00
XAUUSD,5m,2026-09-03T14:35:00+00:00,4470.73,4474.05,4468.38,4469.42,6616.0,2026-09-03T16:35:00+02:00
XAUUSD,5m,2026-09-03T14:40:00+00:00,4469.42,4474.97,4465.97,4472.83,6160.0,2026-09-03T16:40:00+02:00
XAUUSD,5m,2026-09-03T14:45:00+00:00,4472.83,4480.13,4472.79,4474.14,6805.0,2026-09-03T16:45:00+02:00
XAUUSD,5m,2026-09-03T14:50:00+00:00,4474.14,4479.31,4474.01,4476.8,6607.0,2026-09-03T16:50:00+02:00
XAUUSD,5m,2026-09-03T14:55:00+00:00,4476.8,4485.32,4470.38,4485.19,9543.0,2026-09-03T16:55:00+02:00
XAUUSD,5m,2026-09-03T15:00:00+00:00,4485.19,4500.14,4484.08,4498.43,8827.0,2026-09-03T17:00:00+02:00
XAUUSD,5m,2026-09-03T15:05:00+00:00,4498.43,4503.89,4496.51,4497.94,7977.0,2026-09-03T17:05:00+02:00
XAUUSD,5m,2026-09-03T15:10:00+00:00,4497.94,4504.28,4495.33,4503.42,7166.0,2026-09-03T17:10:00+02:00
XAUUSD,5m,2026-09-03T15:15:00+00:00,4503.42,4510.75,4501.58,4510.22,6522.0,2026-09-03T17:15:00+02:00
XAUUSD,5m,2026-09-03T15:20:00+00:00,4510.22,4510.84,4503.63,4504.52,6661.0,2026-09-03T17:20:00+02:00
XAUUSD,5m,2026-09-03T15:25:00+00:00,4504.52,4508.08,4503.96,4506.3,6009.0,2026-09-03T17:25:00+02:00
XAUUSD,5m,2026-09-03T15:30:00+00:00,4506.3,4509.68,4499.76,4503.25,7118.0,2026-09-03T17:30:00+02:00
XAUUSD,5m,2026-09-03T15:35:00+00:00,4503.25,4504.8,4495.31,4496.67,5616.0,2026-09-03T17:35:00+02:00
XAUUSD,5m,2026-09-03T15:40:00+00:00,4496.67,4498.53,4494.34,4494.87,4292.0,2026-09-03T17:40:00+02:00
XAUUSD,5m,2026-09-03T15:45:00+00:00,4494.87,4495.6,4487.43,4488.3,4951.0,2026-09-03T17:45:00+02:00
XAUUSD,5m,2026-09-03T15:50:00+00:00,4488.3,4492.09,4487.25,4490.29,4930.0,2026-09-03T17:50:00+02:00
XAUUSD,5m,2026-09-03T15:55:00+00:00,4490.29,4493.31,4486.03,4493.22,4733.0,2026-09-03T17:55:00+02:00
XAUUSD,5m,2026-09-03T16:00:00+00:00,4493.22,4493.59,4490.24,4490.76,3965.0,2026-09-03T18:00:00+02:00
XAUUSD,5m,2026-09-03T16:05:00+00:00,4490.76,4493.19,4487.61,4492.2,4179.0,2026-09-03T18:05:00+02:00
XAUUSD,5m,2026-09-03T16:10:00+00:00,4492.2,4495.37,4492.13,4493.89,3625.0,2026-09-03T18:10:00+02:00
XAUUSD,5m,2026-09-03T16:15:00+00:00,4493.89,4494.82,4491.29,4493.81,3106.0,2026-09-03T18:15:00+02:00
XAUUSD,5m,2026-09-03T16:20:00+00:00,4493.81,4494.27,4490.99,4492.93,2699.0,2026-09-03T18:20:00+02:00
XAUUSD,5m,2026-09-03T16:25:00+00:00,4492.93,4494.44,4490.51,4493.37,3825.0,2026-09-03T18:25:00+02:00
XAUUSD,5m,2026-09-03T16:30:00+00:00,4493.37,4495.51,4489.33,4490.68,3580.0,2026-09-03T18:30:00+02:00
XAUUSD,5m,2026-09-03T16:35:00+00:00,4490.68,4491.91,4489.82,4491.25,3342.0,2026-09-03T18:35:00+02:00
XAUUSD,5m,2026-09-03T16:40:00+00:00,4491.25,4491.33,4486.72,4487.83,2914.0,2026-09-03T18:40:00+02:00
XAUUSD,5m,2026-09-03T16:45:00+00:00,4487.83,4491.1,4487.07,4488.78,2891.0,2026-09-03T18:45:00+02:00
XAUUSD,5m,2026-09-03T16:50:00+00:00,4488.78,4490.19,4485.38,4487.14,2491.0,2026-09-03T18:50:00+02:00
XAUUSD,5m,2026-09-03T16:55:00+00:00,4487.14,4488.56,4485.61,4486.14,2271.0,2026-09-03T18:55:00+02:00
XAUUSD,5m,2026-09-03T17:00:00+00:00,4486.14,4487.6,4482.9,4487.09,3326.0,2026-09-03T19:00:00+02:00
XAUUSD,5m,2026-09-03T17:05:00+00:00,4487.09,4488.82,4485.7,4485.9,2532.0,2026-09-03T19:05:00+02:00
XAUUSD,5m,2026-09-03T17:10:00+00:00,4485.9,4488.29,4485.62,4487.88,2444.0,2026-09-03T19:10:00+02:00
XAUUSD,5m,2026-09-03T17:15:00+00:00,4487.88,4488.23,4485.17,4487.49,2585.0,2026-09-03T19:15:00+02:00
XAUUSD,5m,2026-09-03T17:20:00+00:00,4487.49,4491.33,4486.89,4490.73,2914.0,2026-09-03T19:20:00+02:00
XAUUSD,5m,2026-09-03T17:25:00+00:00,4490.73,4493.77,4489.67,4492.89,3261.0,2026-09-03T19:25:00+02:00
XAUUSD,5m,2026-09-03T17:30:00+00:00,4492.89,4494.03,4490.77,4491.68,2612.0,2026-09-03T19:30:00+02:00
XAUUSD,5m,2026-09-03T17:35:00+00:00,4491.68,4494.02,4491.41,4492.94,2011.0,2026-09-03T19:35:00+02:00
XAUUSD,5m,2026-09-03T17:40:00+00:00,4492.94,4493.52,4491.73,4491.82,1866.0,2026-09-03T19:40:00+02:00
XAUUSD,5m,2026-09-03T17:45:00+00:00,4491.82,4494.62,4490.83,4491.28,2472.0,2026-09-03T19:45:00+02:00
XAUUSD,5m,2026-09-03T17:50:00+00:00,4491.28,4491.38,4488.31,4490.02,1754.0,2026-09-03T19:50:00+02:00
XAUUSD,5m,2026-09-03T17:55:00+00:00,4490.02,4490.55,4486.42,4486.53,2193.0,2026-09-03T19:55:00+02:00
XAUUSD,5m,2026-09-03T18:00:00+00:00,4486.53,4489.69,4486.23,4489.21,2733.0,2026-09-03T20:00:00+02:00
XAUUSD,5m,2026-09-03T18:05:00+00:00,4489.21,4489.21,4484.48,4488.25,2902.0,2026-09-03T20:05:00+02:00
XAUUSD,5m,2026-09-03T18:10:00+00:00,4488.25,4489.2,4483.9,4483.91,2583.0,2026-09-03T20:10:00+02:00
XAUUSD,5m,2026-09-03T18:15:00+00:00,4483.91,4486.64,4483.81,4486.24,2718.0,2026-09-03T20:15:00+02:00
XAUUSD,5m,2026-09-03T18:20:00+00:00,4486.24,4488.0,4481.98,4483.47,2587.0,2026-09-03T20:20:00+02:00
XAUUSD,5m,2026-09-03T18:25:00+00:00,4483.47,4484.52,4479.67,4479.76,3711.0,2026-09-03T20:25:00+02:00
XAUUSD,5m,2026-09-03T18:30:00+00:00,4479.76,4480.5,4475.85,4479.2,3785.0,2026-09-03T20:30:00+02:00
XAUUSD,5m,2026-09-03T18:35:00+00:00,4479.2,4482.81,4478.68,4482.43,2211.0,2026-09-03T20:35:00+02:00
XAUUSD,5m,2026-09-03T18:40:00+00:00,4482.43,4482.7,4480.65,4481.4,1882.0,2026-09-03T20:40:00+02:00
XAUUSD,5m,2026-09-03T18:45:00+00:00,4481.4,4482.68,4477.54,4478.61,2771.0,2026-09-03T20:45:00+02:00
XAUUSD,5m,2026-09-03T18:50:00+00:00,4478.61,4479.16,4475.36,4475.38,3113.0,2026-09-03T20:50:00+02:00
XAUUSD,5m,2026-09-03T18:55:00+00:00,4475.38,4476.23,4473.94,4475.12,3193.0,2026-09-03T20:55:00+02:00
XAUUSD,5m,2026-09-03T19:00:00+00:00,4475.12,4476.38,4473.82,4474.47,3283.0,2026-09-03T21:00:00+02:00
XAUUSD,5m,2026-09-03T19:05:00+00:00,4474.47,4476.28,4473.88,4476.13,2200.0,2026-09-03T21:05:00+02:00
XAUUSD,5m,2026-09-03T19:10:00+00:00,4476.13,4476.84,4472.8,4474.35,3087.0,2026-09-03T21:10:00+02:00
XAUUSD,5m,2026-09-03T19:15:00+00:00,4474.35,4476.6,4473.86,4476.14,2755.0,2026-09-03T21:15:00+02:00
XAUUSD,5m,2026-09-03T19:20:00+00:00,4476.14,4476.21,4473.99,4474.14,2982.0,2026-09-03T21:20:00+02:00
XAUUSD,5m,2026-09-03T19:25:00+00:00,4474.14,4475.78,4472.55,4475.75,2466.0,2026-09-03T21:25:00+02:00
XAUUSD,5m,2026-09-03T19:30:00+00:00,4475.75,4477.64,4473.93,4473.93,3048.0,2026-09-03T21:30:00+02:00
XAUUSD,5m,2026-09-03T19:35:00+00:00,4473.93,4476.16,4473.91,4475.16,2117.0,2026-09-03T21:35:00+02:00
XAUUSD,5m,2026-09-03T19:40:00+00:00,4475.16,4478.76,4475.16,4477.43,2189.0,2026-09-03T21:40:00+02:00
XAUUSD,5m,2026-09-03T19:45:00+00:00,4477.43,4480.72,4477.41,4479.3,2374.0,2026-09-03T21:45:00+02:00
XAUUSD,5m,2026-09-03T19:50:00+00:00,4479.3,4479.37,4476.51,4477.72,3467.0,2026-09-03T21:50:00+02:00
XAUUSD,5m,2026-09-03T19:55:00+00:00,4477.72,4478.59,4473.11,4475.14,3770.0,2026-09-03T21:55:00+02:00
XAUUSD,5m,2026-09-03T20:00:00+00:00,4475.14,4475.64,4471.58,4471.91,2016.0,2026-09-03T22:00:00+02:00
XAUUSD,5m,2026-09-03T20:05:00+00:00,4471.91,4473.76,4471.73,4473.16,808.0,2026-09-03T22:05:00+02:00
XAUUSD,5m,2026-09-03T20:10:00+00:00,4473.16,4473.44,4471.8,4471.91,768.0,2026-09-03T22:10:00+02:00
XAUUSD,5m,2026-09-03T20:15:00+00:00,4471.91,4472.01,4470.51,4471.09,854.0,2026-09-03T22:15:00+02:00
XAUUSD,5m,2026-09-03T20:20:00+00:00,4471.09,4471.45,4470.66,4470.9,746.0,2026-09-03T22:20:00+02:00
XAUUSD,5m,2026-09-03T20:25:00+00:00,4470.9,4472.55,4470.82,4471.79,780.0,2026-09-03T22:25:00+02:00
XAUUSD,5m,2026-09-03T20:30:00+00:00,4471.79,4472.53,4471.26,4472.22,613.0,2026-09-03T22:30:00+02:00
XAUUSD,5m,2026-09-03T20:35:00+00:00,4472.22,4472.76,4470.92,4471.51,688.0,2026-09-03T22:35:00+02:00
XAUUSD,5m,2026-09-03T20:40:00+00:00,4471.51,4472.78,4471.08,4472.41,518.0,2026-09-03T22:40:00+02:00
XAUUSD,5m,2026-09-03T20:45:00+00:00,4472.41,4473.09,4471.56,4472.76,501.0,2026-09-03T22:45:00+02:00
XAUUSD,5m,2026-09-03T20:50:00+00:00,4472.76,4473.97,4472.54,4473.47,538.0,2026-09-03T22:50:00+02:00
XAUUSD,5m,2026-09-03T20:55:00+00:00,4473.47,4473.83,4472.38,4472.93,613.0,2026-09-03T22:55:00+02:00
XAUUSD,5m,2026-09-03T22:00:00+00:00,4472.93,4476.91,4472.93,4476.18,1178.0,2026-09-04T00:00:00+02:00
XAUUSD,5m,2026-09-03T22:05:00+00:00,4476.18,4477.04,4475.07,4475.61,620.0,2026-09-04T00:05:00+02:00
XAUUSD,5m,2026-09-03T22:10:00+00:00,4475.61,4478.32,4474.1,4478.05,1103.0,2026-09-04T00:10:00+02:00
XAUUSD,5m,2026-09-03T22:15:00+00:00,4478.05,4478.83,4476.42,4476.61,947.0,2026-09-04T00:15:00+02:00
XAUUSD,5m,2026-09-03T22:20:00+00:00,4476.61,4476.79,4474.82,4474.94,726.0,2026-09-04T00:20:00+02:00
XAUUSD,5m,2026-09-03T22:25:00+00:00,4474.94,4475.64,4473.88,4475.03,715.0,2026-09-04T00:25:00+02:00
XAUUSD,5m,2026-09-03T22:30:00+00:00,4475.03,4476.67,4473.88,4474.76,861.0,2026-09-04T00:30:00+02:00
XAUUSD,5m,2026-09-03T22:35:00+00:00,4474.76,4474.91,4472.6,4472.8,872.0,2026-09-04T00:35:00+02:00
XAUUSD,5m,2026-09-03T22:40:00+00:00,4472.8,4476.4,4472.52,4473.92,1010.0,2026-09-04T00:40:00+02:00
XAUUSD,5m,2026-09-03T22:45:00+00:00,4473.92,4474.93,4471.38,4474.31,1026.0,2026-09-04T00:45:00+02:00
XAUUSD,5m,2026-09-03T22:50:00+00:00,4474.31,4475.81,4471.57,4474.59,1577.0,2026-09-04T00:50:00+02:00
XAUUSD,5m,2026-09-03T22:55:00+00:00,4474.59,4475.17,4473.59,4474.47,682.0,2026-09-04T00:55:00+02:00
XAUUSD,5m,2026-09-03T23:00:00+00:00,4474.47,4476.64,4474.31,4476.49,875.0,2026-09-04T01:00:00+02:00
XAUUSD,5m,2026-09-03T23:05:00+00:00,4476.49,4477.68,4472.24,4475.82,1145.0,2026-09-04T01:05:00+02:00
XAUUSD,5m,2026-09-03T23:10:00+00:00,4475.82,4476.14,4473.68,4474.19,599.0,2026-09-04T01:10:00+02:00
XAUUSD,5m,2026-09-03T23:15:00+00:00,4474.19,4475.04,4471.65,4473.44,881.0,2026-09-04T01:15:00+02:00
XAUUSD,5m,2026-09-03T23:20:00+00:00,4473.44,4473.44,4471.86,4472.29,664.0,2026-09-04T01:20:00+02:00
XAUUSD,5m,2026-09-03T23:25:00+00:00,4472.29,4474.57,4472.17,4473.84,635.0,2026-09-04T01:25:00+02:00
XAUUSD,5m,2026-09-03T23:30:00+00:00,4473.84,4476.15,4473.27,4474.79,1047.0,2026-09-04T01:30:00+02:00
XAUUSD,5m,2026-09-03T23:35:00+00:00,4474.79,4478.25,4474.45,4477.82,785.0,2026-09-04T01:35:00+02:00
XAUUSD,5m,2026-09-03T23:40:00+00:00,4477.82,4478.28,4476.55,4477.3,601.0,2026-09-04T01:40:00+02:00
XAUUSD,5m,2026-09-03T23:45:00+00:00,4477.3,4477.33,4474.88,4474.98,923.0,2026-09-04T01:45:00+02:00
XAUUSD,5m,2026-09-03T23:50:00+00:00,4474.98,4479.5,4474.91,4477.09,1486.0,2026-09-04T01:50:00+02:00
XAUUSD,5m,2026-09-03T23:55:00+00:00,4477.09,4480.31,4477.08,4480.03,1270.0,2026-09-04T01:55:00+02:00
XAUUSD,5m,2026-09-04T00:00:00+00:00,4480.03,4481.01,4478.11,4481.01,2345.0,2026-09-04T02:00:00+02:00
XAUUSD,5m,2026-09-04T00:05:00+00:00,4481.01,4483.07,4479.35,4479.97,2509.0,2026-09-04T02:05:00+02:00
XAUUSD,5m,2026-09-04T00:10:00+00:00,4479.97,4483.25,4479.4,4480.83,2036.0,2026-09-04T02:10:00+02:00
XAUUSD,5m,2026-09-04T00:15:00+00:00,4480.83,4480.97,4476.33,4476.98,1806.0,2026-09-04T02:15:00+02:00
XAUUSD,5m,2026-09-04T00:20:00+00:00,4476.98,4479.76,4476.18,4477.73,1795.0,2026-09-04T02:20:00+02:00
XAUUSD,5m,2026-09-04T00:25:00+00:00,4477.73,4477.75,4473.9,4474.56,1665.0,2026-09-04T02:25:00+02:00
XAUUSD,5m,2026-09-04T00:30:00+00:00,4474.56,4479.47,4472.52,4479.37,2060.0,2026-09-04T02:30:00+02:00
XAUUSD,5m,2026-09-04T00:35:00+00:00,4479.37,4479.49,4475.94,4476.29,1538.0,2026-09-04T02:35:00+02:00
XAUUSD,5m,2026-09-04T00:40:00+00:00,4476.29,4482.2,4475.9,4482.2,1891.0,2026-09-04T02:40:00+02:00
XAUUSD,5m,2026-09-04T00:45:00+00:00,4482.2,4484.95,4481.29,4481.32,1723.0,2026-09-04T02:45:00+02:00
XAUUSD,5m,2026-09-04T00:50:00+00:00,4481.32,4484.19,4480.46,4481.98,2061.0,2026-09-04T02:50:00+02:00
XAUUSD,5m,2026-09-04T00:55:00+00:00,4481.98,4487.24,4481.4,4486.24,2478.0,2026-09-04T02:55:00+02:00
XAUUSD,5m,2026-09-04T01:00:00+00:00,4486.24,4487.05,4477.57,4478.07,6516.0,2026-09-04T03:00:00+02:00
XAUUSD,5m,2026-09-04T01:05:00+00:00,4478.07,4480.04,4474.87,4477.87,4252.0,2026-09-04T03:05:00+02:00
XAUUSD,5m,2026-09-04T01:10:00+00:00,4477.87,4482.95,4474.31,4474.9,3593.0,2026-09-04T03:10:00+02:00
XAUUSD,5m,2026-09-04T01:15:00+00:00,4474.9,4478.93,4474.14,4475.82,3442.0,2026-09-04T03:15:00+02:00
XAUUSD,5m,2026-09-04T01:20:00+00:00,4475.82,4478.86,4474.25,4474.75,3672.0,2026-09-04T03:20:00+02:00
XAUUSD,5m,2026-09-04T01:25:00+00:00,4474.75,4475.91,4467.62,4470.89,4338.0,2026-09-04T03:25:00+02:00
XAUUSD,5m,2026-09-04T01:30:00+00:00,4470.89,4472.89,4468.7,4469.65,4291.0,2026-09-04T03:30:00+02:00
XAUUSD,5m,2026-09-04T01:35:00+00:00,4469.65,4476.68,4467.79,4473.32,3266.0,2026-09-04T03:35:00+02:00
XAUUSD,5m,2026-09-04T01:40:00+00:00,4473.32,4476.82,4470.94,4473.85,3272.0,2026-09-04T03:40:00+02:00
XAUUSD,5m,2026-09-04T01:45:00+00:00,4473.85,4473.91,4466.7,4468.63,2892.0,2026-09-04T03:45:00+02:00
XAUUSD,5m,2026-09-04T01:50:00+00:00,4468.63,4473.78,4467.86,4473.49,2620.0,2026-09-04T03:50:00+02:00
XAUUSD,5m,2026-09-04T01:55:00+00:00,4473.49,4480.45,4473.43,4478.78,2819.0,2026-09-04T03:55:00+02:00
XAUUSD,5m,2026-09-04T02:00:00+00:00,4478.78,4482.48,4478.29,4480.65,2780.0,2026-09-04T04:00:00+02:00
XAUUSD,5m,2026-09-04T02:05:00+00:00,4480.65,4480.75,4477.45,4478.59,1976.0,2026-09-04T04:05:00+02:00
XAUUSD,5m,2026-09-04T02:10:00+00:00,4478.59,4480.17,4477.09,4479.25,2509.0,2026-09-04T04:10:00+02:00
XAUUSD,5m,2026-09-04T02:15:00+00:00,4479.25,4480.25,4476.97,4478.4,1468.0,2026-09-04T04:15:00+02:00
XAUUSD,5m,2026-09-04T02:20:00+00:00,4478.4,4478.44,4473.78,4476.98,1518.0,2026-09-04T04:20:00+02:00
XAUUSD,5m,2026-09-04T02:25:00+00:00,4476.98,4477.52,4471.21,4473.84,2475.0,2026-09-04T04:25:00+02:00
XAUUSD,5m,2026-09-04T02:30:00+00:00,4473.84,4475.99,4470.82,4470.91,4297.0,2026-09-04T04:30:00+02:00
XAUUSD,5m,2026-09-04T02:35:00+00:00,4470.91,4477.2,4470.26,4476.41,2469.0,2026-09-04T04:35:00+02:00
XAUUSD,5m,2026-09-04T02:40:00+00:00,4476.41,4477.2,4470.76,4470.76,2697.0,2026-09-04T04:40:00+02:00
XAUUSD,5m,2026-09-04T02:45:00+00:00,4470.76,4475.99,4469.99,4475.9,2155.0,2026-09-04T04:45:00+02:00
XAUUSD,5m,2026-09-04T02:50:00+00:00,4475.9,4479.47,4475.22,4479.41,2307.0,2026-09-04T04:50:00+02:00
XAUUSD,5m,2026-09-04T02:55:00+00:00,4479.41,4480.8,4475.81,4477.34,2007.0,2026-09-04T04:55:00+02:00
XAUUSD,5m,2026-09-04T03:00:00+00:00,4477.34,4478.6,4475.53,4476.01,2165.0,2026-09-04T05:00:00+02:00
XAUUSD,5m,2026-09-04T03:05:00+00:00,4476.01,4476.03,4471.24,4471.9,2356.0,2026-09-04T05:05:00+02:00
XAUUSD,5m,2026-09-04T03:10:00+00:00,4471.9,4473.6,4470.3,4473.46,1631.0,2026-09-04T05:10:00+02:00
XAUUSD,5m,2026-09-04T03:15:00+00:00,4473.46,4474.24,4471.24,4472.83,1455.0,2026-09-04T05:15:00+02:00
XAUUSD,5m,2026-09-04T03:20:00+00:00,4472.83,4474.57,4471.97,4473.68,1786.0,2026-09-04T05:20:00+02:00
XAUUSD,5m,2026-09-04T03:25:00+00:00,4473.68,4474.45,4471.8,4472.4,1590.0,2026-09-04T05:25:00+02:00
XAUUSD,5m,2026-09-04T03:30:00+00:00,4472.4,4475.22,4472.14,4474.73,1481.0,2026-09-04T05:30:00+02:00
XAUUSD,5m,2026-09-04T03:35:00+00:00,4474.73,4474.88,4472.44,4472.79,1118.0,2026-09-04T05:35:00+02:00
XAUUSD,5m,2026-09-04T03:40:00+00:00,4472.79,4473.17,4469.04,4469.22,1466.0,2026-09-04T05:40:00+02:00
XAUUSD,5m,2026-09-04T03:45:00+00:00,4469.22,4470.01,4468.89,4469.23,1162.0,2026-09-04T05:45:00+02:00
XAUUSD,5m,2026-09-04T03:50:00+00:00,4469.23,4470.02,4467.5,4469.46,1421.0,2026-09-04T05:50:00+02:00
XAUUSD,5m,2026-09-04T03:55:00+00:00,4469.46,4469.84,4466.94,4466.99,1055.0,2026-09-04T05:55:00+02:00
XAUUSD,5m,2026-09-04T04:00:00+00:00,4466.99,4469.21,4465.13,4468.78,2417.0,2026-09-04T06:00:00+02:00
XAUUSD,5m,2026-09-04T04:05:00+00:00,4468.78,4469.78,4467.26,4468.11,1223.0,2026-09-04T06:05:00+02:00
XAUUSD,5m,2026-09-04T04:10:00+00:00,4468.11,4470.06,4467.38,4469.34,1212.0,2026-09-04T06:10:00+02:00
XAUUSD,5m,2026-09-04T04:15:00+00:00,4469.34,4469.65,4468.25,4469.54,927.0,2026-09-04T06:15:00+02:00
XAUUSD,5m,2026-09-04T04:20:00+00:00,4469.54,4470.41,4468.6,4470.08,1029.0,2026-09-04T06:20:00+02:00
XAUUSD,5m,2026-09-04T04:25:00+00:00,4470.08,4472.3,4468.84,4471.54,1252.0,2026-09-04T06:25:00+02:00
XAUUSD,5m,2026-09-04T04:30:00+00:00,4471.54,4474.67,4471.54,4472.17,1625.0,2026-09-04T06:30:00+02:00
XAUUSD,5m,2026-09-04T04:35:00+00:00,4472.17,4474.91,4471.7,4474.21,1024.0,2026-09-04T06:35:00+02:00
XAUUSD,5m,2026-09-04T04:40:00+00:00,4474.21,4474.79,4473.23,4473.55,864.0,2026-09-04T06:40:00+02:00
XAUUSD,5m,2026-09-04T04:45:00+00:00,4473.55,4474.33,4472.59,4473.32,795.0,2026-09-04T06:45:00+02:00
XAUUSD,5m,2026-09-04T04:50:00+00:00,4473.32,4474.8,4473.18,4474.3,685.0,2026-09-04T06:50:00+02:00
XAUUSD,5m,2026-09-04T04:55:00+00:00,4474.3,4474.46,4473.55,4473.71,687.0,2026-09-04T06:55:00+02:00
XAUUSD,5m,2026-09-04T05:00:00+00:00,4473.71,4474.55,4470.65,4470.76,1574.0,2026-09-04T07:00:00+02:00
XAUUSD,5m,2026-09-04T05:05:00+00:00,4470.76,4472.0,4468.39,4469.23,1448.0,2026-09-04T07:05:00+02:00
XAUUSD,5m,2026-09-04T05:10:00+00:00,4469.23,4469.58,4467.2,4469.41,1356.0,2026-09-04T07:10:00+02:00
XAUUSD,5m,2026-09-04T05:15:00+00:00,4469.41,4475.22,4468.67,4473.77,1516.0,2026-09-04T07:15:00+02:00
XAUUSD,5m,2026-09-04T05:20:00+00:00,4473.77,4474.23,4470.22,4471.01,1274.0,2026-09-04T07:20:00+02:00
XAUUSD,5m,2026-09-04T05:25:00+00:00,4471.01,4471.23,4467.41,4467.67,1449.0,2026-09-04T07:25:00+02:00
XAUUSD,5m,2026-09-04T05:30:00+00:00,4467.67,4475.16,4466.83,4473.01,4195.0,2026-09-04T07:30:00+02:00
XAUUSD,5m,2026-09-04T05:35:00+00:00,4473.01,4476.88,4469.08,4476.38,2877.0,2026-09-04T07:35:00+02:00
XAUUSD,5m,2026-09-04T05:40:00+00:00,4476.38,4477.56,4470.35,4471.01,2831.0,2026-09-04T07:40:00+02:00
XAUUSD,5m,2026-09-04T05:45:00+00:00,4471.01,4472.89,4470.47,4470.72,2126.0,2026-09-04T07:45:00+02:00
XAUUSD,5m,2026-09-04T05:50:00+00:00,4470.72,4470.72,4467.2,4467.6,2535.0,2026-09-04T07:50:00+02:00
XAUUSD,5m,2026-09-04T05:55:00+00:00,4467.6,4472.23,4467.24,4472.05,2262.0,2026-09-04T07:55:00+02:00
XAUUSD,5m,2026-09-04T06:00:00+00:00,4472.05,4473.28,4469.0,4470.8,3520.0,2026-09-04T08:00:00+02:00
XAUUSD,5m,2026-09-04T06:05:00+00:00,4470.8,4471.9,4467.92,4469.6,2611.0,2026-09-04T08:05:00+02:00
XAUUSD,5m,2026-09-04T06:10:00+00:00,4469.6,4471.54,4466.57,4468.84,2488.0,2026-09-04T08:10:00+02:00
XAUUSD,5m,2026-09-04T06:15:00+00:00,4468.84,4469.26,4467.17,4468.81,2045.0,2026-09-04T08:15:00+02:00
XAUUSD,5m,2026-09-04T06:20:00+00:00,4468.81,4471.47,4466.67,4467.88,2186.0,2026-09-04T08:20:00+02:00
XAUUSD,5m,2026-09-04T06:25:00+00:00,4467.88,4471.78,4467.76,4468.8,2055.0,2026-09-04T08:25:00+02:00
XAUUSD,5m,2026-09-04T06:30:00+00:00,4468.8,4469.81,4464.45,4464.82,2830.0,2026-09-04T08:30:00+02:00
XAUUSD,5m,2026-09-04T06:35:00+00:00,4464.82,4466.51,4463.03,4466.11,3012.0,2026-09-04T08:35:00+02:00
XAUUSD,5m,2026-09-04T06:40:00+00:00,4466.11,4468.5,4463.77,4464.17,2456.0,2026-09-04T08:40:00+02:00
XAUUSD,5m,2026-09-04T06:45:00+00:00,4464.17,4464.17,4461.28,4461.6,2572.0,2026-09-04T08:45:00+02:00
XAUUSD,5m,2026-09-04T06:50:00+00:00,4461.6,4464.39,4461.16,4462.51,2002.0,2026-09-04T08:50:00+02:00
XAUUSD,5m,2026-09-04T06:55:00+00:00,4462.51,4463.52,4460.01,4462.86,2158.0,2026-09-04T08:55:00+02:00
XAUUSD,5m,2026-09-04T07:00:00+00:00,4462.86,4467.65,4461.42,4466.36,3307.0,2026-09-04T09:00:00+02:00
XAUUSD,5m,2026-09-04T07:05:00+00:00,4466.36,4469.19,4464.8,4468.54,2375.0,2026-09-04T09:05:00+02:00
XAUUSD,5m,2026-09-04T07:10:00+00:00,4468.54,4471.44,4467.67,4467.69,2336.0,2026-09-04T09:10:00+02:00
XAUUSD,5m,2026-09-04T07:15:00+00:00,4467.69,4469.0,4466.48,4468.82,1766.0,2026-09-04T09:15:00+02:00
XAUUSD,5m,2026-09-04T07:20:00+00:00,4468.82,4469.88,4466.69,4469.52,1702.0,2026-09-04T09:20:00+02:00
XAUUSD,5m,2026-09-04T07:25:00+00:00,4469.52,4472.75,4467.89,4472.5,2029.0,2026-09-04T09:25:00+02:00
XAUUSD,5m,2026-09-04T07:30:00+00:00,4472.5,4475.4,4472.5,4474.74,2233.0,2026-09-04T09:30:00+02:00
XAUUSD,5m,2026-09-04T07:35:00+00:00,4474.74,4476.33,4474.08,4475.07,1950.0,2026-09-04T09:35:00+02:00
XAUUSD,5m,2026-09-04T07:40:00+00:00,4475.07,4486.42,4474.52,4485.61,3005.0,2026-09-04T09:40:00+02:00
XAUUSD,5m,2026-09-04T07:45:00+00:00,4485.61,4490.85,4484.08,4487.92,3067.0,2026-09-04T09:45:00+02:00
XAUUSD,5m,2026-09-04T07:50:00+00:00,4487.92,4487.92,4482.44,4484.52,1982.0,2026-09-04T09:50:00+02:00
XAUUSD,5m,2026-09-04T07:55:00+00:00,4484.52,4486.5,4481.29,4483.33,2527.0,2026-09-04T09:55:00+02:00
XAUUSD,5m,2026-09-04T08:00:00+00:00,4483.33,4486.39,4483.05,4483.67,2955.0,2026-09-04T10:00:00+02:00
XAUUSD,5m,2026-09-04T08:05:00+00:00,4483.67,4483.88,4480.32,4480.69,2328.0,2026-09-04T10:05:00+02:00
XAUUSD,5m,2026-09-04T08:10:00+00:00,4480.69,4483.9,4478.87,4481.86,2308.0,2026-09-04T10:10:00+02:00
XAUUSD,5m,2026-09-04T08:15:00+00:00,4481.86,4484.0,4481.13,4482.48,2269.0,2026-09-04T10:15:00+02:00
XAUUSD,5m,2026-09-04T08:20:00+00:00,4482.48,4484.05,4479.94,4480.08,1820.0,2026-09-04T10:20:00+02:00
XAUUSD,5m,2026-09-04T08:25:00+00:00,4480.08,4482.49,4479.46,4481.16,2359.0,2026-09-04T10:25:00+02:00
XAUUSD,5m,2026-09-04T08:30:00+00:00,4481.16,4482.48,4477.9,4480.72,2238.0,2026-09-04T10:30:00+02:00
XAUUSD,5m,2026-09-04T08:35:00+00:00,4480.72,4481.55,4477.55,4478.55,2167.0,2026-09-04T10:35:00+02:00
XAUUSD,5m,2026-09-04T08:40:00+00:00,4478.55,4479.11,4477.08,4477.44,2025.0,2026-09-04T10:40:00+02:00
XAUUSD,5m,2026-09-04T08:45:00+00:00,4477.44,4478.49,4474.66,4474.82,1735.0,2026-09-04T10:45:00+02:00
XAUUSD,5m,2026-09-04T08:50:00+00:00,4474.82,4477.35,4474.42,4476.7,1738.0,2026-09-04T10:50:00+02:00
XAUUSD,5m,2026-09-04T08:55:00+00:00,4476.7,4479.8,4476.69,4477.69,1464.0,2026-09-04T10:55:00+02:00
XAUUSD,5m,2026-09-04T09:00:00+00:00,4477.69,4479.17,4476.43,4478.25,2038.0,2026-09-04T11:00:00+02:00
XAUUSD,5m,2026-09-04T09:05:00+00:00,4478.25,4478.27,4473.55,4474.97,1599.0,2026-09-04T11:05:00+02:00
XAUUSD,5m,2026-09-04T09:10:00+00:00,4474.97,4474.98,4468.89,4470.03,2024.0,2026-09-04T11:10:00+02:00
XAUUSD,5m,2026-09-04T09:15:00+00:00,4470.03,4470.57,4466.72,4466.83,2553.0,2026-09-04T11:15:00+02:00
XAUUSD,5m,2026-09-04T09:20:00+00:00,4466.83,4467.53,4464.01,4464.4,2666.0,2026-09-04T11:20:00+02:00
XAUUSD,5m,2026-09-04T09:25:00+00:00,4464.4,4466.73,4463.81,4466.72,2151.0,2026-09-04T11:25:00+02:00
XAUUSD,5m,2026-09-04T09:30:00+00:00,4466.72,4470.11,4464.38,4467.14,2875.0,2026-09-04T11:30:00+02:00
XAUUSD,5m,2026-09-04T09:35:00+00:00,4467.14,4469.62,4466.41,4467.79,1740.0,2026-09-04T11:35:00+02:00
XAUUSD,5m,2026-09-04T09:40:00+00:00,4467.79,4468.44,4465.74,4467.3,1600.0,2026-09-04T11:40:00+02:00
XAUUSD,5m,2026-09-04T09:45:00+00:00,4467.3,4469.69,4467.3,4469.16,1372.0,2026-09-04T11:45:00+02:00
XAUUSD,5m,2026-09-04T09:50:00+00:00,4469.16,4469.62,4467.03,4467.07,1452.0,2026-09-04T11:50:00+02:00
XAUUSD,5m,2026-09-04T09:55:00+00:00,4467.07,4469.63,4465.44,4465.53,1789.0,2026-09-04T11:55:00+02:00
XAUUSD,5m,2026-09-04T10:00:00+00:00,4465.53,4470.13,4465.39,4469.42,1921.0,2026-09-04T12:00:00+02:00
XAUUSD,5m,2026-09-04T10:05:00+00:00,4469.42,4470.8,4468.59,4470.56,1305.0,2026-09-04T12:05:00+02:00
XAUUSD,5m,2026-09-04T10:10:00+00:00,4470.56,4473.18,4468.94,4472.74,1356.0,2026-09-04T12:10:00+02:00
XAUUSD,5m,2026-09-04T10:15:00+00:00,4472.74,4473.33,4470.94,4471.68,1472.0,2026-09-04T12:15:00+02:00
XAUUSD,5m,2026-09-04T10:20:00+00:00,4471.68,4471.86,4467.99,4468.23,1287.0,2026-09-04T12:20:00+02:00
XAUUSD,5m,2026-09-04T10:25:00+00:00,4468.23,4473.65,4468.23,4471.18,2738.0,2026-09-04T12:25:00+02:00
XAUUSD,5m,2026-09-04T10:30:00+00:00,4471.18,4475.22,4470.8,4473.19,1777.0,2026-09-04T12:30:00+02:00
XAUUSD,5m,2026-09-04T10:35:00+00:00,4473.19,4473.46,4469.99,4473.35,1503.0,2026-09-04T12:35:00+02:00
XAUUSD,5m,2026-09-04T10:40:00+00:00,4473.35,4474.11,4472.47,4473.44,1390.0,2026-09-04T12:40:00+02:00
XAUUSD,5m,2026-09-04T10:45:00+00:00,4473.44,4476.49,4473.43,4474.81,1555.0,2026-09-04T12:45:00+02:00
XAUUSD,5m,2026-09-04T10:50:00+00:00,4474.81,4475.9,4473.41,4474.6,1279.0,2026-09-04T12:50:00+02:00
XAUUSD,5m,2026-09-04T10:55:00+00:00,4474.6,4475.02,4472.62,4472.77,1199.0,2026-09-04T12:55:00+02:00
XAUUSD,5m,2026-09-04T11:00:00+00:00,4472.77,4473.35,4470.4,4471.89,2242.0,2026-09-04T13:00:00+02:00
XAUUSD,5m,2026-09-04T11:05:00+00:00,4471.89,4472.2,4469.38,4470.75,1438.0,2026-09-04T13:05:00+02:00
XAUUSD,5m,2026-09-04T11:10:00+00:00,4470.75,4471.3,4469.51,4470.09,1583.0,2026-09-04T13:10:00+02:00
XAUUSD,5m,2026-09-04T11:15:00+00:00,4470.09,4470.63,4466.26,4466.71,1510.0,2026-09-04T13:15:00+02:00
XAUUSD,5m,2026-09-04T11:20:00+00:00,4466.71,4470.77,4466.21,4468.85,1579.0,2026-09-04T13:20:00+02:00
XAUUSD,5m,2026-09-04T11:25:00+00:00,4468.85,4468.85,4465.38,4465.6,1646.0,2026-09-04T13:25:00+02:00
XAUUSD,5m,2026-09-04T11:30:00+00:00,4465.6,4468.27,4465.14,4465.93,1717.0,2026-09-04T13:30:00+02:00
XAUUSD,5m,2026-09-04T11:35:00+00:00,4465.93,4469.45,4465.93,4468.14,1387.0,2026-09-04T13:35:00+02:00
XAUUSD,5m,2026-09-04T11:40:00+00:00,4468.14,4470.26,4465.88,4468.15,1672.0,2026-09-04T13:40:00+02:00
XAUUSD,5m,2026-09-04T11:45:00+00:00,4468.15,4470.5,4467.05,4467.43,1704.0,2026-09-04T13:45:00+02:00
XAUUSD,5m,2026-09-04T11:50:00+00:00,4467.43,4470.54,4466.99,4468.98,1844.0,2026-09-04T13:50:00+02:00
XAUUSD,5m,2026-09-04T11:55:00+00:00,4468.98,4469.88,4465.07,4466.99,1708.0,2026-09-04T13:55:00+02:00
XAUUSD,5m,2026-09-04T12:00:00+00:00,4466.99,4469.34,4464.49,4468.76,2969.0,2026-09-04T14:00:00+02:00
XAUUSD,5m,2026-09-04T12:05:00+00:00,4468.76,4470.37,4466.75,4467.28,3020.0,2026-09-04T14:05:00+02:00
XAUUSD,5m,2026-09-04T12:10:00+00:00,4467.28,4468.95,4464.46,4464.7,2682.0,2026-09-04T14:10:00+02:00
XAUUSD,5m,2026-09-04T12:15:00+00:00,4464.7,4468.11,4464.32,4467.73,3024.0,2026-09-04T14:15:00+02:00
XAUUSD,5m,2026-09-04T12:20:00+00:00,4467.73,4470.24,4464.34,4468.02,4594.0,2026-09-04T14:20:00+02:00
XAUUSD,5m,2026-09-04T12:25:00+00:00,4468.02,4476.04,4466.93,4471.94,4815.0,2026-09-04T14:25:00+02:00
XAUUSD,5m,2026-09-04T12:30:00+00:00,4471.94,4472.63,4379.18,4394.49,21014.0,2026-09-04T14:30:00+02:00
XAUUSD,5m,2026-09-04T12:35:00+00:00,4394.49,4398.58,4382.29,4391.65,19559.0,2026-09-04T14:35:00+02:00
XAUUSD,5m,2026-09-04T12:40:00+00:00,4391.65,4406.43,4386.77,4393.8,13715.0,2026-09-04T14:40:00+02:00
XAUUSD,5m,2026-09-04T12:45:00+00:00,4393.8,4397.68,4380.06,4397.13,15564.0,2026-09-04T14:45:00+02:00
XAUUSD,5m,2026-09-04T12:50:00+00:00,4397.13,4409.84,4395.27,4405.69,12135.0,2026-09-04T14:50:00+02:00
XAUUSD,5m,2026-09-04T12:55:00+00:00,4405.69,4408.97,4392.48,4393.83,10465.0,2026-09-04T14:55:00+02:00
XAUUSD,5m,2026-09-04T13:00:00+00:00,4393.83,4394.79,4365.18,4379.31,16826.0,2026-09-04T15:00:00+02:00
XAUUSD,5m,2026-09-04T13:05:00+00:00,4379.31,4390.07,4375.92,4388.23,10569.0,2026-09-04T15:05:00+02:00
XAUUSD,5m,2026-09-04T13:10:00+00:00,4388.23,4394.18,4382.06,4394.08,8839.0,2026-09-04T15:10:00+02:00
XAUUSD,5m,2026-09-04T13:15:00+00:00,4394.08,4399.89,4391.31,4398.69,7917.0,2026-09-04T15:15:00+02:00
XAUUSD,5m,2026-09-04T13:20:00+00:00,4398.69,4407.08,4396.86,4404.86,6970.0,2026-09-04T15:20:00+02:00
XAUUSD,5m,2026-09-04T13:25:00+00:00,4404.86,4414.5,4404.06,4412.37,7401.0,2026-09-04T15:25:00+02:00
XAUUSD,5m,2026-09-04T13:30:00+00:00,4412.37,4420.4,4411.85,4413.72,15144.0,2026-09-04T15:30:00+02:00
XAUUSD,5m,2026-09-04T13:35:00+00:00,4413.72,4417.49,4405.05,4407.26,12640.0,2026-09-04T15:35:00+02:00
XAUUSD,5m,2026-09-04T13:40:00+00:00,4407.26,4424.02,4406.98,4423.77,12709.0,2026-09-04T15:40:00+02:00
XAUUSD,5m,2026-09-04T13:45:00+00:00,4423.77,4434.63,4418.3,4429.68,10883.0,2026-09-04T15:45:00+02:00
XAUUSD,5m,2026-09-04T13:50:00+00:00,4429.68,4431.39,4420.87,4422.63,10322.0,2026-09-04T15:50:00+02:00
XAUUSD,5m,2026-09-04T13:55:00+00:00,4422.63,4426.68,4413.05,4413.06,9164.0,2026-09-04T15:55:00+02:00
XAUUSD,5m,2026-09-04T14:00:00+00:00,4413.06,4420.53,4412.07,4420.5,9717.0,2026-09-04T16:00:00+02:00
XAUUSD,5m,2026-09-04T14:05:00+00:00,4420.5,4427.1,4415.81,4423.84,10355.0,2026-09-04T16:05:00+02:00
XAUUSD,5m,2026-09-04T14:10:00+00:00,4423.84,4435.03,4419.07,4433.95,11922.0,2026-09-04T16:10:00+02:00
XAUUSD,5m,2026-09-04T14:15:00+00:00,4433.95,4437.04,4428.72,4432.15,10940.0,2026-09-04T16:15:00+02:00
XAUUSD,5m,2026-09-04T14:20:00+00:00,4432.15,4435.58,4426.5,4430.72,10346.0,2026-09-04T16:20:00+02:00
XAUUSD,5m,2026-09-04T14:25:00+00:00,4430.72,4437.27,4428.87,4429.02,8153.0,2026-09-04T16:25:00+02:00
XAUUSD,5m,2026-09-04T14:30:00+00:00,4429.02,4439.93,4428.94,4439.48,9072.0,2026-09-04T16:30:00+02:00
XAUUSD,5m,2026-09-04T14:35:00+00:00,4439.48,4442.31,4428.49,4429.57,8147.0,2026-09-04T16:35:00+02:00
XAUUSD,5m,2026-09-04T14:40:00+00:00,4429.57,4432.61,4425.34,4428.87,7648.0,2026-09-04T16:40:00+02:00
XAUUSD,5m,2026-09-04T14:45:00+00:00,4428.87,4432.14,4422.58,4427.98,8629.0,2026-09-04T16:45:00+02:00
XAUUSD,5m,2026-09-04T14:50:00+00:00,4427.98,4428.77,4417.31,4417.56,7147.0,2026-09-04T16:50:00+02:00
XAUUSD,5m,2026-09-04T14:55:00+00:00,4417.56,4429.86,4417.08,4427.39,6263.0,2026-09-04T16:55:00+02:00
XAUUSD,5m,2026-09-04T15:00:00+00:00,4427.39,4430.78,4422.59,4429.84,7399.0,2026-09-04T17:00:00+02:00
XAUUSD,5m,2026-09-04T15:05:00+00:00,4429.84,4439.24,4429.64,4436.64,6455.0,2026-09-04T17:05:00+02:00
XAUUSD,5m,2026-09-04T15:10:00+00:00,4436.64,4443.53,4434.49,4443.22,5624.0,2026-09-04T17:10:00+02:00
XAUUSD,5m,2026-09-04T15:15:00+00:00,4443.22,4448.45,4440.91,4447.92,6216.0,2026-09-04T17:15:00+02:00
XAUUSD,5m,2026-09-04T15:20:00+00:00,4447.92,4448.92,4439.91,4442.83,5774.0,2026-09-04T17:20:00+02:00
XAUUSD,5m,2026-09-04T15:25:00+00:00,4442.83,4446.02,4439.43,4439.71,5120.0,2026-09-04T17:25:00+02:00
XAUUSD,5m,2026-09-04T15:30:00+00:00,4439.71,4444.21,4438.1,4439.47,5581.0,2026-09-04T17:30:00+02:00
XAUUSD,5m,2026-09-04T15:35:00+00:00,4439.47,4441.16,4437.14,4437.95,4261.0,2026-09-04T17:35:00+02:00
XAUUSD,5m,2026-09-04T15:40:00+00:00,4437.95,4446.69,4436.34,4442.79,4506.0,2026-09-04T17:40:00+02:00
XAUUSD,5m,2026-09-04T15:45:00+00:00,4442.79,4444.91,4441.55,4443.74,3967.0,2026-09-04T17:45:00+02:00
XAUUSD,5m,2026-09-04T15:50:00+00:00,4443.74,4445.14,4439.16,4439.33,2946.0,2026-09-04T17:50:00+02:00
XAUUSD,5m,2026-09-04T15:55:00+00:00,4439.33,4441.11,4435.62,4436.61,3687.0,2026-09-04T17:55:00+02:00
XAUUSD,5m,2026-09-04T16:00:00+00:00,4436.61,4440.19,4436.29,4439.61,3685.0,2026-09-04T18:00:00+02:00
XAUUSD,5m,2026-09-04T16:05:00+00:00,4439.61,4440.35,4433.49,4433.75,4399.0,2026-09-04T18:05:00+02:00
XAUUSD,5m,2026-09-04T16:10:00+00:00,4433.75,4439.39,4432.21,4438.75,3735.0,2026-09-04T18:10:00+02:00
XAUUSD,5m,2026-09-04T16:15:00+00:00,4438.75,4443.54,4437.35,4441.48,3475.0,2026-09-04T18:15:00+02:00
XAUUSD,5m,2026-09-04T16:20:00+00:00,4441.48,4442.49,4435.41,4437.71,3781.0,2026-09-04T18:20:00+02:00
XAUUSD,5m,2026-09-04T16:25:00+00:00,4437.71,4438.22,4433.06,4434.21,3555.0,2026-09-04T18:25:00+02:00
XAUUSD,5m,2026-09-04T16:30:00+00:00,4434.21,4438.94,4433.26,4437.43,3490.0,2026-09-04T18:30:00+02:00
XAUUSD,5m,2026-09-04T16:35:00+00:00,4437.43,4438.44,4436.29,4437.57,3414.0,2026-09-04T18:35:00+02:00
XAUUSD,5m,2026-09-04T16:40:00+00:00,4437.57,4439.75,4435.43,4438.01,3529.0,2026-09-04T18:40:00+02:00
XAUUSD,5m,2026-09-04T16:45:00+00:00,4438.01,4439.91,4437.34,4439.39,3312.0,2026-09-04T18:45:00+02:00
XAUUSD,5m,2026-09-04T16:50:00+00:00,4439.39,4440.01,4435.81,4435.95,3093.0,2026-09-04T18:50:00+02:00
XAUUSD,5m,2026-09-04T16:55:00+00:00,4435.95,4438.09,4434.61,4436.33,3736.0,2026-09-04T18:55:00+02:00
XAUUSD,5m,2026-09-04T17:00:00+00:00,4436.33,4436.61,4429.77,4431.38,5402.0,2026-09-04T19:00:00+02:00
XAUUSD,5m,2026-09-04T17:05:00+00:00,4431.38,4433.79,4430.21,4432.11,4699.0,2026-09-04T19:05:00+02:00
XAUUSD,5m,2026-09-04T17:10:00+00:00,4432.11,4434.76,4431.68,4433.8,3295.0,2026-09-04T19:10:00+02:00
XAUUSD,5m,2026-09-04T17:15:00+00:00,4433.8,4438.91,4432.79,4438.28,3275.0,2026-09-04T19:15:00+02:00
XAUUSD,5m,2026-09-04T17:20:00+00:00,4438.28,4440.45,4431.04,4433.31,4515.0,2026-09-04T19:20:00+02:00
XAUUSD,5m,2026-09-04T17:25:00+00:00,4433.31,4433.35,4427.44,4428.62,5084.0,2026-09-04T19:25:00+02:00
XAUUSD,5m,2026-09-04T17:30:00+00:00,4428.62,4429.77,4422.93,4424.04,3898.0,2026-09-04T19:30:00+02:00
XAUUSD,5m,2026-09-04T17:35:00+00:00,4424.04,4425.4,4421.81,4422.25,3282.0,2026-09-04T19:35:00+02:00
XAUUSD,5m,2026-09-04T17:40:00+00:00,4422.25,4422.29,4415.75,4417.23,2921.0,2026-09-04T19:40:00+02:00
XAUUSD,5m,2026-09-04T17:45:00+00:00,4417.23,4420.3,4415.55,4419.44,3305.0,2026-09-04T19:45:00+02:00
XAUUSD,5m,2026-09-04T17:50:00+00:00,4419.44,4421.41,4418.61,4419.22,2754.0,2026-09-04T19:50:00+02:00
XAUUSD,5m,2026-09-04T17:55:00+00:00,4419.22,4419.56,4416.07,4416.51,2567.0,2026-09-04T19:55:00+02:00
XAUUSD,5m,2026-09-04T18:00:00+00:00,4416.51,4417.48,4411.72,4412.63,4472.0,2026-09-04T20:00:00+02:00
XAUUSD,5m,2026-09-04T18:05:00+00:00,4412.63,4418.06,4412.02,4417.66,4298.0,2026-09-04T20:05:00+02:00
XAUUSD,5m,2026-09-04T18:10:00+00:00,4417.66,4419.68,4416.33,4419.55,3121.0,2026-09-04T20:10:00+02:00
XAUUSD,5m,2026-09-04T18:15:00+00:00,4419.55,4422.39,4419.08,4419.28,2398.0,2026-09-04T20:15:00+02:00
XAUUSD,5m,2026-09-04T18:20:00+00:00,4419.28,4424.78,4418.63,4424.71,2455.0,2026-09-04T20:20:00+02:00
XAUUSD,5m,2026-09-04T18:25:00+00:00,4424.71,4426.61,4423.1,4424.64,2836.0,2026-09-04T20:25:00+02:00
XAUUSD,5m,2026-09-04T18:30:00+00:00,4424.64,4425.18,4422.9,4424.97,1912.0,2026-09-04T20:30:00+02:00
XAUUSD,5m,2026-09-04T18:35:00+00:00,4424.97,4425.26,4421.18,4422.47,2316.0,2026-09-04T20:35:00+02:00
XAUUSD,5m,2026-09-04T18:40:00+00:00,4422.47,4425.72,4421.87,4422.96,2642.0,2026-09-04T20:40:00+02:00
XAUUSD,5m,2026-09-04T18:45:00+00:00,4422.96,4424.54,4422.01,4423.73,1765.0,2026-09-04T20:45:00+02:00
XAUUSD,5m,2026-09-04T18:50:00+00:00,4423.73,4425.46,4423.38,4425.05,1877.0,2026-09-04T20:50:00+02:00
XAUUSD,5m,2026-09-04T18:55:00+00:00,4425.05,4425.97,4422.98,4423.88,2120.0,2026-09-04T20:55:00+02:00
XAUUSD,5m,2026-09-04T19:00:00+00:00,4423.88,4425.35,4422.39,4423.45,2528.0,2026-09-04T21:00:00+02:00
XAUUSD,5m,2026-09-04T19:05:00+00:00,4423.45,4425.54,4422.62,4425.23,1970.0,2026-09-04T21:05:00+02:00
XAUUSD,5m,2026-09-04T19:10:00+00:00,4425.23,4430.06,4424.74,4429.07,2710.0,2026-09-04T21:10:00+02:00
XAUUSD,5m,2026-09-04T19:15:00+00:00,4429.07,4432.08,4428.46,4428.76,2182.0,2026-09-04T21:15:00+02:00
XAUUSD,5m,2026-09-04T19:20:00+00:00,4428.76,4431.17,4426.73,4430.99,1658.0,2026-09-04T21:20:00+02:00
XAUUSD,5m,2026-09-04T19:25:00+00:00,4430.99,4435.83,4430.12,4435.5,2635.0,2026-09-04T21:25:00+02:00
XAUUSD,5m,2026-09-04T19:30:00+00:00,4435.5,4438.42,4434.06,4437.62,2778.0,2026-09-04T21:30:00+02:00
XAUUSD,5m,2026-09-04T19:35:00+00:00,4437.62,4437.73,4435.0,4436.45,2058.0,2026-09-04T21:35:00+02:00
XAUUSD,5m,2026-09-04T19:40:00+00:00,4436.45,4437.61,4434.88,4436.99,2427.0,2026-09-04T21:40:00+02:00
XAUUSD,5m,2026-09-04T19:45:00+00:00,4436.99,4437.31,4433.4,4435.2,1877.0,2026-09-04T21:45:00+02:00
XAUUSD,5m,2026-09-04T19:50:00+00:00,4435.2,4436.44,4434.17,4436.29,2858.0,2026-09-04T21:50:00+02:00
XAUUSD,5m,2026-09-04T19:55:00+00:00,4436.29,4436.34,4432.81,4434.89,3757.0,2026-09-04T21:55:00+02:00
XAUUSD,5m,2026-09-04T20:00:00+00:00,4434.89,4435.11,4432.1,4432.62,1321.0,2026-09-04T22:00:00+02:00
XAUUSD,5m,2026-09-04T20:05:00+00:00,4432.62,4432.73,4431.09,4431.76,894.0,2026-09-04T22:05:00+02:00
XAUUSD,5m,2026-09-04T20:10:00+00:00,4431.76,4432.61,4430.84,4431.66,732.0,2026-09-04T22:10:00+02:00
XAUUSD,5m,2026-09-04T20:15:00+00:00,4431.66,4431.8,4430.01,4430.87,599.0,2026-09-04T22:15:00+02:00
XAUUSD,5m,2026-09-04T20:20:00+00:00,4430.87,4431.23,4430.01,4430.09,584.0,2026-09-04T22:20:00+02:00
XAUUSD,5m,2026-09-04T20:25:00+00:00,4430.09,4430.8,4429.25,4429.88,785.0,2026-09-04T22:25:00+02:00
XAUUSD,5m,2026-09-04T20:30:00+00:00,4429.88,4429.88,4428.79,4429.39,632.0,2026-09-04T22:30:00+02:00
XAUUSD,5m,2026-09-04T20:35:00+00:00,4429.39,4430.77,4429.34,4430.3,617.0,2026-09-04T22:35:00+02:00
XAUUSD,5m,2026-09-04T20:40:00+00:00,4430.3,4430.51,4428.96,4430.15,619.0,2026-09-04T22:40:00+02:00
XAUUSD,5m,2026-09-06T22:00:00+00:00,4430.15,4430.15,4416.81,4422.52,1202.0,2026-09-07T00:00:00+02:00
XAUUSD,5m,2026-09-06T22:05:00+00:00,4422.52,4426.09,4422.1,4424.49,1215.0,2026-09-07T00:05:00+02:00
XAUUSD,5m,2026-09-06T22:10:00+00:00,4424.49,4429.03,4423.86,4428.68,519.0,2026-09-07T00:10:00+02:00
XAUUSD,5m,2026-09-06T22:15:00+00:00,4428.68,4430.17,4427.39,4427.93,483.0,2026-09-07T00:15:00+02:00
XAUUSD,5m,2026-09-06T22:20:00+00:00,4427.93,4429.76,4427.2,4428.4,626.0,2026-09-07T00:20:00+02:00
XAUUSD,5m,2026-09-06T22:25:00+00:00,4428.4,4429.9,4426.88,4428.66,742.0,2026-09-07T00:25:00+02:00
XAUUSD,5m,2026-09-06T22:30:00+00:00,4428.66,4430.82,4428.1,4428.2,675.0,2026-09-07T00:30:00+02:00
XAUUSD,5m,2026-09-06T22:35:00+00:00,4428.2,4429.71,4427.43,4429.27,500.0,2026-09-07T00:35:00+02:00
XAUUSD,5m,2026-09-06T22:40:00+00:00,4429.27,4431.21,4429.1,4430.61,496.0,2026-09-07T00:40:00+02:00
XAUUSD,5m,2026-09-06T22:45:00+00:00,4430.61,4435.29,4430.42,4433.95,663.0,2026-09-07T00:45:00+02:00
XAUUSD,5m,2026-09-06T22:50:00+00:00,4433.95,4434.53,4431.16,4432.29,546.0,2026-09-07T00:50:00+02:00
XAUUSD,5m,2026-09-06T22:55:00+00:00,4432.29,4433.03,4429.08,4429.24,411.0,2026-09-07T00:55:00+02:00
XAUUSD,5m,2026-09-06T23:00:00+00:00,4429.24,4431.11,4429.08,4429.92,505.0,2026-09-07T01:00:00+02:00
XAUUSD,5m,2026-09-06T23:05:00+00:00,4429.92,4431.2,4429.78,4430.24,340.0,2026-09-07T01:05:00+02:00
XAUUSD,5m,2026-09-06T23:10:00+00:00,4430.24,4430.47,4429.36,4429.86,261.0,2026-09-07T01:10:00+02:00
XAUUSD,5m,2026-09-06T23:15:00+00:00,4429.86,4430.0,4427.8,4428.67,297.0,2026-09-07T01:15:00+02:00
XAUUSD,5m,2026-09-06T23:20:00+00:00,4428.67,4429.21,4425.07,4425.22,782.0,2026-09-07T01:20:00+02:00
XAUUSD,5m,2026-09-06T23:25:00+00:00,4425.22,4427.33,4425.1,4426.92,612.0,2026-09-07T01:25:00+02:00
XAUUSD,5m,2026-09-06T23:30:00+00:00,4426.92,4428.36,4425.34,4427.88,666.0,2026-09-07T01:30:00+02:00
XAUUSD,5m,2026-09-06T23:35:00+00:00,4427.88,4430.37,4426.79,4427.56,823.0,2026-09-07T01:35:00+02:00
XAUUSD,5m,2026-09-06T23:40:00+00:00,4427.56,4429.14,4425.02,4428.92,977.0,2026-09-07T01:40:00+02:00
XAUUSD,5m,2026-09-06T23:45:00+00:00,4428.92,4434.03,4426.74,4427.1,2077.0,2026-09-07T01:45:00+02:00
XAUUSD,5m,2026-09-06T23:50:00+00:00,4427.1,4427.68,4422.45,4424.15,1439.0,2026-09-07T01:50:00+02:00
XAUUSD,5m,2026-09-06T23:55:00+00:00,4424.15,4424.9,4420.91,4423.24,1705.0,2026-09-07T01:55:00+02:00
XAUUSD,5m,2026-09-07T00:00:00+00:00,4423.24,4426.78,4421.95,4423.15,3418.0,2026-09-07T02:00:00+02:00
XAUUSD,5m,2026-09-07T00:05:00+00:00,4423.15,4425.36,4421.16,4421.9,2586.0,2026-09-07T02:05:00+02:00
XAUUSD,5m,2026-09-07T00:10:00+00:00,4421.9,4427.46,4420.61,4425.03,2630.0,2026-09-07T02:10:00+02:00
XAUUSD,5m,2026-09-07T00:15:00+00:00,4425.03,4428.96,4423.68,4425.77,2184.0,2026-09-07T02:15:00+02:00
XAUUSD,5m,2026-09-07T00:20:00+00:00,4425.77,4427.31,4424.5,4425.99,1758.0,2026-09-07T02:20:00+02:00
XAUUSD,5m,2026-09-07T00:25:00+00:00,4425.99,4427.08,4422.2,4422.26,1529.0,2026-09-07T02:25:00+02:00
XAUUSD,5m,2026-09-07T00:30:00+00:00,4422.26,4422.64,4418.12,4419.09,2663.0,2026-09-07T02:30:00+02:00
XAUUSD,5m,2026-09-07T00:35:00+00:00,4419.09,4423.87,4418.4,4422.17,2058.0,2026-09-07T02:35:00+02:00
XAUUSD,5m,2026-09-07T00:40:00+00:00,4422.17,4425.19,4420.93,4423.9,2346.0,2026-09-07T02:40:00+02:00
XAUUSD,5m,2026-09-07T00:45:00+00:00,4423.9,4429.49,4423.88,4427.16,2328.0,2026-09-07T02:45:00+02:00
XAUUSD,5m,2026-09-07T00:50:00+00:00,4427.16,4427.4,4420.94,4422.42,2332.0,2026-09-07T02:50:00+02:00
XAUUSD,5m,2026-09-07T00:55:00+00:00,4422.42,4422.52,4409.59,4412.57,4240.0,2026-09-07T02:55:00+02:00
XAUUSD,5m,2026-09-07T01:00:00+00:00,4412.57,4415.95,4406.72,4412.01,9954.0,2026-09-07T03:00:00+02:00
XAUUSD,5m,2026-09-07T01:05:00+00:00,4412.01,4413.36,4400.97,4402.89,6244.0,2026-09-07T03:05:00+02:00
XAUUSD,5m,2026-09-07T01:10:00+00:00,4402.89,4406.97,4395.17,4399.87,5277.0,2026-09-07T03:10:00+02:00
XAUUSD,5m,2026-09-07T01:15:00+00:00,4399.87,4400.34,4390.99,4393.75,5263.0,2026-09-07T03:15:00+02:00
XAUUSD,5m,2026-09-07T01:20:00+00:00,4393.75,4396.43,4389.23,4396.02,4621.0,2026-09-07T03:20:00+02:00
XAUUSD,5m,2026-09-07T01:25:00+00:00,4396.02,4403.71,4393.75,4403.41,3447.0,2026-09-07T03:25:00+02:00
XAUUSD,5m,2026-09-07T01:30:00+00:00,4403.41,4411.29,4403.06,4408.67,3954.0,2026-09-07T03:30:00+02:00
XAUUSD,5m,2026-09-07T01:35:00+00:00,4408.67,4413.31,4406.7,4412.36,3059.0,2026-09-07T03:35:00+02:00
XAUUSD,5m,2026-09-07T01:40:00+00:00,4412.36,4413.17,4408.46,4410.16,3001.0,2026-09-07T03:40:00+02:00
XAUUSD,5m,2026-09-07T01:45:00+00:00,4410.16,4413.31,4408.78,4409.33,2499.0,2026-09-07T03:45:00+02:00
XAUUSD,5m,2026-09-07T01:50:00+00:00,4409.33,4416.81,4408.92,4413.61,3689.0,2026-09-07T03:50:00+02:00
XAUUSD,5m,2026-09-07T01:55:00+00:00,4413.61,4414.98,4408.79,4409.2,3291.0,2026-09-07T03:55:00+02:00
XAUUSD,5m,2026-09-07T02:00:00+00:00,4409.2,4410.66,4405.31,4407.37,2149.0,2026-09-07T04:00:00+02:00
XAUUSD,5m,2026-09-07T02:05:00+00:00,4407.37,4407.55,4402.8,4404.79,2570.0,2026-09-07T04:05:00+02:00
XAUUSD,5m,2026-09-07T02:10:00+00:00,4404.79,4406.18,4403.19,4403.96,2466.0,2026-09-07T04:10:00+02:00
XAUUSD,5m,2026-09-07T02:15:00+00:00,4403.96,4406.92,4403.38,4406.84,1598.0,2026-09-07T04:15:00+02:00
XAUUSD,5m,2026-09-07T02:20:00+00:00,4406.84,4409.25,4406.37,4409.21,1317.0,2026-09-07T04:20:00+02:00
XAUUSD,5m,2026-09-07T02:25:00+00:00,4409.21,4409.48,4407.2,4407.7,1244.0,2026-09-07T04:25:00+02:00
XAUUSD,5m,2026-09-07T02:30:00+00:00,4407.7,4414.62,4406.72,4414.4,3943.0,2026-09-07T04:30:00+02:00
XAUUSD,5m,2026-09-07T02:35:00+00:00,4414.4,4418.48,4412.78,4417.8,2482.0,2026-09-07T04:35:00+02:00
XAUUSD,5m,2026-09-07T02:40:00+00:00,4417.8,4418.54,4413.71,4414.91,2371.0,2026-09-07T04:40:00+02:00
XAUUSD,5m,2026-09-07T02:45:00+00:00,4414.91,4418.98,4413.48,4417.38,2110.0,2026-09-07T04:45:00+02:00
XAUUSD,5m,2026-09-07T02:50:00+00:00,4417.38,4417.6,4413.5,4413.92,1777.0,2026-09-07T04:50:00+02:00
XAUUSD,5m,2026-09-07T02:55:00+00:00,4413.92,4414.44,4407.28,4408.88,2848.0,2026-09-07T04:55:00+02:00
XAUUSD,5m,2026-09-07T03:00:00+00:00,4408.88,4410.61,4407.26,4410.17,2062.0,2026-09-07T05:00:00+02:00
XAUUSD,5m,2026-09-07T03:05:00+00:00,4410.17,4410.17,4405.46,4406.37,2374.0,2026-09-07T05:05:00+02:00
XAUUSD,5m,2026-09-07T03:10:00+00:00,4406.37,4408.58,4405.62,4407.87,1732.0,2026-09-07T05:10:00+02:00
XAUUSD,5m,2026-09-07T03:15:00+00:00,4407.87,4408.9,4404.51,4406.97,1767.0,2026-09-07T05:15:00+02:00
XAUUSD,5m,2026-09-07T03:20:00+00:00,4406.97,4410.19,4406.22,4409.12,1368.0,2026-09-07T05:20:00+02:00
XAUUSD,5m,2026-09-07T03:25:00+00:00,4409.12,4409.64,4407.97,4408.71,1140.0,2026-09-07T05:25:00+02:00
XAUUSD,5m,2026-09-07T03:30:00+00:00,4408.71,4408.88,4406.23,4408.01,1202.0,2026-09-07T05:30:00+02:00
XAUUSD,5m,2026-09-07T03:35:00+00:00,4408.01,4408.58,4404.55,4405.34,835.0,2026-09-07T05:35:00+02:00
XAUUSD,5m,2026-09-07T03:40:00+00:00,4405.34,4405.92,4401.57,4401.75,1176.0,2026-09-07T05:40:00+02:00
XAUUSD,5m,2026-09-07T03:45:00+00:00,4401.75,4404.96,4401.7,4403.36,910.0,2026-09-07T05:45:00+02:00
XAUUSD,5m,2026-09-07T03:50:00+00:00,4403.36,4403.59,4401.17,4402.27,1105.0,2026-09-07T05:50:00+02:00
XAUUSD,5m,2026-09-07T03:55:00+00:00,4402.27,4404.42,4401.61,4404.03,813.0,2026-09-07T05:55:00+02:00
XAUUSD,5m,2026-09-07T04:00:00+00:00,4404.03,4405.11,4401.26,4401.58,1414.0,2026-09-07T06:00:00+02:00
XAUUSD,5m,2026-09-07T04:05:00+00:00,4401.58,4405.17,4401.28,4404.89,990.0,2026-09-07T06:05:00+02:00
XAUUSD,5m,2026-09-07T04:10:00+00:00,4404.89,4407.21,4404.8,4406.59,987.0,2026-09-07T06:10:00+02:00
XAUUSD,5m,2026-09-07T04:15:00+00:00,4406.59,4406.73,4402.6,4403.03,940.0,2026-09-07T06:15:00+02:00
XAUUSD,5m,2026-09-07T04:20:00+00:00,4403.03,4403.07,4400.6,4400.81,902.0,2026-09-07T06:20:00+02:00
XAUUSD,5m,2026-09-07T04:25:00+00:00,4400.81,4402.41,4400.11,4402.09,786.0,2026-09-07T06:25:00+02:00
XAUUSD,5m,2026-09-07T04:30:00+00:00,4402.09,4402.43,4397.02,4397.99,1105.0,2026-09-07T06:30:00+02:00
XAUUSD,5m,2026-09-07T04:35:00+00:00,4397.99,4398.42,4394.32,4395.12,1291.0,2026-09-07T06:35:00+02:00
XAUUSD,5m,2026-09-07T04:40:00+00:00,4395.12,4397.23,4394.83,4396.64,729.0,2026-09-07T06:40:00+02:00
XAUUSD,5m,2026-09-07T04:45:00+00:00,4396.64,4397.58,4395.31,4396.48,819.0,2026-09-07T06:45:00+02:00
XAUUSD,5m,2026-09-07T04:50:00+00:00,4396.48,4397.77,4395.51,4396.02,923.0,2026-09-07T06:50:00+02:00
XAUUSD,5m,2026-09-07T04:55:00+00:00,4396.02,4398.9,4395.43,4397.85,779.0,2026-09-07T06:55:00+02:00
XAUUSD,5m,2026-09-07T05:00:00+00:00,4397.85,4402.38,4397.47,4401.96,1027.0,2026-09-07T07:00:00+02:00
XAUUSD,5m,2026-09-07T05:05:00+00:00,4401.96,4404.09,4400.21,4401.02,1103.0,2026-09-07T07:05:00+02:00
XAUUSD,5m,2026-09-07T05:10:00+00:00,4401.02,4402.44,4398.29,4402.44,1245.0,2026-09-07T07:10:00+02:00
XAUUSD,5m,2026-09-07T05:15:00+00:00,4402.44,4405.33,4401.91,4404.69,953.0,2026-09-07T07:15:00+02:00
XAUUSD,5m,2026-09-07T05:20:00+00:00,4404.69,4405.13,4402.31,4404.92,775.0,2026-09-07T07:20:00+02:00
XAUUSD,5m,2026-09-07T05:25:00+00:00,4404.92,4411.64,4404.39,4411.0,1721.0,2026-09-07T07:25:00+02:00
XAUUSD,5m,2026-09-07T05:30:00+00:00,4411.0,4413.15,4404.7,4408.22,4689.0,2026-09-07T07:30:00+02:00
XAUUSD,5m,2026-09-07T05:35:00+00:00,4408.22,4410.51,4404.76,4405.33,2239.0,2026-09-07T07:35:00+02:00
XAUUSD,5m,2026-09-07T05:40:00+00:00,4405.33,4405.33,4401.34,4404.24,2319.0,2026-09-07T07:40:00+02:00
XAUUSD,5m,2026-09-07T05:45:00+00:00,4404.24,4406.57,4402.11,4403.06,2012.0,2026-09-07T07:45:00+02:00
XAUUSD,5m,2026-09-07T05:50:00+00:00,4403.06,4403.06,4395.18,4396.16,2798.0,2026-09-07T07:50:00+02:00
XAUUSD,5m,2026-09-07T05:55:00+00:00,4396.16,4397.88,4392.95,4393.88,2899.0,2026-09-07T07:55:00+02:00
XAUUSD,5m,2026-09-07T06:00:00+00:00,4393.88,4394.66,4385.2,4387.58,4316.0,2026-09-07T08:00:00+02:00
XAUUSD,5m,2026-09-07T06:05:00+00:00,4387.58,4390.39,4385.27,4389.04,3325.0,2026-09-07T08:05:00+02:00
XAUUSD,5m,2026-09-07T06:10:00+00:00,4389.04,4393.76,4387.49,4391.98,2475.0,2026-09-07T08:10:00+02:00
XAUUSD,5m,2026-09-07T06:15:00+00:00,4391.98,4395.83,4391.68,4395.02,1809.0,2026-09-07T08:15:00+02:00
XAUUSD,5m,2026-09-07T06:20:00+00:00,4395.02,4397.94,4389.94,4397.35,2412.0,2026-09-07T08:20:00+02:00
XAUUSD,5m,2026-09-07T06:25:00+00:00,4397.35,4398.28,4393.46,4394.38,1967.0,2026-09-07T08:25:00+02:00
XAUUSD,5m,2026-09-07T06:30:00+00:00,4394.38,4398.01,4393.75,4397.82,1788.0,2026-09-07T08:30:00+02:00
XAUUSD,5m,2026-09-07T06:35:00+00:00,4397.82,4398.56,4393.54,4397.02,1688.0,2026-09-07T08:35:00+02:00
XAUUSD,5m,2026-09-07T06:40:00+00:00,4397.02,4399.81,4396.08,4396.2,1625.0,2026-09-07T08:40:00+02:00
XAUUSD,5m,2026-09-07T06:45:00+00:00,4396.2,4399.11,4396.09,4396.6,1680.0,2026-09-07T08:45:00+02:00
XAUUSD,5m,2026-09-07T06:50:00+00:00,4396.6,4397.96,4394.44,4394.83,1564.0,2026-09-07T08:50:00+02:00
XAUUSD,5m,2026-09-07T06:55:00+00:00,4394.83,4395.74,4391.19,4392.74,2045.0,2026-09-07T08:55:00+02:00
XAUUSD,5m,2026-09-07T07:00:00+00:00,4392.74,4401.29,4391.74,4400.15,2828.0,2026-09-07T09:00:00+02:00
XAUUSD,5m,2026-09-07T07:05:00+00:00,4400.15,4401.78,4397.87,4400.3,3044.0,2026-09-07T09:05:00+02:00
XAUUSD,5m,2026-09-07T07:10:00+00:00,4400.3,4401.48,4395.54,4401.45,2321.0,2026-09-07T09:10:00+02:00
XAUUSD,5m,2026-09-07T07:15:00+00:00,4401.45,4402.21,4397.01,4397.48,2488.0,2026-09-07T09:15:00+02:00
XAUUSD,5m,2026-09-07T07:20:00+00:00,4397.48,4400.73,4395.75,4398.09,1907.0,2026-09-07T09:20:00+02:00
XAUUSD,5m,2026-09-07T07:25:00+00:00,4398.09,4399.82,4394.53,4395.16,2537.0,2026-09-07T09:25:00+02:00
XAUUSD,5m,2026-09-07T07:30:00+00:00,4395.16,4397.21,4393.46,4395.66,2067.0,2026-09-07T09:30:00+02:00
XAUUSD,5m,2026-09-07T07:35:00+00:00,4395.66,4399.02,4394.92,4395.28,2416.0,2026-09-07T09:35:00+02:00
XAUUSD,5m,2026-09-07T07:40:00+00:00,4395.28,4396.63,4392.28,4395.95,2177.0,2026-09-07T09:40:00+02:00
XAUUSD,5m,2026-09-07T07:45:00+00:00,4395.95,4399.46,4394.88,4399.19,2060.0,2026-09-07T09:45:00+02:00
XAUUSD,5m,2026-09-07T07:50:00+00:00,4399.19,4402.2,4397.7,4400.92,3696.0,2026-09-07T09:50:00+02:00
XAUUSD,5m,2026-09-07T07:55:00+00:00,4400.92,4406.66,4400.27,4406.24,4261.0,2026-09-07T09:55:00+02:00
XAUUSD,5m,2026-09-07T08:00:00+00:00,4406.24,4416.69,4405.14,4412.29,3117.0,2026-09-07T10:00:00+02:00
XAUUSD,5m,2026-09-07T08:05:00+00:00,4412.29,4414.7,4409.7,4413.83,3814.0,2026-09-07T10:05:00+02:00
XAUUSD,5m,2026-09-07T08:10:00+00:00,4413.83,4417.67,4411.8,4417.12,3406.0,2026-09-07T10:10:00+02:00
XAUUSD,5m,2026-09-07T08:15:00+00:00,4417.12,4423.5,4417.1,4421.71,2583.0,2026-09-07T10:15:00+02:00
XAUUSD,5m,2026-09-07T08:20:00+00:00,4421.71,4423.07,4417.87,4417.87,2981.0,2026-09-07T10:20:00+02:00
XAUUSD,5m,2026-09-07T08:25:00+00:00,4417.87,4420.34,4416.23,4419.72,2274.0,2026-09-07T10:25:00+02:00
XAUUSD,5m,2026-09-07T08:30:00+00:00,4419.72,4423.86,4417.77,4421.1,2804.0,2026-09-07T10:30:00+02:00
XAUUSD,5m,2026-09-07T08:35:00+00:00,4421.1,4421.87,4415.34,4415.36,1968.0,2026-09-07T10:35:00+02:00
XAUUSD,5m,2026-09-07T08:40:00+00:00,4415.36,4416.37,4413.36,4414.67,1899.0,2026-09-07T10:40:00+02:00
XAUUSD,5m,2026-09-07T08:45:00+00:00,4414.67,4415.13,4413.09,4414.02,1661.0,2026-09-07T10:45:00+02:00
XAUUSD,5m,2026-09-07T08:50:00+00:00,4414.02,4414.02,4410.41,4411.5,1522.0,2026-09-07T10:50:00+02:00
XAUUSD,5m,2026-09-07T08:55:00+00:00,4411.5,4411.66,4409.59,4410.87,1037.0,2026-09-07T10:55:00+02:00
XAUUSD,5m,2026-09-07T09:00:00+00:00,4410.87,4413.72,4410.87,4412.23,1118.0,2026-09-07T11:00:00+02:00
XAUUSD,5m,2026-09-07T09:05:00+00:00,4412.23,4412.82,4411.17,4412.72,1082.0,2026-09-07T11:05:00+02:00
XAUUSD,5m,2026-09-07T09:10:00+00:00,4412.72,4413.46,4410.23,4411.02,1287.0,2026-09-07T11:10:00+02:00
XAUUSD,5m,2026-09-07T09:15:00+00:00,4411.02,4411.82,4406.18,4408.06,1269.0,2026-09-07T11:15:00+02:00
XAUUSD,5m,2026-09-07T09:20:00+00:00,4408.06,4409.08,4407.33,4408.6,996.0,2026-09-07T11:20:00+02:00
XAUUSD,5m,2026-09-07T09:25:00+00:00,4408.6,4409.43,4405.33,4405.45,1247.0,2026-09-07T11:25:00+02:00
XAUUSD,5m,2026-09-07T09:30:00+00:00,4405.45,4406.48,4403.31,4405.83,1698.0,2026-09-07T11:30:00+02:00
XAUUSD,5m,2026-09-07T09:35:00+00:00,4405.83,4408.88,4404.39,4408.66,1272.0,2026-09-07T11:35:00+02:00
XAUUSD,5m,2026-09-07T09:40:00+00:00,4408.66,4410.07,4408.48,4409.58,1008.0,2026-09-07T11:40:00+02:00
XAUUSD,5m,2026-09-07T09:45:00+00:00,4409.58,4410.23,4408.9,4409.73,789.0,2026-09-07T11:45:00+02:00
XAUUSD,5m,2026-09-07T09:50:00+00:00,4409.73,4410.15,4406.99,4408.37,951.0,2026-09-07T11:50:00+02:00
XAUUSD,5m,2026-09-07T09:55:00+00:00,4408.37,4408.46,4404.66,4405.7,954.0,2026-09-07T11:55:00+02:00
XAUUSD,5m,2026-09-07T10:00:00+00:00,4405.7,4406.23,4404.59,4404.71,939.0,2026-09-07T12:00:00+02:00
XAUUSD,5m,2026-09-07T10:05:00+00:00,4404.71,4405.56,4402.65,4404.85,1007.0,2026-09-07T12:05:00+02:00
XAUUSD,5m,2026-09-07T10:10:00+00:00,4404.85,4404.85,4402.39,4403.02,924.0,2026-09-07T12:10:00+02:00
XAUUSD,5m,2026-09-07T10:15:00+00:00,4403.02,4404.46,4402.54,4404.21,756.0,2026-09-07T12:15:00+02:00
XAUUSD,5m,2026-09-07T10:20:00+00:00,4404.21,4404.53,4397.83,4398.2,1352.0,2026-09-07T12:20:00+02:00
XAUUSD,5m,2026-09-07T10:25:00+00:00,4398.2,4398.87,4395.71,4395.87,1261.0,2026-09-07T12:25:00+02:00
XAUUSD,5m,2026-09-07T10:30:00+00:00,4395.87,4396.92,4393.58,4394.36,1191.0,2026-09-07T12:30:00+02:00
XAUUSD,5m,2026-09-07T10:35:00+00:00,4394.36,4394.38,4391.93,4393.55,1503.0,2026-09-07T12:35:00+02:00
XAUUSD,5m,2026-09-07T10:40:00+00:00,4393.55,4399.2,4393.41,4398.46,1356.0,2026-09-07T12:40:00+02:00
XAUUSD,5m,2026-09-07T10:45:00+00:00,4398.46,4398.73,4394.12,4394.48,1157.0,2026-09-07T12:45:00+02:00
XAUUSD,5m,2026-09-07T10:50:00+00:00,4394.48,4396.26,4391.68,4391.77,1644.0,2026-09-07T12:50:00+02:00
XAUUSD,5m,2026-09-07T10:55:00+00:00,4391.77,4392.84,4388.05,4391.66,3620.0,2026-09-07T12:55:00+02:00
XAUUSD,5m,2026-09-07T11:00:00+00:00,4391.66,4392.53,4388.89,4391.0,2490.0,2026-09-07T13:00:00+02:00
XAUUSD,5m,2026-09-07T11:05:00+00:00,4391.0,4393.72,4390.57,4391.13,1578.0,2026-09-07T13:05:00+02:00
XAUUSD,5m,2026-09-07T11:10:00+00:00,4391.13,4394.26,4390.16,4393.64,1343.0,2026-09-07T13:10:00+02:00
XAUUSD,5m,2026-09-07T11:15:00+00:00,4393.64,4394.11,4391.78,4392.37,1010.0,2026-09-07T13:15:00+02:00
XAUUSD,5m,2026-09-07T11:20:00+00:00,4392.37,4394.89,4388.24,4389.77,1458.0,2026-09-07T13:20:00+02:00
XAUUSD,5m,2026-09-07T11:25:00+00:00,4389.77,4390.89,4387.43,4389.51,1573.0,2026-09-07T13:25:00+02:00
XAUUSD,5m,2026-09-07T11:30:00+00:00,4389.51,4389.86,4381.04,4382.47,2951.0,2026-09-07T13:30:00+02:00
XAUUSD,5m,2026-09-07T11:35:00+00:00,4382.47,4389.07,4381.94,4388.47,2099.0,2026-09-07T13:35:00+02:00
XAUUSD,5m,2026-09-07T11:40:00+00:00,4388.47,4388.61,4386.22,4386.61,1385.0,2026-09-07T13:40:00+02:00
XAUUSD,5m,2026-09-07T11:45:00+00:00,4386.61,4392.03,4385.84,4390.85,1184.0,2026-09-07T13:45:00+02:00
XAUUSD,5m,2026-09-07T11:50:00+00:00,4390.85,4391.81,4386.41,4387.14,1169.0,2026-09-07T13:50:00+02:00
XAUUSD,5m,2026-09-07T11:55:00+00:00,4387.14,4388.14,4384.87,4385.13,1210.0,2026-09-07T13:55:00+02:00
XAUUSD,5m,2026-09-07T12:00:00+00:00,4385.13,4389.31,4385.13,4386.21,1527.0,2026-09-07T14:00:00+02:00
XAUUSD,5m,2026-09-07T12:05:00+00:00,4386.21,4391.52,4386.21,4390.49,1425.0,2026-09-07T14:05:00+02:00
XAUUSD,5m,2026-09-07T12:10:00+00:00,4390.49,4392.99,4389.9,4390.74,1301.0,2026-09-07T14:10:00+02:00
XAUUSD,5m,2026-09-07T12:15:00+00:00,4390.74,4392.81,4390.69,4392.11,1100.0,2026-09-07T14:15:00+02:00
XAUUSD,5m,2026-09-07T12:20:00+00:00,4392.11,4393.92,4390.3,4393.59,1671.0,2026-09-07T14:20:00+02:00
XAUUSD,5m,2026-09-07T12:25:00+00:00,4393.59,4395.35,4393.1,4395.31,1439.0,2026-09-07T14:25:00+02:00
XAUUSD,5m,2026-09-07T12:30:00+00:00,4395.31,4397.0,4394.07,4394.5,1576.0,2026-09-07T14:30:00+02:00
XAUUSD,5m,2026-09-07T12:35:00+00:00,4394.5,4395.74,4392.53,4395.18,1517.0,2026-09-07T14:35:00+02:00
XAUUSD,5m,2026-09-07T12:40:00+00:00,4395.18,4397.59,4395.17,4396.96,1444.0,2026-09-07T14:40:00+02:00
XAUUSD,5m,2026-09-07T12:45:00+00:00,4396.96,4397.67,4395.88,4396.94,1365.0,2026-09-07T14:45:00+02:00
XAUUSD,5m,2026-09-07T12:50:00+00:00,4396.94,4398.04,4394.24,4394.62,1406.0,2026-09-07T14:50:00+02:00
XAUUSD,5m,2026-09-07T12:55:00+00:00,4394.62,4396.99,4394.12,4396.67,1271.0,2026-09-07T14:55:00+02:00
XAUUSD,5m,2026-09-07T13:00:00+00:00,4396.67,4400.35,4395.32,4400.35,3900.0,2026-09-07T15:00:00+02:00
XAUUSD,5m,2026-09-07T13:05:00+00:00,4400.35,4402.62,4399.14,4402.5,2401.0,2026-09-07T15:05:00+02:00
XAUUSD,5m,2026-09-07T13:10:00+00:00,4402.5,4404.62,4400.92,4404.05,2416.0,2026-09-07T15:10:00+02:00
XAUUSD,5m,2026-09-07T13:15:00+00:00,4404.05,4404.09,4401.4,4401.99,2131.0,2026-09-07T15:15:00+02:00
XAUUSD,5m,2026-09-07T13:20:00+00:00,4401.99,4404.62,4401.99,4403.51,1649.0,2026-09-07T15:20:00+02:00
XAUUSD,5m,2026-09-07T13:25:00+00:00,4403.51,4404.97,4402.66,4403.81,1445.0,2026-09-07T15:25:00+02:00
XAUUSD,5m,2026-09-07T13:30:00+00:00,4403.81,4407.45,4403.13,4406.15,2031.0,2026-09-07T15:30:00+02:00
XAUUSD,5m,2026-09-07T13:35:00+00:00,4406.15,4406.62,4402.24,4403.1,1970.0,2026-09-07T15:35:00+02:00
XAUUSD,5m,2026-09-07T13:40:00+00:00,4403.1,4403.89,4401.61,4403.29,1736.0,2026-09-07T15:40:00+02:00
XAUUSD,5m,2026-09-07T13:45:00+00:00,4403.29,4407.8,4403.29,4403.5,2351.0,2026-09-07T15:45:00+02:00
XAUUSD,5m,2026-09-07T13:50:00+00:00,4403.5,4404.77,4402.39,4404.34,1559.0,2026-09-07T15:50:00+02:00
XAUUSD,5m,2026-09-07T13:55:00+00:00,4404.34,4404.62,4401.1,4402.49,1620.0,2026-09-07T15:55:00+02:00
XAUUSD,5m,2026-09-07T14:00:00+00:00,4402.49,4407.88,4400.98,4406.21,3102.0,2026-09-07T16:00:00+02:00
XAUUSD,5m,2026-09-07T14:05:00+00:00,4406.21,4408.4,4405.55,4407.96,1715.0,2026-09-07T16:05:00+02:00
XAUUSD,5m,2026-09-07T14:10:00+00:00,4407.96,4408.95,4406.61,4407.03,1437.0,2026-09-07T16:10:00+02:00
XAUUSD,5m,2026-09-07T14:15:00+00:00,4407.03,4409.12,4406.63,4407.61,1580.0,2026-09-07T16:15:00+02:00
XAUUSD,5m,2026-09-07T14:20:00+00:00,4407.61,4407.9,4405.02,4405.87,1500.0,2026-09-07T16:20:00+02:00
XAUUSD,5m,2026-09-07T14:25:00+00:00,4405.87,4408.74,4405.74,4406.83,1335.0,2026-09-07T16:25:00+02:00
XAUUSD,5m,2026-09-07T14:30:00+00:00,4406.83,4407.54,4405.36,4405.84,1529.0,2026-09-07T16:30:00+02:00
XAUUSD,5m,2026-09-07T14:35:00+00:00,4405.84,4407.78,4404.37,4405.56,1778.0,2026-09-07T16:35:00+02:00
XAUUSD,5m,2026-09-07T14:40:00+00:00,4405.56,4412.09,4405.19,4411.83,1936.0,2026-09-07T16:40:00+02:00
XAUUSD,5m,2026-09-07T14:45:00+00:00,4411.83,4419.37,4410.68,4413.86,2742.0,2026-09-07T16:45:00+02:00
XAUUSD,5m,2026-09-07T14:50:00+00:00,4413.86,4419.56,4412.12,4416.89,2543.0,2026-09-07T16:50:00+02:00
XAUUSD,5m,2026-09-07T14:55:00+00:00,4416.89,4417.39,4415.42,4415.89,2495.0,2026-09-07T16:55:00+02:00
XAUUSD,5m,2026-09-07T15:00:00+00:00,4415.89,4416.61,4411.93,4412.89,2665.0,2026-09-07T17:00:00+02:00
XAUUSD,5m,2026-09-07T15:05:00+00:00,4412.89,4413.3,4409.11,4412.94,2179.0,2026-09-07T17:05:00+02:00
XAUUSD,5m,2026-09-07T15:10:00+00:00,4412.94,4414.85,4411.38,4414.75,1671.0,2026-09-07T17:10:00+02:00
XAUUSD,5m,2026-09-07T15:15:00+00:00,4414.75,4414.97,4413.24,4414.5,1427.0,2026-09-07T17:15:00+02:00
XAUUSD,5m,2026-09-07T15:20:00+00:00,4414.5,4415.1,4413.07,4414.18,1318.0,2026-09-07T17:20:00+02:00
XAUUSD,5m,2026-09-07T15:25:00+00:00,4414.18,4414.51,4411.27,4412.67,1549.0,2026-09-07T17:25:00+02:00
XAUUSD,5m,2026-09-07T15:30:00+00:00,4412.67,4413.48,4410.93,4412.85,1265.0,2026-09-07T17:30:00+02:00
XAUUSD,5m,2026-09-07T15:35:00+00:00,4412.85,4413.92,4410.72,4410.94,1043.0,2026-09-07T17:35:00+02:00
XAUUSD,5m,2026-09-07T15:40:00+00:00,4410.94,4411.83,4408.7,4411.77,1029.0,2026-09-07T17:40:00+02:00
XAUUSD,5m,2026-09-07T15:45:00+00:00,4411.77,4412.94,4411.19,4412.13,959.0,2026-09-07T17:45:00+02:00
XAUUSD,5m,2026-09-07T15:50:00+00:00,4412.13,4413.36,4412.1,4413.27,631.0,2026-09-07T17:50:00+02:00
XAUUSD,5m,2026-09-07T15:55:00+00:00,4413.27,4415.08,4412.26,4414.41,975.0,2026-09-07T17:55:00+02:00
XAUUSD,5m,2026-09-07T16:00:00+00:00,4414.41,4414.93,4412.73,4413.95,771.0,2026-09-07T18:00:00+02:00
XAUUSD,5m,2026-09-07T16:05:00+00:00,4413.95,4415.61,4413.63,4415.54,669.0,2026-09-07T18:05:00+02:00
XAUUSD,5m,2026-09-07T16:10:00+00:00,4415.54,4417.18,4415.13,4415.18,809.0,2026-09-07T18:10:00+02:00
XAUUSD,5m,2026-09-07T16:15:00+00:00,4415.18,4415.84,4412.43,4413.35,793.0,2026-09-07T18:15:00+02:00
XAUUSD,5m,2026-09-07T16:20:00+00:00,4413.35,4414.05,4413.02,4413.31,529.0,2026-09-07T18:20:00+02:00
XAUUSD,5m,2026-09-07T16:25:00+00:00,4413.31,4414.31,4413.02,4413.41,508.0,2026-09-07T18:25:00+02:00
XAUUSD,5m,2026-09-07T16:30:00+00:00,4413.41,4413.81,4412.39,4412.52,596.0,2026-09-07T18:30:00+02:00
XAUUSD,5m,2026-09-07T16:35:00+00:00,4412.52,4413.3,4411.59,4412.13,752.0,2026-09-07T18:35:00+02:00
XAUUSD,5m,2026-09-07T16:40:00+00:00,4412.13,4414.01,4411.91,4413.95,662.0,2026-09-07T18:40:00+02:00
XAUUSD,5m,2026-09-07T16:45:00+00:00,4413.95,4414.4,4412.76,4413.26,543.0,2026-09-07T18:45:00+02:00
XAUUSD,5m,2026-09-07T16:50:00+00:00,4413.26,4414.28,4412.75,4413.07,444.0,2026-09-07T18:50:00+02:00
XAUUSD,5m,2026-09-07T16:55:00+00:00,4413.07,4414.27,4412.79,4414.26,648.0,2026-09-07T18:55:00+02:00
XAUUSD,5m,2026-09-07T17:00:00+00:00,4414.26,4414.92,4413.29,4413.52,242.0,2026-09-07T19:00:00+02:00
XAUUSD,5m,2026-09-07T17:05:00+00:00,4413.52,4414.45,4412.3,4412.86,491.0,2026-09-07T19:05:00+02:00
XAUUSD,5m,2026-09-07T17:10:00+00:00,4412.86,4412.86,4411.76,4411.87,413.0,2026-09-07T19:10:00+02:00
XAUUSD,5m,2026-09-07T17:15:00+00:00,4411.87,4413.56,4411.87,4413.13,391.0,2026-09-07T19:15:00+02:00
XAUUSD,5m,2026-09-07T17:20:00+00:00,4413.13,4413.13,4412.06,4412.59,499.0,2026-09-07T19:20:00+02:00
XAUUSD,5m,2026-09-07T17:25:00+00:00,4412.59,4412.71,4411.9,4412.11,283.0,2026-09-07T19:25:00+02:00
XAUUSD,5m,2026-09-07T17:30:00+00:00,4412.11,4412.43,4409.79,4409.95,596.0,2026-09-07T19:30:00+02:00
XAUUSD,5m,2026-09-07T17:35:00+00:00,4409.95,4410.68,4409.82,4410.11,351.0,2026-09-07T19:35:00+02:00
XAUUSD,5m,2026-09-07T17:40:00+00:00,4410.11,4410.81,4409.92,4410.7,244.0,2026-09-07T19:40:00+02:00
XAUUSD,5m,2026-09-07T17:45:00+00:00,4410.7,4410.7,4409.52,4410.3,385.0,2026-09-07T19:45:00+02:00
XAUUSD,5m,2026-09-07T17:50:00+00:00,4410.3,4410.78,4408.64,4409.15,368.0,2026-09-07T19:50:00+02:00
XAUUSD,5m,2026-09-07T17:55:00+00:00,4409.15,4409.15,4406.91,4406.95,784.0,2026-09-07T19:55:00+02:00
XAUUSD,5m,2026-09-07T18:00:00+00:00,4406.95,4408.49,4405.69,4406.98,753.0,2026-09-07T20:00:00+02:00
XAUUSD,5m,2026-09-07T18:05:00+00:00,4406.98,4409.0,4406.65,4407.73,271.0,2026-09-07T20:05:00+02:00
XAUUSD,5m,2026-09-07T18:10:00+00:00,4407.73,4408.8,4404.3,4404.72,683.0,2026-09-07T20:10:00+02:00
XAUUSD,5m,2026-09-07T18:15:00+00:00,4404.72,4405.13,4403.42,4404.74,572.0,2026-09-07T20:15:00+02:00
XAUUSD,5m,2026-09-07T18:20:00+00:00,4404.74,4406.19,4404.09,4405.38,325.0,2026-09-07T20:20:00+02:00
XAUUSD,5m,2026-09-07T18:25:00+00:00,4405.38,4406.53,4402.96,4406.06,869.0,2026-09-07T20:25:00+02:00
XAUUSD,5m,2026-09-07T18:30:00+00:00,4406.06,4406.68,4405.69,4406.66,77.0,2026-09-07T20:30:00+02:00
XAUUSD,5m,2026-09-07T18:35:00+00:00,4406.66,4406.68,4404.65,4404.65,242.0,2026-09-07T20:35:00+02:00
XAUUSD,5m,2026-09-07T18:40:00+00:00,4404.65,4404.66,4403.96,4404.07,125.0,2026-09-07T20:40:00+02:00
XAUUSD,5m,2026-09-07T18:45:00+00:00,4404.07,4404.25,4403.93,4404.19,44.0,2026-09-07T20:45:00+02:00
XAUUSD,5m,2026-09-07T18:50:00+00:00,4404.19,4404.38,4403.7,4404.31,69.0,2026-09-07T20:50:00+02:00
XAUUSD,5m,2026-09-07T18:55:00+00:00,4404.31,4404.32,4404.16,4404.17,8.0,2026-09-07T20:55:00+02:00
XAUUSD,5m,2026-09-07T19:00:00+00:00,4404.17,4404.31,4404.17,4404.23,9.0,2026-09-07T21:00:00+02:00
XAUUSD,5m,2026-09-07T19:05:00+00:00,4404.23,4404.23,4404.09,4404.21,7.0,2026-09-07T21:05:00+02:00
XAUUSD,5m,2026-09-07T19:10:00+00:00,4404.21,4404.21,4404.07,4404.07,1.0,2026-09-07T21:10:00+02:00
XAUUSD,5m,2026-09-07T19:15:00+00:00,4404.07,4404.09,4403.98,4404.09,2.0,2026-09-07T21:15:00+02:00
XAUUSD,5m,2026-09-07T19:20:00+00:00,4404.09,4404.26,4404.09,4404.25,15.0,2026-09-07T21:20:00+02:00
XAUUSD,5m,2026-09-07T19:25:00+00:00,4404.25,4404.25,4404.02,4404.22,5.0,2026-09-07T21:25:00+02:00
XAUUSD,5m,2026-09-07T19:30:00+00:00,4404.22,4404.25,4404.07,4404.07,5.0,2026-09-07T21:30:00+02:00
XAUUSD,5m,2026-09-07T19:35:00+00:00,4404.07,4404.38,4404.07,4404.23,16.0,2026-09-07T21:35:00+02:00
XAUUSD,5m,2026-09-07T19:40:00+00:00,4404.23,4404.26,4404.07,4404.11,5.0,2026-09-07T21:40:00+02:00
XAUUSD,5m,2026-09-07T19:45:00+00:00,4404.11,4404.28,4404.05,4404.13,10.0,2026-09-07T21:45:00+02:00
XAUUSD,5m,2026-09-07T19:50:00+00:00,4404.13,4404.13,4404.08,4404.08,2.0,2026-09-07T21:50:00+02:00
XAUUSD,5m,2026-09-07T19:55:00+00:00,4404.08,4404.43,4404.05,4404.36,20.0,2026-09-07T21:55:00+02:00
XAUUSD,5m,2026-09-07T20:00:00+00:00,4404.36,4404.47,4404.29,4404.32,26.0,2026-09-07T22:00:00+02:00
XAUUSD,5m,2026-09-07T20:05:00+00:00,4404.32,4404.45,4404.3,4404.31,9.0,2026-09-07T22:05:00+02:00
XAUUSD,5m,2026-09-07T20:10:00+00:00,4404.31,4404.44,4404.2,4404.35,19.0,2026-09-07T22:10:00+02:00
XAUUSD,5m,2026-09-07T20:15:00+00:00,4404.35,4404.35,4404.28,4404.28,1.0,2026-09-07T22:15:00+02:00
XAUUSD,5m,2026-09-07T20:20:00+00:00,4404.28,4404.4,4404.2,4404.34,15.0,2026-09-07T22:20:00+02:00
XAUUSD,5m,2026-09-07T20:25:00+00:00,4404.34,4404.34,4404.26,4404.28,10.0,2026-09-07T22:25:00+02:00
XAUUSD,5m,2026-09-07T20:30:00+00:00,4404.28,4404.29,4404.23,4404.23,5.0,2026-09-07T22:30:00+02:00
XAUUSD,5m,2026-09-07T20:35:00+00:00,4404.23,4404.3,4404.23,4404.29,5.0,2026-09-07T22:35:00+02:00
XAUUSD,5m,2026-09-07T20:40:00+00:00,4404.29,4404.45,4404.27,4404.45,14.0,2026-09-07T22:40:00+02:00
XAUUSD,5m,2026-09-07T20:45:00+00:00,4404.45,4405.1,4404.37,4405.1,60.0,2026-09-07T22:45:00+02:00
XAUUSD,5m,2026-09-07T20:50:00+00:00,4405.1,4405.29,4404.92,4405.12,57.0,2026-09-07T22:50:00+02:00
XAUUSD,5m,2026-09-07T20:55:00+00:00,4405.12,4406.13,4405.12,4406.13,24.0,2026-09-07T22:55:00+02:00
XAUUSD,5m,2026-09-07T22:00:00+00:00,4406.13,4414.04,4406.13,4412.21,1609.0,2026-09-08T00:00:00+02:00
XAUUSD,5m,2026-09-07T22:05:00+00:00,4412.21,4413.18,4411.36,4412.5,701.0,2026-09-08T00:05:00+02:00
XAUUSD,5m,2026-09-07T22:10:00+00:00,4412.5,4413.24,4412.2,4412.55,431.0,2026-09-08T00:10:00+02:00
XAUUSD,5m,2026-09-07T22:15:00+00:00,4412.55,4413.38,4412.31,4413.31,343.0,2026-09-08T00:15:00+02:00
XAUUSD,5m,2026-09-07T22:20:00+00:00,4413.31,4413.37,4411.05,4411.5,525.0,2026-09-08T00:20:00+02:00
XAUUSD,5m,2026-09-07T22:25:00+00:00,4411.5,4411.51,4409.62,4409.62,486.0,2026-09-08T00:25:00+02:00
XAUUSD,5m,2026-09-07T22:30:00+00:00,4409.62,4409.62,4408.54,4408.96,541.0,2026-09-08T00:30:00+02:00
XAUUSD,5m,2026-09-07T22:35:00+00:00,4408.96,4409.91,4408.35,4408.67,786.0,2026-09-08T00:35:00+02:00
XAUUSD,5m,2026-09-07T22:40:00+00:00,4408.67,4409.58,4407.73,4408.19,389.0,2026-09-08T00:40:00+02:00
XAUUSD,5m,2026-09-07T22:45:00+00:00,4408.19,4408.47,4406.12,4406.59,410.0,2026-09-08T00:45:00+02:00
XAUUSD,5m,2026-09-07T22:50:00+00:00,4406.59,4407.84,4406.5,4407.84,280.0,2026-09-08T00:50:00+02:00
XAUUSD,5m,2026-09-07T22:55:00+00:00,4407.84,4407.92,4407.09,4407.54,317.0,2026-09-08T00:55:00+02:00
XAUUSD,5m,2026-09-07T23:00:00+00:00,4407.54,4412.02,4407.15,4412.01,516.0,2026-09-08T01:00:00+02:00
XAUUSD,5m,2026-09-07T23:05:00+00:00,4412.01,4412.3,4410.27,4410.49,549.0,2026-09-08T01:05:00+02:00
XAUUSD,5m,2026-09-07T23:10:00+00:00,4410.49,4411.3,4409.91,4410.91,680.0,2026-09-08T01:10:00+02:00
XAUUSD,5m,2026-09-07T23:15:00+00:00,4410.91,4411.41,4407.79,4410.26,1306.0,2026-09-08T01:15:00+02:00
XAUUSD,5m,2026-09-07T23:20:00+00:00,4410.26,4412.65,4409.4,4410.04,948.0,2026-09-08T01:20:00+02:00
XAUUSD,5m,2026-09-07T23:25:00+00:00,4410.04,4412.55,4409.4,4410.75,885.0,2026-09-08T01:25:00+02:00
XAUUSD,5m,2026-09-07T23:30:00+00:00,4410.75,4417.83,4410.72,4417.54,1191.0,2026-09-08T01:30:00+02:00
XAUUSD,5m,2026-09-07T23:35:00+00:00,4417.54,4422.74,4417.29,4420.26,2881.0,2026-09-08T01:35:00+02:00
XAUUSD,5m,2026-09-07T23:40:00+00:00,4420.26,4427.79,4419.09,4427.25,2403.0,2026-09-08T01:40:00+02:00
XAUUSD,5m,2026-09-07T23:45:00+00:00,4427.25,4427.93,4423.02,4426.39,1811.0,2026-09-08T01:45:00+02:00
XAUUSD,5m,2026-09-07T23:50:00+00:00,4426.39,4426.92,4420.66,4421.28,1513.0,2026-09-08T01:50:00+02:00
XAUUSD,5m,2026-09-07T23:55:00+00:00,4421.28,4423.88,4419.97,4422.93,4004.0,2026-09-08T01:55:00+02:00
XAUUSD,5m,2026-09-08T00:00:00+00:00,4422.93,4424.51,4418.4,4419.3,7233.0,2026-09-08T02:00:00+02:00
XAUUSD,5m,2026-09-08T00:05:00+00:00,4419.3,4420.72,4417.15,4420.02,4754.0,2026-09-08T02:05:00+02:00
XAUUSD,5m,2026-09-08T00:10:00+00:00,4420.02,4420.07,4415.03,4417.18,4608.0,2026-09-08T02:10:00+02:00
XAUUSD,5m,2026-09-08T00:15:00+00:00,4417.18,4430.12,4415.88,4425.25,5432.0,2026-09-08T02:15:00+02:00
XAUUSD,5m,2026-09-08T00:20:00+00:00,4425.25,4430.14,4419.3,4421.43,4212.0,2026-09-08T02:20:00+02:00
XAUUSD,5m,2026-09-08T00:25:00+00:00,4421.43,4423.26,4417.92,4421.36,4182.0,2026-09-08T02:25:00+02:00
XAUUSD,5m,2026-09-08T00:30:00+00:00,4421.36,4426.18,4420.76,4425.3,4070.0,2026-09-08T02:30:00+02:00
XAUUSD,5m,2026-09-08T00:35:00+00:00,4425.3,4425.6,4421.05,4422.84,2932.0,2026-09-08T02:35:00+02:00
XAUUSD,5m,2026-09-08T00:40:00+00:00,4422.84,4426.26,4418.75,4421.53,3103.0,2026-09-08T02:40:00+02:00
XAUUSD,5m,2026-09-08T00:45:00+00:00,4421.53,4422.92,4417.01,4420.23,3187.0,2026-09-08T02:45:00+02:00
XAUUSD,5m,2026-09-08T00:50:00+00:00,4420.23,4421.47,4415.0,4421.33,5125.0,2026-09-08T02:50:00+02:00
XAUUSD,5m,2026-09-08T00:55:00+00:00,4421.33,4427.44,4420.64,4426.14,4483.0,2026-09-08T02:55:00+02:00
XAUUSD,5m,2026-09-08T01:00:00+00:00,4426.14,4428.68,4416.99,4419.22,11906.0,2026-09-08T03:00:00+02:00
XAUUSD,5m,2026-09-08T01:05:00+00:00,4419.22,4422.41,4417.82,4421.85,7146.0,2026-09-08T03:05:00+02:00
XAUUSD,5m,2026-09-08T01:10:00+00:00,4421.85,4431.41,4420.93,4428.47,5980.0,2026-09-08T03:10:00+02:00
XAUUSD,5m,2026-09-08T01:15:00+00:00,4428.47,4431.47,4426.9,4428.5,4529.0,2026-09-08T03:15:00+02:00
XAUUSD,5m,2026-09-08T01:20:00+00:00,4428.5,4435.5,4428.03,4433.73,3918.0,2026-09-08T03:20:00+02:00
XAUUSD,5m,2026-09-08T01:25:00+00:00,4433.73,4436.13,4432.25,4434.32,2878.0,2026-09-08T03:25:00+02:00
XAUUSD,5m,2026-09-08T01:30:00+00:00,4434.32,4437.07,4431.66,4431.92,4411.0,2026-09-08T03:30:00+02:00
XAUUSD,5m,2026-09-08T01:35:00+00:00,4431.92,4433.06,4430.73,4432.64,4179.0,2026-09-08T03:35:00+02:00
XAUUSD,5m,2026-09-08T01:40:00+00:00,4432.64,4435.47,4432.2,4433.32,4834.0,2026-09-08T03:40:00+02:00
XAUUSD,5m,2026-09-08T01:45:00+00:00,4433.32,4440.57,4433.32,4440.54,4120.0,2026-09-08T03:45:00+02:00
XAUUSD,5m,2026-09-08T01:50:00+00:00,4440.54,4440.61,4435.93,4438.31,3382.0,2026-09-08T03:50:00+02:00
XAUUSD,5m,2026-09-08T01:55:00+00:00,4438.31,4439.63,4436.2,4436.96,3085.0,2026-09-08T03:55:00+02:00
XAUUSD,5m,2026-09-08T02:00:00+00:00,4436.96,4438.57,4432.09,4433.79,3052.0,2026-09-08T04:00:00+02:00
XAUUSD,5m,2026-09-08T02:05:00+00:00,4433.79,4434.25,4428.46,4428.49,2678.0,2026-09-08T04:05:00+02:00
XAUUSD,5m,2026-09-08T02:10:00+00:00,4428.49,4430.51,4426.2,4428.27,3167.0,2026-09-08T04:10:00+02:00
XAUUSD,5m,2026-09-08T02:15:00+00:00,4428.27,4428.27,4425.6,4426.47,2226.0,2026-09-08T04:15:00+02:00
XAUUSD,5m,2026-09-08T02:20:00+00:00,4426.47,4429.72,4425.14,4428.53,2222.0,2026-09-08T04:20:00+02:00
XAUUSD,5m,2026-09-08T02:25:00+00:00,4428.53,4428.95,4424.43,4424.98,2356.0,2026-09-08T04:25:00+02:00
XAUUSD,5m,2026-09-08T02:30:00+00:00,4424.98,4426.24,4422.97,4424.48,3635.0,2026-09-08T04:30:00+02:00
XAUUSD,5m,2026-09-08T02:35:00+00:00,4424.48,4424.75,4421.32,4423.74,2825.0,2026-09-08T04:35:00+02:00
XAUUSD,5m,2026-09-08T02:40:00+00:00,4423.74,4426.93,4422.53,4426.7,2669.0,2026-09-08T04:40:00+02:00
XAUUSD,5m,2026-09-08T02:45:00+00:00,4426.7,4427.97,4422.7,4423.44,2710.0,2026-09-08T04:45:00+02:00
XAUUSD,5m,2026-09-08T02:50:00+00:00,4423.44,4425.75,4421.03,4422.88,2580.0,2026-09-08T04:50:00+02:00
XAUUSD,5m,2026-09-08T02:55:00+00:00,4422.88,4424.89,4422.21,4424.26,2178.0,2026-09-08T04:55:00+02:00
XAUUSD,5m,2026-09-08T03:00:00+00:00,4424.26,4425.4,4422.66,4425.32,2085.0,2026-09-08T05:00:00+02:00
XAUUSD,5m,2026-09-08T03:05:00+00:00,4425.32,4430.49,4424.81,4430.02,2188.0,2026-09-08T05:05:00+02:00
XAUUSD,5m,2026-09-08T03:10:00+00:00,4430.02,4431.76,4428.47,4429.57,2056.0,2026-09-08T05:10:00+02:00
XAUUSD,5m,2026-09-08T03:15:00+00:00,4429.57,4435.87,4428.7,4435.07,1772.0,2026-09-08T05:15:00+02:00
XAUUSD,5m,2026-09-08T03:20:00+00:00,4435.07,4439.16,4434.68,4436.77,2389.0,2026-09-08T05:20:00+02:00
XAUUSD,5m,2026-09-08T03:25:00+00:00,4436.77,4437.68,4430.78,4432.1,2629.0,2026-09-08T05:25:00+02:00
XAUUSD,5m,2026-09-08T03:30:00+00:00,4432.1,4434.95,4430.89,4431.71,1665.0,2026-09-08T05:30:00+02:00
XAUUSD,5m,2026-09-08T03:35:00+00:00,4431.71,4432.14,4430.42,4430.95,1107.0,2026-09-08T05:35:00+02:00
XAUUSD,5m,2026-09-08T03:40:00+00:00,4430.95,4433.1,4430.81,4432.62,1070.0,2026-09-08T05:40:00+02:00
XAUUSD,5m,2026-09-08T03:45:00+00:00,4432.62,4437.54,4432.4,4436.62,1533.0,2026-09-08T05:45:00+02:00
XAUUSD,5m,2026-09-08T03:50:00+00:00,4436.62,4437.47,4434.83,4436.71,1233.0,2026-09-08T05:50:00+02:00
XAUUSD,5m,2026-09-08T03:55:00+00:00,4436.71,4438.85,4435.9,4437.66,1521.0,2026-09-08T05:55:00+02:00
XAUUSD,5m,2026-09-08T04:00:00+00:00,4437.66,4442.07,4437.66,4441.61,2068.0,2026-09-08T06:00:00+02:00
XAUUSD,5m,2026-09-08T04:05:00+00:00,4441.61,4442.9,4439.13,4440.46,1995.0,2026-09-08T06:05:00+02:00
XAUUSD,5m,2026-09-08T04:10:00+00:00,4440.46,4442.73,4439.07,4439.22,1670.0,2026-09-08T06:10:00+02:00
XAUUSD,5m,2026-09-08T04:15:00+00:00,4439.22,4440.62,4437.86,4438.75,1790.0,2026-09-08T06:15:00+02:00
XAUUSD,5m,2026-09-08T04:20:00+00:00,4438.75,4438.83,4432.77,4433.43,1639.0,2026-09-08T06:20:00+02:00
XAUUSD,5m,2026-09-08T04:25:00+00:00,4433.43,4433.98,4431.53,4432.56,1388.0,2026-09-08T06:25:00+02:00
XAUUSD,5m,2026-09-08T04:30:00+00:00,4432.56,4434.53,4432.16,4433.67,1293.0,2026-09-08T06:30:00+02:00
XAUUSD,5m,2026-09-08T04:35:00+00:00,4433.67,4434.79,4433.05,4434.26,1275.0,2026-09-08T06:35:00+02:00
XAUUSD,5m,2026-09-08T04:40:00+00:00,4434.26,4436.57,4434.16,4436.46,1072.0,2026-09-08T06:40:00+02:00
XAUUSD,5m,2026-09-08T04:45:00+00:00,4436.46,4436.72,4434.46,4434.64,887.0,2026-09-08T06:45:00+02:00
XAUUSD,5m,2026-09-08T04:50:00+00:00,4434.64,4435.89,4434.24,4434.96,1004.0,2026-09-08T06:50:00+02:00
XAUUSD,5m,2026-09-08T04:55:00+00:00,4434.96,4439.85,4434.01,4435.82,1649.0,2026-09-08T06:55:00+02:00
XAUUSD,5m,2026-09-08T05:00:00+00:00,4435.82,4437.63,4434.28,4434.29,1329.0,2026-09-08T07:00:00+02:00
XAUUSD,5m,2026-09-08T05:05:00+00:00,4434.29,4434.49,4429.98,4430.98,2079.0,2026-09-08T07:05:00+02:00
XAUUSD,5m,2026-09-08T05:10:00+00:00,4430.98,4431.37,4427.03,4427.32,2698.0,2026-09-08T07:10:00+02:00
XAUUSD,5m,2026-09-08T05:15:00+00:00,4427.32,4429.44,4426.18,4429.22,1868.0,2026-09-08T07:15:00+02:00
XAUUSD,5m,2026-09-08T05:20:00+00:00,4429.22,4431.5,4424.8,4424.8,2555.0,2026-09-08T07:20:00+02:00
XAUUSD,5m,2026-09-08T05:25:00+00:00,4424.8,4425.42,4420.17,4420.51,2544.0,2026-09-08T07:25:00+02:00
XAUUSD,5m,2026-09-08T05:30:00+00:00,4420.51,4425.55,4418.0,4422.93,5432.0,2026-09-08T07:30:00+02:00
XAUUSD,5m,2026-09-08T05:35:00+00:00,4422.93,4426.98,4421.54,4426.86,3337.0,2026-09-08T07:35:00+02:00
XAUUSD,5m,2026-09-08T05:40:00+00:00,4426.86,4426.99,4424.9,4425.72,2356.0,2026-09-08T07:40:00+02:00
XAUUSD,5m,2026-09-08T05:45:00+00:00,4425.72,4428.79,4423.28,4425.03,2789.0,2026-09-08T07:45:00+02:00
XAUUSD,5m,2026-09-08T05:50:00+00:00,4425.03,4425.07,4419.2,4419.49,3038.0,2026-09-08T07:50:00+02:00
XAUUSD,5m,2026-09-08T05:55:00+00:00,4419.49,4420.94,4417.29,4419.6,3093.0,2026-09-08T07:55:00+02:00
XAUUSD,5m,2026-09-08T06:00:00+00:00,4419.6,4420.2,4412.8,4415.28,4689.0,2026-09-08T08:00:00+02:00
XAUUSD,5m,2026-09-08T06:05:00+00:00,4415.28,4415.62,4410.84,4413.36,4456.0,2026-09-08T08:05:00+02:00
XAUUSD,5m,2026-09-08T06:10:00+00:00,4413.36,4413.57,4408.56,4411.52,3623.0,2026-09-08T08:10:00+02:00
XAUUSD,5m,2026-09-08T06:15:00+00:00,4411.52,4411.52,4401.52,4401.56,4061.0,2026-09-08T08:15:00+02:00
XAUUSD,5m,2026-09-08T06:20:00+00:00,4401.56,4406.1,4401.1,4403.47,5097.0,2026-09-08T08:20:00+02:00
XAUUSD,5m,2026-09-08T06:25:00+00:00,4403.47,4404.06,4398.97,4400.17,4727.0,2026-09-08T08:25:00+02:00
XAUUSD,5m,2026-09-08T06:30:00+00:00,4400.17,4402.92,4398.37,4402.28,4169.0,2026-09-08T08:30:00+02:00
XAUUSD,5m,2026-09-08T06:35:00+00:00,4402.28,4403.96,4398.07,4403.91,4003.0,2026-09-08T08:35:00+02:00
XAUUSD,5m,2026-09-08T06:40:00+00:00,4403.91,4408.62,4403.88,4407.15,2427.0,2026-09-08T08:40:00+02:00
XAUUSD,5m,2026-09-08T06:45:00+00:00,4407.15,4408.32,4405.9,4407.97,2403.0,2026-09-08T08:45:00+02:00
XAUUSD,5m,2026-09-08T06:50:00+00:00,4407.97,4409.28,4403.69,4405.06,2302.0,2026-09-08T08:50:00+02:00
XAUUSD,5m,2026-09-08T06:55:00+00:00,4405.06,4405.36,4403.18,4403.68,2552.0,2026-09-08T08:55:00+02:00
XAUUSD,5m,2026-09-08T07:00:00+00:00,4403.68,4408.41,4402.3,4407.86,2887.0,2026-09-08T09:00:00+02:00
XAUUSD,5m,2026-09-08T07:05:00+00:00,4407.86,4409.41,4406.28,4406.91,2516.0,2026-09-08T09:05:00+02:00
XAUUSD,5m,2026-09-08T07:10:00+00:00,4406.91,4407.43,4402.39,4402.79,2951.0,2026-09-08T09:10:00+02:00
XAUUSD,5m,2026-09-08T07:15:00+00:00,4402.79,4403.5,4400.86,4403.5,2160.0,2026-09-08T09:15:00+02:00
XAUUSD,5m,2026-09-08T07:20:00+00:00,4403.5,4404.04,4400.15,4402.06,2260.0,2026-09-08T09:20:00+02:00
XAUUSD,5m,2026-09-08T07:25:00+00:00,4402.06,4404.21,4400.63,4401.58,2527.0,2026-09-08T09:25:00+02:00
XAUUSD,5m,2026-09-08T07:30:00+00:00,4401.58,4405.33,4397.86,4398.04,3087.0,2026-09-08T09:30:00+02:00
XAUUSD,5m,2026-09-08T07:35:00+00:00,4398.04,4399.11,4391.84,4393.71,3789.0,2026-09-08T09:35:00+02:00
XAUUSD,5m,2026-09-08T07:40:00+00:00,4393.71,4397.38,4391.15,4395.57,3140.0,2026-09-08T09:40:00+02:00
XAUUSD,5m,2026-09-08T07:45:00+00:00,4395.57,4397.25,4393.32,4393.39,2190.0,2026-09-08T09:45:00+02:00
XAUUSD,5m,2026-09-08T07:50:00+00:00,4393.39,4393.48,4390.34,4391.37,2522.0,2026-09-08T09:50:00+02:00
XAUUSD,5m,2026-09-08T07:55:00+00:00,4391.37,4394.03,4390.03,4392.34,2041.0,2026-09-08T09:55:00+02:00
XAUUSD,5m,2026-09-08T08:00:00+00:00,4392.34,4392.82,4388.85,4391.44,4544.0,2026-09-08T10:00:00+02:00
XAUUSD,5m,2026-09-08T08:05:00+00:00,4391.44,4395.8,4387.9,4388.14,4294.0,2026-09-08T10:05:00+02:00
XAUUSD,5m,2026-09-08T08:10:00+00:00,4388.14,4392.82,4387.84,4390.4,3040.0,2026-09-08T10:10:00+02:00
XAUUSD,5m,2026-09-08T08:15:00+00:00,4390.4,4393.97,4389.96,4393.57,2259.0,2026-09-08T10:15:00+02:00
XAUUSD,5m,2026-09-08T08:20:00+00:00,4393.57,4394.44,4389.41,4394.19,2484.0,2026-09-08T10:20:00+02:00
XAUUSD,5m,2026-09-08T08:25:00+00:00,4394.19,4396.45,4394.19,4394.61,2930.0,2026-09-08T10:25:00+02:00
XAUUSD,5m,2026-09-08T08:30:00+00:00,4394.61,4398.29,4393.07,4398.25,3446.0,2026-09-08T10:30:00+02:00
XAUUSD,5m,2026-09-08T08:35:00+00:00,4398.25,4398.54,4393.86,4395.95,2140.0,2026-09-08T10:35:00+02:00
XAUUSD,5m,2026-09-08T08:40:00+00:00,4395.95,4395.97,4391.81,4392.76,2400.0,2026-09-08T10:40:00+02:00
XAUUSD,5m,2026-09-08T08:45:00+00:00,4392.76,4398.26,4390.88,4393.79,4363.0,2026-09-08T10:45:00+02:00
XAUUSD,5m,2026-09-08T08:50:00+00:00,4393.79,4395.0,4391.61,4392.81,2203.0,2026-09-08T10:50:00+02:00
XAUUSD,5m,2026-09-08T08:55:00+00:00,4392.81,4394.53,4391.63,4394.02,2355.0,2026-09-08T10:55:00+02:00
XAUUSD,5m,2026-09-08T09:00:00+00:00,4394.02,4395.96,4391.19,4395.86,2621.0,2026-09-08T11:00:00+02:00
XAUUSD,5m,2026-09-08T09:05:00+00:00,4395.86,4398.07,4394.61,4395.17,2108.0,2026-09-08T11:05:00+02:00
XAUUSD,5m,2026-09-08T09:10:00+00:00,4395.17,4397.91,4395.11,4397.37,1748.0,2026-09-08T11:10:00+02:00
XAUUSD,5m,2026-09-08T09:15:00+00:00,4397.37,4399.35,4396.66,4396.77,1679.0,2026-09-08T11:15:00+02:00
XAUUSD,5m,2026-09-08T09:20:00+00:00,4396.77,4397.03,4393.68,4394.7,1858.0,2026-09-08T11:20:00+02:00
XAUUSD,5m,2026-09-08T09:25:00+00:00,4394.7,4396.48,4392.39,4393.04,2318.0,2026-09-08T11:25:00+02:00
XAUUSD,5m,2026-09-08T09:30:00+00:00,4393.04,4397.61,4390.78,4395.72,2602.0,2026-09-08T11:30:00+02:00
XAUUSD,5m,2026-09-08T09:35:00+00:00,4395.72,4397.38,4395.26,4397.18,1668.0,2026-09-08T11:35:00+02:00
XAUUSD,5m,2026-09-08T09:40:00+00:00,4397.18,4403.75,4397.08,4401.37,4392.0,2026-09-08T11:40:00+02:00
XAUUSD,5m,2026-09-08T09:45:00+00:00,4401.37,4403.11,4400.98,4403.01,2131.0,2026-09-08T11:45:00+02:00
XAUUSD,5m,2026-09-08T09:50:00+00:00,4403.01,4405.68,4402.96,4404.47,1672.0,2026-09-08T11:50:00+02:00
XAUUSD,5m,2026-09-08T09:55:00+00:00,4404.47,4405.2,4402.72,4402.84,1597.0,2026-09-08T11:55:00+02:00
XAUUSD,5m,2026-09-08T10:00:00+00:00,4402.84,4402.86,4398.3,4398.35,2197.0,2026-09-08T12:00:00+02:00
XAUUSD,5m,2026-09-08T10:05:00+00:00,4398.35,4398.77,4396.12,4396.46,1875.0,2026-09-08T12:05:00+02:00
XAUUSD,5m,2026-09-08T10:10:00+00:00,4396.46,4396.75,4393.65,4396.3,1949.0,2026-09-08T12:10:00+02:00
XAUUSD,5m,2026-09-08T10:15:00+00:00,4396.3,4398.57,4395.97,4398.31,1420.0,2026-09-08T12:15:00+02:00
XAUUSD,5m,2026-09-08T10:20:00+00:00,4398.31,4406.87,4397.25,4400.48,5738.0,2026-09-08T12:20:00+02:00
XAUUSD,5m,2026-09-08T10:25:00+00:00,4400.48,4401.13,4398.43,4399.38,1830.0,2026-09-08T12:25:00+02:00
XAUUSD,5m,2026-09-08T10:30:00+00:00,4399.38,4399.49,4396.87,4396.9,1599.0,2026-09-08T12:30:00+02:00
XAUUSD,5m,2026-09-08T10:35:00+00:00,4396.9,4397.37,4393.91,4394.85,1360.0,2026-09-08T12:35:00+02:00
XAUUSD,5m,2026-09-08T10:40:00+00:00,4394.85,4398.24,4393.85,4397.0,1721.0,2026-09-08T12:40:00+02:00
XAUUSD,5m,2026-09-08T10:45:00+00:00,4397.0,4400.37,4396.75,4398.94,1353.0,2026-09-08T12:45:00+02:00
XAUUSD,5m,2026-09-08T10:50:00+00:00,4398.94,4400.09,4396.6,4398.78,1583.0,2026-09-08T12:50:00+02:00
XAUUSD,5m,2026-09-08T10:55:00+00:00,4398.78,4399.78,4395.19,4395.21,1773.0,2026-09-08T12:55:00+02:00
XAUUSD,5m,2026-09-08T11:00:00+00:00,4395.21,4397.35,4394.81,4395.96,2090.0,2026-09-08T13:00:00+02:00
XAUUSD,5m,2026-09-08T11:05:00+00:00,4395.96,4399.54,4392.86,4396.48,2862.0,2026-09-08T13:05:00+02:00
XAUUSD,5m,2026-09-08T11:10:00+00:00,4396.48,4397.01,4391.07,4395.07,2256.0,2026-09-08T13:10:00+02:00
XAUUSD,5m,2026-09-08T11:15:00+00:00,4395.07,4401.61,4394.87,4401.56,2372.0,2026-09-08T13:15:00+02:00
XAUUSD,5m,2026-09-08T11:20:00+00:00,4401.56,4401.62,4398.32,4401.01,1610.0,2026-09-08T13:20:00+02:00
XAUUSD,5m,2026-09-08T11:25:00+00:00,4401.01,4402.96,4400.29,4402.05,1516.0,2026-09-08T13:25:00+02:00
XAUUSD,5m,2026-09-08T11:30:00+00:00,4402.05,4404.84,4400.48,4404.67,1839.0,2026-09-08T13:30:00+02:00
XAUUSD,5m,2026-09-08T11:35:00+00:00,4404.67,4407.89,4404.16,4404.8,2501.0,2026-09-08T13:35:00+02:00
XAUUSD,5m,2026-09-08T11:40:00+00:00,4404.8,4406.88,4403.33,4403.45,2084.0,2026-09-08T13:40:00+02:00
XAUUSD,5m,2026-09-08T11:45:00+00:00,4403.45,4404.25,4399.22,4399.77,2089.0,2026-09-08T13:45:00+02:00
XAUUSD,5m,2026-09-08T11:50:00+00:00,4399.77,4402.59,4397.64,4400.35,2198.0,2026-09-08T13:50:00+02:00
XAUUSD,5m,2026-09-08T11:55:00+00:00,4400.35,4406.66,4400.13,4406.32,1947.0,2026-09-08T13:55:00+02:00
XAUUSD,5m,2026-09-08T12:00:00+00:00,4406.32,4406.7,4402.33,4402.73,3019.0,2026-09-08T14:00:00+02:00
XAUUSD,5m,2026-09-08T12:05:00+00:00,4402.73,4404.26,4401.66,4403.87,2653.0,2026-09-08T14:05:00+02:00
XAUUSD,5m,2026-09-08T12:10:00+00:00,4403.87,4404.07,4390.4,4391.88,5128.0,2026-09-08T14:10:00+02:00
XAUUSD,5m,2026-09-08T12:15:00+00:00,4391.88,4391.98,4385.34,4391.52,5707.0,2026-09-08T14:15:00+02:00
XAUUSD,5m,2026-09-08T12:20:00+00:00,4391.52,4396.53,4387.33,4395.08,5052.0,2026-09-08T14:20:00+02:00
XAUUSD,5m,2026-09-08T12:25:00+00:00,4395.08,4401.83,4394.17,4401.83,3675.0,2026-09-08T14:25:00+02:00
XAUUSD,5m,2026-09-08T12:30:00+00:00,4401.83,4408.12,4400.63,4405.09,4924.0,2026-09-08T14:30:00+02:00
XAUUSD,5m,2026-09-08T12:35:00+00:00,4405.09,4405.59,4398.28,4401.21,3468.0,2026-09-08T14:35:00+02:00
XAUUSD,5m,2026-09-08T12:40:00+00:00,4401.21,4401.8,4395.22,4396.44,3266.0,2026-09-08T14:40:00+02:00
XAUUSD,5m,2026-09-08T12:45:00+00:00,4396.44,4402.34,4395.6,4402.16,3236.0,2026-09-08T14:45:00+02:00
XAUUSD,5m,2026-09-08T12:50:00+00:00,4402.16,4403.56,4400.59,4403.38,2885.0,2026-09-08T14:50:00+02:00
XAUUSD,5m,2026-09-08T12:55:00+00:00,4403.38,4411.63,4402.86,4411.39,3550.0,2026-09-08T14:55:00+02:00
XAUUSD,5m,2026-09-08T13:00:00+00:00,4411.39,4413.09,4402.49,4406.2,8095.0,2026-09-08T15:00:00+02:00
XAUUSD,5m,2026-09-08T13:05:00+00:00,4406.2,4407.04,4402.41,4404.53,5168.0,2026-09-08T15:05:00+02:00
XAUUSD,5m,2026-09-08T13:10:00+00:00,4404.53,4408.66,4403.75,4408.42,4303.0,2026-09-08T15:10:00+02:00
XAUUSD,5m,2026-09-08T13:15:00+00:00,4408.42,4410.72,4405.51,4407.94,3723.0,2026-09-08T15:15:00+02:00
XAUUSD,5m,2026-09-08T13:20:00+00:00,4407.94,4408.83,4403.06,4403.23,3737.0,2026-09-08T15:20:00+02:00
XAUUSD,5m,2026-09-08T13:25:00+00:00,4403.23,4404.19,4398.96,4400.16,4105.0,2026-09-08T15:25:00+02:00
XAUUSD,5m,2026-09-08T13:30:00+00:00,4400.16,4405.74,4397.94,4398.14,9860.0,2026-09-08T15:30:00+02:00
XAUUSD,5m,2026-09-08T13:35:00+00:00,4398.14,4402.9,4395.93,4399.92,10116.0,2026-09-08T15:35:00+02:00
XAUUSD,5m,2026-09-08T13:40:00+00:00,4399.92,4399.92,4390.41,4396.69,8763.0,2026-09-08T15:40:00+02:00
XAUUSD,5m,2026-09-08T13:45:00+00:00,4396.69,4402.87,4394.28,4402.77,8457.0,2026-09-08T15:45:00+02:00
XAUUSD,5m,2026-09-08T13:50:00+00:00,4402.77,4404.32,4397.26,4404.25,7397.0,2026-09-08T15:50:00+02:00
XAUUSD,5m,2026-09-08T13:55:00+00:00,4404.25,4407.4,4395.29,4395.67,6778.0,2026-09-08T15:55:00+02:00
XAUUSD,5m,2026-09-08T14:00:00+00:00,4395.67,4401.95,4394.43,4401.89,9142.0,2026-09-08T16:00:00+02:00
XAUUSD,5m,2026-09-08T14:05:00+00:00,4401.89,4402.69,4397.75,4398.96,8124.0,2026-09-08T16:05:00+02:00
XAUUSD,5m,2026-09-08T14:10:00+00:00,4398.96,4399.04,4391.35,4394.42,7796.0,2026-09-08T16:10:00+02:00
XAUUSD,5m,2026-09-08T14:15:00+00:00,4394.42,4400.32,4393.99,4399.68,5722.0,2026-09-08T16:15:00+02:00
XAUUSD,5m,2026-09-08T14:20:00+00:00,4399.68,4402.0,4395.56,4401.65,5632.0,2026-09-08T16:20:00+02:00
XAUUSD,5m,2026-09-08T14:25:00+00:00,4401.65,4403.77,4396.07,4396.69,5983.0,2026-09-08T16:25:00+02:00
XAUUSD,5m,2026-09-08T14:30:00+00:00,4396.69,4399.44,4394.83,4398.37,5603.0,2026-09-08T16:30:00+02:00
XAUUSD,5m,2026-09-08T14:35:00+00:00,4398.37,4400.72,4395.1,4395.76,6409.0,2026-09-08T16:35:00+02:00
XAUUSD,5m,2026-09-08T14:40:00+00:00,4395.76,4397.71,4392.66,4397.35,4697.0,2026-09-08T16:40:00+02:00
XAUUSD,5m,2026-09-08T14:45:00+00:00,4397.35,4399.1,4391.86,4393.4,4016.0,2026-09-08T16:45:00+02:00
XAUUSD,5m,2026-09-08T14:50:00+00:00,4393.4,4395.72,4389.06,4393.7,5177.0,2026-09-08T16:50:00+02:00
XAUUSD,5m,2026-09-08T14:55:00+00:00,4393.7,4398.71,4392.13,4398.65,3976.0,2026-09-08T16:55:00+02:00
XAUUSD,5m,2026-09-08T15:00:00+00:00,4398.65,4406.86,4397.47,4403.28,5178.0,2026-09-08T17:00:00+02:00
XAUUSD,5m,2026-09-08T15:05:00+00:00,4403.28,4404.02,4400.44,4403.6,3942.0,2026-09-08T17:05:00+02:00
XAUUSD,5m,2026-09-08T15:10:00+00:00,4403.6,4408.14,4403.59,4404.65,3677.0,2026-09-08T17:10:00+02:00
XAUUSD,5m,2026-09-08T15:15:00+00:00,4404.65,4409.26,4404.65,4405.58,3254.0,2026-09-08T17:15:00+02:00
XAUUSD,5m,2026-09-08T15:20:00+00:00,4405.58,4405.81,4396.29,4398.31,4912.0,2026-09-08T17:20:00+02:00
XAUUSD,5m,2026-09-08T15:25:00+00:00,4398.31,4404.44,4398.01,4398.93,5213.0,2026-09-08T17:25:00+02:00
XAUUSD,5m,2026-09-08T15:30:00+00:00,4398.93,4404.14,4398.93,4403.76,4015.0,2026-09-08T17:30:00+02:00
XAUUSD,5m,2026-09-08T15:35:00+00:00,4403.76,4404.07,4398.47,4399.66,3336.0,2026-09-08T17:35:00+02:00
XAUUSD,5m,2026-09-08T15:40:00+00:00,4399.66,4400.96,4397.26,4400.14,2773.0,2026-09-08T17:40:00+02:00
XAUUSD,5m,2026-09-08T15:45:00+00:00,4400.14,4400.46,4395.85,4396.94,2753.0,2026-09-08T17:45:00+02:00
XAUUSD,5m,2026-09-08T15:50:00+00:00,4396.94,4400.49,4396.14,4397.69,3313.0,2026-09-08T17:50:00+02:00
XAUUSD,5m,2026-09-08T15:55:00+00:00,4397.69,4399.04,4394.59,4394.6,2284.0,2026-09-08T17:55:00+02:00
XAUUSD,5m,2026-09-08T16:00:00+00:00,4394.6,4395.04,4391.2,4394.78,3976.0,2026-09-08T18:00:00+02:00
XAUUSD,5m,2026-09-08T16:05:00+00:00,4394.78,4394.78,4380.32,4381.0,4074.0,2026-09-08T18:05:00+02:00
XAUUSD,5m,2026-09-08T16:10:00+00:00,4381.0,4386.47,4380.68,4386.47,7158.0,2026-09-08T18:10:00+02:00
XAUUSD,5m,2026-09-08T16:15:00+00:00,4386.47,4387.47,4383.6,4385.32,3795.0,2026-09-08T18:15:00+02:00
XAUUSD,5m,2026-09-08T16:20:00+00:00,4385.32,4392.86,4385.24,4392.67,3140.0,2026-09-08T18:20:00+02:00
XAUUSD,5m,2026-09-08T16:25:00+00:00,4392.67,4395.52,4390.79,4394.08,3491.0,2026-09-08T18:25:00+02:00
XAUUSD,5m,2026-09-08T16:30:00+00:00,4394.08,4396.67,4393.0,4394.63,3333.0,2026-09-08T18:30:00+02:00
XAUUSD,5m,2026-09-08T16:35:00+00:00,4394.63,4396.3,4393.6,4394.55,2462.0,2026-09-08T18:35:00+02:00
XAUUSD,5m,2026-09-08T16:40:00+00:00,4394.55,4395.69,4393.47,4394.14,2508.0,2026-09-08T18:40:00+02:00
XAUUSD,5m,2026-09-08T16:45:00+00:00,4394.14,4394.51,4391.95,4393.69,2906.0,2026-09-08T18:45:00+02:00
XAUUSD,5m,2026-09-08T16:50:00+00:00,4393.69,4398.61,4392.63,4393.89,5140.0,2026-09-08T18:50:00+02:00
XAUUSD,5m,2026-09-08T16:55:00+00:00,4393.89,4395.37,4390.16,4393.57,3824.0,2026-09-08T18:55:00+02:00
XAUUSD,5m,2026-09-08T17:00:00+00:00,4393.57,4401.82,4393.57,4401.28,3386.0,2026-09-08T19:00:00+02:00
XAUUSD,5m,2026-09-08T17:05:00+00:00,4401.28,4403.73,4397.15,4397.64,4011.0,2026-09-08T19:05:00+02:00
XAUUSD,5m,2026-09-08T17:10:00+00:00,4397.64,4399.09,4394.51,4395.47,2408.0,2026-09-08T19:10:00+02:00
XAUUSD,5m,2026-09-08T17:15:00+00:00,4395.47,4397.34,4395.44,4396.58,2154.0,2026-09-08T19:15:00+02:00
XAUUSD,5m,2026-09-08T17:20:00+00:00,4396.58,4396.63,4392.91,4394.2,2477.0,2026-09-08T19:20:00+02:00
XAUUSD,5m,2026-09-08T17:25:00+00:00,4394.2,4394.97,4391.9,4394.01,2688.0,2026-09-08T19:25:00+02:00
XAUUSD,5m,2026-09-08T17:30:00+00:00,4394.01,4395.06,4391.35,4391.35,2148.0,2026-09-08T19:30:00+02:00
XAUUSD,5m,2026-09-08T17:35:00+00:00,4391.35,4392.81,4389.33,4389.41,2507.0,2026-09-08T19:35:00+02:00
XAUUSD,5m,2026-09-08T17:40:00+00:00,4389.41,4389.58,4385.36,4385.36,2545.0,2026-09-08T19:40:00+02:00
XAUUSD,5m,2026-09-08T17:45:00+00:00,4385.36,4387.85,4385.18,4387.12,2392.0,2026-09-08T19:45:00+02:00
XAUUSD,5m,2026-09-08T17:50:00+00:00,4387.12,4389.41,4386.81,4388.83,2013.0,2026-09-08T19:50:00+02:00
XAUUSD,5m,2026-09-08T17:55:00+00:00,4388.83,4390.32,4387.63,4389.93,1961.0,2026-09-08T19:55:00+02:00
XAUUSD,5m,2026-09-08T18:00:00+00:00,4389.93,4390.29,4387.03,4387.06,2977.0,2026-09-08T20:00:00+02:00
XAUUSD,5m,2026-09-08T18:05:00+00:00,4387.06,4388.3,4384.73,4384.76,2850.0,2026-09-08T20:05:00+02:00
XAUUSD,5m,2026-09-08T18:10:00+00:00,4384.76,4387.49,4383.99,4387.38,2459.0,2026-09-08T20:10:00+02:00
XAUUSD,5m,2026-09-08T18:15:00+00:00,4387.38,4387.51,4384.33,4385.67,3274.0,2026-09-08T20:15:00+02:00
XAUUSD,5m,2026-09-08T18:20:00+00:00,4385.67,4386.8,4384.55,4385.49,2876.0,2026-09-08T20:20:00+02:00
XAUUSD,5m,2026-09-08T18:25:00+00:00,4385.49,4386.13,4384.21,4385.49,2816.0,2026-09-08T20:25:00+02:00
XAUUSD,5m,2026-09-08T18:30:00+00:00,4385.49,4385.67,4381.36,4384.13,2550.0,2026-09-08T20:30:00+02:00
XAUUSD,5m,2026-09-08T18:35:00+00:00,4384.13,4384.88,4382.62,4384.13,2523.0,2026-09-08T20:35:00+02:00
XAUUSD,5m,2026-09-08T18:40:00+00:00,4384.13,4385.65,4383.32,4385.51,2074.0,2026-09-08T20:40:00+02:00
XAUUSD,5m,2026-09-08T18:45:00+00:00,4385.51,4386.54,4362.34,4363.86,11466.0,2026-09-08T20:45:00+02:00
XAUUSD,5m,2026-09-08T18:50:00+00:00,4363.86,4376.03,4358.2,4375.73,12597.0,2026-09-08T20:50:00+02:00
XAUUSD,5m,2026-09-08T18:55:00+00:00,4375.73,4378.08,4372.42,4375.46,8797.0,2026-09-08T20:55:00+02:00
XAUUSD,5m,2026-09-08T19:00:00+00:00,4375.46,4377.17,4370.93,4374.6,7221.0,2026-09-08T21:00:00+02:00
XAUUSD,5m,2026-09-08T19:05:00+00:00,4374.6,4375.38,4369.19,4371.33,4688.0,2026-09-08T21:05:00+02:00
XAUUSD,5m,2026-09-08T19:10:00+00:00,4371.33,4374.18,4370.26,4370.27,5411.0,2026-09-08T21:10:00+02:00
XAUUSD,5m,2026-09-08T19:15:00+00:00,4370.27,4372.99,4367.71,4367.76,3690.0,2026-09-08T21:15:00+02:00
XAUUSD,5m,2026-09-08T19:20:00+00:00,4367.76,4370.42,4366.3,4366.65,3601.0,2026-09-08T21:20:00+02:00
XAUUSD,5m,2026-09-08T19:25:00+00:00,4366.65,4370.19,4366.19,4368.57,3520.0,2026-09-08T21:25:00+02:00
XAUUSD,5m,2026-09-08T19:30:00+00:00,4368.57,4368.69,4361.38,4364.3,4056.0,2026-09-08T21:30:00+02:00
XAUUSD,5m,2026-09-08T19:35:00+00:00,4364.3,4369.71,4364.2,4367.29,2902.0,2026-09-08T21:35:00+02:00
XAUUSD,5m,2026-09-08T19:40:00+00:00,4367.29,4369.36,4366.15,4368.64,3227.0,2026-09-08T21:40:00+02:00
XAUUSD,5m,2026-09-08T19:45:00+00:00,4368.64,4368.76,4364.69,4365.84,3799.0,2026-09-08T21:45:00+02:00
XAUUSD,5m,2026-09-08T19:50:00+00:00,4365.84,4366.15,4360.99,4363.66,6616.0,2026-09-08T21:50:00+02:00
XAUUSD,5m,2026-09-08T19:55:00+00:00,4363.66,4364.32,4356.66,4359.39,6024.0,2026-09-08T21:55:00+02:00
XAUUSD,5m,2026-09-08T20:00:00+00:00,4359.39,4364.35,4357.36,4357.41,2664.0,2026-09-08T22:00:00+02:00
XAUUSD,5m,2026-09-08T20:05:00+00:00,4357.41,4358.75,4355.8,4357.93,1742.0,2026-09-08T22:05:00+02:00
XAUUSD,5m,2026-09-08T20:10:00+00:00,4357.93,4361.93,4356.78,4360.24,1351.0,2026-09-08T22:10:00+02:00
XAUUSD,5m,2026-09-08T20:15:00+00:00,4360.24,4361.12,4359.07,4361.08,915.0,2026-09-08T22:15:00+02:00
XAUUSD,5m,2026-09-08T20:20:00+00:00,4361.08,4361.41,4358.82,4359.02,759.0,2026-09-08T22:20:00+02:00
XAUUSD,5m,2026-09-08T20:25:00+00:00,4359.02,4359.66,4355.65,4356.93,1496.0,2026-09-08T22:25:00+02:00
XAUUSD,5m,2026-09-08T20:30:00+00:00,4356.93,4358.28,4356.35,4358.09,1030.0,2026-09-08T22:30:00+02:00
XAUUSD,5m,2026-09-08T20:35:00+00:00,4358.09,4358.75,4357.14,4357.54,696.0,2026-09-08T22:35:00+02:00
XAUUSD,5m,2026-09-08T20:40:00+00:00,4357.54,4358.38,4357.03,4357.81,508.0,2026-09-08T22:40:00+02:00
XAUUSD,5m,2026-09-08T20:45:00+00:00,4357.81,4358.06,4345.1,4347.76,1096.0,2026-09-08T22:45:00+02:00
XAUUSD,5m,2026-09-08T20:50:00+00:00,4347.76,4355.49,4347.66,4353.52,1827.0,2026-09-08T22:50:00+02:00
XAUUSD,5m,2026-09-08T20:55:00+00:00,4353.52,4356.28,4352.94,4355.76,1570.0,2026-09-08T22:55:00+02:00
XAUUSD,5m,2026-09-08T22:00:00+00:00,4355.76,4358.93,4354.29,4357.32,1122.0,2026-09-09T00:00:00+02:00
XAUUSD,5m,2026-09-08T22:05:00+00:00,4357.32,4357.74,4352.97,4354.07,997.0,2026-09-09T00:05:00+02:00
XAUUSD,5m,2026-09-08T22:10:00+00:00,4354.07,4357.29,4353.54,4356.16,851.0,2026-09-09T00:10:00+02:00
XAUUSD,5m,2026-09-08T22:15:00+00:00,4356.16,4357.71,4354.69,4355.69,820.0,2026-09-09T00:15:00+02:00
XAUUSD,5m,2026-09-08T22:20:00+00:00,4355.69,4355.75,4353.28,4354.12,573.0,2026-09-09T00:20:00+02:00
XAUUSD,5m,2026-09-08T22:25:00+00:00,4354.12,4355.6,4353.27,4354.54,662.0,2026-09-09T00:25:00+02:00
XAUUSD,5m,2026-09-08T22:30:00+00:00,4354.54,4356.04,4354.27,4354.59,612.0,2026-09-09T00:30:00+02:00
XAUUSD,5m,2026-09-08T22:35:00+00:00,4354.59,4355.62,4352.4,4352.6,720.0,2026-09-09T00:35:00+02:00
XAUUSD,5m,2026-09-08T22:40:00+00:00,4352.6,4353.88,4350.47,4351.92,1099.0,2026-09-09T00:40:00+02:00
XAUUSD,5m,2026-09-08T22:45:00+00:00,4351.92,4352.69,4350.77,4352.32,805.0,2026-09-09T00:45:00+02:00
XAUUSD,5m,2026-09-08T22:50:00+00:00,4352.32,4353.59,4352.32,4353.33,455.0,2026-09-09T00:50:00+02:00
XAUUSD,5m,2026-09-08T22:55:00+00:00,4353.33,4354.28,4352.61,4354.12,508.0,2026-09-09T00:55:00+02:00
XAUUSD,5m,2026-09-08T23:00:00+00:00,4354.12,4354.99,4352.76,4353.11,772.0,2026-09-09T01:00:00+02:00
XAUUSD,5m,2026-09-08T23:05:00+00:00,4353.11,4354.38,4352.82,4353.93,669.0,2026-09-09T01:05:00+02:00
XAUUSD,5m,2026-09-08T23:10:00+00:00,4353.93,4354.59,4351.83,4352.19,819.0,2026-09-09T01:10:00+02:00
XAUUSD,5m,2026-09-08T23:15:00+00:00,4352.19,4353.48,4351.64,4352.93,919.0,2026-09-09T01:15:00+02:00
XAUUSD,5m,2026-09-08T23:20:00+00:00,4352.93,4354.46,4352.54,4354.05,727.0,2026-09-09T01:20:00+02:00
XAUUSD,5m,2026-09-08T23:25:00+00:00,4354.05,4357.57,4353.54,4357.36,1017.0,2026-09-09T01:25:00+02:00
XAUUSD,5m,2026-09-08T23:30:00+00:00,4357.36,4359.79,4356.85,4358.78,1162.0,2026-09-09T01:30:00+02:00
XAUUSD,5m,2026-09-08T23:35:00+00:00,4358.78,4358.79,4356.55,4356.99,602.0,2026-09-09T01:35:00+02:00
XAUUSD,5m,2026-09-08T23:40:00+00:00,4356.99,4358.95,4356.6,4358.5,790.0,2026-09-09T01:40:00+02:00
XAUUSD,5m,2026-09-08T23:45:00+00:00,4358.5,4358.58,4352.87,4353.62,1554.0,2026-09-09T01:45:00+02:00
XAUUSD,5m,2026-09-08T23:50:00+00:00,4353.62,4353.72,4350.14,4350.42,1598.0,2026-09-09T01:50:00+02:00
XAUUSD,5m,2026-09-08T23:55:00+00:00,4350.42,4352.75,4349.1,4349.92,1634.0,2026-09-09T01:55:00+02:00
XAUUSD,5m,2026-09-09T00:00:00+00:00,4349.92,4352.91,4346.4,4349.93,3681.0,2026-09-09T02:00:00+02:00
XAUUSD,5m,2026-09-09T00:05:00+00:00,4349.93,4350.5,4344.5,4349.16,3405.0,2026-09-09T02:05:00+02:00
XAUUSD,5m,2026-09-09T00:10:00+00:00,4349.16,4352.6,4346.99,4349.6,2899.0,2026-09-09T02:10:00+02:00
XAUUSD,5m,2026-09-09T00:15:00+00:00,4349.6,4350.12,4344.63,4348.08,2917.0,2026-09-09T02:15:00+02:00
XAUUSD,5m,2026-09-09T00:20:00+00:00,4348.08,4348.56,4342.33,4342.98,2745.0,2026-09-09T02:20:00+02:00
XAUUSD,5m,2026-09-09T00:25:00+00:00,4342.98,4347.77,4341.04,4346.86,2774.0,2026-09-09T02:25:00+02:00
XAUUSD,5m,2026-09-09T00:30:00+00:00,4346.86,4347.9,4345.48,4346.42,3071.0,2026-09-09T02:30:00+02:00
XAUUSD,5m,2026-09-09T00:35:00+00:00,4346.42,4349.35,4343.6,4349.17,4253.0,2026-09-09T02:35:00+02:00
XAUUSD,5m,2026-09-09T00:40:00+00:00,4349.17,4354.94,4347.55,4354.81,3037.0,2026-09-09T02:40:00+02:00
XAUUSD,5m,2026-09-09T00:45:00+00:00,4354.81,4356.91,4352.74,4355.92,2674.0,2026-09-09T02:45:00+02:00
XAUUSD,5m,2026-09-09T00:50:00+00:00,4355.92,4360.84,4354.83,4359.56,2943.0,2026-09-09T02:50:00+02:00
XAUUSD,5m,2026-09-09T00:55:00+00:00,4359.56,4365.46,4358.67,4364.68,2367.0,2026-09-09T02:55:00+02:00
XAUUSD,5m,2026-09-09T01:00:00+00:00,4364.68,4364.75,4353.96,4357.87,8088.0,2026-09-09T03:00:00+02:00
XAUUSD,5m,2026-09-09T01:05:00+00:00,4357.87,4367.45,4357.33,4367.43,4867.0,2026-09-09T03:05:00+02:00
XAUUSD,5m,2026-09-09T01:10:00+00:00,4367.43,4368.59,4365.37,4368.25,3893.0,2026-09-09T03:10:00+02:00
XAUUSD,5m,2026-09-09T01:15:00+00:00,4368.25,4369.12,4362.66,4366.06,3967.0,2026-09-09T03:15:00+02:00
XAUUSD,5m,2026-09-09T01:20:00+00:00,4366.06,4369.46,4364.81,4369.43,3476.0,2026-09-09T03:20:00+02:00
XAUUSD,5m,2026-09-09T01:25:00+00:00,4369.43,4373.03,4367.9,4371.62,3046.0,2026-09-09T03:25:00+02:00
XAUUSD,5m,2026-09-09T01:30:00+00:00,4371.62,4376.27,4370.59,4376.1,2761.0,2026-09-09T03:30:00+02:00
XAUUSD,5m,2026-09-09T01:35:00+00:00,4376.1,4377.91,4374.15,4375.09,2557.0,2026-09-09T03:35:00+02:00
XAUUSD,5m,2026-09-09T01:40:00+00:00,4375.09,4378.02,4374.58,4376.4,2523.0,2026-09-09T03:40:00+02:00
XAUUSD,5m,2026-09-09T01:45:00+00:00,4376.4,4378.21,4373.3,4375.55,3602.0,2026-09-09T03:45:00+02:00
XAUUSD,5m,2026-09-09T01:50:00+00:00,4375.55,4376.0,4371.66,4373.65,2725.0,2026-09-09T03:50:00+02:00
XAUUSD,5m,2026-09-09T01:55:00+00:00,4373.65,4376.08,4370.79,4373.69,2409.0,2026-09-09T03:55:00+02:00
XAUUSD,5m,2026-09-09T02:00:00+00:00,4373.69,4373.9,4370.94,4373.26,2858.0,2026-09-09T04:00:00+02:00
XAUUSD,5m,2026-09-09T02:05:00+00:00,4373.26,4375.64,4370.48,4374.56,2933.0,2026-09-09T04:05:00+02:00
XAUUSD,5m,2026-09-09T02:10:00+00:00,4374.56,4375.38,4372.6,4373.45,3096.0,2026-09-09T04:10:00+02:00
XAUUSD,5m,2026-09-09T02:15:00+00:00,4373.45,4376.92,4373.23,4374.66,2213.0,2026-09-09T04:15:00+02:00
XAUUSD,5m,2026-09-09T02:20:00+00:00,4374.66,4375.15,4371.79,4371.89,1647.0,2026-09-09T04:20:00+02:00
XAUUSD,5m,2026-09-09T02:25:00+00:00,4371.89,4373.09,4371.56,4372.94,1689.0,2026-09-09T04:25:00+02:00
XAUUSD,5m,2026-09-09T02:30:00+00:00,4372.94,4373.87,4369.25,4369.34,2401.0,2026-09-09T04:30:00+02:00
XAUUSD,5m,2026-09-09T02:35:00+00:00,4369.34,4370.93,4367.19,4368.32,2274.0,2026-09-09T04:35:00+02:00
XAUUSD,5m,2026-09-09T02:40:00+00:00,4368.32,4374.46,4368.32,4374.24,2217.0,2026-09-09T04:40:00+02:00
XAUUSD,5m,2026-09-09T02:45:00+00:00,4374.24,4378.7,4373.03,4377.02,2751.0,2026-09-09T04:45:00+02:00
XAUUSD,5m,2026-09-09T02:50:00+00:00,4377.02,4383.26,4376.11,4380.64,2768.0,2026-09-09T04:50:00+02:00
XAUUSD,5m,2026-09-09T02:55:00+00:00,4380.64,4382.87,4380.21,4382.13,2661.0,2026-09-09T04:55:00+02:00
XAUUSD,5m,2026-09-09T03:00:00+00:00,4382.13,4382.71,4378.53,4379.53,3158.0,2026-09-09T05:00:00+02:00
XAUUSD,5m,2026-09-09T03:05:00+00:00,4379.53,4382.16,4378.07,4378.59,2554.0,2026-09-09T05:05:00+02:00
XAUUSD,5m,2026-09-09T03:10:00+00:00,4378.59,4380.63,4378.32,4378.92,1479.0,2026-09-09T05:10:00+02:00
XAUUSD,5m,2026-09-09T03:15:00+00:00,4378.92,4379.0,4375.59,4377.08,1688.0,2026-09-09T05:15:00+02:00
XAUUSD,5m,2026-09-09T03:20:00+00:00,4377.08,4379.27,4376.89,4378.77,1186.0,2026-09-09T05:20:00+02:00
XAUUSD,5m,2026-09-09T03:25:00+00:00,4378.77,4378.86,4375.38,4378.08,1543.0,2026-09-09T05:25:00+02:00
XAUUSD,5m,2026-09-09T03:30:00+00:00,4378.08,4378.23,4375.16,4376.28,1296.0,2026-09-09T05:30:00+02:00
XAUUSD,5m,2026-09-09T03:35:00+00:00,4376.28,4377.85,4375.95,4377.64,844.0,2026-09-09T05:35:00+02:00
XAUUSD,5m,2026-09-09T03:40:00+00:00,4377.64,4380.04,4377.34,4378.55,1065.0,2026-09-09T05:40:00+02:00
XAUUSD,5m,2026-09-09T03:45:00+00:00,4378.55,4378.9,4377.08,4377.91,1107.0,2026-09-09T05:45:00+02:00
XAUUSD,5m,2026-09-09T03:50:00+00:00,4377.91,4379.2,4376.0,4377.46,1536.0,2026-09-09T05:50:00+02:00
XAUUSD,5m,2026-09-09T03:55:00+00:00,4377.46,4377.64,4375.02,4375.06,1120.0,2026-09-09T05:55:00+02:00
XAUUSD,5m,2026-09-09T04:00:00+00:00,4375.06,4376.11,4374.44,4374.48,1183.0,2026-09-09T06:00:00+02:00
XAUUSD,5m,2026-09-09T04:05:00+00:00,4374.48,4374.5,4371.76,4372.18,1275.0,2026-09-09T06:05:00+02:00
XAUUSD,5m,2026-09-09T04:10:00+00:00,4372.18,4373.63,4370.7,4373.4,1581.0,2026-09-09T06:10:00+02:00
XAUUSD,5m,2026-09-09T04:15:00+00:00,4373.4,4374.38,4372.31,4373.55,1273.0,2026-09-09T06:15:00+02:00
XAUUSD,5m,2026-09-09T04:20:00+00:00,4373.55,4377.29,4372.8,4377.11,1600.0,2026-09-09T06:20:00+02:00
XAUUSD,5m,2026-09-09T04:25:00+00:00,4377.11,4380.55,4376.78,4379.99,1427.0,2026-09-09T06:25:00+02:00
XAUUSD,5m,2026-09-09T04:30:00+00:00,4379.99,4380.02,4377.75,4378.56,1155.0,2026-09-09T06:30:00+02:00
XAUUSD,5m,2026-09-09T04:35:00+00:00,4378.56,4379.98,4377.68,4378.23,845.0,2026-09-09T06:35:00+02:00
XAUUSD,5m,2026-09-09T04:40:00+00:00,4378.23,4378.56,4376.27,4377.98,838.0,2026-09-09T06:40:00+02:00
XAUUSD,5m,2026-09-09T04:45:00+00:00,4377.98,4380.04,4377.98,4378.7,731.0,2026-09-09T06:45:00+02:00
XAUUSD,5m,2026-09-09T04:50:00+00:00,4378.7,4381.32,4377.35,4380.94,1022.0,2026-09-09T06:50:00+02:00
XAUUSD,5m,2026-09-09T04:55:00+00:00,4380.94,4382.5,4380.06,4381.47,1053.0,2026-09-09T06:55:00+02:00
XAUUSD,5m,2026-09-09T05:00:00+00:00,4381.47,4384.15,4380.3,4381.4,2150.0,2026-09-09T07:00:00+02:00
XAUUSD,5m,2026-09-09T05:05:00+00:00,4381.4,4385.02,4381.34,4384.65,1498.0,2026-09-09T07:05:00+02:00
XAUUSD,5m,2026-09-09T05:10:00+00:00,4384.65,4387.84,4384.51,4387.64,1576.0,2026-09-09T07:10:00+02:00
XAUUSD,5m,2026-09-09T05:15:00+00:00,4387.64,4388.55,4386.74,4388.1,1540.0,2026-09-09T07:15:00+02:00
XAUUSD,5m,2026-09-09T05:20:00+00:00,4388.1,4388.46,4383.12,4386.48,1654.0,2026-09-09T07:20:00+02:00
XAUUSD,5m,2026-09-09T05:25:00+00:00,4386.48,4388.27,4384.94,4385.02,1803.0,2026-09-09T07:25:00+02:00
XAUUSD,5m,2026-09-09T05:30:00+00:00,4385.02,4388.99,4384.23,4387.4,4218.0,2026-09-09T07:30:00+02:00
XAUUSD,5m,2026-09-09T05:35:00+00:00,4387.4,4392.53,4386.07,4392.29,2508.0,2026-09-09T07:35:00+02:00
XAUUSD,5m,2026-09-09T05:40:00+00:00,4392.29,4395.51,4391.61,4395.49,2247.0,2026-09-09T07:40:00+02:00
XAUUSD,5m,2026-09-09T05:45:00+00:00,4395.49,4397.2,4392.42,4395.72,2526.0,2026-09-09T07:45:00+02:00
XAUUSD,5m,2026-09-09T05:50:00+00:00,4395.72,4400.26,4395.65,4399.68,2461.0,2026-09-09T07:50:00+02:00
XAUUSD,5m,2026-09-09T05:55:00+00:00,4399.68,4400.86,4398.63,4398.77,2487.0,2026-09-09T07:55:00+02:00
XAUUSD,5m,2026-09-09T06:00:00+00:00,4398.77,4404.28,4397.87,4403.06,2685.0,2026-09-09T08:00:00+02:00
XAUUSD,5m,2026-09-09T06:05:00+00:00,4403.06,4405.35,4399.82,4400.12,2750.0,2026-09-09T08:05:00+02:00
XAUUSD,5m,2026-09-09T06:10:00+00:00,4400.12,4402.01,4398.64,4401.3,2340.0,2026-09-09T08:10:00+02:00
XAUUSD,5m,2026-09-09T06:15:00+00:00,4401.3,4403.22,4399.5,4399.92,2533.0,2026-09-09T08:15:00+02:00
XAUUSD,5m,2026-09-09T06:20:00+00:00,4399.92,4400.53,4396.97,4398.9,2500.0,2026-09-09T08:20:00+02:00
XAUUSD,5m,2026-09-09T06:25:00+00:00,4398.9,4399.42,4395.12,4398.03,2317.0,2026-09-09T08:25:00+02:00
XAUUSD,5m,2026-09-09T06:30:00+00:00,4398.03,4403.38,4396.98,4402.39,2503.0,2026-09-09T08:30:00+02:00
XAUUSD,5m,2026-09-09T06:35:00+00:00,4402.39,4405.98,4401.95,4404.77,2376.0,2026-09-09T08:35:00+02:00
XAUUSD,5m,2026-09-09T06:40:00+00:00,4404.77,4404.91,4399.58,4400.25,1533.0,2026-09-09T08:40:00+02:00
XAUUSD,5m,2026-09-09T06:45:00+00:00,4400.25,4401.12,4398.68,4401.05,1703.0,2026-09-09T08:45:00+02:00
XAUUSD,5m,2026-09-09T06:50:00+00:00,4401.05,4401.53,4399.53,4400.53,1604.0,2026-09-09T08:50:00+02:00
XAUUSD,5m,2026-09-09T06:55:00+00:00,4400.53,4401.43,4399.49,4400.46,1533.0,2026-09-09T08:55:00+02:00
XAUUSD,5m,2026-09-09T07:00:00+00:00,4400.46,4402.45,4399.18,4401.45,2667.0,2026-09-09T09:00:00+02:00
XAUUSD,5m,2026-09-09T07:05:00+00:00,4401.45,4404.34,4401.17,4403.63,1813.0,2026-09-09T09:05:00+02:00
XAUUSD,5m,2026-09-09T07:10:00+00:00,4403.63,4407.7,4403.05,4406.43,2221.0,2026-09-09T09:10:00+02:00
XAUUSD,5m,2026-09-09T07:15:00+00:00,4406.43,4406.82,4402.88,4403.62,2445.0,2026-09-09T09:15:00+02:00
XAUUSD,5m,2026-09-09T07:20:00+00:00,4403.62,4407.67,4403.49,4405.3,2218.0,2026-09-09T09:20:00+02:00
XAUUSD,5m,2026-09-09T07:25:00+00:00,4405.3,4408.75,4404.82,4407.6,1791.0,2026-09-09T09:25:00+02:00
XAUUSD,5m,2026-09-09T07:30:00+00:00,4407.6,4408.74,4406.28,4407.31,1637.0,2026-09-09T09:30:00+02:00
XAUUSD,5m,2026-09-09T07:35:00+00:00,4407.31,4410.24,4406.77,4410.12,1708.0,2026-09-09T09:35:00+02:00
XAUUSD,5m,2026-09-09T07:40:00+00:00,4410.12,4410.49,4408.25,4410.3,1498.0,2026-09-09T09:40:00+02:00
XAUUSD,5m,2026-09-09T07:45:00+00:00,4410.3,4412.75,4409.37,4411.64,2022.0,2026-09-09T09:45:00+02:00
XAUUSD,5m,2026-09-09T07:50:00+00:00,4411.64,4411.66,4408.33,4408.88,2148.0,2026-09-09T09:50:00+02:00
XAUUSD,5m,2026-09-09T07:55:00+00:00,4408.88,4410.16,4408.48,4409.01,1588.0,2026-09-09T09:55:00+02:00
XAUUSD,5m,2026-09-09T08:00:00+00:00,4409.01,4409.69,4406.81,4408.34,2715.0,2026-09-09T10:00:00+02:00
XAUUSD,5m,2026-09-09T08:05:00+00:00,4408.34,4411.87,4406.88,4406.96,2650.0,2026-09-09T10:05:00+02:00
XAUUSD,5m,2026-09-09T08:10:00+00:00,4406.96,4407.2,4403.58,4403.7,2404.0,2026-09-09T10:10:00+02:00
XAUUSD,5m,2026-09-09T08:15:00+00:00,4403.7,4404.74,4401.55,4403.75,1872.0,2026-09-09T10:15:00+02:00
XAUUSD,5m,2026-09-09T08:20:00+00:00,4403.75,4403.79,4400.76,4401.06,1734.0,2026-09-09T10:20:00+02:00
XAUUSD,5m,2026-09-09T08:25:00+00:00,4401.06,4402.1,4399.27,4399.62,2245.0,2026-09-09T10:25:00+02:00
XAUUSD,5m,2026-09-09T08:30:00+00:00,4399.62,4403.46,4399.53,4401.82,1734.0,2026-09-09T10:30:00+02:00
XAUUSD,5m,2026-09-09T08:35:00+00:00,4401.82,4402.39,4399.3,4399.5,1449.0,2026-09-09T10:35:00+02:00
XAUUSD,5m,2026-09-09T08:40:00+00:00,4399.5,4401.85,4398.84,4399.84,1983.0,2026-09-09T10:40:00+02:00
XAUUSD,5m,2026-09-09T08:45:00+00:00,4399.84,4402.09,4398.9,4400.27,1731.0,2026-09-09T10:45:00+02:00
XAUUSD,5m,2026-09-09T08:50:00+00:00,4400.27,4402.04,4399.57,4401.82,1568.0,2026-09-09T10:50:00+02:00
XAUUSD,5m,2026-09-09T08:55:00+00:00,4401.82,4403.17,4400.29,4400.52,1106.0,2026-09-09T10:55:00+02:00
XAUUSD,5m,2026-09-09T09:00:00+00:00,4400.52,4402.23,4400.01,4401.02,1727.0,2026-09-09T11:00:00+02:00
XAUUSD,5m,2026-09-09T09:05:00+00:00,4401.02,4402.27,4399.31,4401.74,1803.0,2026-09-09T11:05:00+02:00
XAUUSD,5m,2026-09-09T09:10:00+00:00,4401.74,4401.77,4397.85,4398.49,1487.0,2026-09-09T11:10:00+02:00
XAUUSD,5m,2026-09-09T09:15:00+00:00,4398.49,4399.91,4397.37,4399.85,1406.0,2026-09-09T11:15:00+02:00
XAUUSD,5m,2026-09-09T09:20:00+00:00,4399.85,4400.1,4397.15,4397.58,1810.0,2026-09-09T11:20:00+02:00
XAUUSD,5m,2026-09-09T09:25:00+00:00,4397.58,4399.16,4396.83,4398.38,1825.0,2026-09-09T11:25:00+02:00
XAUUSD,5m,2026-09-09T09:30:00+00:00,4398.38,4398.73,4395.53,4397.85,2297.0,2026-09-09T11:30:00+02:00
XAUUSD,5m,2026-09-09T09:35:00+00:00,4397.85,4398.47,4397.07,4397.91,1379.0,2026-09-09T11:35:00+02:00
XAUUSD,5m,2026-09-09T09:40:00+00:00,4397.91,4398.44,4395.08,4396.2,1727.0,2026-09-09T11:40:00+02:00
XAUUSD,5m,2026-09-09T09:45:00+00:00,4396.2,4396.2,4393.87,4394.89,1918.0,2026-09-09T11:45:00+02:00
XAUUSD,5m,2026-09-09T09:50:00+00:00,4394.89,4394.9,4390.9,4390.97,2040.0,2026-09-09T11:50:00+02:00
XAUUSD,5m,2026-09-09T09:55:00+00:00,4390.97,4391.07,4388.56,4390.68,2604.0,2026-09-09T11:55:00+02:00
XAUUSD,5m,2026-09-09T10:00:00+00:00,4390.68,4391.55,4386.11,4390.11,3456.0,2026-09-09T12:00:00+02:00
XAUUSD,5m,2026-09-09T10:05:00+00:00,4390.11,4393.22,4389.98,4392.38,1995.0,2026-09-09T12:05:00+02:00
XAUUSD,5m,2026-09-09T10:10:00+00:00,4392.38,4393.44,4389.83,4390.99,2309.0,2026-09-09T12:10:00+02:00
XAUUSD,5m,2026-09-09T10:15:00+00:00,4390.99,4394.57,4389.26,4394.32,2319.0,2026-09-09T12:15:00+02:00
XAUUSD,5m,2026-09-09T10:20:00+00:00,4394.32,4395.9,4393.75,4394.49,1684.0,2026-09-09T12:20:00+02:00
XAUUSD,5m,2026-09-09T10:25:00+00:00,4394.49,4395.52,4393.02,4394.26,1465.0,2026-09-09T12:25:00+02:00
XAUUSD,5m,2026-09-09T10:30:00+00:00,4394.26,4397.0,4393.43,4396.28,2033.0,2026-09-09T12:30:00+02:00
XAUUSD,5m,2026-09-09T10:35:00+00:00,4396.28,4399.21,4395.99,4398.4,1692.0,2026-09-09T12:35:00+02:00
XAUUSD,5m,2026-09-09T10:40:00+00:00,4398.4,4399.03,4394.27,4394.82,1383.0,2026-09-09T12:40:00+02:00
XAUUSD,5m,2026-09-09T10:45:00+00:00,4394.82,4399.86,4394.49,4398.81,1557.0,2026-09-09T12:45:00+02:00
XAUUSD,5m,2026-09-09T10:50:00+00:00,4398.81,4402.18,4398.29,4401.92,1910.0,2026-09-09T12:50:00+02:00
XAUUSD,5m,2026-09-09T10:55:00+00:00,4401.92,4403.02,4399.36,4399.56,2211.0,2026-09-09T12:55:00+02:00
XAUUSD,5m,2026-09-09T11:00:00+00:00,4399.56,4403.7,4399.56,4403.49,2102.0,2026-09-09T13:00:00+02:00
XAUUSD,5m,2026-09-09T11:05:00+00:00,4403.49,4404.23,4402.02,4404.08,1445.0,2026-09-09T13:05:00+02:00
XAUUSD,5m,2026-09-09T11:10:00+00:00,4404.08,4404.53,4402.55,4403.47,1634.0,2026-09-09T13:10:00+02:00
XAUUSD,5m,2026-09-09T11:15:00+00:00,4403.47,4404.6,4401.33,4404.04,1618.0,2026-09-09T13:15:00+02:00
XAUUSD,5m,2026-09-09T11:20:00+00:00,4404.04,4406.12,4402.4,4405.91,1668.0,2026-09-09T13:20:00+02:00
XAUUSD,5m,2026-09-09T11:25:00+00:00,4405.91,4409.02,4405.91,4408.14,2151.0,2026-09-09T13:25:00+02:00
XAUUSD,5m,2026-09-09T11:30:00+00:00,4408.14,4408.37,4404.41,4404.65,2620.0,2026-09-09T13:30:00+02:00
XAUUSD,5m,2026-09-09T11:35:00+00:00,4404.65,4405.45,4403.22,4404.69,2226.0,2026-09-09T13:35:00+02:00
XAUUSD,5m,2026-09-09T11:40:00+00:00,4404.69,4406.9,4404.65,4405.36,2239.0,2026-09-09T13:40:00+02:00
XAUUSD,5m,2026-09-09T11:45:00+00:00,4405.36,4414.53,4403.25,4413.81,4200.0,2026-09-09T13:45:00+02:00
XAUUSD,5m,2026-09-09T11:50:00+00:00,4413.81,4415.2,4406.72,4407.0,6113.0,2026-09-09T13:50:00+02:00
XAUUSD,5m,2026-09-09T11:55:00+00:00,4407.0,4408.48,4405.82,4407.34,2671.0,2026-09-09T13:55:00+02:00
XAUUSD,5m,2026-09-09T12:00:00+00:00,4407.34,4409.33,4403.14,4404.06,3455.0,2026-09-09T14:00:00+02:00
XAUUSD,5m,2026-09-09T12:05:00+00:00,4404.06,4405.75,4400.85,4403.26,3518.0,2026-09-09T14:05:00+02:00
XAUUSD,5m,2026-09-09T12:10:00+00:00,4403.26,4404.7,4399.07,4399.19,2900.0,2026-09-09T14:10:00+02:00
XAUUSD,5m,2026-09-09T12:15:00+00:00,4399.19,4400.24,4395.92,4396.63,3128.0,2026-09-09T14:15:00+02:00
XAUUSD,5m,2026-09-09T12:20:00+00:00,4396.63,4400.33,4394.79,4396.84,4346.0,2026-09-09T14:20:00+02:00
XAUUSD,5m,2026-09-09T12:25:00+00:00,4396.84,4396.98,4393.52,4393.72,3407.0,2026-09-09T14:25:00+02:00
XAUUSD,5m,2026-09-09T12:30:00+00:00,4393.72,4397.2,4391.79,4396.28,3684.0,2026-09-09T14:30:00+02:00
XAUUSD,5m,2026-09-09T12:35:00+00:00,4396.28,4397.6,4390.89,4391.22,3641.0,2026-09-09T14:35:00+02:00
XAUUSD,5m,2026-09-09T12:40:00+00:00,4391.22,4395.67,4390.82,4395.43,3295.0,2026-09-09T14:40:00+02:00
XAUUSD,5m,2026-09-09T12:45:00+00:00,4395.43,4399.76,4395.34,4397.26,2626.0,2026-09-09T14:45:00+02:00
XAUUSD,5m,2026-09-09T12:50:00+00:00,4397.26,4398.99,4396.02,4398.39,2535.0,2026-09-09T14:50:00+02:00
XAUUSD,5m,2026-09-09T12:55:00+00:00,4398.39,4402.26,4398.22,4400.08,2333.0,2026-09-09T14:55:00+02:00
XAUUSD,5m,2026-09-09T13:00:00+00:00,4400.08,4408.31,4398.59,4407.06,5862.0,2026-09-09T15:00:00+02:00
XAUUSD,5m,2026-09-09T13:05:00+00:00,4407.06,4410.53,4406.77,4409.78,3913.0,2026-09-09T15:05:00+02:00
XAUUSD,5m,2026-09-09T13:10:00+00:00,4409.78,4413.48,4409.55,4413.19,3952.0,2026-09-09T15:10:00+02:00
XAUUSD,5m,2026-09-09T13:15:00+00:00,4413.19,4417.62,4410.76,4417.25,4226.0,2026-09-09T15:15:00+02:00
XAUUSD,5m,2026-09-09T13:20:00+00:00,4417.25,4427.85,4414.44,4427.59,5118.0,2026-09-09T15:20:00+02:00
XAUUSD,5m,2026-09-09T13:25:00+00:00,4427.59,4430.39,4425.34,4429.32,4653.0,2026-09-09T15:25:00+02:00
XAUUSD,5m,2026-09-09T13:30:00+00:00,4429.32,4434.04,4428.06,4430.48,10609.0,2026-09-09T15:30:00+02:00
XAUUSD,5m,2026-09-09T13:35:00+00:00,4430.48,4430.61,4419.7,4421.28,8816.0,2026-09-09T15:35:00+02:00
XAUUSD,5m,2026-09-09T13:40:00+00:00,4421.28,4421.97,4412.8,4417.14,8071.0,2026-09-09T15:40:00+02:00
XAUUSD,5m,2026-09-09T13:45:00+00:00,4417.14,4421.32,4415.93,4421.15,7565.0,2026-09-09T15:45:00+02:00
XAUUSD,5m,2026-09-09T13:50:00+00:00,4421.15,4423.67,4415.38,4416.27,6267.0,2026-09-09T15:50:00+02:00
XAUUSD,5m,2026-09-09T13:55:00+00:00,4416.27,4416.75,4410.65,4414.93,7298.0,2026-09-09T15:55:00+02:00
XAUUSD,5m,2026-09-09T14:00:00+00:00,4414.93,4424.37,4414.29,4423.56,7854.0,2026-09-09T16:00:00+02:00
XAUUSD,5m,2026-09-09T14:05:00+00:00,4423.56,4428.59,4420.93,4422.07,5801.0,2026-09-09T16:05:00+02:00
XAUUSD,5m,2026-09-09T14:10:00+00:00,4422.07,4423.55,4417.74,4423.25,5202.0,2026-09-09T16:10:00+02:00
XAUUSD,5m,2026-09-09T14:15:00+00:00,4423.25,4423.31,4413.91,4416.81,8490.0,2026-09-09T16:15:00+02:00
XAUUSD,5m,2026-09-09T14:20:00+00:00,4416.81,4417.28,4409.82,4410.49,7415.0,2026-09-09T16:20:00+02:00
XAUUSD,5m,2026-09-09T14:25:00+00:00,4410.49,4426.02,4410.14,4425.85,8441.0,2026-09-09T16:25:00+02:00
XAUUSD,5m,2026-09-09T14:30:00+00:00,4425.85,4425.93,4420.35,4422.82,5525.0,2026-09-09T16:30:00+02:00
XAUUSD,5m,2026-09-09T14:35:00+00:00,4422.82,4426.99,4422.59,4426.03,5234.0,2026-09-09T16:35:00+02:00
XAUUSD,5m,2026-09-09T14:40:00+00:00,4426.03,4426.39,4418.54,4418.78,5026.0,2026-09-09T16:40:00+02:00
XAUUSD,5m,2026-09-09T14:45:00+00:00,4418.78,4422.27,4417.92,4420.7,5482.0,2026-09-09T16:45:00+02:00
XAUUSD,5m,2026-09-09T14:50:00+00:00,4420.7,4423.5,4419.25,4419.34,5752.0,2026-09-09T16:50:00+02:00
XAUUSD,5m,2026-09-09T14:55:00+00:00,4419.34,4420.41,4414.84,4418.67,4405.0,2026-09-09T16:55:00+02:00
XAUUSD,5m,2026-09-09T15:00:00+00:00,4418.67,4432.08,4394.28,4394.9,19735.0,2026-09-09T17:00:00+02:00
XAUUSD,5m,2026-09-09T15:05:00+00:00,4394.9,4398.28,4379.91,4391.11,16048.0,2026-09-09T17:05:00+02:00
XAUUSD,5m,2026-09-09T15:10:00+00:00,4391.11,4392.48,4381.8,4389.91,14257.0,2026-09-09T17:10:00+02:00
XAUUSD,5m,2026-09-09T15:15:00+00:00,4389.91,4393.3,4379.54,4384.56,12367.0,2026-09-09T17:15:00+02:00
XAUUSD,5m,2026-09-09T15:20:00+00:00,4384.56,4388.28,4374.99,4383.45,11342.0,2026-09-09T17:20:00+02:00
XAUUSD,5m,2026-09-09T15:25:00+00:00,4383.45,4395.38,4382.55,4394.55,10354.0,2026-09-09T17:25:00+02:00
XAUUSD,5m,2026-09-09T15:30:00+00:00,4394.55,4401.32,4392.45,4400.75,8904.0,2026-09-09T17:30:00+02:00
XAUUSD,5m,2026-09-09T15:35:00+00:00,4400.75,4407.12,4397.62,4406.26,8798.0,2026-09-09T17:35:00+02:00
XAUUSD,5m,2026-09-09T15:40:00+00:00,4406.26,4407.06,4399.33,4403.01,9262.0,2026-09-09T17:40:00+02:00
XAUUSD,5m,2026-09-09T15:45:00+00:00,4403.01,4404.76,4398.97,4402.11,7519.0,2026-09-09T17:45:00+02:00
XAUUSD,5m,2026-09-09T15:50:00+00:00,4402.11,4407.21,4399.46,4401.29,5677.0,2026-09-09T17:50:00+02:00
XAUUSD,5m,2026-09-09T15:55:00+00:00,4401.29,4401.29,4397.95,4398.49,4377.0,2026-09-09T17:55:00+02:00
XAUUSD,5m,2026-09-09T16:00:00+00:00,4398.49,4403.05,4396.84,4402.48,5335.0,2026-09-09T18:00:00+02:00
XAUUSD,5m,2026-09-09T16:05:00+00:00,4402.48,4402.5,4394.81,4395.59,7021.0,2026-09-09T18:05:00+02:00
XAUUSD,5m,2026-09-09T16:10:00+00:00,4395.59,4398.68,4394.91,4397.82,4781.0,2026-09-09T18:10:00+02:00
XAUUSD,5m,2026-09-09T16:15:00+00:00,4397.82,4398.29,4391.53,4393.3,4602.0,2026-09-09T18:15:00+02:00
XAUUSD,5m,2026-09-09T16:20:00+00:00,4393.3,4398.59,4393.16,4398.59,3374.0,2026-09-09T18:20:00+02:00
XAUUSD,5m,2026-09-09T16:25:00+00:00,4398.59,4402.39,4398.53,4401.6,3810.0,2026-09-09T18:25:00+02:00
XAUUSD,5m,2026-09-09T16:30:00+00:00,4401.6,4403.7,4398.78,4402.59,3489.0,2026-09-09T18:30:00+02:00
XAUUSD,5m,2026-09-09T16:35:00+00:00,4402.59,4404.16,4399.08,4403.93,3013.0,2026-09-09T18:35:00+02:00
XAUUSD,5m,2026-09-09T16:40:00+00:00,4403.93,4407.74,4403.15,4407.2,2924.0,2026-09-09T18:40:00+02:00
XAUUSD,5m,2026-09-09T16:45:00+00:00,4407.2,4409.09,4405.94,4406.75,3025.0,2026-09-09T18:45:00+02:00
XAUUSD,5m,2026-09-09T16:50:00+00:00,4406.75,4407.78,4405.43,4407.16,2479.0,2026-09-09T18:50:00+02:00
XAUUSD,5m,2026-09-09T16:55:00+00:00,4407.16,4410.27,4406.31,4409.25,2466.0,2026-09-09T18:55:00+02:00
XAUUSD,5m,2026-09-09T17:00:00+00:00,4409.25,4413.93,4408.7,4412.91,4829.0,2026-09-09T19:00:00+02:00
XAUUSD,5m,2026-09-09T17:05:00+00:00,4412.91,4420.43,4412.7,4418.33,4527.0,2026-09-09T19:05:00+02:00
XAUUSD,5m,2026-09-09T17:10:00+00:00,4418.33,4419.07,4415.38,4416.51,3942.0,2026-09-09T19:10:00+02:00
XAUUSD,5m,2026-09-09T17:15:00+00:00,4416.51,4418.42,4415.0,4416.12,3226.0,2026-09-09T19:15:00+02:00
XAUUSD,5m,2026-09-09T17:20:00+00:00,4416.12,4418.47,4415.56,4418.09,2812.0,2026-09-09T19:20:00+02:00
XAUUSD,5m,2026-09-09T17:25:00+00:00,4418.09,4420.45,4414.16,4414.7,3774.0,2026-09-09T19:25:00+02:00
XAUUSD,5m,2026-09-09T17:30:00+00:00,4414.7,4414.92,4411.59,4412.52,3272.0,2026-09-09T19:30:00+02:00
XAUUSD,5m,2026-09-09T17:35:00+00:00,4412.52,4414.58,4411.92,4413.17,2165.0,2026-09-09T19:35:00+02:00
XAUUSD,5m,2026-09-09T17:40:00+00:00,4413.17,4417.18,4413.17,4413.63,2160.0,2026-09-09T19:40:00+02:00
XAUUSD,5m,2026-09-09T17:45:00+00:00,4413.63,4415.13,4413.3,4413.59,1779.0,2026-09-09T19:45:00+02:00
XAUUSD,5m,2026-09-09T17:50:00+00:00,4413.59,4416.13,4413.33,4415.09,1575.0,2026-09-09T19:50:00+02:00
XAUUSD,5m,2026-09-09T17:55:00+00:00,4415.09,4416.41,4414.9,4416.04,1256.0,2026-09-09T19:55:00+02:00
XAUUSD,5m,2026-09-09T18:00:00+00:00,4416.04,4418.98,4415.83,4418.48,2381.0,2026-09-09T20:00:00+02:00
XAUUSD,5m,2026-09-09T18:05:00+00:00,4418.48,4418.98,4415.78,4418.1,2479.0,2026-09-09T20:05:00+02:00
XAUUSD,5m,2026-09-09T18:10:00+00:00,4418.1,4421.48,4417.67,4420.3,2171.0,2026-09-09T20:10:00+02:00
XAUUSD,5m,2026-09-09T18:15:00+00:00,4420.3,4420.61,4417.65,4419.04,1885.0,2026-09-09T20:15:00+02:00
XAUUSD,5m,2026-09-09T18:20:00+00:00,4419.04,4419.62,4417.02,4417.51,2475.0,2026-09-09T20:20:00+02:00
XAUUSD,5m,2026-09-09T18:25:00+00:00,4417.51,4417.98,4416.63,4417.89,2210.0,2026-09-09T20:25:00+02:00
XAUUSD,5m,2026-09-09T18:30:00+00:00,4417.89,4418.32,4413.65,4414.96,3277.0,2026-09-09T20:30:00+02:00
XAUUSD,5m,2026-09-09T18:35:00+00:00,4414.96,4415.6,4413.39,4414.84,2339.0,2026-09-09T20:35:00+02:00
XAUUSD,5m,2026-09-09T18:40:00+00:00,4414.84,4416.5,4409.48,4409.81,2249.0,2026-09-09T20:40:00+02:00
XAUUSD,5m,2026-09-09T18:45:00+00:00,4409.81,4410.11,4406.28,4406.44,3108.0,2026-09-09T20:45:00+02:00
XAUUSD,5m,2026-09-09T18:50:00+00:00,4406.44,4407.77,4404.99,4405.67,3885.0,2026-09-09T20:50:00+02:00
XAUUSD,5m,2026-09-09T18:55:00+00:00,4405.67,4407.0,4401.57,4403.08,2950.0,2026-09-09T20:55:00+02:00
XAUUSD,5m,2026-09-09T19:00:00+00:00,4403.08,4404.1,4396.86,4398.31,4489.0,2026-09-09T21:00:00+02:00
XAUUSD,5m,2026-09-09T19:05:00+00:00,4398.31,4400.08,4396.85,4399.13,3141.0,2026-09-09T21:05:00+02:00
XAUUSD,5m,2026-09-09T19:10:00+00:00,4399.13,4400.53,4396.99,4400.19,2695.0,2026-09-09T21:10:00+02:00
XAUUSD,5m,2026-09-09T19:15:00+00:00,4400.19,4402.25,4398.46,4401.88,2752.0,2026-09-09T21:15:00+02:00
XAUUSD,5m,2026-09-09T19:20:00+00:00,4401.88,4404.8,4401.59,4404.43,1972.0,2026-09-09T21:20:00+02:00
XAUUSD,5m,2026-09-09T19:25:00+00:00,4404.43,4404.72,4399.47,4399.5,2037.0,2026-09-09T21:25:00+02:00
XAUUSD,5m,2026-09-09T19:30:00+00:00,4399.5,4400.83,4398.41,4398.85,1963.0,2026-09-09T21:30:00+02:00
XAUUSD,5m,2026-09-09T19:35:00+00:00,4398.85,4398.92,4395.58,4397.3,1786.0,2026-09-09T21:35:00+02:00
XAUUSD,5m,2026-09-09T19:40:00+00:00,4397.3,4399.92,4396.18,4399.8,2426.0,2026-09-09T21:40:00+02:00
XAUUSD,5m,2026-09-09T19:45:00+00:00,4399.8,4401.55,4399.57,4400.24,2658.0,2026-09-09T21:45:00+02:00
XAUUSD,5m,2026-09-09T19:50:00+00:00,4400.24,4400.73,4396.25,4398.91,3087.0,2026-09-09T21:50:00+02:00
XAUUSD,5m,2026-09-09T19:55:00+00:00,4398.91,4400.05,4397.64,4399.13,4316.0,2026-09-09T21:55:00+02:00
XAUUSD,5m,2026-09-09T20:00:00+00:00,4399.13,4399.33,4396.04,4396.76,1304.0,2026-09-09T22:00:00+02:00
XAUUSD,5m,2026-09-09T20:05:00+00:00,4396.76,4397.35,4396.36,4397.02,692.0,2026-09-09T22:05:00+02:00
XAUUSD,5m,2026-09-09T20:10:00+00:00,4397.02,4398.31,4396.83,4397.24,592.0,2026-09-09T22:10:00+02:00
XAUUSD,5m,2026-09-09T20:15:00+00:00,4397.24,4397.45,4394.24,4394.49,882.0,2026-09-09T22:15:00+02:00
XAUUSD,5m,2026-09-09T20:20:00+00:00,4394.49,4394.93,4393.43,4394.89,858.0,2026-09-09T22:20:00+02:00
XAUUSD,5m,2026-09-09T20:25:00+00:00,4394.89,4395.93,4393.76,4394.69,548.0,2026-09-09T22:25:00+02:00
XAUUSD,5m,2026-09-09T20:30:00+00:00,4394.69,4397.58,4394.69,4397.18,669.0,2026-09-09T22:30:00+02:00
XAUUSD,5m,2026-09-09T20:35:00+00:00,4397.18,4400.85,4397.05,4399.41,787.0,2026-09-09T22:35:00+02:00
XAUUSD,5m,2026-09-09T20:40:00+00:00,4399.41,4400.32,4398.68,4400.06,653.0,2026-09-09T22:40:00+02:00
XAUUSD,5m,2026-09-09T20:45:00+00:00,4400.06,4400.95,4399.3,4400.01,658.0,2026-09-09T22:45:00+02:00
XAUUSD,5m,2026-09-09T20:50:00+00:00,4400.01,4400.53,4399.46,4400.23,675.0,2026-09-09T22:50:00+02:00
XAUUSD,5m,2026-09-09T20:55:00+00:00,4400.23,4402.95,4399.58,4400.87,997.0,2026-09-09T22:55:00+02:00
XAUUSD,5m,2026-09-09T22:00:00+00:00,4400.87,4406.25,4400.87,4405.22,642.0,2026-09-10T00:00:00+02:00
XAUUSD,5m,2026-09-09T22:05:00+00:00,4405.22,4405.41,4403.18,4404.48,839.0,2026-09-10T00:05:00+02:00
XAUUSD,5m,2026-09-09T22:10:00+00:00,4404.48,4406.08,4402.52,4402.92,773.0,2026-09-10T00:10:00+02:00
XAUUSD,5m,2026-09-09T22:15:00+00:00,4402.92,4404.32,4402.13,4403.24,552.0,2026-09-10T00:15:00+02:00
XAUUSD,5m,2026-09-09T22:20:00+00:00,4403.24,4403.36,4401.16,4401.75,486.0,2026-09-10T00:20:00+02:00
XAUUSD,5m,2026-09-09T22:25:00+00:00,4401.75,4402.99,4400.33,4402.32,683.0,2026-09-10T00:25:00+02:00
XAUUSD,5m,2026-09-09T22:30:00+00:00,4402.32,4403.81,4401.43,4402.33,1158.0,2026-09-10T00:30:00+02:00
XAUUSD,5m,2026-09-09T22:35:00+00:00,4402.33,4403.18,4399.84,4400.32,897.0,2026-09-10T00:35:00+02:00
XAUUSD,5m,2026-09-09T22:40:00+00:00,4400.32,4402.54,4399.98,4401.31,763.0,2026-09-10T00:40:00+02:00
XAUUSD,5m,2026-09-09T22:45:00+00:00,4401.31,4401.59,4397.7,4400.18,1296.0,2026-09-10T00:45:00+02:00
XAUUSD,5m,2026-09-09T22:50:00+00:00,4400.18,4400.39,4398.6,4398.68,640.0,2026-09-10T00:50:00+02:00
XAUUSD,5m,2026-09-09T22:55:00+00:00,4398.68,4401.15,4397.69,4399.74,816.0,2026-09-10T00:55:00+02:00
XAUUSD,5m,2026-09-09T23:00:00+00:00,4399.74,4403.11,4399.54,4402.72,1138.0,2026-09-10T01:00:00+02:00
XAUUSD,5m,2026-09-09T23:05:00+00:00,4402.72,4402.76,4398.35,4400.07,1312.0,2026-09-10T01:05:00+02:00
XAUUSD,5m,2026-09-09T23:10:00+00:00,4400.07,4402.47,4399.72,4400.6,898.0,2026-09-10T01:10:00+02:00
XAUUSD,5m,2026-09-09T23:15:00+00:00,4400.6,4402.33,4398.04,4400.04,1122.0,2026-09-10T01:15:00+02:00
XAUUSD,5m,2026-09-09T23:20:00+00:00,4400.04,4401.4,4396.99,4397.43,693.0,2026-09-10T01:20:00+02:00
XAUUSD,5m,2026-09-09T23:25:00+00:00,4397.43,4400.1,4395.73,4397.71,1432.0,2026-09-10T01:25:00+02:00
XAUUSD,5m,2026-09-09T23:30:00+00:00,4397.71,4399.21,4393.81,4394.11,1356.0,2026-09-10T01:30:00+02:00
XAUUSD,5m,2026-09-09T23:35:00+00:00,4394.11,4394.81,4393.37,4394.04,572.0,2026-09-10T01:35:00+02:00
XAUUSD,5m,2026-09-09T23:40:00+00:00,4394.04,4394.34,4393.3,4394.31,531.0,2026-09-10T01:40:00+02:00
XAUUSD,5m,2026-09-09T23:45:00+00:00,4394.31,4395.24,4393.4,4394.14,1302.0,2026-09-10T01:45:00+02:00
XAUUSD,5m,2026-09-09T23:50:00+00:00,4394.14,4394.9,4393.4,4394.3,921.0,2026-09-10T01:50:00+02:00
XAUUSD,5m,2026-09-09T23:55:00+00:00,4394.3,4394.7,4393.1,4394.13,874.0,2026-09-10T01:55:00+02:00
XAUUSD,5m,2026-09-10T00:00:00+00:00,4394.13,4394.25,4389.65,4392.06,2388.0,2026-09-10T02:00:00+02:00
XAUUSD,5m,2026-09-10T00:05:00+00:00,4392.06,4394.24,4390.06,4393.74,1584.0,2026-09-10T02:05:00+02:00
XAUUSD,5m,2026-09-10T00:10:00+00:00,4393.74,4397.04,4392.98,4394.93,2083.0,2026-09-10T02:10:00+02:00
XAUUSD,5m,2026-09-10T00:15:00+00:00,4394.93,4398.44,4394.37,4396.65,2072.0,2026-09-10T02:15:00+02:00
XAUUSD,5m,2026-09-10T00:20:00+00:00,4396.65,4397.94,4395.35,4395.85,2032.0,2026-09-10T02:20:00+02:00
XAUUSD,5m,2026-09-10T00:25:00+00:00,4395.85,4397.5,4392.17,4392.84,2521.0,2026-09-10T02:25:00+02:00
XAUUSD,5m,2026-09-10T00:30:00+00:00,4392.84,4395.02,4391.36,4394.57,2170.0,2026-09-10T02:30:00+02:00
XAUUSD,5m,2026-09-10T00:35:00+00:00,4394.57,4398.62,4394.57,4398.31,2150.0,2026-09-10T02:35:00+02:00
XAUUSD,5m,2026-09-10T00:40:00+00:00,4398.31,4401.5,4396.42,4400.92,2352.0,2026-09-10T02:40:00+02:00
XAUUSD,5m,2026-09-10T00:45:00+00:00,4400.92,4401.05,4397.83,4399.93,2137.0,2026-09-10T02:45:00+02:00
XAUUSD,5m,2026-09-10T00:50:00+00:00,4399.93,4404.86,4397.9,4402.61,2744.0,2026-09-10T02:50:00+02:00
XAUUSD,5m,2026-09-10T00:55:00+00:00,4402.61,4403.57,4400.59,4400.98,2832.0,2026-09-10T02:55:00+02:00
XAUUSD,5m,2026-09-10T01:00:00+00:00,4400.98,4413.07,4399.97,4409.06,6595.0,2026-09-10T03:00:00+02:00
XAUUSD,5m,2026-09-10T01:05:00+00:00,4409.06,4418.75,4407.88,4418.02,3865.0,2026-09-10T03:05:00+02:00
XAUUSD,5m,2026-09-10T01:10:00+00:00,4418.02,4419.11,4411.7,4412.75,3794.0,2026-09-10T03:10:00+02:00
XAUUSD,5m,2026-09-10T01:15:00+00:00,4412.75,4416.42,4411.43,4415.15,4742.0,2026-09-10T03:15:00+02:00
XAUUSD,5m,2026-09-10T01:20:00+00:00,4415.15,4415.32,4410.49,4412.46,4615.0,2026-09-10T03:20:00+02:00
XAUUSD,5m,2026-09-10T01:25:00+00:00,4412.46,4416.49,4410.24,4410.44,4052.0,2026-09-10T03:25:00+02:00
XAUUSD,5m,2026-09-10T01:30:00+00:00,4410.44,4410.95,4405.22,4407.99,4655.0,2026-09-10T03:30:00+02:00
XAUUSD,5m,2026-09-10T01:35:00+00:00,4407.99,4410.52,4406.15,4407.2,4587.0,2026-09-10T03:35:00+02:00
XAUUSD,5m,2026-09-10T01:40:00+00:00,4407.2,4410.5,4407.13,4410.07,4453.0,2026-09-10T03:40:00+02:00
XAUUSD,5m,2026-09-10T01:45:00+00:00,4410.07,4414.37,4408.94,4413.14,4452.0,2026-09-10T03:45:00+02:00
XAUUSD,5m,2026-09-10T01:50:00+00:00,4413.14,4414.42,4408.23,4408.77,4504.0,2026-09-10T03:50:00+02:00
XAUUSD,5m,2026-09-10T01:55:00+00:00,4408.77,4413.05,4407.95,4412.12,4259.0,2026-09-10T03:55:00+02:00
XAUUSD,5m,2026-09-10T02:00:00+00:00,4412.12,4418.01,4411.53,4414.94,4422.0,2026-09-10T04:00:00+02:00
XAUUSD,5m,2026-09-10T02:05:00+00:00,4414.94,4418.76,4414.21,4416.44,3543.0,2026-09-10T04:05:00+02:00
XAUUSD,5m,2026-09-10T02:10:00+00:00,4416.44,4417.13,4411.97,4413.91,3702.0,2026-09-10T04:10:00+02:00
XAUUSD,5m,2026-09-10T02:15:00+00:00,4413.91,4414.63,4408.03,4409.59,2147.0,2026-09-10T04:15:00+02:00
XAUUSD,5m,2026-09-10T02:20:00+00:00,4409.59,4413.86,4408.63,4412.78,2026.0,2026-09-10T04:20:00+02:00
XAUUSD,5m,2026-09-10T02:25:00+00:00,4412.78,4417.64,4412.17,4416.97,2276.0,2026-09-10T04:25:00+02:00
XAUUSD,5m,2026-09-10T02:30:00+00:00,4416.97,4417.72,4411.0,4415.82,3915.0,2026-09-10T04:30:00+02:00
XAUUSD,5m,2026-09-10T02:35:00+00:00,4415.82,4420.35,4414.34,4418.4,3562.0,2026-09-10T04:35:00+02:00
XAUUSD,5m,2026-09-10T02:40:00+00:00,4418.4,4420.81,4417.25,4418.07,2495.0,2026-09-10T04:40:00+02:00
XAUUSD,5m,2026-09-10T02:45:00+00:00,4418.07,4419.26,4416.7,4417.84,2385.0,2026-09-10T04:45:00+02:00
XAUUSD,5m,2026-09-10T02:50:00+00:00,4417.84,4420.77,4416.05,4420.55,2469.0,2026-09-10T04:50:00+02:00
XAUUSD,5m,2026-09-10T02:55:00+00:00,4420.55,4420.55,4417.35,4419.31,2366.0,2026-09-10T04:55:00+02:00
XAUUSD,5m,2026-09-10T03:00:00+00:00,4419.31,4420.96,4415.46,4417.54,2955.0,2026-09-10T05:00:00+02:00
XAUUSD,5m,2026-09-10T03:05:00+00:00,4417.54,4417.54,4411.57,4413.26,2780.0,2026-09-10T05:05:00+02:00
XAUUSD,5m,2026-09-10T03:10:00+00:00,4413.26,4416.62,4412.22,4412.57,3080.0,2026-09-10T05:10:00+02:00
XAUUSD,5m,2026-09-10T03:15:00+00:00,4412.57,4414.73,4412.21,4414.26,2204.0,2026-09-10T05:15:00+02:00
XAUUSD,5m,2026-09-10T03:20:00+00:00,4414.26,4414.88,4411.45,4412.19,1899.0,2026-09-10T05:20:00+02:00
XAUUSD,5m,2026-09-10T03:25:00+00:00,4412.19,4412.58,4409.21,4410.16,2700.0,2026-09-10T05:25:00+02:00
XAUUSD,5m,2026-09-10T03:30:00+00:00,4410.16,4412.6,4409.62,4411.35,1868.0,2026-09-10T05:30:00+02:00
XAUUSD,5m,2026-09-10T03:35:00+00:00,4411.35,4411.35,4408.02,4408.66,1480.0,2026-09-10T05:35:00+02:00
XAUUSD,5m,2026-09-10T03:40:00+00:00,4408.66,4408.71,4407.11,4407.92,1201.0,2026-09-10T05:40:00+02:00
XAUUSD,5m,2026-09-10T03:45:00+00:00,4407.92,4410.01,4407.92,4408.99,1455.0,2026-09-10T05:45:00+02:00
XAUUSD,5m,2026-09-10T03:50:00+00:00,4408.99,4408.99,4406.76,4407.95,1010.0,2026-09-10T05:50:00+02:00
XAUUSD,5m,2026-09-10T03:55:00+00:00,4407.95,4409.63,4407.68,4409.14,908.0,2026-09-10T05:55:00+02:00
XAUUSD,5m,2026-09-10T04:00:00+00:00,4409.14,4412.98,4409.14,4412.96,1398.0,2026-09-10T06:00:00+02:00
XAUUSD,5m,2026-09-10T04:05:00+00:00,4412.96,4414.15,4412.33,4413.06,1107.0,2026-09-10T06:05:00+02:00
XAUUSD,5m,2026-09-10T04:10:00+00:00,4413.06,4415.5,4412.85,4414.02,1238.0,2026-09-10T06:10:00+02:00
XAUUSD,5m,2026-09-10T04:15:00+00:00,4414.02,4415.18,4413.75,4414.67,840.0,2026-09-10T06:15:00+02:00
XAUUSD,5m,2026-09-10T04:20:00+00:00,4414.67,4415.49,4413.5,4413.89,990.0,2026-09-10T06:20:00+02:00
XAUUSD,5m,2026-09-10T04:25:00+00:00,4413.89,4414.72,4410.69,4411.65,975.0,2026-09-10T06:25:00+02:00
XAUUSD,5m,2026-09-10T04:30:00+00:00,4411.65,4413.68,4410.6,4410.99,1223.0,2026-09-10T06:30:00+02:00
XAUUSD,5m,2026-09-10T04:35:00+00:00,4410.99,4411.33,4407.69,4408.09,1136.0,2026-09-10T06:35:00+02:00
XAUUSD,5m,2026-09-10T04:40:00+00:00,4408.09,4408.65,4405.42,4406.63,1352.0,2026-09-10T06:40:00+02:00
XAUUSD,5m,2026-09-10T04:45:00+00:00,4406.63,4409.51,4406.22,4409.51,1083.0,2026-09-10T06:45:00+02:00
XAUUSD,5m,2026-09-10T04:50:00+00:00,4409.51,4411.66,4407.02,4407.14,1467.0,2026-09-10T06:50:00+02:00
XAUUSD,5m,2026-09-10T04:55:00+00:00,4407.14,4408.78,4406.67,4408.42,1099.0,2026-09-10T06:55:00+02:00
XAUUSD,5m,2026-09-10T05:00:00+00:00,4408.42,4411.76,4408.11,4409.35,1705.0,2026-09-10T07:00:00+02:00
XAUUSD,5m,2026-09-10T05:05:00+00:00,4409.35,4414.94,4408.28,4414.55,1853.0,2026-09-10T07:05:00+02:00
XAUUSD,5m,2026-09-10T05:10:00+00:00,4414.55,4418.76,4414.55,4418.76,2055.0,2026-09-10T07:10:00+02:00
XAUUSD,5m,2026-09-10T05:15:00+00:00,4418.76,4420.06,4416.67,4418.41,2066.0,2026-09-10T07:15:00+02:00
XAUUSD,5m,2026-09-10T05:20:00+00:00,4418.41,4419.9,4417.93,4418.82,1311.0,2026-09-10T07:20:00+02:00
XAUUSD,5m,2026-09-10T05:25:00+00:00,4418.82,4420.76,4417.04,4420.76,1616.0,2026-09-10T07:25:00+02:00
XAUUSD,5m,2026-09-10T05:30:00+00:00,4420.76,4427.59,4417.38,4425.7,6683.0,2026-09-10T07:30:00+02:00
XAUUSD,5m,2026-09-10T05:35:00+00:00,4425.7,4427.61,4421.65,4423.12,3808.0,2026-09-10T07:35:00+02:00
XAUUSD,5m,2026-09-10T05:40:00+00:00,4423.12,4429.47,4422.54,4427.98,3266.0,2026-09-10T07:40:00+02:00
XAUUSD,5m,2026-09-10T05:45:00+00:00,4427.98,4430.28,4425.73,4425.77,3718.0,2026-09-10T07:45:00+02:00
XAUUSD,5m,2026-09-10T05:50:00+00:00,4425.77,4428.02,4423.54,4427.01,3326.0,2026-09-10T07:50:00+02:00
XAUUSD,5m,2026-09-10T05:55:00+00:00,4427.01,4431.18,4425.55,4431.09,2474.0,2026-09-10T07:55:00+02:00
XAUUSD,5m,2026-09-10T06:00:00+00:00,4431.09,4434.63,4426.78,4426.78,3543.0,2026-09-10T08:00:00+02:00
XAUUSD,5m,2026-09-10T06:05:00+00:00,4426.78,4427.73,4422.44,4422.46,2628.0,2026-09-10T08:05:00+02:00
XAUUSD,5m,2026-09-10T06:10:00+00:00,4422.46,4423.09,4415.92,4416.29,2403.0,2026-09-10T08:10:00+02:00
XAUUSD,5m,2026-09-10T06:15:00+00:00,4416.29,4416.35,4413.01,4414.74,3246.0,2026-09-10T08:15:00+02:00
XAUUSD,5m,2026-09-10T06:20:00+00:00,4414.74,4416.13,4410.81,4415.99,3489.0,2026-09-10T08:20:00+02:00
XAUUSD,5m,2026-09-10T06:25:00+00:00,4415.99,4417.6,4413.19,4417.49,3112.0,2026-09-10T08:25:00+02:00
XAUUSD,5m,2026-09-10T06:30:00+00:00,4417.49,4418.99,4414.67,4415.27,3236.0,2026-09-10T08:30:00+02:00
XAUUSD,5m,2026-09-10T06:35:00+00:00,4415.27,4418.7,4413.18,4418.53,2678.0,2026-09-10T08:35:00+02:00
XAUUSD,5m,2026-09-10T06:40:00+00:00,4418.53,4426.9,4418.53,4426.78,2698.0,2026-09-10T08:40:00+02:00
XAUUSD,5m,2026-09-10T06:45:00+00:00,4426.78,4428.75,4424.14,4424.72,2466.0,2026-09-10T08:45:00+02:00
XAUUSD,5m,2026-09-10T06:50:00+00:00,4424.72,4428.42,4423.64,4424.93,3915.0,2026-09-10T08:50:00+02:00
XAUUSD,5m,2026-09-10T06:55:00+00:00,4424.93,4425.51,4423.25,4425.16,1937.0,2026-09-10T08:55:00+02:00
XAUUSD,5m,2026-09-10T07:00:00+00:00,4425.16,4425.37,4414.76,4415.12,3248.0,2026-09-10T09:00:00+02:00
XAUUSD,5m,2026-09-10T07:05:00+00:00,4415.12,4416.5,4414.05,4414.95,2474.0,2026-09-10T09:05:00+02:00
XAUUSD,5m,2026-09-10T07:10:00+00:00,4414.95,4417.32,4412.97,4413.36,2425.0,2026-09-10T09:10:00+02:00
XAUUSD,5m,2026-09-10T07:15:00+00:00,4413.36,4415.01,4411.58,4412.49,1979.0,2026-09-10T09:15:00+02:00
XAUUSD,5m,2026-09-10T07:20:00+00:00,4412.49,4413.16,4410.36,4411.52,2063.0,2026-09-10T09:20:00+02:00
XAUUSD,5m,2026-09-10T07:25:00+00:00,4411.52,4411.79,4407.94,4408.42,2345.0,2026-09-10T09:25:00+02:00
XAUUSD,5m,2026-09-10T07:30:00+00:00,4408.42,4410.76,4404.05,4404.56,3668.0,2026-09-10T09:30:00+02:00
XAUUSD,5m,2026-09-10T07:35:00+00:00,4404.56,4407.61,4403.98,4406.07,2865.0,2026-09-10T09:35:00+02:00
XAUUSD,5m,2026-09-10T07:40:00+00:00,4406.07,4409.74,4405.08,4409.63,2230.0,2026-09-10T09:40:00+02:00
XAUUSD,5m,2026-09-10T07:45:00+00:00,4409.63,4412.72,4408.87,4411.38,2530.0,2026-09-10T09:45:00+02:00
XAUUSD,5m,2026-09-10T07:50:00+00:00,4411.38,4415.41,4411.14,4414.67,1930.0,2026-09-10T09:50:00+02:00
XAUUSD,5m,2026-09-10T07:55:00+00:00,4414.67,4414.75,4411.13,4411.7,1814.0,2026-09-10T09:55:00+02:00
XAUUSD,5m,2026-09-10T08:00:00+00:00,4411.7,4412.75,4407.36,4407.53,2596.0,2026-09-10T10:00:00+02:00
XAUUSD,5m,2026-09-10T08:05:00+00:00,4407.53,4408.98,4406.53,4408.93,2499.0,2026-09-10T10:05:00+02:00
XAUUSD,5m,2026-09-10T08:10:00+00:00,4408.93,4409.7,4404.58,4405.7,2226.0,2026-09-10T10:10:00+02:00
XAUUSD,5m,2026-09-10T08:15:00+00:00,4405.7,4406.93,4404.75,4406.24,1864.0,2026-09-10T10:15:00+02:00
XAUUSD,5m,2026-09-10T08:20:00+00:00,4406.24,4407.77,4405.3,4406.34,1721.0,2026-09-10T10:20:00+02:00
XAUUSD,5m,2026-09-10T08:25:00+00:00,4406.34,4406.49,4403.91,4405.77,2526.0,2026-09-10T10:25:00+02:00
XAUUSD,5m,2026-09-10T08:30:00+00:00,4405.77,4406.05,4399.81,4399.84,3039.0,2026-09-10T10:30:00+02:00
XAUUSD,5m,2026-09-10T08:35:00+00:00,4399.84,4401.56,4398.55,4399.66,2667.0,2026-09-10T10:35:00+02:00
XAUUSD,5m,2026-09-10T08:40:00+00:00,4399.66,4400.41,4394.77,4395.81,2925.0,2026-09-10T10:40:00+02:00
XAUUSD,5m,2026-09-10T08:45:00+00:00,4395.81,4396.52,4392.36,4392.84,3626.0,2026-09-10T10:45:00+02:00
XAUUSD,5m,2026-09-10T08:50:00+00:00,4392.84,4398.37,4392.74,4396.65,2619.0,2026-09-10T10:50:00+02:00
XAUUSD,5m,2026-09-10T08:55:00+00:00,4396.65,4396.65,4393.7,4394.79,2409.0,2026-09-10T10:55:00+02:00
XAUUSD,5m,2026-09-10T09:00:00+00:00,4394.79,4396.52,4393.22,4395.57,2939.0,2026-09-10T11:00:00+02:00
XAUUSD,5m,2026-09-10T09:05:00+00:00,4395.57,4396.56,4389.77,4391.36,2497.0,2026-09-10T11:05:00+02:00
XAUUSD,5m,2026-09-10T09:10:00+00:00,4391.36,4395.05,4391.34,4395.05,1992.0,2026-09-10T11:10:00+02:00
XAUUSD,5m,2026-09-10T09:15:00+00:00,4395.05,4396.84,4393.4,4395.7,2568.0,2026-09-10T11:15:00+02:00
XAUUSD,5m,2026-09-10T09:20:00+00:00,4395.7,4396.0,4392.05,4392.65,1925.0,2026-09-10T11:20:00+02:00
XAUUSD,5m,2026-09-10T09:25:00+00:00,4392.65,4395.54,4391.63,4392.76,2114.0,2026-09-10T11:25:00+02:00
XAUUSD,5m,2026-09-10T09:30:00+00:00,4392.76,4392.96,4389.49,4391.94,2914.0,2026-09-10T11:30:00+02:00
XAUUSD,5m,2026-09-10T09:35:00+00:00,4391.94,4393.09,4390.65,4390.72,2185.0,2026-09-10T11:35:00+02:00
XAUUSD,5m,2026-09-10T09:40:00+00:00,4390.72,4393.12,4388.26,4393.12,2640.0,2026-09-10T11:40:00+02:00
XAUUSD,5m,2026-09-10T09:45:00+00:00,4393.12,4395.68,4392.5,4394.93,2049.0,2026-09-10T11:45:00+02:00
XAUUSD,5m,2026-09-10T09:50:00+00:00,4394.93,4395.73,4393.86,4394.8,1638.0,2026-09-10T11:50:00+02:00
XAUUSD,5m,2026-09-10T09:55:00+00:00,4394.8,4395.1,4393.2,4393.96,1774.0,2026-09-10T11:55:00+02:00
XAUUSD,5m,2026-09-10T10:00:00+00:00,4393.96,4399.33,4391.54,4398.16,4419.0,2026-09-10T12:00:00+02:00
XAUUSD,5m,2026-09-10T10:05:00+00:00,4398.16,4399.97,4391.84,4392.85,3626.0,2026-09-10T12:05:00+02:00
XAUUSD,5m,2026-09-10T10:10:00+00:00,4392.85,4397.29,4389.67,4395.06,3691.0,2026-09-10T12:10:00+02:00
XAUUSD,5m,2026-09-10T10:15:00+00:00,4395.06,4400.19,4394.3,4398.62,2826.0,2026-09-10T12:15:00+02:00
XAUUSD,5m,2026-09-10T10:20:00+00:00,4398.62,4399.23,4395.81,4395.86,2095.0,2026-09-10T12:20:00+02:00
XAUUSD,5m,2026-09-10T10:25:00+00:00,4395.86,4397.26,4393.59,4394.03,2760.0,2026-09-10T12:25:00+02:00
XAUUSD,5m,2026-09-10T10:30:00+00:00,4394.03,4394.63,4383.49,4384.81,4470.0,2026-09-10T12:30:00+02:00
XAUUSD,5m,2026-09-10T10:35:00+00:00,4384.81,4385.58,4377.9,4385.45,4806.0,2026-09-10T12:35:00+02:00
XAUUSD,5m,2026-09-10T10:40:00+00:00,4385.45,4386.51,4383.02,4383.71,2982.0,2026-09-10T12:40:00+02:00
XAUUSD,5m,2026-09-10T10:45:00+00:00,4383.71,4385.77,4380.16,4382.94,3490.0,2026-09-10T12:45:00+02:00
XAUUSD,5m,2026-09-10T10:50:00+00:00,4382.94,4383.59,4375.07,4377.14,3552.0,2026-09-10T12:50:00+02:00
XAUUSD,5m,2026-09-10T10:55:00+00:00,4377.14,4388.06,4376.88,4378.83,7409.0,2026-09-10T12:55:00+02:00
XAUUSD,5m,2026-09-10T11:00:00+00:00,4378.83,4384.49,4378.0,4383.74,5376.0,2026-09-10T13:00:00+02:00
XAUUSD,5m,2026-09-10T11:05:00+00:00,4383.74,4384.41,4378.68,4379.43,4227.0,2026-09-10T13:05:00+02:00
XAUUSD,5m,2026-09-10T11:10:00+00:00,4379.43,4383.68,4375.22,4383.43,4456.0,2026-09-10T13:10:00+02:00
XAUUSD,5m,2026-09-10T11:15:00+00:00,4383.43,4385.66,4380.96,4382.81,4247.0,2026-09-10T13:15:00+02:00
XAUUSD,5m,2026-09-10T11:20:00+00:00,4382.81,4383.55,4379.89,4382.69,3734.0,2026-09-10T13:20:00+02:00
XAUUSD,5m,2026-09-10T11:25:00+00:00,4382.69,4388.79,4382.5,4385.85,3182.0,2026-09-10T13:25:00+02:00
XAUUSD,5m,2026-09-10T11:30:00+00:00,4385.85,4388.55,4384.44,4386.66,3173.0,2026-09-10T13:30:00+02:00
XAUUSD,5m,2026-09-10T11:35:00+00:00,4386.66,4389.58,4386.25,4389.41,2425.0,2026-09-10T13:35:00+02:00
XAUUSD,5m,2026-09-10T11:40:00+00:00,4389.41,4390.8,4384.34,4384.48,3011.0,2026-09-10T13:40:00+02:00
XAUUSD,5m,2026-09-10T11:45:00+00:00,4384.48,4385.27,4380.25,4381.53,2888.0,2026-09-10T13:45:00+02:00
XAUUSD,5m,2026-09-10T11:50:00+00:00,4381.53,4382.65,4375.75,4380.44,3695.0,2026-09-10T13:50:00+02:00
XAUUSD,5m,2026-09-10T11:55:00+00:00,4380.44,4380.44,4373.29,4374.46,5614.0,2026-09-10T13:55:00+02:00
XAUUSD,5m,2026-09-10T12:00:00+00:00,4374.46,4376.95,4370.48,4372.58,6881.0,2026-09-10T14:00:00+02:00
XAUUSD,5m,2026-09-10T12:05:00+00:00,4372.58,4376.57,4369.76,4372.08,6005.0,2026-09-10T14:05:00+02:00
XAUUSD,5m,2026-09-10T12:10:00+00:00,4372.08,4377.8,4371.82,4375.34,3473.0,2026-09-10T14:10:00+02:00
XAUUSD,5m,2026-09-10T12:15:00+00:00,4375.34,4377.08,4366.23,4371.95,5915.0,2026-09-10T14:15:00+02:00
XAUUSD,5m,2026-09-10T12:20:00+00:00,4371.95,4373.83,4365.51,4367.35,6814.0,2026-09-10T14:20:00+02:00
XAUUSD,5m,2026-09-10T12:25:00+00:00,4367.35,4368.22,4361.74,4363.15,4274.0,2026-09-10T14:25:00+02:00
XAUUSD,5m,2026-09-10T12:30:00+00:00,4363.15,4373.01,4339.57,4342.18,13359.0,2026-09-10T14:30:00+02:00
XAUUSD,5m,2026-09-10T12:35:00+00:00,4342.18,4343.11,4324.0,4326.88,13500.0,2026-09-10T14:35:00+02:00
XAUUSD,5m,2026-09-10T12:40:00+00:00,4326.88,4343.09,4323.9,4340.79,12808.0,2026-09-10T14:40:00+02:00
XAUUSD,5m,2026-09-10T12:45:00+00:00,4340.79,4349.6,4338.37,4349.6,10561.0,2026-09-10T14:45:00+02:00
XAUUSD,5m,2026-09-10T12:50:00+00:00,4349.6,4354.9,4342.45,4343.35,10491.0,2026-09-10T14:50:00+02:00
XAUUSD,5m,2026-09-10T12:55:00+00:00,4343.35,4344.15,4336.22,4340.07,10366.0,2026-09-10T14:55:00+02:00
XAUUSD,5m,2026-09-10T13:00:00+00:00,4340.07,4355.37,4338.98,4351.01,14902.0,2026-09-10T15:00:00+02:00
XAUUSD,5m,2026-09-10T13:05:00+00:00,4351.01,4353.43,4346.51,4347.19,11772.0,2026-09-10T15:05:00+02:00
XAUUSD,5m,2026-09-10T13:10:00+00:00,4347.19,4351.21,4343.69,4343.87,10479.0,2026-09-10T15:10:00+02:00
XAUUSD,5m,2026-09-10T13:15:00+00:00,4343.87,4349.2,4341.31,4349.13,9017.0,2026-09-10T15:15:00+02:00
XAUUSD,5m,2026-09-10T13:20:00+00:00,4349.13,4356.03,4349.13,4350.1,8146.0,2026-09-10T15:20:00+02:00
XAUUSD,5m,2026-09-10T13:25:00+00:00,4350.1,4357.85,4344.85,4357.82,7597.0,2026-09-10T15:25:00+02:00
XAUUSD,5m,2026-09-10T13:30:00+00:00,4357.82,4368.2,4352.25,4363.56,13774.0,2026-09-10T15:30:00+02:00
XAUUSD,5m,2026-09-10T13:35:00+00:00,4363.56,4371.59,4359.44,4369.51,13987.0,2026-09-10T15:35:00+02:00
XAUUSD,5m,2026-09-10T13:40:00+00:00,4369.51,4373.41,4363.37,4364.56,13457.0,2026-09-10T15:40:00+02:00
XAUUSD,5m,2026-09-10T13:45:00+00:00,4364.56,4375.9,4363.47,4371.53,11980.0,2026-09-10T15:45:00+02:00
XAUUSD,5m,2026-09-10T13:50:00+00:00,4371.53,4374.62,4362.44,4367.02,10633.0,2026-09-10T15:50:00+02:00
XAUUSD,5m,2026-09-10T13:55:00+00:00,4367.02,4370.4,4364.3,4365.9,7041.0,2026-09-10T15:55:00+02:00
XAUUSD,5m,2026-09-10T14:00:00+00:00,4365.9,4375.06,4365.59,4369.93,9533.0,2026-09-10T16:00:00+02:00
XAUUSD,5m,2026-09-10T14:05:00+00:00,4369.93,4371.58,4361.21,4364.27,11200.0,2026-09-10T16:05:00+02:00
XAUUSD,5m,2026-09-10T14:10:00+00:00,4364.27,4367.22,4359.08,4359.23,11719.0,2026-09-10T16:10:00+02:00
XAUUSD,5m,2026-09-10T14:15:00+00:00,4359.23,4363.17,4353.91,4361.47,9211.0,2026-09-10T16:15:00+02:00
XAUUSD,5m,2026-09-10T14:20:00+00:00,4361.47,4373.76,4359.11,4371.11,13039.0,2026-09-10T16:20:00+02:00
XAUUSD,5m,2026-09-10T14:25:00+00:00,4371.11,4376.32,4362.51,4363.31,14598.0,2026-09-10T16:25:00+02:00
XAUUSD,5m,2026-09-10T14:30:00+00:00,4363.31,4365.52,4360.15,4364.41,9046.0,2026-09-10T16:30:00+02:00
XAUUSD,5m,2026-09-10T14:35:00+00:00,4364.41,4370.26,4362.78,4363.03,7755.0,2026-09-10T16:35:00+02:00
XAUUSD,5m,2026-09-10T14:40:00+00:00,4363.03,4369.54,4356.03,4356.3,8374.0,2026-09-10T16:40:00+02:00
XAUUSD,5m,2026-09-10T14:45:00+00:00,4356.3,4358.91,4353.99,4357.75,7905.0,2026-09-10T16:45:00+02:00
XAUUSD,5m,2026-09-10T14:50:00+00:00,4357.75,4361.8,4354.96,4355.14,6973.0,2026-09-10T16:50:00+02:00
XAUUSD,5m,2026-09-10T14:55:00+00:00,4355.14,4359.94,4354.02,4358.13,7009.0,2026-09-10T16:55:00+02:00
XAUUSD,5m,2026-09-10T15:00:00+00:00,4358.13,4358.54,4352.54,4353.48,7662.0,2026-09-10T17:00:00+02:00
XAUUSD,5m,2026-09-10T15:05:00+00:00,4353.48,4358.93,4353.33,4355.54,5341.0,2026-09-10T17:05:00+02:00
XAUUSD,5m,2026-09-10T15:10:00+00:00,4355.54,4361.45,4355.18,4359.58,7194.0,2026-09-10T17:10:00+02:00
XAUUSD,5m,2026-09-10T15:15:00+00:00,4359.58,4364.87,4358.54,4363.37,6064.0,2026-09-10T17:15:00+02:00
XAUUSD,5m,2026-09-10T15:20:00+00:00,4363.37,4367.06,4361.07,4366.05,6752.0,2026-09-10T17:20:00+02:00
XAUUSD,5m,2026-09-10T15:25:00+00:00,4366.05,4367.73,4362.98,4365.46,5805.0,2026-09-10T17:25:00+02:00
XAUUSD,5m,2026-09-10T15:30:00+00:00,4365.46,4369.65,4362.23,4369.42,5813.0,2026-09-10T17:30:00+02:00
XAUUSD,5m,2026-09-10T15:35:00+00:00,4369.42,4372.24,4366.98,4368.37,5514.0,2026-09-10T17:35:00+02:00
XAUUSD,5m,2026-09-10T15:40:00+00:00,4368.37,4368.77,4364.06,4365.88,4636.0,2026-09-10T17:40:00+02:00
XAUUSD,5m,2026-09-10T15:45:00+00:00,4365.88,4366.97,4360.75,4366.83,5629.0,2026-09-10T17:45:00+02:00
XAUUSD,5m,2026-09-10T15:50:00+00:00,4366.83,4370.04,4365.21,4365.7,5076.0,2026-09-10T17:50:00+02:00
XAUUSD,5m,2026-09-10T15:55:00+00:00,4365.7,4367.51,4363.8,4365.71,4155.0,2026-09-10T17:55:00+02:00
XAUUSD,5m,2026-09-10T16:00:00+00:00,4365.71,4370.07,4364.49,4367.11,6252.0,2026-09-10T18:00:00+02:00
XAUUSD,5m,2026-09-10T16:05:00+00:00,4367.11,4368.79,4359.36,4359.72,5627.0,2026-09-10T18:05:00+02:00
XAUUSD,5m,2026-09-10T16:10:00+00:00,4359.72,4360.89,4353.84,4358.85,5990.0,2026-09-10T18:10:00+02:00
XAUUSD,5m,2026-09-10T16:15:00+00:00,4358.85,4361.15,4355.24,4359.16,4985.0,2026-09-10T18:15:00+02:00
XAUUSD,5m,2026-09-10T16:20:00+00:00,4359.16,4362.75,4358.81,4361.17,4620.0,2026-09-10T18:20:00+02:00
XAUUSD,5m,2026-09-10T16:25:00+00:00,4361.17,4363.68,4359.73,4362.87,3504.0,2026-09-10T18:25:00+02:00
XAUUSD,5m,2026-09-10T16:30:00+00:00,4362.87,4365.51,4357.12,4357.13,6503.0,2026-09-10T18:30:00+02:00
XAUUSD,5m,2026-09-10T16:35:00+00:00,4357.13,4361.29,4355.56,4360.38,6315.0,2026-09-10T18:35:00+02:00
XAUUSD,5m,2026-09-10T16:40:00+00:00,4360.38,4361.4,4356.13,4356.58,3912.0,2026-09-10T18:40:00+02:00
XAUUSD,5m,2026-09-10T16:45:00+00:00,4356.58,4363.14,4356.33,4360.07,4178.0,2026-09-10T18:45:00+02:00
XAUUSD,5m,2026-09-10T16:50:00+00:00,4360.07,4363.89,4360.06,4361.64,4008.0,2026-09-10T18:50:00+02:00
XAUUSD,5m,2026-09-10T16:55:00+00:00,4361.64,4364.33,4359.57,4364.02,2963.0,2026-09-10T18:55:00+02:00
XAUUSD,5m,2026-09-10T17:00:00+00:00,4364.02,4367.99,4359.56,4363.6,4641.0,2026-09-10T19:00:00+02:00
XAUUSD,5m,2026-09-10T17:05:00+00:00,4363.6,4364.6,4360.54,4361.82,3559.0,2026-09-10T19:05:00+02:00
XAUUSD,5m,2026-09-10T17:10:00+00:00,4361.82,4366.19,4361.31,4362.5,4259.0,2026-09-10T19:10:00+02:00
XAUUSD,5m,2026-09-10T17:15:00+00:00,4362.5,4364.87,4361.24,4364.21,4055.0,2026-09-10T19:15:00+02:00
XAUUSD,5m,2026-09-10T17:20:00+00:00,4364.21,4365.59,4362.5,4362.63,3906.0,2026-09-10T19:20:00+02:00
XAUUSD,5m,2026-09-10T17:25:00+00:00,4362.63,4366.89,4362.2,4365.79,5247.0,2026-09-10T19:25:00+02:00
XAUUSD,5m,2026-09-10T17:30:00+00:00,4365.79,4366.35,4362.14,4362.61,4854.0,2026-09-10T19:30:00+02:00
XAUUSD,5m,2026-09-10T17:35:00+00:00,4362.61,4363.98,4358.02,4358.48,3917.0,2026-09-10T19:35:00+02:00
XAUUSD,5m,2026-09-10T17:40:00+00:00,4358.48,4359.53,4355.31,4359.45,5011.0,2026-09-10T19:40:00+02:00
XAUUSD,5m,2026-09-10T17:45:00+00:00,4359.45,4360.16,4356.74,4357.77,4375.0,2026-09-10T19:45:00+02:00
XAUUSD,5m,2026-09-10T17:50:00+00:00,4357.77,4360.23,4357.11,4359.55,3801.0,2026-09-10T19:50:00+02:00
XAUUSD,5m,2026-09-10T17:55:00+00:00,4359.55,4359.74,4351.17,4352.59,3804.0,2026-09-10T19:55:00+02:00
XAUUSD,5m,2026-09-10T18:00:00+00:00,4352.59,4356.07,4348.64,4350.83,6327.0,2026-09-10T20:00:00+02:00
XAUUSD,5m,2026-09-10T18:05:00+00:00,4350.83,4350.96,4342.04,4343.24,6325.0,2026-09-10T20:05:00+02:00
XAUUSD,5m,2026-09-10T18:10:00+00:00,4343.24,4343.87,4340.31,4340.81,6437.0,2026-09-10T20:10:00+02:00
XAUUSD,5m,2026-09-10T18:15:00+00:00,4340.81,4344.93,4338.4,4342.15,5400.0,2026-09-10T20:15:00+02:00
XAUUSD,5m,2026-09-10T18:20:00+00:00,4342.15,4346.33,4341.96,4343.73,4479.0,2026-09-10T20:20:00+02:00
XAUUSD,5m,2026-09-10T18:25:00+00:00,4343.73,4345.23,4337.29,4338.98,5685.0,2026-09-10T20:25:00+02:00
XAUUSD,5m,2026-09-10T18:30:00+00:00,4338.98,4339.03,4332.29,4335.25,5846.0,2026-09-10T20:30:00+02:00
XAUUSD,5m,2026-09-10T18:35:00+00:00,4335.25,4335.98,4332.71,4334.17,4309.0,2026-09-10T20:35:00+02:00
XAUUSD,5m,2026-09-10T18:40:00+00:00,4334.17,4335.58,4331.83,4333.75,3448.0,2026-09-10T20:40:00+02:00
XAUUSD,5m,2026-09-10T18:45:00+00:00,4333.75,4334.31,4330.25,4331.67,4456.0,2026-09-10T20:45:00+02:00
XAUUSD,5m,2026-09-10T18:50:00+00:00,4331.67,4338.6,4329.5,4331.42,8696.0,2026-09-10T20:50:00+02:00
XAUUSD,5m,2026-09-10T18:55:00+00:00,4331.42,4336.91,4330.65,4332.99,4464.0,2026-09-10T20:55:00+02:00
XAUUSD,5m,2026-09-10T19:00:00+00:00,4332.99,4332.99,4313.61,4316.44,8314.0,2026-09-10T21:00:00+02:00
XAUUSD,5m,2026-09-10T19:05:00+00:00,4316.44,4324.7,4316.14,4324.35,6358.0,2026-09-10T21:05:00+02:00
XAUUSD,5m,2026-09-10T19:10:00+00:00,4324.35,4324.65,4319.81,4322.41,5899.0,2026-09-10T21:10:00+02:00
XAUUSD,5m,2026-09-10T19:15:00+00:00,4322.41,4323.77,4319.32,4320.95,4359.0,2026-09-10T21:15:00+02:00
XAUUSD,5m,2026-09-10T19:20:00+00:00,4320.95,4329.84,4320.84,4329.35,3790.0,2026-09-10T21:20:00+02:00
XAUUSD,5m,2026-09-10T19:25:00+00:00,4329.35,4330.83,4326.38,4327.16,3939.0,2026-09-10T21:25:00+02:00
XAUUSD,5m,2026-09-10T19:30:00+00:00,4327.16,4329.5,4324.82,4327.0,4113.0,2026-09-10T21:30:00+02:00
XAUUSD,5m,2026-09-10T19:35:00+00:00,4327.0,4328.03,4324.13,4326.99,4431.0,2026-09-10T21:35:00+02:00
XAUUSD,5m,2026-09-10T19:40:00+00:00,4326.99,4327.96,4323.38,4324.35,3192.0,2026-09-10T21:40:00+02:00
XAUUSD,5m,2026-09-10T19:45:00+00:00,4324.35,4326.08,4320.84,4323.08,2907.0,2026-09-10T21:45:00+02:00
XAUUSD,5m,2026-09-10T19:50:00+00:00,4323.08,4324.86,4320.08,4323.71,4204.0,2026-09-10T21:50:00+02:00
XAUUSD,5m,2026-09-10T19:55:00+00:00,4323.71,4324.73,4322.17,4324.29,4999.0,2026-09-10T21:55:00+02:00
XAUUSD,5m,2026-09-10T20:00:00+00:00,4324.29,4324.38,4319.88,4321.28,2004.0,2026-09-10T22:00:00+02:00
XAUUSD,5m,2026-09-10T20:05:00+00:00,4321.28,4323.64,4320.14,4322.78,1165.0,2026-09-10T22:05:00+02:00
XAUUSD,5m,2026-09-10T20:10:00+00:00,4322.78,4324.22,4322.19,4322.93,1249.0,2026-09-10T22:10:00+02:00
XAUUSD,5m,2026-09-10T20:15:00+00:00,4322.93,4323.02,4321.62,4321.67,953.0,2026-09-10T22:15:00+02:00
XAUUSD,5m,2026-09-10T20:20:00+00:00,4321.67,4321.86,4316.37,4316.76,1511.0,2026-09-10T22:20:00+02:00
XAUUSD,5m,2026-09-10T20:25:00+00:00,4316.76,4319.1,4316.73,4318.48,1133.0,2026-09-10T22:25:00+02:00
XAUUSD,5m,2026-09-10T20:30:00+00:00,4318.48,4318.62,4316.41,4316.78,1379.0,2026-09-10T22:30:00+02:00
XAUUSD,5m,2026-09-10T20:35:00+00:00,4316.78,4318.22,4315.8,4317.01,1429.0,2026-09-10T22:35:00+02:00
XAUUSD,5m,2026-09-10T20:40:00+00:00,4317.01,4318.21,4315.84,4318.03,888.0,2026-09-10T22:40:00+02:00
XAUUSD,5m,2026-09-10T20:45:00+00:00,4318.03,4318.78,4315.23,4315.27,1351.0,2026-09-10T22:45:00+02:00
XAUUSD,5m,2026-09-10T20:50:00+00:00,4315.27,4317.82,4314.44,4316.98,1314.0,2026-09-10T22:50:00+02:00
XAUUSD,5m,2026-09-10T20:55:00+00:00,4316.98,4318.93,4316.16,4316.88,1539.0,2026-09-10T22:55:00+02:00
XAUUSD,5m,2026-09-10T22:00:00+00:00,4316.88,4324.83,4316.88,4322.58,1332.0,2026-09-11T00:00:00+02:00
XAUUSD,5m,2026-09-10T22:05:00+00:00,4322.58,4323.73,4320.97,4322.89,1114.0,2026-09-11T00:05:00+02:00
XAUUSD,5m,2026-09-10T22:10:00+00:00,4322.89,4323.01,4320.93,4321.35,611.0,2026-09-11T00:10:00+02:00
XAUUSD,5m,2026-09-10T22:15:00+00:00,4321.35,4322.06,4319.67,4319.68,483.0,2026-09-11T00:15:00+02:00
XAUUSD,5m,2026-09-10T22:20:00+00:00,4319.68,4321.63,4318.96,4319.72,724.0,2026-09-11T00:20:00+02:00
XAUUSD,5m,2026-09-10T22:25:00+00:00,4319.72,4320.35,4318.96,4319.73,920.0,2026-09-11T00:25:00+02:00
XAUUSD,5m,2026-09-10T22:30:00+00:00,4319.73,4320.49,4315.69,4318.47,1457.0,2026-09-11T00:30:00+02:00
XAUUSD,5m,2026-09-10T22:35:00+00:00,4318.47,4318.67,4316.1,4316.13,751.0,2026-09-11T00:35:00+02:00
XAUUSD,5m,2026-09-10T22:40:00+00:00,4316.13,4317.91,4313.38,4316.03,1261.0,2026-09-11T00:40:00+02:00
XAUUSD,5m,2026-09-10T22:45:00+00:00,4316.03,4318.47,4315.21,4318.25,976.0,2026-09-11T00:45:00+02:00
XAUUSD,5m,2026-09-10T22:50:00+00:00,4318.25,4319.22,4317.2,4317.89,705.0,2026-09-11T00:50:00+02:00
XAUUSD,5m,2026-09-10T22:55:00+00:00,4317.89,4318.9,4317.4,4318.47,706.0,2026-09-11T00:55:00+02:00
XAUUSD,5m,2026-09-10T23:00:00+00:00,4318.47,4319.83,4317.16,4318.6,1476.0,2026-09-11T01:00:00+02:00
XAUUSD,5m,2026-09-10T23:05:00+00:00,4318.6,4319.75,4318.17,4318.88,853.0,2026-09-11T01:05:00+02:00
XAUUSD,5m,2026-09-10T23:10:00+00:00,4318.88,4319.84,4316.57,4319.46,931.0,2026-09-11T01:10:00+02:00
XAUUSD,5m,2026-09-10T23:15:00+00:00,4319.46,4319.98,4318.95,4319.62,630.0,2026-09-11T01:15:00+02:00
XAUUSD,5m,2026-09-10T23:20:00+00:00,4319.62,4320.42,4317.64,4318.2,746.0,2026-09-11T01:20:00+02:00
XAUUSD,5m,2026-09-10T23:25:00+00:00,4318.2,4319.31,4317.6,4318.16,561.0,2026-09-11T01:25:00+02:00
XAUUSD,5m,2026-09-10T23:30:00+00:00,4318.16,4320.33,4317.17,4318.72,877.0,2026-09-11T01:30:00+02:00
XAUUSD,5m,2026-09-10T23:35:00+00:00,4318.72,4318.72,4314.41,4315.92,1253.0,2026-09-11T01:35:00+02:00
XAUUSD,5m,2026-09-10T23:40:00+00:00,4315.92,4318.14,4314.97,4316.08,1232.0,2026-09-11T01:40:00+02:00
XAUUSD,5m,2026-09-10T23:45:00+00:00,4316.08,4318.02,4314.0,4315.25,2477.0,2026-09-11T01:45:00+02:00
XAUUSD,5m,2026-09-10T23:50:00+00:00,4315.25,4316.35,4311.75,4312.58,2041.0,2026-09-11T01:50:00+02:00
XAUUSD,5m,2026-09-10T23:55:00+00:00,4312.58,4316.4,4311.1,4315.17,1922.0,2026-09-11T01:55:00+02:00
XAUUSD,5m,2026-09-11T00:00:00+00:00,4315.17,4321.34,4312.65,4319.85,6436.0,2026-09-11T02:00:00+02:00
XAUUSD,5m,2026-09-11T00:05:00+00:00,4319.85,4323.78,4317.56,4318.49,4523.0,2026-09-11T02:05:00+02:00
XAUUSD,5m,2026-09-11T00:10:00+00:00,4318.49,4319.56,4314.99,4319.1,3081.0,2026-09-11T02:10:00+02:00
XAUUSD,5m,2026-09-11T00:15:00+00:00,4319.1,4321.23,4317.06,4320.03,2963.0,2026-09-11T02:15:00+02:00
XAUUSD,5m,2026-09-11T00:20:00+00:00,4320.03,4321.97,4318.18,4318.81,3328.0,2026-09-11T02:20:00+02:00
XAUUSD,5m,2026-09-11T00:25:00+00:00,4318.81,4324.15,4317.33,4323.88,2766.0,2026-09-11T02:25:00+02:00
XAUUSD,5m,2026-09-11T00:30:00+00:00,4323.88,4325.08,4319.71,4321.51,3013.0,2026-09-11T02:30:00+02:00
XAUUSD,5m,2026-09-11T00:35:00+00:00,4321.51,4325.71,4320.73,4325.27,2539.0,2026-09-11T02:35:00+02:00
XAUUSD,5m,2026-09-11T00:40:00+00:00,4325.27,4327.53,4320.96,4327.43,2984.0,2026-09-11T02:40:00+02:00
XAUUSD,5m,2026-09-11T00:45:00+00:00,4327.43,4333.76,4326.69,4332.66,3123.0,2026-09-11T02:45:00+02:00
XAUUSD,5m,2026-09-11T00:50:00+00:00,4332.66,4333.52,4331.09,4332.02,3407.0,2026-09-11T02:50:00+02:00
XAUUSD,5m,2026-09-11T00:55:00+00:00,4332.02,4333.48,4329.84,4332.09,4028.0,2026-09-11T02:55:00+02:00
XAUUSD,5m,2026-09-11T01:00:00+00:00,4332.09,4340.5,4328.06,4340.34,9872.0,2026-09-11T03:00:00+02:00
XAUUSD,5m,2026-09-11T01:05:00+00:00,4340.34,4340.36,4333.18,4337.82,6093.0,2026-09-11T03:05:00+02:00
XAUUSD,5m,2026-09-11T01:10:00+00:00,4337.82,4339.07,4332.7,4333.14,4899.0,2026-09-11T03:10:00+02:00
XAUUSD,5m,2026-09-11T01:15:00+00:00,4333.14,4337.38,4331.05,4332.11,5083.0,2026-09-11T03:15:00+02:00
XAUUSD,5m,2026-09-11T01:20:00+00:00,4332.11,4332.37,4320.84,4321.33,5640.0,2026-09-11T03:20:00+02:00
XAUUSD,5m,2026-09-11T01:25:00+00:00,4321.33,4330.53,4321.22,4328.17,4836.0,2026-09-11T03:25:00+02:00
XAUUSD,5m,2026-09-11T01:30:00+00:00,4328.17,4333.23,4328.09,4332.53,4344.0,2026-09-11T03:30:00+02:00
XAUUSD,5m,2026-09-11T01:35:00+00:00,4332.53,4334.89,4329.38,4329.49,3668.0,2026-09-11T03:35:00+02:00
XAUUSD,5m,2026-09-11T01:40:00+00:00,4329.49,4329.65,4322.57,4326.83,5183.0,2026-09-11T03:40:00+02:00
XAUUSD,5m,2026-09-11T01:45:00+00:00,4326.83,4329.29,4324.01,4329.07,4430.0,2026-09-11T03:45:00+02:00
XAUUSD,5m,2026-09-11T01:50:00+00:00,4329.07,4330.16,4324.37,4325.2,4115.0,2026-09-11T03:50:00+02:00
XAUUSD,5m,2026-09-11T01:55:00+00:00,4325.2,4329.66,4324.26,4329.27,3101.0,2026-09-11T03:55:00+02:00
XAUUSD,5m,2026-09-11T02:00:00+00:00,4329.27,4332.94,4329.13,4332.59,3127.0,2026-09-11T04:00:00+02:00
XAUUSD,5m,2026-09-11T02:05:00+00:00,4332.59,4333.47,4327.81,4329.67,3142.0,2026-09-11T04:05:00+02:00
XAUUSD,5m,2026-09-11T02:10:00+00:00,4329.67,4332.21,4328.79,4330.72,2582.0,2026-09-11T04:10:00+02:00
XAUUSD,5m,2026-09-11T02:15:00+00:00,4330.72,4334.48,4329.86,4333.66,2303.0,2026-09-11T04:15:00+02:00
XAUUSD,5m,2026-09-11T02:20:00+00:00,4333.66,4333.69,4327.47,4327.87,2396.0,2026-09-11T04:20:00+02:00
XAUUSD,5m,2026-09-11T02:25:00+00:00,4327.87,4327.87,4323.47,4325.21,2314.0,2026-09-11T04:25:00+02:00
XAUUSD,5m,2026-09-11T02:30:00+00:00,4325.21,4326.47,4316.88,4319.16,6275.0,2026-09-11T04:30:00+02:00
XAUUSD,5m,2026-09-11T02:35:00+00:00,4319.16,4322.75,4316.78,4321.78,4270.0,2026-09-11T04:35:00+02:00
XAUUSD,5m,2026-09-11T02:40:00+00:00,4321.78,4325.46,4318.64,4318.84,4606.0,2026-09-11T04:40:00+02:00
XAUUSD,5m,2026-09-11T02:45:00+00:00,4318.84,4325.19,4315.85,4323.72,4546.0,2026-09-11T04:45:00+02:00
XAUUSD,5m,2026-09-11T02:50:00+00:00,4323.72,4326.74,4322.27,4322.6,3188.0,2026-09-11T04:50:00+02:00
XAUUSD,5m,2026-09-11T02:55:00+00:00,4322.6,4324.02,4320.98,4322.68,2964.0,2026-09-11T04:55:00+02:00
XAUUSD,5m,2026-09-11T03:00:00+00:00,4322.68,4326.39,4321.69,4322.01,3073.0,2026-09-11T05:00:00+02:00
XAUUSD,5m,2026-09-11T03:05:00+00:00,4322.01,4323.19,4314.91,4317.69,3935.0,2026-09-11T05:05:00+02:00
XAUUSD,5m,2026-09-11T03:10:00+00:00,4317.69,4320.2,4314.39,4319.63,3048.0,2026-09-11T05:10:00+02:00
XAUUSD,5m,2026-09-11T03:15:00+00:00,4319.63,4321.54,4314.38,4314.9,2820.0,2026-09-11T05:15:00+02:00
XAUUSD,5m,2026-09-11T03:20:00+00:00,4314.9,4316.18,4303.98,4306.99,5182.0,2026-09-11T05:20:00+02:00
XAUUSD,5m,2026-09-11T03:25:00+00:00,4306.99,4310.76,4304.64,4309.23,3748.0,2026-09-11T05:25:00+02:00
XAUUSD,5m,2026-09-11T03:30:00+00:00,4309.23,4311.48,4306.4,4308.73,3383.0,2026-09-11T05:30:00+02:00
XAUUSD,5m,2026-09-11T03:35:00+00:00,4308.73,4310.7,4306.62,4308.47,2811.0,2026-09-11T05:35:00+02:00
XAUUSD,5m,2026-09-11T03:40:00+00:00,4308.47,4312.69,4306.72,4308.15,2812.0,2026-09-11T05:40:00+02:00
XAUUSD,5m,2026-09-11T03:45:00+00:00,4308.15,4308.29,4302.29,4303.06,3114.0,2026-09-11T05:45:00+02:00
XAUUSD,5m,2026-09-11T03:50:00+00:00,4303.06,4304.16,4300.58,4304.02,2994.0,2026-09-11T05:50:00+02:00
XAUUSD,5m,2026-09-11T03:55:00+00:00,4304.02,4307.0,4302.43,4304.0,2832.0,2026-09-11T05:55:00+02:00
XAUUSD,5m,2026-09-11T04:00:00+00:00,4304.0,4309.28,4301.96,4308.82,3621.0,2026-09-11T06:00:00+02:00
XAUUSD,5m,2026-09-11T04:05:00+00:00,4308.82,4318.64,4308.62,4318.23,3302.0,2026-09-11T06:05:00+02:00
XAUUSD,5m,2026-09-11T04:10:00+00:00,4318.23,4325.05,4318.2,4321.56,4818.0,2026-09-11T06:10:00+02:00
XAUUSD,5m,2026-09-11T04:15:00+00:00,4321.56,4322.15,4319.36,4320.68,3846.0,2026-09-11T06:15:00+02:00
XAUUSD,5m,2026-09-11T04:20:00+00:00,4320.68,4327.06,4320.46,4327.06,2933.0,2026-09-11T06:20:00+02:00
XAUUSD,5m,2026-09-11T04:25:00+00:00,4327.06,4329.18,4325.66,4328.54,2648.0,2026-09-11T06:25:00+02:00
XAUUSD,5m,2026-09-11T04:30:00+00:00,4328.54,4330.26,4326.48,4326.74,2590.0,2026-09-11T06:30:00+02:00
XAUUSD,5m,2026-09-11T04:35:00+00:00,4326.74,4328.62,4325.39,4328.23,2327.0,2026-09-11T06:35:00+02:00
XAUUSD,5m,2026-09-11T04:40:00+00:00,4328.23,4332.91,4327.6,4330.43,3317.0,2026-09-11T06:40:00+02:00
XAUUSD,5m,2026-09-11T04:45:00+00:00,4330.43,4332.84,4328.95,4330.63,2348.0,2026-09-11T06:45:00+02:00
XAUUSD,5m,2026-09-11T04:50:00+00:00,4330.63,4334.92,4330.45,4334.79,2712.0,2026-09-11T06:50:00+02:00
XAUUSD,5m,2026-09-11T04:55:00+00:00,4334.79,4335.22,4331.32,4331.75,1950.0,2026-09-11T06:55:00+02:00
XAUUSD,5m,2026-09-11T05:00:00+00:00,4331.75,4331.95,4328.17,4329.33,2791.0,2026-09-11T07:00:00+02:00
XAUUSD,5m,2026-09-11T05:05:00+00:00,4329.33,4335.1,4328.87,4334.91,3074.0,2026-09-11T07:05:00+02:00
XAUUSD,5m,2026-09-11T05:10:00+00:00,4334.91,4338.07,4332.26,4338.01,2661.0,2026-09-11T07:10:00+02:00
XAUUSD,5m,2026-09-11T05:15:00+00:00,4338.01,4339.32,4334.74,4338.21,2662.0,2026-09-11T07:15:00+02:00
XAUUSD,5m,2026-09-11T05:20:00+00:00,4338.21,4339.17,4335.49,4336.48,2002.0,2026-09-11T07:20:00+02:00
XAUUSD,5m,2026-09-11T05:25:00+00:00,4336.48,4336.54,4333.3,4334.51,2507.0,2026-09-11T07:25:00+02:00
XAUUSD,5m,2026-09-11T05:30:00+00:00,4334.51,4341.05,4333.55,4338.31,7797.0,2026-09-11T07:30:00+02:00
XAUUSD,5m,2026-09-11T05:35:00+00:00,4338.31,4339.96,4336.13,4338.41,4722.0,2026-09-11T07:35:00+02:00
XAUUSD,5m,2026-09-11T05:40:00+00:00,4338.41,4343.01,4334.06,4342.83,4591.0,2026-09-11T07:40:00+02:00
XAUUSD,5m,2026-09-11T05:45:00+00:00,4342.83,4347.03,4339.65,4344.97,4249.0,2026-09-11T07:45:00+02:00
XAUUSD,5m,2026-09-11T05:50:00+00:00,4344.97,4347.96,4343.03,4347.88,3832.0,2026-09-11T07:50:00+02:00
XAUUSD,5m,2026-09-11T05:55:00+00:00,4347.88,4351.97,4345.51,4345.9,3489.0,2026-09-11T07:55:00+02:00
XAUUSD,5m,2026-09-11T06:00:00+00:00,4345.9,4356.1,4345.55,4353.86,5043.0,2026-09-11T08:00:00+02:00
XAUUSD,5m,2026-09-11T06:05:00+00:00,4353.86,4359.17,4351.7,4355.68,3772.0,2026-09-11T08:05:00+02:00
XAUUSD,5m,2026-09-11T06:10:00+00:00,4355.68,4360.9,4354.41,4358.97,4320.0,2026-09-11T08:10:00+02:00
XAUUSD,5m,2026-09-11T06:15:00+00:00,4358.97,4360.47,4356.37,4358.83,3808.0,2026-09-11T08:15:00+02:00
XAUUSD,5m,2026-09-11T06:20:00+00:00,4358.83,4358.97,4352.53,4352.54,3804.0,2026-09-11T08:20:00+02:00
XAUUSD,5m,2026-09-11T06:25:00+00:00,4352.54,4353.66,4351.21,4351.57,2857.0,2026-09-11T08:25:00+02:00
XAUUSD,5m,2026-09-11T06:30:00+00:00,4351.57,4352.57,4346.97,4347.02,3592.0,2026-09-11T08:30:00+02:00
XAUUSD,5m,2026-09-11T06:35:00+00:00,4347.02,4352.89,4347.02,4352.18,3519.0,2026-09-11T08:35:00+02:00
XAUUSD,5m,2026-09-11T06:40:00+00:00,4352.18,4354.0,4349.11,4350.54,3168.0,2026-09-11T08:40:00+02:00
XAUUSD,5m,2026-09-11T06:45:00+00:00,4350.54,4355.32,4349.39,4351.76,3244.0,2026-09-11T08:45:00+02:00
XAUUSD,5m,2026-09-11T06:50:00+00:00,4351.76,4353.21,4349.42,4353.14,2714.0,2026-09-11T08:50:00+02:00
XAUUSD,5m,2026-09-11T06:55:00+00:00,4353.14,4354.01,4350.69,4353.16,2664.0,2026-09-11T08:55:00+02:00
XAUUSD,5m,2026-09-11T07:00:00+00:00,4353.16,4356.2,4352.01,4354.84,3970.0,2026-09-11T09:00:00+02:00
XAUUSD,5m,2026-09-11T07:05:00+00:00,4354.84,4356.0,4349.53,4350.7,2782.0,2026-09-11T09:05:00+02:00
XAUUSD,5m,2026-09-11T07:10:00+00:00,4350.7,4355.32,4350.5,4351.65,2074.0,2026-09-11T09:10:00+02:00
XAUUSD,5m,2026-09-11T07:15:00+00:00,4351.65,4352.27,4349.99,4350.64,2940.0,2026-09-11T09:15:00+02:00
XAUUSD,5m,2026-09-11T07:20:00+00:00,4350.64,4352.32,4347.64,4349.84,2351.0,2026-09-11T09:20:00+02:00
XAUUSD,5m,2026-09-11T07:25:00+00:00,4349.84,4349.87,4345.91,4346.18,2538.0,2026-09-11T09:25:00+02:00
XAUUSD,5m,2026-09-11T07:30:00+00:00,4346.18,4347.73,4344.3,4344.98,2431.0,2026-09-11T09:30:00+02:00
XAUUSD,5m,2026-09-11T07:35:00+00:00,4344.98,4346.09,4342.96,4343.65,1978.0,2026-09-11T09:35:00+02:00
XAUUSD,5m,2026-09-11T07:40:00+00:00,4343.65,4346.37,4343.14,4345.06,2403.0,2026-09-11T09:40:00+02:00
XAUUSD,5m,2026-09-11T07:45:00+00:00,4345.06,4345.06,4342.08,4342.43,2181.0,2026-09-11T09:45:00+02:00
XAUUSD,5m,2026-09-11T07:50:00+00:00,4342.43,4343.1,4340.43,4342.54,2043.0,2026-09-11T09:50:00+02:00
XAUUSD,5m,2026-09-11T07:55:00+00:00,4342.54,4345.15,4342.54,4344.86,2207.0,2026-09-11T09:55:00+02:00
XAUUSD,5m,2026-09-11T08:00:00+00:00,4344.86,4347.22,4342.49,4344.38,3697.0,2026-09-11T10:00:00+02:00
XAUUSD,5m,2026-09-11T08:05:00+00:00,4344.38,4348.75,4343.49,4345.13,2914.0,2026-09-11T10:05:00+02:00
XAUUSD,5m,2026-09-11T08:10:00+00:00,4345.13,4349.33,4342.0,4347.38,4113.0,2026-09-11T10:10:00+02:00
XAUUSD,5m,2026-09-11T08:15:00+00:00,4347.38,4350.29,4345.89,4346.84,4044.0,2026-09-11T10:15:00+02:00
XAUUSD,5m,2026-09-11T08:20:00+00:00,4346.84,4357.67,4343.42,4352.32,5012.0,2026-09-11T10:20:00+02:00
XAUUSD,5m,2026-09-11T08:25:00+00:00,4352.32,4354.8,4349.05,4351.38,4505.0,2026-09-11T10:25:00+02:00
XAUUSD,5m,2026-09-11T08:30:00+00:00,4351.38,4355.87,4351.02,4352.6,3918.0,2026-09-11T10:30:00+02:00
XAUUSD,5m,2026-09-11T08:35:00+00:00,4352.6,4355.98,4351.11,4354.18,2872.0,2026-09-11T10:35:00+02:00
XAUUSD,5m,2026-09-11T08:40:00+00:00,4354.18,4356.68,4352.0,4352.51,2301.0,2026-09-11T10:40:00+02:00
XAUUSD,5m,2026-09-11T08:45:00+00:00,4352.51,4355.6,4351.99,4352.85,2559.0,2026-09-11T10:45:00+02:00
XAUUSD,5m,2026-09-11T08:50:00+00:00,4352.85,4353.1,4349.4,4350.89,2451.0,2026-09-11T10:50:00+02:00
XAUUSD,5m,2026-09-11T08:55:00+00:00,4350.89,4350.89,4345.5,4346.96,2695.0,2026-09-11T10:55:00+02:00
XAUUSD,5m,2026-09-11T09:00:00+00:00,4346.96,4354.01,4346.96,4348.45,3239.0,2026-09-11T11:00:00+02:00
XAUUSD,5m,2026-09-11T09:05:00+00:00,4348.45,4348.77,4344.44,4344.66,1935.0,2026-09-11T11:05:00+02:00
XAUUSD,5m,2026-09-11T09:10:00+00:00,4344.66,4345.69,4342.34,4342.35,2015.0,2026-09-11T11:10:00+02:00
XAUUSD,5m,2026-09-11T09:15:00+00:00,4342.35,4345.28,4341.45,4345.24,1800.0,2026-09-11T11:15:00+02:00
XAUUSD,5m,2026-09-11T09:20:00+00:00,4345.24,4346.16,4343.42,4344.47,2090.0,2026-09-11T11:20:00+02:00
XAUUSD,5m,2026-09-11T09:25:00+00:00,4344.47,4345.73,4343.33,4343.64,1715.0,2026-09-11T11:25:00+02:00
XAUUSD,5m,2026-09-11T09:30:00+00:00,4343.64,4345.09,4341.31,4342.24,2336.0,2026-09-11T11:30:00+02:00
XAUUSD,5m,2026-09-11T09:35:00+00:00,4342.24,4344.39,4341.76,4342.16,1854.0,2026-09-11T11:35:00+02:00
XAUUSD,5m,2026-09-11T09:40:00+00:00,4342.16,4343.62,4340.63,4343.35,1569.0,2026-09-11T11:40:00+02:00
XAUUSD,5m,2026-09-11T09:45:00+00:00,4343.35,4343.82,4342.34,4343.39,1462.0,2026-09-11T11:45:00+02:00
XAUUSD,5m,2026-09-11T09:50:00+00:00,4343.39,4344.63,4342.67,4343.8,1825.0,2026-09-11T11:50:00+02:00
XAUUSD,5m,2026-09-11T09:55:00+00:00,4343.8,4347.66,4342.69,4346.23,2283.0,2026-09-11T11:55:00+02:00
XAUUSD,5m,2026-09-11T10:00:00+00:00,4346.23,4349.21,4340.92,4349.02,4985.0,2026-09-11T12:00:00+02:00
XAUUSD,5m,2026-09-11T10:05:00+00:00,4349.02,4349.8,4344.83,4345.65,1921.0,2026-09-11T12:05:00+02:00
XAUUSD,5m,2026-09-11T10:10:00+00:00,4345.65,4347.75,4343.48,4346.19,1753.0,2026-09-11T12:10:00+02:00
XAUUSD,5m,2026-09-11T10:15:00+00:00,4346.19,4349.7,4345.71,4349.08,2022.0,2026-09-11T12:15:00+02:00
XAUUSD,5m,2026-09-11T10:20:00+00:00,4349.08,4349.82,4345.62,4348.44,2417.0,2026-09-11T12:20:00+02:00
XAUUSD,5m,2026-09-11T10:25:00+00:00,4348.44,4349.91,4346.96,4349.25,1962.0,2026-09-11T12:25:00+02:00
XAUUSD,5m,2026-09-11T10:30:00+00:00,4349.25,4349.64,4347.18,4349.07,2383.0,2026-09-11T12:30:00+02:00
XAUUSD,5m,2026-09-11T10:35:00+00:00,4349.07,4349.19,4344.11,4346.6,2021.0,2026-09-11T12:35:00+02:00
XAUUSD,5m,2026-09-11T10:40:00+00:00,4346.6,4346.61,4343.67,4345.1,1975.0,2026-09-11T12:40:00+02:00
XAUUSD,5m,2026-09-11T10:45:00+00:00,4345.1,4345.38,4341.57,4341.64,1914.0,2026-09-11T12:45:00+02:00
XAUUSD,5m,2026-09-11T10:50:00+00:00,4341.64,4342.46,4339.69,4340.57,1745.0,2026-09-11T12:50:00+02:00
XAUUSD,5m,2026-09-11T10:55:00+00:00,4340.57,4340.84,4336.64,4337.47,1943.0,2026-09-11T12:55:00+02:00
XAUUSD,5m,2026-09-11T11:00:00+00:00,4337.47,4342.52,4337.22,4339.36,3248.0,2026-09-11T13:00:00+02:00
XAUUSD,5m,2026-09-11T11:05:00+00:00,4339.36,4340.25,4336.84,4337.23,2325.0,2026-09-11T13:05:00+02:00
XAUUSD,5m,2026-09-11T11:10:00+00:00,4337.23,4338.43,4334.53,4338.08,2506.0,2026-09-11T13:10:00+02:00
XAUUSD,5m,2026-09-11T11:15:00+00:00,4338.08,4339.06,4335.98,4338.46,2429.0,2026-09-11T13:15:00+02:00
XAUUSD,5m,2026-09-11T11:20:00+00:00,4338.46,4339.69,4336.83,4338.57,2230.0,2026-09-11T13:20:00+02:00
XAUUSD,5m,2026-09-11T11:25:00+00:00,4338.57,4341.62,4336.05,4336.33,2778.0,2026-09-11T13:25:00+02:00
XAUUSD,5m,2026-09-11T11:30:00+00:00,4336.33,4337.16,4331.59,4331.59,2481.0,2026-09-11T13:30:00+02:00
XAUUSD,5m,2026-09-11T11:35:00+00:00,4331.59,4334.06,4330.12,4332.48,2413.0,2026-09-11T13:35:00+02:00
XAUUSD,5m,2026-09-11T11:40:00+00:00,4332.48,4334.69,4330.0,4334.69,2700.0,2026-09-11T13:40:00+02:00
XAUUSD,5m,2026-09-11T11:45:00+00:00,4334.69,4336.13,4332.86,4335.15,2732.0,2026-09-11T13:45:00+02:00
XAUUSD,5m,2026-09-11T11:50:00+00:00,4335.15,4335.45,4330.9,4330.9,2820.0,2026-09-11T13:50:00+02:00
XAUUSD,5m,2026-09-11T11:55:00+00:00,4330.9,4333.92,4330.73,4333.36,2454.0,2026-09-11T13:55:00+02:00
XAUUSD,5m,2026-09-11T12:00:00+00:00,4333.36,4334.82,4328.76,4329.45,3292.0,2026-09-11T14:00:00+02:00
XAUUSD,5m,2026-09-11T12:05:00+00:00,4329.45,4330.11,4326.16,4327.12,3189.0,2026-09-11T14:05:00+02:00
XAUUSD,5m,2026-09-11T12:10:00+00:00,4327.12,4332.39,4324.35,4327.96,4101.0,2026-09-11T14:10:00+02:00
XAUUSD,5m,2026-09-11T12:15:00+00:00,4327.96,4334.1,4327.2,4331.28,3905.0,2026-09-11T14:15:00+02:00
XAUUSD,5m,2026-09-11T12:20:00+00:00,4331.28,4333.87,4329.14,4329.54,6126.0,2026-09-11T14:20:00+02:00
XAUUSD,5m,2026-09-11T12:25:00+00:00,4329.54,4342.97,4328.31,4340.7,5784.0,2026-09-11T14:25:00+02:00
XAUUSD,5m,2026-09-11T12:30:00+00:00,4340.7,4350.75,4291.89,4329.07,17890.0,2026-09-11T14:30:00+02:00
XAUUSD,5m,2026-09-11T12:35:00+00:00,4329.07,4351.65,4326.22,4350.03,17497.0,2026-09-11T14:35:00+02:00
XAUUSD,5m,2026-09-11T12:40:00+00:00,4350.03,4362.7,4349.05,4353.85,17511.0,2026-09-11T14:40:00+02:00
XAUUSD,5m,2026-09-11T12:45:00+00:00,4353.85,4367.64,4352.45,4361.61,14026.0,2026-09-11T14:45:00+02:00
XAUUSD,5m,2026-09-11T12:50:00+00:00,4361.61,4382.41,4360.1,4377.59,13454.0,2026-09-11T14:50:00+02:00
XAUUSD,5m,2026-09-11T12:55:00+00:00,4377.59,4390.19,4376.56,4388.01,10774.0,2026-09-11T14:55:00+02:00
XAUUSD,5m,2026-09-11T13:00:00+00:00,4388.01,4393.59,4384.51,4390.11,15139.0,2026-09-11T15:00:00+02:00
XAUUSD,5m,2026-09-11T13:05:00+00:00,4390.11,4394.33,4381.39,4382.7,11756.0,2026-09-11T15:05:00+02:00
XAUUSD,5m,2026-09-11T13:10:00+00:00,4382.7,4391.44,4380.49,4389.31,10613.0,2026-09-11T15:10:00+02:00
XAUUSD,5m,2026-09-11T13:15:00+00:00,4389.31,4390.36,4381.25,4386.55,10401.0,2026-09-11T15:15:00+02:00
XAUUSD,5m,2026-09-11T13:20:00+00:00,4386.55,4389.54,4380.38,4382.99,8200.0,2026-09-11T15:20:00+02:00
XAUUSD,5m,2026-09-11T13:25:00+00:00,4382.99,4398.51,4382.49,4390.22,11432.0,2026-09-11T15:25:00+02:00
XAUUSD,5m,2026-09-11T13:30:00+00:00,4390.22,4395.54,4381.48,4395.09,14158.0,2026-09-11T15:30:00+02:00
XAUUSD,5m,2026-09-11T13:35:00+00:00,4395.09,4400.32,4383.52,4390.2,12384.0,2026-09-11T15:35:00+02:00
XAUUSD,5m,2026-09-11T13:40:00+00:00,4390.2,4399.46,4387.09,4394.79,13600.0,2026-09-11T15:40:00+02:00
XAUUSD,5m,2026-09-11T13:45:00+00:00,4394.79,4400.6,4389.81,4392.91,10837.0,2026-09-11T15:45:00+02:00
XAUUSD,5m,2026-09-11T13:50:00+00:00,4392.91,4394.0,4387.06,4389.33,9411.0,2026-09-11T15:50:00+02:00
XAUUSD,5m,2026-09-11T13:55:00+00:00,4389.33,4402.45,4387.08,4401.64,5694.0,2026-09-11T15:55:00+02:00
XAUUSD,5m,2026-09-11T14:00:00+00:00,4401.64,4402.44,4381.52,4390.34,9585.0,2026-09-11T16:00:00+02:00
XAUUSD,5m,2026-09-11T14:05:00+00:00,4390.34,4392.13,4385.39,4387.38,11201.0,2026-09-11T16:05:00+02:00
XAUUSD,5m,2026-09-11T14:10:00+00:00,4387.38,4388.27,4382.01,4382.99,9317.0,2026-09-11T16:10:00+02:00
XAUUSD,5m,2026-09-11T14:15:00+00:00,4382.99,4385.1,4375.87,4382.38,9094.0,2026-09-11T16:15:00+02:00
XAUUSD,5m,2026-09-11T14:20:00+00:00,4382.38,4385.38,4377.55,4379.11,8681.0,2026-09-11T16:20:00+02:00
XAUUSD,5m,2026-09-11T14:25:00+00:00,4379.11,4379.32,4374.18,4375.02,10075.0,2026-09-11T16:25:00+02:00
XAUUSD,5m,2026-09-11T14:30:00+00:00,4375.02,4375.57,4370.79,4371.53,7419.0,2026-09-11T16:30:00+02:00
XAUUSD,5m,2026-09-11T14:35:00+00:00,4371.53,4372.77,4364.39,4368.0,7358.0,2026-09-11T16:35:00+02:00
XAUUSD,5m,2026-09-11T14:40:00+00:00,4368.0,4372.22,4367.69,4371.48,7873.0,2026-09-11T16:40:00+02:00
XAUUSD,5m,2026-09-11T14:45:00+00:00,4371.48,4384.27,4371.32,4379.42,10745.0,2026-09-11T16:45:00+02:00
XAUUSD,5m,2026-09-11T14:50:00+00:00,4379.42,4384.21,4377.27,4377.67,8385.0,2026-09-11T16:50:00+02:00
XAUUSD,5m,2026-09-11T14:55:00+00:00,4377.67,4378.38,4370.38,4370.76,6174.0,2026-09-11T16:55:00+02:00
XAUUSD,5m,2026-09-11T15:00:00+00:00,4370.76,4372.88,4366.53,4370.73,6867.0,2026-09-11T17:00:00+02:00
XAUUSD,5m,2026-09-11T15:05:00+00:00,4370.73,4370.79,4361.39,4363.0,6714.0,2026-09-11T17:05:00+02:00
XAUUSD,5m,2026-09-11T15:10:00+00:00,4363.0,4363.86,4359.11,4362.48,6315.0,2026-09-11T17:10:00+02:00
XAUUSD,5m,2026-09-11T15:15:00+00:00,4362.48,4366.37,4361.4,4362.43,7447.0,2026-09-11T17:15:00+02:00
XAUUSD,5m,2026-09-11T15:20:00+00:00,4362.43,4367.93,4362.08,4365.44,5567.0,2026-09-11T17:20:00+02:00
XAUUSD,5m,2026-09-11T15:25:00+00:00,4365.44,4372.31,4365.13,4370.36,5220.0,2026-09-11T17:25:00+02:00
XAUUSD,5m,2026-09-11T15:30:00+00:00,4370.36,4375.44,4368.96,4372.88,5310.0,2026-09-11T17:30:00+02:00
XAUUSD,5m,2026-09-11T15:35:00+00:00,4372.88,4377.15,4370.58,4374.02,5063.0,2026-09-11T17:35:00+02:00
XAUUSD,5m,2026-09-11T15:40:00+00:00,4374.02,4375.24,4370.29,4372.74,3944.0,2026-09-11T17:40:00+02:00
XAUUSD,5m,2026-09-11T15:45:00+00:00,4372.74,4373.39,4368.49,4373.06,4031.0,2026-09-11T17:45:00+02:00
XAUUSD,5m,2026-09-11T15:50:00+00:00,4373.06,4373.72,4366.28,4368.87,4949.0,2026-09-11T17:50:00+02:00
XAUUSD,5m,2026-09-11T15:55:00+00:00,4368.87,4369.3,4365.04,4366.94,3908.0,2026-09-11T17:55:00+02:00
XAUUSD,5m,2026-09-11T16:00:00+00:00,4366.94,4372.73,4366.52,4371.56,4237.0,2026-09-11T18:00:00+02:00
XAUUSD,5m,2026-09-11T16:05:00+00:00,4371.56,4372.49,4366.18,4367.17,5499.0,2026-09-11T18:05:00+02:00
XAUUSD,5m,2026-09-11T16:10:00+00:00,4367.17,4368.99,4360.87,4361.23,4951.0,2026-09-11T18:10:00+02:00
XAUUSD,5m,2026-09-11T16:15:00+00:00,4361.23,4363.97,4358.77,4359.44,4108.0,2026-09-11T18:15:00+02:00
XAUUSD,5m,2026-09-11T16:20:00+00:00,4359.44,4360.89,4351.89,4352.98,4603.0,2026-09-11T18:20:00+02:00
XAUUSD,5m,2026-09-11T16:25:00+00:00,4352.98,4362.69,4352.6,4354.84,7267.0,2026-09-11T18:25:00+02:00
XAUUSD,5m,2026-09-11T16:30:00+00:00,4354.84,4365.76,4353.29,4364.07,7602.0,2026-09-11T18:30:00+02:00
XAUUSD,5m,2026-09-11T16:35:00+00:00,4364.07,4364.25,4358.99,4359.45,5179.0,2026-09-11T18:35:00+02:00
XAUUSD,5m,2026-09-11T16:40:00+00:00,4359.45,4364.35,4358.81,4363.42,4358.0,2026-09-11T18:40:00+02:00
XAUUSD,5m,2026-09-11T16:45:00+00:00,4363.42,4364.89,4360.34,4360.49,3718.0,2026-09-11T18:45:00+02:00
XAUUSD,5m,2026-09-11T16:50:00+00:00,4360.49,4361.64,4360.2,4361.23,2788.0,2026-09-11T18:50:00+02:00
XAUUSD,5m,2026-09-11T16:55:00+00:00,4361.23,4363.36,4360.98,4361.56,2815.0,2026-09-11T18:55:00+02:00
XAUUSD,5m,2026-09-11T17:00:00+00:00,4361.56,4364.08,4360.74,4363.21,2641.0,2026-09-11T19:00:00+02:00
XAUUSD,5m,2026-09-11T17:05:00+00:00,4363.21,4368.98,4360.77,4363.84,3582.0,2026-09-11T19:05:00+02:00
XAUUSD,5m,2026-09-11T17:10:00+00:00,4363.84,4366.81,4361.88,4365.61,4377.0,2026-09-11T19:10:00+02:00
XAUUSD,5m,2026-09-11T17:15:00+00:00,4365.61,4368.88,4363.29,4367.57,4344.0,2026-09-11T19:15:00+02:00
XAUUSD,5m,2026-09-11T17:20:00+00:00,4367.57,4369.24,4365.66,4368.94,3637.0,2026-09-11T19:20:00+02:00
XAUUSD,5m,2026-09-11T17:25:00+00:00,4368.94,4369.71,4365.9,4366.73,3677.0,2026-09-11T19:25:00+02:00
XAUUSD,5m,2026-09-11T17:30:00+00:00,4366.73,4370.34,4365.26,4368.97,3223.0,2026-09-11T19:30:00+02:00
XAUUSD,5m,2026-09-11T17:35:00+00:00,4368.97,4369.48,4362.04,4362.19,2909.0,2026-09-11T19:35:00+02:00
XAUUSD,5m,2026-09-11T17:40:00+00:00,4362.19,4363.47,4359.81,4361.94,3697.0,2026-09-11T19:40:00+02:00
XAUUSD,5m,2026-09-11T17:45:00+00:00,4361.94,4362.29,4359.15,4361.43,3453.0,2026-09-11T19:45:00+02:00
XAUUSD,5m,2026-09-11T17:50:00+00:00,4361.43,4363.67,4360.77,4362.61,2725.0,2026-09-11T19:50:00+02:00
XAUUSD,5m,2026-09-11T17:55:00+00:00,4362.61,4362.83,4357.81,4358.2,2115.0,2026-09-11T19:55:00+02:00
XAUUSD,5m,2026-09-11T18:00:00+00:00,4358.2,4359.82,4356.96,4359.82,2187.0,2026-09-11T20:00:00+02:00
XAUUSD,5m,2026-09-11T18:05:00+00:00,4359.82,4359.98,4353.59,4353.71,2521.0,2026-09-11T20:05:00+02:00
XAUUSD,5m,2026-09-11T18:10:00+00:00,4353.71,4355.95,4345.23,4346.77,3476.0,2026-09-11T20:10:00+02:00
XAUUSD,5m,2026-09-11T18:15:00+00:00,4346.77,4352.0,4344.98,4349.56,3403.0,2026-09-11T20:15:00+02:00
XAUUSD,5m,2026-09-11T18:20:00+00:00,4349.56,4350.24,4343.91,4349.03,6049.0,2026-09-11T20:20:00+02:00
XAUUSD,5m,2026-09-11T18:25:00+00:00,4349.03,4352.94,4348.55,4350.49,4296.0,2026-09-11T20:25:00+02:00
XAUUSD,5m,2026-09-11T18:30:00+00:00,4350.49,4351.48,4345.54,4348.11,2788.0,2026-09-11T20:30:00+02:00
XAUUSD,5m,2026-09-11T18:35:00+00:00,4348.11,4350.25,4346.67,4347.04,2555.0,2026-09-11T20:35:00+02:00
XAUUSD,5m,2026-09-11T18:40:00+00:00,4347.04,4349.12,4346.6,4347.03,2039.0,2026-09-11T20:40:00+02:00
XAUUSD,5m,2026-09-11T18:45:00+00:00,4347.03,4347.38,4344.12,4345.09,2550.0,2026-09-11T20:45:00+02:00
XAUUSD,5m,2026-09-11T18:50:00+00:00,4345.09,4346.78,4344.44,4345.21,2223.0,2026-09-11T20:50:00+02:00
XAUUSD,5m,2026-09-11T18:55:00+00:00,4345.21,4347.06,4344.71,4346.89,2269.0,2026-09-11T20:55:00+02:00
XAUUSD,5m,2026-09-11T19:00:00+00:00,4346.89,4348.22,4345.24,4347.66,2762.0,2026-09-11T21:00:00+02:00
XAUUSD,5m,2026-09-11T19:05:00+00:00,4347.66,4349.45,4344.3,4347.48,2453.0,2026-09-11T21:05:00+02:00
XAUUSD,5m,2026-09-11T19:10:00+00:00,4347.48,4351.88,4346.92,4351.88,2832.0,2026-09-11T21:10:00+02:00
XAUUSD,5m,2026-09-11T19:15:00+00:00,4351.88,4353.75,4349.25,4349.49,2547.0,2026-09-11T21:15:00+02:00
XAUUSD,5m,2026-09-11T19:20:00+00:00,4349.49,4351.56,4348.77,4351.43,2741.0,2026-09-11T21:20:00+02:00
XAUUSD,5m,2026-09-11T19:25:00+00:00,4351.43,4353.12,4347.17,4347.27,2803.0,2026-09-11T21:25:00+02:00
XAUUSD,5m,2026-09-11T19:30:00+00:00,4347.27,4348.3,4345.04,4347.13,2995.0,2026-09-11T21:30:00+02:00
XAUUSD,5m,2026-09-11T19:35:00+00:00,4347.13,4348.01,4345.67,4346.78,2562.0,2026-09-11T21:35:00+02:00
XAUUSD,5m,2026-09-11T19:40:00+00:00,4346.78,4348.24,4345.53,4346.08,3197.0,2026-09-11T21:40:00+02:00
XAUUSD,5m,2026-09-11T19:45:00+00:00,4346.08,4346.23,4342.82,4343.08,3256.0,2026-09-11T21:45:00+02:00
XAUUSD,5m,2026-09-11T19:50:00+00:00,4343.08,4345.81,4342.57,4345.19,3000.0,2026-09-11T21:50:00+02:00
XAUUSD,5m,2026-09-11T19:55:00+00:00,4345.19,4349.5,4344.86,4348.55,4631.0,2026-09-11T21:55:00+02:00
XAUUSD,5m,2026-09-11T20:00:00+00:00,4348.55,4351.36,4347.91,4348.74,1390.0,2026-09-11T22:00:00+02:00
XAUUSD,5m,2026-09-11T20:05:00+00:00,4348.74,4350.63,4348.27,4350.08,777.0,2026-09-11T22:05:00+02:00
XAUUSD,5m,2026-09-11T20:10:00+00:00,4350.08,4350.24,4348.15,4348.23,830.0,2026-09-11T22:10:00+02:00
XAUUSD,5m,2026-09-11T20:15:00+00:00,4348.23,4349.28,4346.13,4349.14,707.0,2026-09-11T22:15:00+02:00
XAUUSD,5m,2026-09-11T20:20:00+00:00,4349.14,4350.22,4348.92,4349.36,621.0,2026-09-11T22:20:00+02:00
XAUUSD,5m,2026-09-11T20:25:00+00:00,4349.36,4350.01,4348.18,4348.67,632.0,2026-09-11T22:25:00+02:00
XAUUSD,5m,2026-09-11T20:30:00+00:00,4348.67,4348.78,4346.74,4347.29,548.0,2026-09-11T22:30:00+02:00
XAUUSD,5m,2026-09-11T20:35:00+00:00,4347.29,4348.77,4346.75,4348.28,475.0,2026-09-11T22:35:00+02:00
XAUUSD,5m,2026-09-11T20:40:00+00:00,4348.28,4348.44,4345.51,4346.23,667.0,2026-09-11T22:40:00+02:00
XAUUSD,5m,2026-09-13T22:00:00+00:00,4346.23,4346.23,4330.62,4338.49,4240.0,2026-09-14T00:00:00+02:00
XAUUSD,5m,2026-09-13T22:05:00+00:00,4338.49,4340.8,4330.52,4331.12,3389.0,2026-09-14T00:05:00+02:00
XAUUSD,5m,2026-09-13T22:10:00+00:00,4331.12,4333.92,4329.52,4330.47,3554.0,2026-09-14T00:10:00+02:00
XAUUSD,5m,2026-09-13T22:15:00+00:00,4330.47,4333.87,4329.69,4333.5,2828.0,2026-09-14T00:15:00+02:00
XAUUSD,5m,2026-09-13T22:20:00+00:00,4333.5,4334.97,4328.1,4328.81,2282.0,2026-09-14T00:20:00+02:00
XAUUSD,5m,2026-09-13T22:25:00+00:00,4328.81,4336.31,4328.8,4336.11,2090.0,2026-09-14T00:25:00+02:00
XAUUSD,5m,2026-09-13T22:30:00+00:00,4336.11,4338.05,4334.62,4336.54,1689.0,2026-09-14T00:30:00+02:00
XAUUSD,5m,2026-09-13T22:35:00+00:00,4336.54,4337.24,4334.9,4336.0,1291.0,2026-09-14T00:35:00+02:00
XAUUSD,5m,2026-09-13T22:40:00+00:00,4336.0,4337.39,4333.73,4337.17,969.0,2026-09-14T00:40:00+02:00
XAUUSD,5m,2026-09-13T22:45:00+00:00,4337.17,4337.84,4335.94,4336.44,764.0,2026-09-14T00:45:00+02:00
XAUUSD,5m,2026-09-13T22:50:00+00:00,4336.44,4339.98,4334.9,4339.55,814.0,2026-09-14T00:50:00+02:00
XAUUSD,5m,2026-09-13T22:55:00+00:00,4339.55,4339.55,4337.68,4337.9,817.0,2026-09-14T00:55:00+02:00
XAUUSD,5m,2026-09-13T23:00:00+00:00,4337.9,4342.36,4337.78,4341.15,987.0,2026-09-14T01:00:00+02:00
XAUUSD,5m,2026-09-13T23:05:00+00:00,4341.15,4341.68,4340.58,4341.47,471.0,2026-09-14T01:05:00+02:00
XAUUSD,5m,2026-09-13T23:10:00+00:00,4341.47,4342.36,4339.41,4339.42,540.0,2026-09-14T01:10:00+02:00
XAUUSD,5m,2026-09-13T23:15:00+00:00,4339.42,4340.66,4337.58,4337.58,599.0,2026-09-14T01:15:00+02:00
XAUUSD,5m,2026-09-13T23:20:00+00:00,4337.58,4338.46,4335.65,4338.08,730.0,2026-09-14T01:20:00+02:00
XAUUSD,5m,2026-09-13T23:25:00+00:00,4338.08,4340.34,4337.0,4339.31,907.0,2026-09-14T01:25:00+02:00
XAUUSD,5m,2026-09-13T23:30:00+00:00,4339.31,4342.16,4339.01,4341.39,784.0,2026-09-14T01:30:00+02:00
XAUUSD,5m,2026-09-13T23:35:00+00:00,4341.39,4342.05,4338.7,4340.58,1400.0,2026-09-14T01:35:00+02:00
XAUUSD,5m,2026-09-13T23:40:00+00:00,4340.58,4341.64,4337.87,4337.9,1157.0,2026-09-14T01:40:00+02:00
XAUUSD,5m,2026-09-13T23:45:00+00:00,4337.9,4338.29,4331.96,4332.09,3108.0,2026-09-14T01:45:00+02:00
XAUUSD,5m,2026-09-13T23:50:00+00:00,4332.09,4335.09,4331.79,4333.79,1911.0,2026-09-14T01:50:00+02:00
XAUUSD,5m,2026-09-13T23:55:00+00:00,4333.79,4335.31,4331.95,4332.72,2868.0,2026-09-14T01:55:00+02:00
XAUUSD,5m,2026-09-14T00:00:00+00:00,4332.72,4335.79,4329.74,4333.68,5372.0,2026-09-14T02:00:00+02:00
XAUUSD,5m,2026-09-14T00:05:00+00:00,4333.68,4346.51,4333.64,4345.58,3985.0,2026-09-14T02:05:00+02:00
XAUUSD,5m,2026-09-14T00:10:00+00:00,4345.58,4347.48,4341.08,4342.63,4339.0,2026-09-14T02:10:00+02:00
XAUUSD,5m,2026-09-14T00:15:00+00:00,4342.63,4345.02,4339.94,4341.25,3203.0,2026-09-14T02:15:00+02:00
XAUUSD,5m,2026-09-14T00:20:00+00:00,4341.25,4341.25,4336.76,4338.75,3486.0,2026-09-14T02:20:00+02:00
XAUUSD,5m,2026-09-14T00:25:00+00:00,4338.75,4340.37,4333.03,4337.85,3458.0,2026-09-14T02:25:00+02:00
XAUUSD,5m,2026-09-14T00:30:00+00:00,4337.85,4340.56,4336.4,4339.46,4052.0,2026-09-14T02:30:00+02:00
XAUUSD,5m,2026-09-14T00:35:00+00:00,4339.46,4340.66,4332.8,4332.83,3694.0,2026-09-14T02:35:00+02:00
XAUUSD,5m,2026-09-14T00:40:00+00:00,4332.83,4338.57,4331.98,4338.16,2912.0,2026-09-14T02:40:00+02:00
XAUUSD,5m,2026-09-14T00:45:00+00:00,4338.16,4342.56,4337.06,4339.65,4001.0,2026-09-14T02:45:00+02:00
XAUUSD,5m,2026-09-14T00:50:00+00:00,4339.65,4342.66,4339.57,4342.66,2992.0,2026-09-14T02:50:00+02:00
XAUUSD,5m,2026-09-14T00:55:00+00:00,4342.66,4343.39,4337.85,4338.42,3515.0,2026-09-14T02:55:00+02:00
XAUUSD,5m,2026-09-14T01:00:00+00:00,4338.42,4344.72,4330.69,4331.41,14914.0,2026-09-14T03:00:00+02:00
XAUUSD,5m,2026-09-14T01:05:00+00:00,4331.41,4336.98,4329.43,4336.32,10189.0,2026-09-14T03:05:00+02:00
XAUUSD,5m,2026-09-14T01:10:00+00:00,4336.32,4336.86,4329.37,4331.5,8905.0,2026-09-14T03:10:00+02:00
XAUUSD,5m,2026-09-14T01:15:00+00:00,4331.5,4333.73,4326.7,4327.14,7762.0,2026-09-14T03:15:00+02:00
XAUUSD,5m,2026-09-14T01:20:00+00:00,4327.14,4337.64,4326.23,4334.99,5987.0,2026-09-14T03:20:00+02:00
XAUUSD,5m,2026-09-14T01:25:00+00:00,4334.99,4338.0,4330.84,4335.65,6004.0,2026-09-14T03:25:00+02:00
XAUUSD,5m,2026-09-14T01:30:00+00:00,4335.65,4336.12,4328.31,4331.77,6233.0,2026-09-14T03:30:00+02:00
XAUUSD,5m,2026-09-14T01:35:00+00:00,4331.77,4344.96,4331.61,4344.59,5435.0,2026-09-14T03:35:00+02:00
XAUUSD,5m,2026-09-14T01:40:00+00:00,4344.59,4346.64,4337.18,4342.42,5527.0,2026-09-14T03:40:00+02:00
XAUUSD,5m,2026-09-14T01:45:00+00:00,4342.42,4348.92,4342.41,4345.73,4407.0,2026-09-14T03:45:00+02:00
XAUUSD,5m,2026-09-14T01:50:00+00:00,4345.73,4349.98,4342.56,4348.01,4115.0,2026-09-14T03:50:00+02:00
XAUUSD,5m,2026-09-14T01:55:00+00:00,4348.01,4355.27,4346.62,4353.24,4030.0,2026-09-14T03:55:00+02:00
XAUUSD,5m,2026-09-14T02:00:00+00:00,4353.24,4354.15,4348.08,4349.11,3938.0,2026-09-14T04:00:00+02:00
XAUUSD,5m,2026-09-14T02:05:00+00:00,4349.11,4354.96,4349.01,4352.51,3509.0,2026-09-14T04:05:00+02:00
XAUUSD,5m,2026-09-14T02:10:00+00:00,4352.51,4353.98,4348.39,4349.31,2591.0,2026-09-14T04:10:00+02:00
XAUUSD,5m,2026-09-14T02:15:00+00:00,4349.31,4350.14,4348.17,4349.13,1572.0,2026-09-14T04:15:00+02:00
XAUUSD,5m,2026-09-14T02:20:00+00:00,4349.13,4353.96,4348.81,4353.28,1685.0,2026-09-14T04:20:00+02:00
XAUUSD,5m,2026-09-14T02:25:00+00:00,4353.28,4354.06,4351.81,4352.12,1572.0,2026-09-14T04:25:00+02:00
XAUUSD,5m,2026-09-14T02:30:00+00:00,4352.12,4355.31,4350.44,4354.32,4387.0,2026-09-14T04:30:00+02:00
XAUUSD,5m,2026-09-14T02:35:00+00:00,4354.32,4354.47,4347.29,4347.85,3625.0,2026-09-14T04:35:00+02:00
XAUUSD,5m,2026-09-14T02:40:00+00:00,4347.85,4347.97,4343.03,4345.53,3817.0,2026-09-14T04:40:00+02:00
XAUUSD,5m,2026-09-14T02:45:00+00:00,4345.53,4348.05,4344.45,4345.02,2749.0,2026-09-14T04:45:00+02:00
XAUUSD,5m,2026-09-14T02:50:00+00:00,4345.02,4345.15,4337.99,4338.34,3043.0,2026-09-14T04:50:00+02:00
XAUUSD,5m,2026-09-14T02:55:00+00:00,4338.34,4338.34,4330.25,4330.89,3685.0,2026-09-14T04:55:00+02:00
XAUUSD,5m,2026-09-14T03:00:00+00:00,4330.89,4332.93,4327.37,4332.4,4093.0,2026-09-14T05:00:00+02:00
XAUUSD,5m,2026-09-14T03:05:00+00:00,4332.4,4336.0,4331.92,4335.76,2495.0,2026-09-14T05:05:00+02:00
XAUUSD,5m,2026-09-14T03:10:00+00:00,4335.76,4336.09,4332.78,4333.36,2180.0,2026-09-14T05:10:00+02:00
XAUUSD,5m,2026-09-14T03:15:00+00:00,4333.36,4335.89,4331.96,4335.56,2093.0,2026-09-14T05:15:00+02:00
XAUUSD,5m,2026-09-14T03:20:00+00:00,4335.56,4336.42,4334.03,4334.85,1593.0,2026-09-14T05:20:00+02:00
XAUUSD,5m,2026-09-14T03:25:00+00:00,4334.85,4335.68,4333.08,4334.86,1972.0,2026-09-14T05:25:00+02:00
XAUUSD,5m,2026-09-14T03:30:00+00:00,4334.86,4335.23,4330.01,4330.25,1881.0,2026-09-14T05:30:00+02:00
XAUUSD,5m,2026-09-14T03:35:00+00:00,4330.25,4333.15,4328.22,4331.98,2250.0,2026-09-14T05:35:00+02:00
XAUUSD,5m,2026-09-14T03:40:00+00:00,4331.98,4332.01,4327.09,4329.24,2054.0,2026-09-14T05:40:00+02:00
XAUUSD,5m,2026-09-14T03:45:00+00:00,4329.24,4333.29,4328.64,4332.95,1564.0,2026-09-14T05:45:00+02:00
XAUUSD,5m,2026-09-14T03:50:00+00:00,4332.95,4333.69,4330.28,4331.95,1296.0,2026-09-14T05:50:00+02:00
XAUUSD,5m,2026-09-14T03:55:00+00:00,4331.95,4332.92,4329.53,4330.39,1722.0,2026-09-14T05:55:00+02:00
XAUUSD,5m,2026-09-14T04:00:00+00:00,4330.39,4331.69,4329.66,4331.04,1458.0,2026-09-14T06:00:00+02:00
XAUUSD,5m,2026-09-14T04:05:00+00:00,4331.04,4331.61,4329.09,4330.75,1749.0,2026-09-14T06:05:00+02:00
XAUUSD,5m,2026-09-14T04:10:00+00:00,4330.75,4331.03,4329.06,4329.07,1258.0,2026-09-14T06:10:00+02:00
XAUUSD,5m,2026-09-14T04:15:00+00:00,4329.07,4330.31,4328.74,4329.7,1193.0,2026-09-14T06:15:00+02:00
XAUUSD,5m,2026-09-14T04:20:00+00:00,4329.7,4330.44,4329.05,4330.07,909.0,2026-09-14T06:20:00+02:00
XAUUSD,5m,2026-09-14T04:25:00+00:00,4330.07,4331.69,4329.41,4331.42,1378.0,2026-09-14T06:25:00+02:00
XAUUSD,5m,2026-09-14T04:30:00+00:00,4331.42,4331.63,4327.59,4327.76,1470.0,2026-09-14T06:30:00+02:00
XAUUSD,5m,2026-09-14T04:35:00+00:00,4327.76,4329.88,4324.9,4326.45,2132.0,2026-09-14T06:35:00+02:00
XAUUSD,5m,2026-09-14T04:40:00+00:00,4326.45,4326.55,4323.25,4323.26,2039.0,2026-09-14T06:40:00+02:00
XAUUSD,5m,2026-09-14T04:45:00+00:00,4323.26,4325.72,4321.98,4324.85,1906.0,2026-09-14T06:45:00+02:00
XAUUSD,5m,2026-09-14T04:50:00+00:00,4324.85,4328.35,4323.09,4328.24,2030.0,2026-09-14T06:50:00+02:00
XAUUSD,5m,2026-09-14T04:55:00+00:00,4328.24,4331.52,4328.23,4329.47,1677.0,2026-09-14T06:55:00+02:00
XAUUSD,5m,2026-09-14T05:00:00+00:00,4329.47,4332.7,4326.88,4332.02,1938.0,2026-09-14T07:00:00+02:00
XAUUSD,5m,2026-09-14T05:05:00+00:00,4332.02,4332.38,4328.74,4328.87,2051.0,2026-09-14T07:05:00+02:00
XAUUSD,5m,2026-09-14T05:10:00+00:00,4328.87,4330.73,4326.53,4330.73,1720.0,2026-09-14T07:10:00+02:00
XAUUSD,5m,2026-09-14T05:15:00+00:00,4330.73,4332.16,4329.53,4329.7,1451.0,2026-09-14T07:15:00+02:00
XAUUSD,5m,2026-09-14T05:20:00+00:00,4329.7,4330.22,4326.26,4327.28,1528.0,2026-09-14T07:20:00+02:00
XAUUSD,5m,2026-09-14T05:25:00+00:00,4327.28,4328.99,4326.41,4326.42,1743.0,2026-09-14T07:25:00+02:00
XAUUSD,5m,2026-09-14T05:30:00+00:00,4326.42,4336.75,4325.17,4332.29,5416.0,2026-09-14T07:30:00+02:00
XAUUSD,5m,2026-09-14T05:35:00+00:00,4332.29,4337.09,4332.08,4335.25,3667.0,2026-09-14T07:35:00+02:00
XAUUSD,5m,2026-09-14T05:40:00+00:00,4335.25,4335.26,4326.29,4330.79,4745.0,2026-09-14T07:40:00+02:00
XAUUSD,5m,2026-09-14T05:45:00+00:00,4330.79,4334.03,4325.19,4326.39,4489.0,2026-09-14T07:45:00+02:00
XAUUSD,5m,2026-09-14T05:50:00+00:00,4326.39,4334.66,4323.21,4334.57,3862.0,2026-09-14T07:50:00+02:00
XAUUSD,5m,2026-09-14T05:55:00+00:00,4334.57,4337.57,4332.77,4337.39,3288.0,2026-09-14T07:55:00+02:00
XAUUSD,5m,2026-09-14T06:00:00+00:00,4337.39,4338.73,4334.24,4334.42,4217.0,2026-09-14T08:00:00+02:00
XAUUSD,5m,2026-09-14T06:05:00+00:00,4334.42,4336.09,4330.81,4330.87,3962.0,2026-09-14T08:05:00+02:00
XAUUSD,5m,2026-09-14T06:10:00+00:00,4330.87,4333.73,4326.83,4329.88,3485.0,2026-09-14T08:10:00+02:00
XAUUSD,5m,2026-09-14T06:15:00+00:00,4329.88,4330.4,4327.64,4330.21,2651.0,2026-09-14T08:15:00+02:00
XAUUSD,5m,2026-09-14T06:20:00+00:00,4330.21,4331.35,4326.83,4329.41,2486.0,2026-09-14T08:20:00+02:00
XAUUSD,5m,2026-09-14T06:25:00+00:00,4329.41,4332.48,4328.85,4330.06,2476.0,2026-09-14T08:25:00+02:00
XAUUSD,5m,2026-09-14T06:30:00+00:00,4330.06,4332.21,4329.15,4330.13,2216.0,2026-09-14T08:30:00+02:00
XAUUSD,5m,2026-09-14T06:35:00+00:00,4330.13,4332.38,4327.47,4327.66,2756.0,2026-09-14T08:35:00+02:00
XAUUSD,5m,2026-09-14T06:40:00+00:00,4327.66,4328.06,4325.04,4327.25,2934.0,2026-09-14T08:40:00+02:00
XAUUSD,5m,2026-09-14T06:45:00+00:00,4327.25,4329.73,4323.76,4323.77,3601.0,2026-09-14T08:45:00+02:00
XAUUSD,5m,2026-09-14T06:50:00+00:00,4323.77,4325.02,4322.11,4323.08,2469.0,2026-09-14T08:50:00+02:00
XAUUSD,5m,2026-09-14T06:55:00+00:00,4323.08,4323.23,4320.49,4322.12,2508.0,2026-09-14T08:55:00+02:00
XAUUSD,5m,2026-09-14T07:00:00+00:00,4322.12,4322.33,4317.53,4321.48,4669.0,2026-09-14T09:00:00+02:00
XAUUSD,5m,2026-09-14T07:05:00+00:00,4321.48,4323.24,4318.63,4319.05,3586.0,2026-09-14T09:05:00+02:00
XAUUSD,5m,2026-09-14T07:10:00+00:00,4319.05,4324.19,4318.55,4323.87,2859.0,2026-09-14T09:10:00+02:00
XAUUSD,5m,2026-09-14T07:15:00+00:00,4323.87,4324.18,4321.29,4323.74,2472.0,2026-09-14T09:15:00+02:00
XAUUSD,5m,2026-09-14T07:20:00+00:00,4323.74,4323.74,4319.06,4319.85,2869.0,2026-09-14T09:20:00+02:00
XAUUSD,5m,2026-09-14T07:25:00+00:00,4319.85,4321.61,4316.29,4316.85,2876.0,2026-09-14T09:25:00+02:00
XAUUSD,5m,2026-09-14T07:30:00+00:00,4316.85,4319.44,4315.98,4317.36,2971.0,2026-09-14T09:30:00+02:00
XAUUSD,5m,2026-09-14T07:35:00+00:00,4317.36,4318.0,4315.57,4316.94,2238.0,2026-09-14T09:35:00+02:00
XAUUSD,5m,2026-09-14T07:40:00+00:00,4316.94,4319.56,4316.68,4319.23,2305.0,2026-09-14T09:40:00+02:00
XAUUSD,5m,2026-09-14T07:45:00+00:00,4319.23,4321.9,4315.85,4317.8,3467.0,2026-09-14T09:45:00+02:00
XAUUSD,5m,2026-09-14T07:50:00+00:00,4317.8,4319.69,4310.66,4311.21,3861.0,2026-09-14T09:50:00+02:00
XAUUSD,5m,2026-09-14T07:55:00+00:00,4311.21,4312.51,4307.81,4310.82,3200.0,2026-09-14T09:55:00+02:00
XAUUSD,5m,2026-09-14T08:00:00+00:00,4310.82,4316.73,4310.67,4314.85,4947.0,2026-09-14T10:00:00+02:00
XAUUSD,5m,2026-09-14T08:05:00+00:00,4314.85,4318.24,4313.48,4315.86,3201.0,2026-09-14T10:05:00+02:00
XAUUSD,5m,2026-09-14T08:10:00+00:00,4315.86,4316.26,4312.51,4313.16,2691.0,2026-09-14T10:10:00+02:00
XAUUSD,5m,2026-09-14T08:15:00+00:00,4313.16,4313.26,4310.09,4311.33,2640.0,2026-09-14T10:15:00+02:00
XAUUSD,5m,2026-09-14T08:20:00+00:00,4311.33,4314.37,4310.98,4313.22,3107.0,2026-09-14T10:20:00+02:00
XAUUSD,5m,2026-09-14T08:25:00+00:00,4313.22,4313.83,4310.2,4310.51,3159.0,2026-09-14T10:25:00+02:00
XAUUSD,5m,2026-09-14T08:30:00+00:00,4310.51,4314.01,4309.39,4312.63,3427.0,2026-09-14T10:30:00+02:00
XAUUSD,5m,2026-09-14T08:35:00+00:00,4312.63,4316.06,4311.74,4313.29,2854.0,2026-09-14T10:35:00+02:00
XAUUSD,5m,2026-09-14T08:40:00+00:00,4313.29,4313.98,4309.57,4311.82,3066.0,2026-09-14T10:40:00+02:00
XAUUSD,5m,2026-09-14T08:45:00+00:00,4311.82,4313.3,4307.11,4309.14,2587.0,2026-09-14T10:45:00+02:00
XAUUSD,5m,2026-09-14T08:50:00+00:00,4309.14,4309.14,4305.76,4306.26,2798.0,2026-09-14T10:50:00+02:00
XAUUSD,5m,2026-09-14T08:55:00+00:00,4306.26,4307.26,4303.15,4306.63,2689.0,2026-09-14T10:55:00+02:00
XAUUSD,5m,2026-09-14T09:00:00+00:00,4306.63,4311.67,4304.93,4309.16,4218.0,2026-09-14T11:00:00+02:00
XAUUSD,5m,2026-09-14T09:05:00+00:00,4309.16,4311.5,4308.16,4310.4,2997.0,2026-09-14T11:05:00+02:00
XAUUSD,5m,2026-09-14T09:10:00+00:00,4310.4,4310.54,4305.0,4305.88,3728.0,2026-09-14T11:10:00+02:00
XAUUSD,5m,2026-09-14T09:15:00+00:00,4305.88,4306.12,4286.54,4292.85,5726.0,2026-09-14T11:15:00+02:00
XAUUSD,5m,2026-09-14T09:20:00+00:00,4292.85,4293.39,4285.98,4287.68,5233.0,2026-09-14T11:20:00+02:00
XAUUSD,5m,2026-09-14T09:25:00+00:00,4287.68,4288.38,4280.19,4287.92,5550.0,2026-09-14T11:25:00+02:00
XAUUSD,5m,2026-09-14T09:30:00+00:00,4287.92,4289.8,4283.28,4287.69,5092.0,2026-09-14T11:30:00+02:00
XAUUSD,5m,2026-09-14T09:35:00+00:00,4287.69,4288.73,4278.98,4282.13,3793.0,2026-09-14T11:35:00+02:00
XAUUSD,5m,2026-09-14T09:40:00+00:00,4282.13,4287.83,4280.44,4281.35,4694.0,2026-09-14T11:40:00+02:00
XAUUSD,5m,2026-09-14T09:45:00+00:00,4281.35,4284.29,4279.05,4281.71,3829.0,2026-09-14T11:45:00+02:00
XAUUSD,5m,2026-09-14T09:50:00+00:00,4281.71,4287.81,4277.63,4287.55,3493.0,2026-09-14T11:50:00+02:00
XAUUSD,5m,2026-09-14T09:55:00+00:00,4287.55,4288.31,4284.41,4285.36,3457.0,2026-09-14T11:55:00+02:00
XAUUSD,5m,2026-09-14T10:00:00+00:00,4285.36,4286.0,4278.06,4281.63,4694.0,2026-09-14T12:00:00+02:00
XAUUSD,5m,2026-09-14T10:05:00+00:00,4281.63,4286.05,4281.59,4286.03,2880.0,2026-09-14T12:05:00+02:00
XAUUSD,5m,2026-09-14T10:10:00+00:00,4286.03,4289.47,4285.52,4288.37,2329.0,2026-09-14T12:10:00+02:00
XAUUSD,5m,2026-09-14T10:15:00+00:00,4288.37,4290.96,4285.94,4289.99,2926.0,2026-09-14T12:15:00+02:00
XAUUSD,5m,2026-09-14T10:20:00+00:00,4289.99,4290.03,4285.77,4289.08,2682.0,2026-09-14T12:20:00+02:00
XAUUSD,5m,2026-09-14T10:25:00+00:00,4289.08,4292.61,4289.0,4291.13,2006.0,2026-09-14T12:25:00+02:00
XAUUSD,5m,2026-09-14T10:30:00+00:00,4291.13,4292.72,4289.23,4291.11,2139.0,2026-09-14T12:30:00+02:00
XAUUSD,5m,2026-09-14T10:35:00+00:00,4291.11,4293.82,4290.93,4293.35,1892.0,2026-09-14T12:35:00+02:00
XAUUSD,5m,2026-09-14T10:40:00+00:00,4293.35,4294.9,4292.88,4293.86,1684.0,2026-09-14T12:40:00+02:00
XAUUSD,5m,2026-09-14T10:45:00+00:00,4293.86,4294.66,4291.98,4292.63,1900.0,2026-09-14T12:45:00+02:00
XAUUSD,5m,2026-09-14T10:50:00+00:00,4292.63,4293.24,4291.21,4291.48,1765.0,2026-09-14T12:50:00+02:00
XAUUSD,5m,2026-09-14T10:55:00+00:00,4291.48,4296.54,4290.0,4294.61,2382.0,2026-09-14T12:55:00+02:00
XAUUSD,5m,2026-09-14T11:00:00+00:00,4294.61,4296.77,4293.32,4296.76,3188.0,2026-09-14T13:00:00+02:00
XAUUSD,5m,2026-09-14T11:05:00+00:00,4296.76,4296.91,4293.22,4294.79,2319.0,2026-09-14T13:05:00+02:00
XAUUSD,5m,2026-09-14T11:10:00+00:00,4294.79,4294.89,4291.09,4292.14,2568.0,2026-09-14T13:10:00+02:00
XAUUSD,5m,2026-09-14T11:15:00+00:00,4292.14,4295.62,4291.04,4295.53,2094.0,2026-09-14T13:15:00+02:00
XAUUSD,5m,2026-09-14T11:20:00+00:00,4295.53,4296.84,4293.97,4296.74,1783.0,2026-09-14T13:20:00+02:00
XAUUSD,5m,2026-09-14T11:25:00+00:00,4296.74,4296.74,4295.62,4296.06,1400.0,2026-09-14T13:25:00+02:00
XAUUSD,5m,2026-09-14T11:30:00+00:00,4296.06,4296.7,4293.78,4294.72,2659.0,2026-09-14T13:30:00+02:00
XAUUSD,5m,2026-09-14T11:35:00+00:00,4294.72,4294.93,4291.96,4293.08,2212.0,2026-09-14T13:35:00+02:00
XAUUSD,5m,2026-09-14T11:40:00+00:00,4293.08,4294.83,4292.03,4292.22,2130.0,2026-09-14T13:40:00+02:00
XAUUSD,5m,2026-09-14T11:45:00+00:00,4292.22,4293.81,4291.64,4293.31,1863.0,2026-09-14T13:45:00+02:00
XAUUSD,5m,2026-09-14T11:50:00+00:00,4293.31,4293.31,4286.73,4287.47,2753.0,2026-09-14T13:50:00+02:00
XAUUSD,5m,2026-09-14T11:55:00+00:00,4287.47,4288.21,4284.16,4286.99,2657.0,2026-09-14T13:55:00+02:00
XAUUSD,5m,2026-09-14T12:00:00+00:00,4286.99,4290.26,4285.12,4287.08,3319.0,2026-09-14T14:00:00+02:00
XAUUSD,5m,2026-09-14T12:05:00+00:00,4287.08,4294.4,4286.01,4293.67,3621.0,2026-09-14T14:05:00+02:00
XAUUSD,5m,2026-09-14T12:10:00+00:00,4293.67,4296.7,4292.11,4294.66,3033.0,2026-09-14T14:10:00+02:00
XAUUSD,5m,2026-09-14T12:15:00+00:00,4294.66,4297.64,4289.67,4290.27,5247.0,2026-09-14T14:15:00+02:00
XAUUSD,5m,2026-09-14T12:20:00+00:00,4290.27,4290.59,4284.37,4285.88,5167.0,2026-09-14T14:20:00+02:00
XAUUSD,5m,2026-09-14T12:25:00+00:00,4285.88,4288.02,4283.27,4285.95,4596.0,2026-09-14T14:25:00+02:00
XAUUSD,5m,2026-09-14T12:30:00+00:00,4285.95,4289.31,4283.29,4287.89,6009.0,2026-09-14T14:30:00+02:00
XAUUSD,5m,2026-09-14T12:35:00+00:00,4287.89,4289.67,4273.28,4277.92,12867.0,2026-09-14T14:35:00+02:00
XAUUSD,5m,2026-09-14T12:40:00+00:00,4277.92,4286.8,4275.88,4283.69,8186.0,2026-09-14T14:40:00+02:00
XAUUSD,5m,2026-09-14T12:45:00+00:00,4283.69,4283.69,4276.33,4278.64,5947.0,2026-09-14T14:45:00+02:00
XAUUSD,5m,2026-09-14T12:50:00+00:00,4278.64,4279.04,4267.65,4269.8,5824.0,2026-09-14T14:50:00+02:00
XAUUSD,5m,2026-09-14T12:55:00+00:00,4269.8,4272.01,4265.82,4271.04,5583.0,2026-09-14T14:55:00+02:00
XAUUSD,5m,2026-09-14T13:00:00+00:00,4271.04,4272.69,4265.49,4267.45,10583.0,2026-09-14T15:00:00+02:00
XAUUSD,5m,2026-09-14T13:05:00+00:00,4267.45,4270.33,4253.52,4260.14,9827.0,2026-09-14T15:05:00+02:00
XAUUSD,5m,2026-09-14T13:10:00+00:00,4260.14,4268.69,4259.58,4266.28,7089.0,2026-09-14T15:10:00+02:00
XAUUSD,5m,2026-09-14T13:15:00+00:00,4266.28,4272.98,4263.76,4272.87,5739.0,2026-09-14T15:15:00+02:00
XAUUSD,5m,2026-09-14T13:20:00+00:00,4272.87,4277.34,4272.04,4275.99,4650.0,2026-09-14T15:20:00+02:00
XAUUSD,5m,2026-09-14T13:25:00+00:00,4275.99,4277.71,4271.16,4273.67,4408.0,2026-09-14T15:25:00+02:00
XAUUSD,5m,2026-09-14T13:30:00+00:00,4273.67,4278.48,4271.97,4272.2,11396.0,2026-09-14T15:30:00+02:00
XAUUSD,5m,2026-09-14T13:35:00+00:00,4272.2,4274.98,4268.51,4268.59,8834.0,2026-09-14T15:35:00+02:00
XAUUSD,5m,2026-09-14T13:40:00+00:00,4268.59,4274.98,4266.7,4274.85,8862.0,2026-09-14T15:40:00+02:00
XAUUSD,5m,2026-09-14T13:45:00+00:00,4274.85,4281.09,4271.71,4276.56,10275.0,2026-09-14T15:45:00+02:00
XAUUSD,5m,2026-09-14T13:50:00+00:00,4276.56,4281.13,4270.61,4273.15,10687.0,2026-09-14T15:50:00+02:00
XAUUSD,5m,2026-09-14T13:55:00+00:00,4273.15,4275.74,4269.7,4272.54,8365.0,2026-09-14T15:55:00+02:00
XAUUSD,5m,2026-09-14T14:00:00+00:00,4272.54,4275.88,4265.97,4267.6,8819.0,2026-09-14T16:00:00+02:00
XAUUSD,5m,2026-09-14T14:05:00+00:00,4267.6,4271.5,4264.97,4271.19,7458.0,2026-09-14T16:05:00+02:00
XAUUSD,5m,2026-09-14T14:10:00+00:00,4271.19,4281.89,4271.08,4281.59,7650.0,2026-09-14T16:10:00+02:00
XAUUSD,5m,2026-09-14T14:15:00+00:00,4281.59,4282.91,4272.86,4276.23,5221.0,2026-09-14T16:15:00+02:00
XAUUSD,5m,2026-09-14T14:20:00+00:00,4276.23,4276.23,4263.77,4264.73,6624.0,2026-09-14T16:20:00+02:00
XAUUSD,5m,2026-09-14T14:25:00+00:00,4264.73,4270.05,4263.99,4270.05,6405.0,2026-09-14T16:25:00+02:00
XAUUSD,5m,2026-09-14T14:30:00+00:00,4270.05,4271.5,4266.36,4271.28,5973.0,2026-09-14T16:30:00+02:00
XAUUSD,5m,2026-09-14T14:35:00+00:00,4271.28,4272.3,4267.85,4271.49,5392.0,2026-09-14T16:35:00+02:00
XAUUSD,5m,2026-09-14T14:40:00+00:00,4271.49,4277.13,4268.97,4276.74,5591.0,2026-09-14T16:40:00+02:00
XAUUSD,5m,2026-09-14T14:45:00+00:00,4276.74,4279.44,4276.38,4278.35,5543.0,2026-09-14T16:45:00+02:00
XAUUSD,5m,2026-09-14T14:50:00+00:00,4278.35,4279.24,4273.84,4276.26,5536.0,2026-09-14T16:50:00+02:00
XAUUSD,5m,2026-09-14T14:55:00+00:00,4276.26,4279.44,4274.58,4279.36,5493.0,2026-09-14T16:55:00+02:00
XAUUSD,5m,2026-09-14T15:00:00+00:00,4279.36,4279.98,4272.46,4272.89,6167.0,2026-09-14T17:00:00+02:00
XAUUSD,5m,2026-09-14T15:05:00+00:00,4272.89,4286.6,4272.55,4280.1,14365.0,2026-09-14T17:05:00+02:00
XAUUSD,5m,2026-09-14T15:10:00+00:00,4280.1,4282.95,4276.9,4276.93,7132.0,2026-09-14T17:10:00+02:00
XAUUSD,5m,2026-09-14T15:15:00+00:00,4276.93,4278.75,4272.47,4275.88,5662.0,2026-09-14T17:15:00+02:00
XAUUSD,5m,2026-09-14T15:20:00+00:00,4275.88,4279.52,4274.15,4279.29,3748.0,2026-09-14T17:20:00+02:00
XAUUSD,5m,2026-09-14T15:25:00+00:00,4279.29,4284.72,4278.14,4283.49,4471.0,2026-09-14T17:25:00+02:00
XAUUSD,5m,2026-09-14T15:30:00+00:00,4283.49,4294.21,4282.68,4293.84,10428.0,2026-09-14T17:30:00+02:00
XAUUSD,5m,2026-09-14T15:35:00+00:00,4293.84,4297.55,4289.53,4297.52,8482.0,2026-09-14T17:35:00+02:00
XAUUSD,5m,2026-09-14T15:40:00+00:00,4297.52,4298.26,4292.5,4294.17,8141.0,2026-09-14T17:40:00+02:00
XAUUSD,5m,2026-09-14T15:45:00+00:00,4294.17,4295.02,4287.69,4288.14,5381.0,2026-09-14T17:45:00+02:00
XAUUSD,5m,2026-09-14T15:50:00+00:00,4288.14,4290.58,4286.22,4289.38,4501.0,2026-09-14T17:50:00+02:00
XAUUSD,5m,2026-09-14T15:55:00+00:00,4289.38,4291.29,4287.85,4288.17,3416.0,2026-09-14T17:55:00+02:00
XAUUSD,5m,2026-09-14T16:00:00+00:00,4288.17,4290.23,4286.31,4286.53,3577.0,2026-09-14T18:00:00+02:00
XAUUSD,5m,2026-09-14T16:05:00+00:00,4286.53,4294.99,4286.45,4294.99,4660.0,2026-09-14T18:05:00+02:00
XAUUSD,5m,2026-09-14T16:10:00+00:00,4294.99,4297.81,4294.65,4294.93,4010.0,2026-09-14T18:10:00+02:00
XAUUSD,5m,2026-09-14T16:15:00+00:00,4294.93,4299.23,4294.93,4298.73,3802.0,2026-09-14T18:15:00+02:00
XAUUSD,5m,2026-09-14T16:20:00+00:00,4298.73,4305.15,4297.32,4304.3,4158.0,2026-09-14T18:20:00+02:00
XAUUSD,5m,2026-09-14T16:25:00+00:00,4304.3,4305.13,4299.75,4299.98,4690.0,2026-09-14T18:25:00+02:00
XAUUSD,5m,2026-09-14T16:30:00+00:00,4299.98,4304.59,4299.35,4300.98,4495.0,2026-09-14T18:30:00+02:00
XAUUSD,5m,2026-09-14T16:35:00+00:00,4300.98,4303.29,4299.85,4303.02,4179.0,2026-09-14T18:35:00+02:00
XAUUSD,5m,2026-09-14T16:40:00+00:00,4303.02,4307.78,4302.55,4306.01,3613.0,2026-09-14T18:40:00+02:00
XAUUSD,5m,2026-09-14T16:45:00+00:00,4306.01,4315.52,4304.68,4313.83,10143.0,2026-09-14T18:45:00+02:00
XAUUSD,5m,2026-09-14T16:50:00+00:00,4313.83,4317.69,4312.24,4316.75,8987.0,2026-09-14T18:50:00+02:00
XAUUSD,5m,2026-09-14T16:55:00+00:00,4316.75,4317.66,4314.61,4315.74,5484.0,2026-09-14T18:55:00+02:00
XAUUSD,5m,2026-09-14T17:00:00+00:00,4315.74,4316.42,4312.13,4314.5,5402.0,2026-09-14T19:00:00+02:00
XAUUSD,5m,2026-09-14T17:05:00+00:00,4314.5,4314.7,4312.04,4313.61,4491.0,2026-09-14T19:05:00+02:00
XAUUSD,5m,2026-09-14T17:10:00+00:00,4313.61,4315.79,4310.97,4311.0,5241.0,2026-09-14T19:10:00+02:00
XAUUSD,5m,2026-09-14T17:15:00+00:00,4311.0,4312.76,4309.14,4309.75,4617.0,2026-09-14T19:15:00+02:00
XAUUSD,5m,2026-09-14T17:20:00+00:00,4309.75,4312.09,4309.75,4311.3,4871.0,2026-09-14T19:20:00+02:00
XAUUSD,5m,2026-09-14T17:25:00+00:00,4311.3,4314.13,4309.95,4311.69,5592.0,2026-09-14T19:25:00+02:00
XAUUSD,5m,2026-09-14T17:30:00+00:00,4311.69,4313.59,4308.89,4309.02,4335.0,2026-09-14T19:30:00+02:00
XAUUSD,5m,2026-09-14T17:35:00+00:00,4309.02,4311.77,4307.74,4311.19,3244.0,2026-09-14T19:35:00+02:00
XAUUSD,5m,2026-09-14T17:40:00+00:00,4311.19,4312.02,4309.2,4309.97,3225.0,2026-09-14T19:40:00+02:00
XAUUSD,5m,2026-09-14T17:45:00+00:00,4309.97,4311.45,4308.84,4309.1,3378.0,2026-09-14T19:45:00+02:00
XAUUSD,5m,2026-09-14T17:50:00+00:00,4309.1,4313.58,4308.56,4312.11,3381.0,2026-09-14T19:50:00+02:00
XAUUSD,5m,2026-09-14T17:55:00+00:00,4312.11,4313.88,4310.43,4310.99,3103.0,2026-09-14T19:55:00+02:00
XAUUSD,5m,2026-09-14T18:00:00+00:00,4310.99,4315.9,4309.72,4310.1,5126.0,2026-09-14T20:00:00+02:00
XAUUSD,5m,2026-09-14T18:05:00+00:00,4310.1,4311.41,4308.11,4310.24,3776.0,2026-09-14T20:05:00+02:00
XAUUSD,5m,2026-09-14T18:10:00+00:00,4310.24,4312.75,4310.15,4312.54,2851.0,2026-09-14T20:10:00+02:00
XAUUSD,5m,2026-09-14T18:15:00+00:00,4312.54,4312.62,4311.23,4311.52,2645.0,2026-09-14T20:15:00+02:00
XAUUSD,5m,2026-09-14T18:20:00+00:00,4311.52,4312.1,4307.95,4308.05,3084.0,2026-09-14T20:20:00+02:00
XAUUSD,5m,2026-09-14T18:25:00+00:00,4308.05,4309.67,4306.25,4309.67,3303.0,2026-09-14T20:25:00+02:00
XAUUSD,5m,2026-09-14T18:30:00+00:00,4309.67,4313.2,4308.5,4311.58,3624.0,2026-09-14T20:30:00+02:00
XAUUSD,5m,2026-09-14T18:35:00+00:00,4311.58,4312.94,4310.82,4310.83,2486.0,2026-09-14T20:35:00+02:00
XAUUSD,5m,2026-09-14T18:40:00+00:00,4310.83,4311.01,4309.11,4309.33,2262.0,2026-09-14T20:40:00+02:00
XAUUSD,5m,2026-09-14T18:45:00+00:00,4309.33,4309.74,4307.15,4307.32,3001.0,2026-09-14T20:45:00+02:00
XAUUSD,5m,2026-09-14T18:50:00+00:00,4307.32,4307.32,4304.59,4306.47,2417.0,2026-09-14T20:50:00+02:00
XAUUSD,5m,2026-09-14T18:55:00+00:00,4306.47,4307.8,4305.26,4307.37,3367.0,2026-09-14T20:55:00+02:00
XAUUSD,5m,2026-09-14T19:00:00+00:00,4307.37,4307.8,4304.13,4306.33,3540.0,2026-09-14T21:00:00+02:00
XAUUSD,5m,2026-09-14T19:05:00+00:00,4306.33,4306.49,4302.72,4303.74,2526.0,2026-09-14T21:05:00+02:00
XAUUSD,5m,2026-09-14T19:10:00+00:00,4303.74,4306.68,4303.36,4305.95,1977.0,2026-09-14T21:10:00+02:00
XAUUSD,5m,2026-09-14T19:15:00+00:00,4305.95,4305.95,4300.07,4301.69,2291.0,2026-09-14T21:15:00+02:00
XAUUSD,5m,2026-09-14T19:20:00+00:00,4301.69,4302.27,4295.82,4297.29,2376.0,2026-09-14T21:20:00+02:00
XAUUSD,5m,2026-09-14T19:25:00+00:00,4297.29,4298.34,4296.25,4296.3,2350.0,2026-09-14T21:25:00+02:00
XAUUSD,5m,2026-09-14T19:30:00+00:00,4296.3,4297.35,4292.66,4293.0,3057.0,2026-09-14T21:30:00+02:00
XAUUSD,5m,2026-09-14T19:35:00+00:00,4293.0,4294.74,4291.79,4291.99,2552.0,2026-09-14T21:35:00+02:00
XAUUSD,5m,2026-09-14T19:40:00+00:00,4291.99,4292.29,4290.42,4291.83,3279.0,2026-09-14T21:40:00+02:00
XAUUSD,5m,2026-09-14T19:45:00+00:00,4291.83,4291.87,4287.73,4287.8,2279.0,2026-09-14T21:45:00+02:00
XAUUSD,5m,2026-09-14T19:50:00+00:00,4287.8,4287.97,4284.79,4286.39,4450.0,2026-09-14T21:50:00+02:00
XAUUSD,5m,2026-09-14T19:55:00+00:00,4286.39,4286.74,4282.78,4283.64,5116.0,2026-09-14T21:55:00+02:00
XAUUSD,5m,2026-09-14T20:00:00+00:00,4283.64,4285.06,4282.31,4284.54,2319.0,2026-09-14T22:00:00+02:00
XAUUSD,5m,2026-09-14T20:05:00+00:00,4284.54,4286.74,4284.52,4285.87,1438.0,2026-09-14T22:05:00+02:00
XAUUSD,5m,2026-09-14T20:10:00+00:00,4285.87,4288.41,4285.56,4287.75,1233.0,2026-09-14T22:10:00+02:00
XAUUSD,5m,2026-09-14T20:15:00+00:00,4287.75,4293.27,4287.74,4293.22,1257.0,2026-09-14T22:15:00+02:00
XAUUSD,5m,2026-09-14T20:20:00+00:00,4293.22,4295.97,4293.22,4295.75,1385.0,2026-09-14T22:20:00+02:00
XAUUSD,5m,2026-09-14T20:25:00+00:00,4295.75,4298.35,4295.7,4296.66,1460.0,2026-09-14T22:25:00+02:00
XAUUSD,5m,2026-09-14T20:30:00+00:00,4296.66,4299.62,4296.65,4299.38,976.0,2026-09-14T22:30:00+02:00
XAUUSD,5m,2026-09-14T20:35:00+00:00,4299.38,4299.38,4294.84,4296.26,1096.0,2026-09-14T22:35:00+02:00
XAUUSD,5m,2026-09-14T20:40:00+00:00,4296.26,4296.74,4294.65,4294.91,931.0,2026-09-14T22:40:00+02:00
XAUUSD,5m,2026-09-14T20:45:00+00:00,4294.91,4297.09,4294.88,4296.65,1287.0,2026-09-14T22:45:00+02:00
XAUUSD,5m,2026-09-14T20:50:00+00:00,4296.65,4297.66,4296.58,4297.61,720.0,2026-09-14T22:50:00+02:00
XAUUSD,5m,2026-09-14T20:55:00+00:00,4297.61,4299.59,4297.44,4298.76,942.0,2026-09-14T22:55:00+02:00
XAUUSD,5m,2026-09-14T22:00:00+00:00,4298.76,4300.75,4298.62,4299.46,1280.0,2026-09-15T00:00:00+02:00
XAUUSD,5m,2026-09-14T22:05:00+00:00,4299.46,4299.98,4296.93,4297.77,1733.0,2026-09-15T00:05:00+02:00
XAUUSD,5m,2026-09-14T22:10:00+00:00,4297.77,4297.87,4296.62,4297.08,1296.0,2026-09-15T00:10:00+02:00
XAUUSD,5m,2026-09-14T22:15:00+00:00,4297.08,4297.81,4295.99,4296.34,1446.0,2026-09-15T00:15:00+02:00
XAUUSD,5m,2026-09-14T22:20:00+00:00,4296.34,4298.35,4295.78,4295.93,1445.0,2026-09-15T00:20:00+02:00
XAUUSD,5m,2026-09-14T22:25:00+00:00,4295.93,4296.16,4292.67,4295.66,1037.0,2026-09-15T00:25:00+02:00
XAUUSD,5m,2026-09-14T22:30:00+00:00,4295.66,4297.64,4295.3,4296.88,750.0,2026-09-15T00:30:00+02:00
XAUUSD,5m,2026-09-14T22:35:00+00:00,4296.88,4298.53,4293.49,4295.67,987.0,2026-09-15T00:35:00+02:00
XAUUSD,5m,2026-09-14T22:40:00+00:00,4295.67,4297.62,4293.48,4295.78,1772.0,2026-09-15T00:40:00+02:00
XAUUSD,5m,2026-09-14T22:45:00+00:00,4295.78,4296.19,4294.33,4295.2,604.0,2026-09-15T00:45:00+02:00
XAUUSD,5m,2026-09-14T22:50:00+00:00,4295.2,4298.21,4294.01,4296.14,1054.0,2026-09-15T00:50:00+02:00
XAUUSD,5m,2026-09-14T22:55:00+00:00,4296.14,4297.26,4293.09,4295.48,1414.0,2026-09-15T00:55:00+02:00
XAUUSD,5m,2026-09-14T23:00:00+00:00,4295.48,4297.41,4293.05,4294.08,1452.0,2026-09-15T01:00:00+02:00
XAUUSD,5m,2026-09-14T23:05:00+00:00,4294.08,4295.17,4292.38,4293.16,1361.0,2026-09-15T01:05:00+02:00
XAUUSD,5m,2026-09-14T23:10:00+00:00,4293.16,4294.28,4291.12,4292.13,1496.0,2026-09-15T01:10:00+02:00
XAUUSD,5m,2026-09-14T23:15:00+00:00,4292.13,4292.35,4289.13,4289.4,1175.0,2026-09-15T01:15:00+02:00
XAUUSD,5m,2026-09-14T23:20:00+00:00,4289.4,4290.78,4287.09,4290.21,1400.0,2026-09-15T01:20:00+02:00
XAUUSD,5m,2026-09-14T23:25:00+00:00,4290.21,4290.75,4286.97,4290.03,1394.0,2026-09-15T01:25:00+02:00
XAUUSD,5m,2026-09-14T23:30:00+00:00,4290.03,4291.69,4287.83,4290.8,1282.0,2026-09-15T01:30:00+02:00
XAUUSD,5m,2026-09-14T23:35:00+00:00,4290.8,4291.31,4288.19,4289.27,923.0,2026-09-15T01:35:00+02:00
XAUUSD,5m,2026-09-14T23:40:00+00:00,4289.27,4291.71,4288.6,4289.4,800.0,2026-09-15T01:40:00+02:00
XAUUSD,5m,2026-09-14T23:45:00+00:00,4289.4,4289.49,4287.25,4288.8,1353.0,2026-09-15T01:45:00+02:00
XAUUSD,5m,2026-09-14T23:50:00+00:00,4288.8,4289.19,4287.22,4287.7,1225.0,2026-09-15T01:50:00+02:00
XAUUSD,5m,2026-09-14T23:55:00+00:00,4287.7,4288.8,4287.02,4288.2,1577.0,2026-09-15T01:55:00+02:00
XAUUSD,5m,2026-09-15T00:00:00+00:00,4288.2,4289.06,4286.3,4286.35,3025.0,2026-09-15T02:00:00+02:00
XAUUSD,5m,2026-09-15T00:05:00+00:00,4286.35,4288.39,4283.49,4286.55,3008.0,2026-09-15T02:05:00+02:00
XAUUSD,5m,2026-09-15T00:10:00+00:00,4286.55,4287.1,4283.96,4286.8,2740.0,2026-09-15T02:10:00+02:00
XAUUSD,5m,2026-09-15T00:15:00+00:00,4286.8,4289.45,4284.25,4285.12,2599.0,2026-09-15T02:15:00+02:00
XAUUSD,5m,2026-09-15T00:20:00+00:00,4285.12,4287.46,4283.59,4287.4,2153.0,2026-09-15T02:20:00+02:00
XAUUSD,5m,2026-09-15T00:25:00+00:00,4287.4,4289.71,4285.65,4288.12,2728.0,2026-09-15T02:25:00+02:00
XAUUSD,5m,2026-09-15T00:30:00+00:00,4288.12,4289.06,4283.19,4284.43,2314.0,2026-09-15T02:30:00+02:00
XAUUSD,5m,2026-09-15T00:35:00+00:00,4284.43,4290.64,4283.89,4290.12,2396.0,2026-09-15T02:35:00+02:00
XAUUSD,5m,2026-09-15T00:40:00+00:00,4290.12,4293.14,4289.52,4292.53,2132.0,2026-09-15T02:40:00+02:00
XAUUSD,5m,2026-09-15T00:45:00+00:00,4292.53,4294.47,4291.8,4294.24,2383.0,2026-09-15T02:45:00+02:00
XAUUSD,5m,2026-09-15T00:50:00+00:00,4294.24,4296.65,4293.51,4294.37,2213.0,2026-09-15T02:50:00+02:00
XAUUSD,5m,2026-09-15T00:55:00+00:00,4294.37,4294.57,4292.53,4293.01,2668.0,2026-09-15T02:55:00+02:00
XAUUSD,5m,2026-09-15T01:00:00+00:00,4293.01,4298.28,4287.89,4296.05,9030.0,2026-09-15T03:00:00+02:00
XAUUSD,5m,2026-09-15T01:05:00+00:00,4296.05,4298.62,4293.16,4293.86,5520.0,2026-09-15T03:05:00+02:00
XAUUSD,5m,2026-09-15T01:10:00+00:00,4293.86,4299.95,4293.7,4299.68,3570.0,2026-09-15T03:10:00+02:00
XAUUSD,5m,2026-09-15T01:15:00+00:00,4299.68,4305.95,4299.08,4304.17,3586.0,2026-09-15T03:15:00+02:00
XAUUSD,5m,2026-09-15T01:20:00+00:00,4304.17,4304.59,4301.85,4302.22,3055.0,2026-09-15T03:20:00+02:00
XAUUSD,5m,2026-09-15T01:25:00+00:00,4302.22,4303.09,4300.28,4301.83,2844.0,2026-09-15T03:25:00+02:00
XAUUSD,5m,2026-09-15T01:30:00+00:00,4301.83,4306.54,4301.56,4302.3,3776.0,2026-09-15T03:30:00+02:00
XAUUSD,5m,2026-09-15T01:35:00+00:00,4302.3,4302.73,4295.7,4297.72,3933.0,2026-09-15T03:35:00+02:00
XAUUSD,5m,2026-09-15T01:40:00+00:00,4297.72,4299.73,4295.23,4298.6,4335.0,2026-09-15T03:40:00+02:00
XAUUSD,5m,2026-09-15T01:45:00+00:00,4298.6,4301.87,4296.53,4300.26,3110.0,2026-09-15T03:45:00+02:00
XAUUSD,5m,2026-09-15T01:50:00+00:00,4300.26,4300.47,4294.18,4299.4,3290.0,2026-09-15T03:50:00+02:00
XAUUSD,5m,2026-09-15T01:55:00+00:00,4299.4,4304.95,4299.35,4304.36,2758.0,2026-09-15T03:55:00+02:00
XAUUSD,5m,2026-09-15T02:00:00+00:00,4304.36,4311.73,4304.33,4306.92,4335.0,2026-09-15T04:00:00+02:00
XAUUSD,5m,2026-09-15T02:05:00+00:00,4306.92,4309.02,4306.01,4307.61,2814.0,2026-09-15T04:05:00+02:00
XAUUSD,5m,2026-09-15T02:10:00+00:00,4307.61,4308.29,4305.08,4307.39,1752.0,2026-09-15T04:10:00+02:00
XAUUSD,5m,2026-09-15T02:15:00+00:00,4307.39,4307.84,4305.42,4306.83,1774.0,2026-09-15T04:15:00+02:00
XAUUSD,5m,2026-09-15T02:20:00+00:00,4306.83,4308.83,4305.9,4308.18,1269.0,2026-09-15T04:20:00+02:00
XAUUSD,5m,2026-09-15T02:25:00+00:00,4308.18,4310.15,4307.78,4310.14,1509.0,2026-09-15T04:25:00+02:00
XAUUSD,5m,2026-09-15T02:30:00+00:00,4310.14,4312.34,4307.19,4311.84,3511.0,2026-09-15T04:30:00+02:00
XAUUSD,5m,2026-09-15T02:35:00+00:00,4311.84,4315.28,4309.08,4315.1,3206.0,2026-09-15T04:35:00+02:00
XAUUSD,5m,2026-09-15T02:40:00+00:00,4315.1,4317.28,4311.21,4311.37,3393.0,2026-09-15T04:40:00+02:00
XAUUSD,5m,2026-09-15T02:45:00+00:00,4311.37,4317.33,4311.02,4316.67,2777.0,2026-09-15T04:45:00+02:00
XAUUSD,5m,2026-09-15T02:50:00+00:00,4316.67,4317.24,4311.39,4312.09,3231.0,2026-09-15T04:50:00+02:00
XAUUSD,5m,2026-09-15T02:55:00+00:00,4312.09,4314.64,4311.73,4314.11,2003.0,2026-09-15T04:55:00+02:00
XAUUSD,5m,2026-09-15T03:00:00+00:00,4314.11,4314.47,4309.85,4312.4,2576.0,2026-09-15T05:00:00+02:00
XAUUSD,5m,2026-09-15T03:05:00+00:00,4312.4,4314.0,4311.18,4313.79,2366.0,2026-09-15T05:05:00+02:00
XAUUSD,5m,2026-09-15T03:10:00+00:00,4313.79,4314.11,4310.56,4310.85,2368.0,2026-09-15T05:10:00+02:00
XAUUSD,5m,2026-09-15T03:15:00+00:00,4310.85,4313.11,4309.8,4311.77,2133.0,2026-09-15T05:15:00+02:00
XAUUSD,5m,2026-09-15T03:20:00+00:00,4311.77,4314.34,4310.35,4310.75,1816.0,2026-09-15T05:20:00+02:00
XAUUSD,5m,2026-09-15T03:25:00+00:00,4310.75,4311.98,4309.76,4310.65,1587.0,2026-09-15T05:25:00+02:00
XAUUSD,5m,2026-09-15T03:30:00+00:00,4310.65,4312.93,4310.57,4312.8,1835.0,2026-09-15T05:30:00+02:00
XAUUSD,5m,2026-09-15T03:35:00+00:00,4312.8,4313.55,4309.07,4309.15,1778.0,2026-09-15T05:35:00+02:00
XAUUSD,5m,2026-09-15T03:40:00+00:00,4309.15,4310.23,4308.02,4308.47,1667.0,2026-09-15T05:40:00+02:00
XAUUSD,5m,2026-09-15T03:45:00+00:00,4308.47,4310.02,4305.43,4305.5,2105.0,2026-09-15T05:45:00+02:00
XAUUSD,5m,2026-09-15T03:50:00+00:00,4305.5,4305.88,4303.76,4304.2,1770.0,2026-09-15T05:50:00+02:00
XAUUSD,5m,2026-09-15T03:55:00+00:00,4304.2,4304.98,4303.23,4303.5,1393.0,2026-09-15T05:55:00+02:00
XAUUSD,5m,2026-09-15T04:00:00+00:00,4303.5,4304.31,4302.44,4303.12,1168.0,2026-09-15T06:00:00+02:00
XAUUSD,5m,2026-09-15T04:05:00+00:00,4303.12,4306.02,4302.61,4305.63,1766.0,2026-09-15T06:05:00+02:00
XAUUSD,5m,2026-09-15T04:10:00+00:00,4305.63,4309.59,4304.34,4307.17,2163.0,2026-09-15T06:10:00+02:00
XAUUSD,5m,2026-09-15T04:15:00+00:00,4307.17,4308.52,4303.32,4304.1,1915.0,2026-09-15T06:15:00+02:00
XAUUSD,5m,2026-09-15T04:20:00+00:00,4304.1,4304.97,4302.68,4303.04,1607.0,2026-09-15T06:20:00+02:00
XAUUSD,5m,2026-09-15T04:25:00+00:00,4303.04,4304.17,4302.66,4303.58,1459.0,2026-09-15T06:25:00+02:00
XAUUSD,5m,2026-09-15T04:30:00+00:00,4303.58,4304.21,4302.49,4302.77,1001.0,2026-09-15T06:30:00+02:00
XAUUSD,5m,2026-09-15T04:35:00+00:00,4302.77,4305.11,4300.69,4304.75,1746.0,2026-09-15T06:35:00+02:00
XAUUSD,5m,2026-09-15T04:40:00+00:00,4304.75,4306.2,4303.59,4304.93,1654.0,2026-09-15T06:40:00+02:00
XAUUSD,5m,2026-09-15T04:45:00+00:00,4304.93,4307.01,4304.13,4305.56,1728.0,2026-09-15T06:45:00+02:00
XAUUSD,5m,2026-09-15T04:50:00+00:00,4305.56,4306.26,4304.32,4305.71,2250.0,2026-09-15T06:50:00+02:00
XAUUSD,5m,2026-09-15T04:55:00+00:00,4305.71,4307.83,4304.5,4304.73,2127.0,2026-09-15T06:55:00+02:00
XAUUSD,5m,2026-09-15T05:00:00+00:00,4304.73,4307.55,4302.62,4302.71,2104.0,2026-09-15T07:00:00+02:00
XAUUSD,5m,2026-09-15T05:05:00+00:00,4302.71,4303.68,4301.3,4302.1,1761.0,2026-09-15T07:05:00+02:00
XAUUSD,5m,2026-09-15T05:10:00+00:00,4302.1,4302.55,4300.44,4301.59,1601.0,2026-09-15T07:10:00+02:00
XAUUSD,5m,2026-09-15T05:15:00+00:00,4301.59,4301.87,4298.67,4300.23,2367.0,2026-09-15T07:15:00+02:00
XAUUSD,5m,2026-09-15T05:20:00+00:00,4300.23,4301.26,4297.12,4297.66,2145.0,2026-09-15T07:20:00+02:00
XAUUSD,5m,2026-09-15T05:25:00+00:00,4297.66,4298.41,4296.39,4297.23,1607.0,2026-09-15T07:25:00+02:00
XAUUSD,5m,2026-09-15T05:30:00+00:00,4297.23,4300.14,4289.07,4293.01,5845.0,2026-09-15T07:30:00+02:00
XAUUSD,5m,2026-09-15T05:35:00+00:00,4293.01,4294.81,4291.67,4294.03,4619.0,2026-09-15T07:35:00+02:00
XAUUSD,5m,2026-09-15T05:40:00+00:00,4294.03,4297.11,4293.64,4296.26,4114.0,2026-09-15T07:40:00+02:00
XAUUSD,5m,2026-09-15T05:45:00+00:00,4296.26,4299.84,4294.42,4294.81,3585.0,2026-09-15T07:45:00+02:00
XAUUSD,5m,2026-09-15T05:50:00+00:00,4294.81,4298.82,4294.0,4295.02,3543.0,2026-09-15T07:50:00+02:00
XAUUSD,5m,2026-09-15T05:55:00+00:00,4295.02,4295.02,4290.68,4290.93,3060.0,2026-09-15T07:55:00+02:00
XAUUSD,5m,2026-09-15T06:00:00+00:00,4290.93,4294.27,4290.51,4291.74,4547.0,2026-09-15T08:00:00+02:00
XAUUSD,5m,2026-09-15T06:05:00+00:00,4291.74,4291.75,4285.81,4288.72,4548.0,2026-09-15T08:05:00+02:00
XAUUSD,5m,2026-09-15T06:10:00+00:00,4288.72,4290.54,4286.06,4289.78,3358.0,2026-09-15T08:10:00+02:00
XAUUSD,5m,2026-09-15T06:15:00+00:00,4289.78,4292.38,4288.79,4289.93,3544.0,2026-09-15T08:15:00+02:00
XAUUSD,5m,2026-09-15T06:20:00+00:00,4289.93,4291.59,4288.39,4289.97,3215.0,2026-09-15T08:20:00+02:00
XAUUSD,5m,2026-09-15T06:25:00+00:00,4289.97,4290.38,4287.2,4289.5,3383.0,2026-09-15T08:25:00+02:00
XAUUSD,5m,2026-09-15T06:30:00+00:00,4289.5,4289.72,4285.9,4287.07,3026.0,2026-09-15T08:30:00+02:00
XAUUSD,5m,2026-09-15T06:35:00+00:00,4287.07,4291.24,4287.07,4291.08,2588.0,2026-09-15T08:35:00+02:00
XAUUSD,5m,2026-09-15T06:40:00+00:00,4291.08,4291.16,4288.38,4290.88,2945.0,2026-09-15T08:40:00+02:00
XAUUSD,5m,2026-09-15T06:45:00+00:00,4290.88,4294.58,4290.38,4292.41,2725.0,2026-09-15T08:45:00+02:00
XAUUSD,5m,2026-09-15T06:50:00+00:00,4292.41,4293.84,4292.01,4292.83,2200.0,2026-09-15T08:50:00+02:00
XAUUSD,5m,2026-09-15T06:55:00+00:00,4292.83,4295.25,4292.43,4293.4,2387.0,2026-09-15T08:55:00+02:00
XAUUSD,5m,2026-09-15T07:00:00+00:00,4293.4,4295.54,4289.36,4291.49,3241.0,2026-09-15T09:00:00+02:00
XAUUSD,5m,2026-09-15T07:05:00+00:00,4291.49,4292.29,4288.64,4290.75,1926.0,2026-09-15T09:05:00+02:00
XAUUSD,5m,2026-09-15T07:10:00+00:00,4290.75,4291.73,4286.62,4288.13,2845.0,2026-09-15T09:10:00+02:00
XAUUSD,5m,2026-09-15T07:15:00+00:00,4288.13,4291.97,4288.04,4291.57,2486.0,2026-09-15T09:15:00+02:00
XAUUSD,5m,2026-09-15T07:20:00+00:00,4291.57,4291.82,4287.59,4288.77,2943.0,2026-09-15T09:20:00+02:00
XAUUSD,5m,2026-09-15T07:25:00+00:00,4288.77,4292.3,4287.62,4291.96,2874.0,2026-09-15T09:25:00+02:00
XAUUSD,5m,2026-09-15T07:30:00+00:00,4291.96,4292.98,4289.95,4290.34,2729.0,2026-09-15T09:30:00+02:00
XAUUSD,5m,2026-09-15T07:35:00+00:00,4290.34,4290.38,4284.95,4285.64,2495.0,2026-09-15T09:35:00+02:00
XAUUSD,5m,2026-09-15T07:40:00+00:00,4285.64,4286.67,4280.65,4283.87,3457.0,2026-09-15T09:40:00+02:00
XAUUSD,5m,2026-09-15T07:45:00+00:00,4283.87,4290.07,4283.54,4284.75,4700.0,2026-09-15T09:45:00+02:00
XAUUSD,5m,2026-09-15T07:50:00+00:00,4284.75,4284.94,4276.17,4277.66,3982.0,2026-09-15T09:50:00+02:00
XAUUSD,5m,2026-09-15T07:55:00+00:00,4277.66,4280.78,4276.18,4280.59,3836.0,2026-09-15T09:55:00+02:00
XAUUSD,5m,2026-09-15T08:00:00+00:00,4280.59,4280.77,4266.22,4266.65,5836.0,2026-09-15T10:00:00+02:00
XAUUSD,5m,2026-09-15T08:05:00+00:00,4266.65,4268.75,4264.13,4264.98,4165.0,2026-09-15T10:05:00+02:00
XAUUSD,5m,2026-09-15T08:10:00+00:00,4264.98,4267.91,4263.54,4267.72,4129.0,2026-09-15T10:10:00+02:00
XAUUSD,5m,2026-09-15T08:15:00+00:00,4267.72,4274.02,4266.8,4273.65,3602.0,2026-09-15T10:15:00+02:00
XAUUSD,5m,2026-09-15T08:20:00+00:00,4273.65,4274.81,4271.32,4271.48,2707.0,2026-09-15T10:20:00+02:00
XAUUSD,5m,2026-09-15T08:25:00+00:00,4271.48,4275.16,4270.85,4273.29,3196.0,2026-09-15T10:25:00+02:00
XAUUSD,5m,2026-09-15T08:30:00+00:00,4273.29,4274.84,4271.55,4273.09,2844.0,2026-09-15T10:30:00+02:00
XAUUSD,5m,2026-09-15T08:35:00+00:00,4273.09,4274.81,4270.01,4270.9,3434.0,2026-09-15T10:35:00+02:00
XAUUSD,5m,2026-09-15T08:40:00+00:00,4270.9,4270.91,4267.05,4267.53,2608.0,2026-09-15T10:40:00+02:00
XAUUSD,5m,2026-09-15T08:45:00+00:00,4267.53,4269.56,4265.69,4266.39,2031.0,2026-09-15T10:45:00+02:00
XAUUSD,5m,2026-09-15T08:50:00+00:00,4266.39,4268.11,4265.88,4267.13,1983.0,2026-09-15T10:50:00+02:00
XAUUSD,5m,2026-09-15T08:55:00+00:00,4267.13,4268.49,4261.23,4262.39,2642.0,2026-09-15T10:55:00+02:00
XAUUSD,5m,2026-09-15T09:00:00+00:00,4262.39,4266.23,4261.46,4265.94,2756.0,2026-09-15T11:00:00+02:00
XAUUSD,5m,2026-09-15T09:05:00+00:00,4265.94,4267.03,4264.34,4265.5,2974.0,2026-09-15T11:05:00+02:00
XAUUSD,5m,2026-09-15T09:10:00+00:00,4265.5,4267.25,4263.55,4265.81,3211.0,2026-09-15T11:10:00+02:00
XAUUSD,5m,2026-09-15T09:15:00+00:00,4265.81,4268.33,4261.73,4262.66,3595.0,2026-09-15T11:15:00+02:00
XAUUSD,5m,2026-09-15T09:20:00+00:00,4262.66,4266.92,4262.24,4264.88,3599.0,2026-09-15T11:20:00+02:00
XAUUSD,5m,2026-09-15T09:25:00+00:00,4264.88,4269.52,4262.79,4266.96,3659.0,2026-09-15T11:25:00+02:00
XAUUSD,5m,2026-09-15T09:30:00+00:00,4266.96,4267.87,4264.87,4266.63,3048.0,2026-09-15T11:30:00+02:00
XAUUSD,5m,2026-09-15T09:35:00+00:00,4266.63,4269.24,4265.11,4268.8,2143.0,2026-09-15T11:35:00+02:00
XAUUSD,5m,2026-09-15T09:40:00+00:00,4268.8,4272.12,4267.93,4269.51,2060.0,2026-09-15T11:40:00+02:00
XAUUSD,5m,2026-09-15T09:45:00+00:00,4269.51,4272.12,4268.21,4270.48,2157.0,2026-09-15T11:45:00+02:00
XAUUSD,5m,2026-09-15T09:50:00+00:00,4270.48,4271.26,4268.53,4270.55,2361.0,2026-09-15T11:50:00+02:00
XAUUSD,5m,2026-09-15T09:55:00+00:00,4270.55,4270.88,4267.8,4268.23,2425.0,2026-09-15T11:55:00+02:00
XAUUSD,5m,2026-09-15T10:00:00+00:00,4268.23,4273.26,4268.21,4271.36,3442.0,2026-09-15T12:00:00+02:00
XAUUSD,5m,2026-09-15T10:05:00+00:00,4271.36,4275.72,4271.24,4274.01,2301.0,2026-09-15T12:05:00+02:00
XAUUSD,5m,2026-09-15T10:10:00+00:00,4274.01,4277.71,4272.1,4272.98,2542.0,2026-09-15T12:10:00+02:00
XAUUSD,5m,2026-09-15T10:15:00+00:00,4272.98,4273.01,4269.9,4271.42,1983.0,2026-09-15T12:15:00+02:00
XAUUSD,5m,2026-09-15T10:20:00+00:00,4271.42,4274.75,4270.28,4274.54,1702.0,2026-09-15T12:20:00+02:00
XAUUSD,5m,2026-09-15T10:25:00+00:00,4274.54,4274.64,4273.13,4274.4,1323.0,2026-09-15T12:25:00+02:00
XAUUSD,5m,2026-09-15T10:30:00+00:00,4274.4,4275.61,4273.68,4275.03,1243.0,2026-09-15T12:30:00+02:00
XAUUSD,5m,2026-09-15T10:35:00+00:00,4275.03,4276.4,4273.61,4274.03,1795.0,2026-09-15T12:35:00+02:00
XAUUSD,5m,2026-09-15T10:40:00+00:00,4274.03,4277.32,4273.64,4274.87,2008.0,2026-09-15T12:40:00+02:00
XAUUSD,5m,2026-09-15T10:45:00+00:00,4274.87,4277.67,4274.61,4277.12,2045.0,2026-09-15T12:45:00+02:00
XAUUSD,5m,2026-09-15T10:50:00+00:00,4277.12,4282.62,4277.12,4281.93,2121.0,2026-09-15T12:50:00+02:00
XAUUSD,5m,2026-09-15T10:55:00+00:00,4281.93,4283.82,4280.98,4281.44,2195.0,2026-09-15T12:55:00+02:00
XAUUSD,5m,2026-09-15T11:00:00+00:00,4281.44,4282.0,4279.78,4280.5,2303.0,2026-09-15T13:00:00+02:00
XAUUSD,5m,2026-09-15T11:05:00+00:00,4280.5,4282.61,4278.59,4282.13,2042.0,2026-09-15T13:05:00+02:00
XAUUSD,5m,2026-09-15T11:10:00+00:00,4282.13,4283.82,4281.5,4283.62,2123.0,2026-09-15T13:10:00+02:00
XAUUSD,5m,2026-09-15T11:15:00+00:00,4283.62,4285.52,4282.92,4283.44,1851.0,2026-09-15T13:15:00+02:00
XAUUSD,5m,2026-09-15T11:20:00+00:00,4283.44,4285.15,4282.5,4283.75,2331.0,2026-09-15T13:20:00+02:00
XAUUSD,5m,2026-09-15T11:25:00+00:00,4283.75,4284.49,4282.43,4283.34,2229.0,2026-09-15T13:25:00+02:00
XAUUSD,5m,2026-09-15T11:30:00+00:00,4283.34,4284.26,4281.35,4284.22,2057.0,2026-09-15T13:30:00+02:00
XAUUSD,5m,2026-09-15T11:35:00+00:00,4284.22,4284.99,4280.62,4281.15,2348.0,2026-09-15T13:35:00+02:00
XAUUSD,5m,2026-09-15T11:40:00+00:00,4281.15,4284.05,4280.22,4282.81,2347.0,2026-09-15T13:40:00+02:00
XAUUSD,5m,2026-09-15T11:45:00+00:00,4282.81,4285.42,4282.61,4283.72,2157.0,2026-09-15T13:45:00+02:00
XAUUSD,5m,2026-09-15T11:50:00+00:00,4283.72,4285.1,4282.5,4282.97,1924.0,2026-09-15T13:50:00+02:00
XAUUSD,5m,2026-09-15T11:55:00+00:00,4282.97,4286.68,4282.3,4285.13,1716.0,2026-09-15T13:55:00+02:00
XAUUSD,5m,2026-09-15T12:00:00+00:00,4285.13,4285.19,4281.12,4284.56,2268.0,2026-09-15T14:00:00+02:00
XAUUSD,5m,2026-09-15T12:05:00+00:00,4284.56,4284.67,4277.23,4277.76,2608.0,2026-09-15T14:05:00+02:00
XAUUSD,5m,2026-09-15T12:10:00+00:00,4277.76,4279.04,4275.74,4278.4,2734.0,2026-09-15T14:10:00+02:00
XAUUSD,5m,2026-09-15T12:15:00+00:00,4278.4,4279.24,4273.73,4274.03,3295.0,2026-09-15T14:15:00+02:00
XAUUSD,5m,2026-09-15T12:20:00+00:00,4274.03,4274.75,4271.3,4273.29,3952.0,2026-09-15T14:20:00+02:00
XAUUSD,5m,2026-09-15T12:25:00+00:00,4273.29,4278.04,4272.53,4277.8,2677.0,2026-09-15T14:25:00+02:00
XAUUSD,5m,2026-09-15T12:30:00+00:00,4277.8,4283.03,4274.62,4282.84,3840.0,2026-09-15T14:30:00+02:00
XAUUSD,5m,2026-09-15T12:35:00+00:00,4282.84,4286.08,4278.9,4279.44,4410.0,2026-09-15T14:35:00+02:00
XAUUSD,5m,2026-09-15T12:40:00+00:00,4279.44,4281.46,4277.83,4281.21,3623.0,2026-09-15T14:40:00+02:00
XAUUSD,5m,2026-09-15T12:45:00+00:00,4281.21,4290.96,4280.97,4290.45,9590.0,2026-09-15T14:45:00+02:00
XAUUSD,5m,2026-09-15T12:50:00+00:00,4290.45,4294.17,4287.37,4293.6,6960.0,2026-09-15T14:50:00+02:00
XAUUSD,5m,2026-09-15T12:55:00+00:00,4293.6,4295.75,4285.29,4290.24,7160.0,2026-09-15T14:55:00+02:00
XAUUSD,5m,2026-09-15T13:00:00+00:00,4290.24,4294.45,4289.11,4292.7,8020.0,2026-09-15T15:00:00+02:00
XAUUSD,5m,2026-09-15T13:05:00+00:00,4292.7,4292.99,4283.71,4285.22,5687.0,2026-09-15T15:05:00+02:00
XAUUSD,5m,2026-09-15T13:10:00+00:00,4285.22,4289.4,4284.97,4286.74,4021.0,2026-09-15T15:10:00+02:00
XAUUSD,5m,2026-09-15T13:15:00+00:00,4286.74,4289.8,4285.47,4287.45,4081.0,2026-09-15T15:15:00+02:00
XAUUSD,5m,2026-09-15T13:20:00+00:00,4287.45,4292.3,4283.47,4292.15,5791.0,2026-09-15T15:20:00+02:00
XAUUSD,5m,2026-09-15T13:25:00+00:00,4292.15,4293.07,4286.57,4287.26,4447.0,2026-09-15T15:25:00+02:00
XAUUSD,5m,2026-09-15T13:30:00+00:00,4287.26,4291.66,4284.09,4286.65,12404.0,2026-09-15T15:30:00+02:00
XAUUSD,5m,2026-09-15T13:35:00+00:00,4286.65,4294.04,4286.18,4286.59,9836.0,2026-09-15T15:35:00+02:00
XAUUSD,5m,2026-09-15T13:40:00+00:00,4286.59,4290.79,4285.16,4289.66,7749.0,2026-09-15T15:40:00+02:00
XAUUSD,5m,2026-09-15T13:45:00+00:00,4289.66,4295.53,4288.25,4294.78,6881.0,2026-09-15T15:45:00+02:00
XAUUSD,5m,2026-09-15T13:50:00+00:00,4294.78,4297.52,4291.98,4295.56,6948.0,2026-09-15T15:50:00+02:00
XAUUSD,5m,2026-09-15T13:55:00+00:00,4295.56,4298.24,4294.36,4294.66,7456.0,2026-09-15T15:55:00+02:00
XAUUSD,5m,2026-09-15T14:00:00+00:00,4294.66,4298.98,4294.09,4294.73,8054.0,2026-09-15T16:00:00+02:00
XAUUSD,5m,2026-09-15T14:05:00+00:00,4294.73,4300.52,4293.77,4297.89,7328.0,2026-09-15T16:05:00+02:00
XAUUSD,5m,2026-09-15T14:10:00+00:00,4297.89,4298.24,4293.39,4294.59,5673.0,2026-09-15T16:10:00+02:00
XAUUSD,5m,2026-09-15T14:15:00+00:00,4294.59,4295.44,4289.69,4293.96,5407.0,2026-09-15T16:15:00+02:00
XAUUSD,5m,2026-09-15T14:20:00+00:00,4293.96,4295.22,4285.79,4288.52,5715.0,2026-09-15T16:20:00+02:00
XAUUSD,5m,2026-09-15T14:25:00+00:00,4288.52,4289.5,4282.43,4284.04,6072.0,2026-09-15T16:25:00+02:00
XAUUSD,5m,2026-09-15T14:30:00+00:00,4284.04,4285.0,4279.47,4283.74,8677.0,2026-09-15T16:30:00+02:00
XAUUSD,5m,2026-09-15T14:35:00+00:00,4283.74,4286.0,4275.59,4278.0,7453.0,2026-09-15T16:35:00+02:00
XAUUSD,5m,2026-09-15T14:40:00+00:00,4278.0,4279.2,4276.11,4278.14,5955.0,2026-09-15T16:40:00+02:00
XAUUSD,5m,2026-09-15T14:45:00+00:00,4278.14,4282.93,4276.85,4278.32,5184.0,2026-09-15T16:45:00+02:00
XAUUSD,5m,2026-09-15T14:50:00+00:00,4278.32,4280.63,4273.53,4279.94,8100.0,2026-09-15T16:50:00+02:00
XAUUSD,5m,2026-09-15T14:55:00+00:00,4279.94,4280.02,4274.73,4276.88,6249.0,2026-09-15T16:55:00+02:00
XAUUSD,5m,2026-09-15T15:00:00+00:00,4276.88,4283.0,4276.39,4282.84,6950.0,2026-09-15T17:00:00+02:00
XAUUSD,5m,2026-09-15T15:05:00+00:00,4282.84,4284.09,4280.71,4282.45,4940.0,2026-09-15T17:05:00+02:00
XAUUSD,5m,2026-09-15T15:10:00+00:00,4282.45,4286.08,4281.53,4285.26,4527.0,2026-09-15T17:10:00+02:00
XAUUSD,5m,2026-09-15T15:15:00+00:00,4285.26,4287.48,4283.34,4286.51,4074.0,2026-09-15T17:15:00+02:00
XAUUSD,5m,2026-09-15T15:20:00+00:00,4286.51,4287.26,4282.29,4285.34,4698.0,2026-09-15T17:20:00+02:00
XAUUSD,5m,2026-09-15T15:25:00+00:00,4285.34,4286.2,4283.18,4283.96,4183.0,2026-09-15T17:25:00+02:00
XAUUSD,5m,2026-09-15T15:30:00+00:00,4283.96,4285.68,4281.5,4285.01,5654.0,2026-09-15T17:30:00+02:00
XAUUSD,5m,2026-09-15T15:35:00+00:00,4285.01,4288.08,4283.94,4287.6,4550.0,2026-09-15T17:35:00+02:00
XAUUSD,5m,2026-09-15T15:40:00+00:00,4287.6,4290.48,4287.19,4287.66,3782.0,2026-09-15T17:40:00+02:00
XAUUSD,5m,2026-09-15T15:45:00+00:00,4287.66,4288.66,4284.94,4286.66,3819.0,2026-09-15T17:45:00+02:00
XAUUSD,5m,2026-09-15T15:50:00+00:00,4286.66,4292.02,4286.42,4289.92,6305.0,2026-09-15T17:50:00+02:00
XAUUSD,5m,2026-09-15T15:55:00+00:00,4289.92,4294.71,4287.86,4289.35,4955.0,2026-09-15T17:55:00+02:00
XAUUSD,5m,2026-09-15T16:00:00+00:00,4289.35,4291.31,4288.25,4291.24,3488.0,2026-09-15T18:00:00+02:00
XAUUSD,5m,2026-09-15T16:05:00+00:00,4291.24,4291.63,4289.07,4290.66,3445.0,2026-09-15T18:05:00+02:00
XAUUSD,5m,2026-09-15T16:10:00+00:00,4290.66,4291.02,4286.17,4286.28,3460.0,2026-09-15T18:10:00+02:00
XAUUSD,5m,2026-09-15T16:15:00+00:00,4286.28,4288.72,4285.45,4288.69,3321.0,2026-09-15T18:15:00+02:00
XAUUSD,5m,2026-09-15T16:20:00+00:00,4288.69,4296.85,4287.89,4296.35,4348.0,2026-09-15T18:20:00+02:00
XAUUSD,5m,2026-09-15T16:25:00+00:00,4296.35,4296.95,4294.27,4295.56,3335.0,2026-09-15T18:25:00+02:00
XAUUSD,5m,2026-09-15T16:30:00+00:00,4295.56,4297.68,4292.68,4292.77,3713.0,2026-09-15T18:30:00+02:00
XAUUSD,5m,2026-09-15T16:35:00+00:00,4292.77,4295.82,4291.34,4294.98,3421.0,2026-09-15T18:35:00+02:00
XAUUSD,5m,2026-09-15T16:40:00+00:00,4294.98,4296.87,4292.92,4296.49,3144.0,2026-09-15T18:40:00+02:00
XAUUSD,5m,2026-09-15T16:45:00+00:00,4296.49,4297.54,4294.97,4295.36,2945.0,2026-09-15T18:45:00+02:00
XAUUSD,5m,2026-09-15T16:50:00+00:00,4295.36,4298.27,4295.0,4297.65,2385.0,2026-09-15T18:50:00+02:00
XAUUSD,5m,2026-09-15T16:55:00+00:00,4297.65,4297.74,4295.1,4295.51,2323.0,2026-09-15T18:55:00+02:00
XAUUSD,5m,2026-09-15T17:00:00+00:00,4295.51,4296.66,4290.97,4291.32,3581.0,2026-09-15T19:00:00+02:00
XAUUSD,5m,2026-09-15T17:05:00+00:00,4291.32,4293.84,4290.23,4292.57,2700.0,2026-09-15T19:05:00+02:00
XAUUSD,5m,2026-09-15T17:10:00+00:00,4292.57,4299.06,4292.57,4294.96,2603.0,2026-09-15T19:10:00+02:00
XAUUSD,5m,2026-09-15T17:15:00+00:00,4294.96,4296.49,4293.67,4295.84,2907.0,2026-09-15T19:15:00+02:00
XAUUSD,5m,2026-09-15T17:20:00+00:00,4295.84,4296.41,4291.9,4293.01,2919.0,2026-09-15T19:20:00+02:00
XAUUSD,5m,2026-09-15T17:25:00+00:00,4293.01,4295.02,4291.35,4293.14,3137.0,2026-09-15T19:25:00+02:00
XAUUSD,5m,2026-09-15T17:30:00+00:00,4293.14,4298.04,4292.94,4297.18,3141.0,2026-09-15T19:30:00+02:00
XAUUSD,5m,2026-09-15T17:35:00+00:00,4297.18,4298.97,4295.38,4295.52,2326.0,2026-09-15T19:35:00+02:00
XAUUSD,5m,2026-09-15T17:40:00+00:00,4295.52,4295.91,4292.07,4293.19,1914.0,2026-09-15T19:40:00+02:00
XAUUSD,5m,2026-09-15T17:45:00+00:00,4293.19,4295.87,4293.1,4294.95,2232.0,2026-09-15T19:45:00+02:00
XAUUSD,5m,2026-09-15T17:50:00+00:00,4294.95,4296.13,4293.97,4295.13,2064.0,2026-09-15T19:50:00+02:00
XAUUSD,5m,2026-09-15T17:55:00+00:00,4295.13,4295.79,4294.29,4294.97,2929.0,2026-09-15T19:55:00+02:00
XAUUSD,5m,2026-09-15T18:00:00+00:00,4294.97,4296.07,4292.95,4295.26,3939.0,2026-09-15T20:00:00+02:00
XAUUSD,5m,2026-09-15T18:05:00+00:00,4295.26,4298.78,4294.75,4296.68,3172.0,2026-09-15T20:05:00+02:00
XAUUSD,5m,2026-09-15T18:10:00+00:00,4296.68,4304.33,4296.19,4302.48,4389.0,2026-09-15T20:10:00+02:00
XAUUSD,5m,2026-09-15T18:15:00+00:00,4302.48,4306.89,4302.05,4305.33,5087.0,2026-09-15T20:15:00+02:00
XAUUSD,5m,2026-09-15T18:20:00+00:00,4305.33,4305.58,4303.54,4304.86,4613.0,2026-09-15T20:20:00+02:00
XAUUSD,5m,2026-09-15T18:25:00+00:00,4304.86,4306.48,4303.32,4304.85,3035.0,2026-09-15T20:25:00+02:00
XAUUSD,5m,2026-09-15T18:30:00+00:00,4304.85,4304.91,4301.72,4303.05,2823.0,2026-09-15T20:30:00+02:00
XAUUSD,5m,2026-09-15T18:35:00+00:00,4303.05,4303.8,4301.6,4303.52,2817.0,2026-09-15T20:35:00+02:00
XAUUSD,5m,2026-09-15T18:40:00+00:00,4303.52,4308.46,4303.21,4304.77,4919.0,2026-09-15T20:40:00+02:00
XAUUSD,5m,2026-09-15T18:45:00+00:00,4304.77,4308.2,4304.33,4307.02,3515.0,2026-09-15T20:45:00+02:00
XAUUSD,5m,2026-09-15T18:50:00+00:00,4307.02,4310.34,4306.92,4308.75,3169.0,2026-09-15T20:50:00+02:00
XAUUSD,5m,2026-09-15T18:55:00+00:00,4308.75,4308.85,4306.56,4308.69,2947.0,2026-09-15T20:55:00+02:00
XAUUSD,5m,2026-09-15T19:00:00+00:00,4308.69,4310.68,4304.96,4305.03,4224.0,2026-09-15T21:00:00+02:00
XAUUSD,5m,2026-09-15T19:05:00+00:00,4305.03,4305.49,4302.44,4304.14,3166.0,2026-09-15T21:05:00+02:00
XAUUSD,5m,2026-09-15T19:10:00+00:00,4304.14,4304.48,4300.22,4300.23,3188.0,2026-09-15T21:10:00+02:00
XAUUSD,5m,2026-09-15T19:15:00+00:00,4300.23,4302.26,4299.43,4300.14,2713.0,2026-09-15T21:15:00+02:00
XAUUSD,5m,2026-09-15T19:20:00+00:00,4300.14,4301.67,4298.16,4301.27,3080.0,2026-09-15T21:20:00+02:00
XAUUSD,5m,2026-09-15T19:25:00+00:00,4301.27,4301.68,4300.06,4301.06,2569.0,2026-09-15T21:25:00+02:00
XAUUSD,5m,2026-09-15T19:30:00+00:00,4301.06,4302.46,4298.75,4299.4,2836.0,2026-09-15T21:30:00+02:00
XAUUSD,5m,2026-09-15T19:35:00+00:00,4299.4,4299.85,4298.38,4298.98,1702.0,2026-09-15T21:35:00+02:00
XAUUSD,5m,2026-09-15T19:40:00+00:00,4298.98,4299.0,4296.57,4296.74,2341.0,2026-09-15T21:40:00+02:00
XAUUSD,5m,2026-09-15T19:45:00+00:00,4296.74,4299.67,4296.12,4298.92,2890.0,2026-09-15T21:45:00+02:00
XAUUSD,5m,2026-09-15T19:50:00+00:00,4298.92,4299.72,4295.72,4296.61,2460.0,2026-09-15T21:50:00+02:00
XAUUSD,5m,2026-09-15T19:55:00+00:00,4296.61,4298.19,4294.18,4297.77,4045.0,2026-09-15T21:55:00+02:00
XAUUSD,5m,2026-09-15T20:00:00+00:00,4297.77,4299.12,4296.17,4296.54,1528.0,2026-09-15T22:00:00+02:00
XAUUSD,5m,2026-09-15T20:05:00+00:00,4296.54,4298.29,4295.81,4297.79,1125.0,2026-09-15T22:05:00+02:00
XAUUSD,5m,2026-09-15T20:10:00+00:00,4297.79,4298.6,4295.55,4296.26,844.0,2026-09-15T22:10:00+02:00
XAUUSD,5m,2026-09-15T20:15:00+00:00,4296.26,4296.61,4295.28,4296.08,675.0,2026-09-15T22:15:00+02:00
XAUUSD,5m,2026-09-15T20:20:00+00:00,4296.08,4296.86,4294.48,4295.0,968.0,2026-09-15T22:20:00+02:00
XAUUSD,5m,2026-09-15T20:25:00+00:00,4295.0,4295.21,4293.95,4294.31,743.0,2026-09-15T22:25:00+02:00
XAUUSD,5m,2026-09-15T20:30:00+00:00,4294.31,4296.02,4292.38,4292.63,1001.0,2026-09-15T22:30:00+02:00
XAUUSD,5m,2026-09-15T20:35:00+00:00,4292.63,4293.18,4291.83,4292.76,669.0,2026-09-15T22:35:00+02:00
XAUUSD,5m,2026-09-15T20:40:00+00:00,4292.76,4293.26,4292.18,4292.97,737.0,2026-09-15T22:40:00+02:00
XAUUSD,5m,2026-09-15T20:45:00+00:00,4292.97,4293.27,4292.34,4292.65,667.0,2026-09-15T22:45:00+02:00
XAUUSD,5m,2026-09-15T20:50:00+00:00,4292.65,4294.33,4291.82,4292.72,924.0,2026-09-15T22:50:00+02:00
XAUUSD,5m,2026-09-15T20:55:00+00:00,4292.72,4294.16,4292.23,4292.92,1094.0,2026-09-15T22:55:00+02:00
XAUUSD,5m,2026-09-15T22:00:00+00:00,4292.92,4295.46,4292.92,4295.15,1073.0,2026-09-16T00:00:00+02:00
XAUUSD,5m,2026-09-15T22:05:00+00:00,4295.15,4295.54,4294.54,4295.47,558.0,2026-09-16T00:05:00+02:00
XAUUSD,5m,2026-09-15T22:10:00+00:00,4295.47,4295.76,4292.89,4292.94,708.0,2026-09-16T00:10:00+02:00
XAUUSD,5m,2026-09-15T22:15:00+00:00,4292.94,4294.06,4292.06,4292.28,921.0,2026-09-16T00:15:00+02:00
XAUUSD,5m,2026-09-15T22:20:00+00:00,4292.28,4294.72,4291.62,4294.16,1155.0,2026-09-16T00:20:00+02:00
XAUUSD,5m,2026-09-15T22:25:00+00:00,4294.16,4298.88,4293.85,4298.68,1867.0,2026-09-16T00:25:00+02:00
XAUUSD,5m,2026-09-15T22:30:00+00:00,4298.68,4299.04,4295.15,4297.5,1527.0,2026-09-16T00:30:00+02:00
XAUUSD,5m,2026-09-15T22:35:00+00:00,4297.5,4298.27,4297.09,4297.75,816.0,2026-09-16T00:35:00+02:00
XAUUSD,5m,2026-09-15T22:40:00+00:00,4297.75,4297.75,4294.37,4294.61,559.0,2026-09-16T00:40:00+02:00
XAUUSD,5m,2026-09-15T22:45:00+00:00,4294.61,4295.35,4293.98,4294.11,689.0,2026-09-16T00:45:00+02:00
XAUUSD,5m,2026-09-15T22:50:00+00:00,4294.11,4294.39,4292.97,4293.0,521.0,2026-09-16T00:50:00+02:00
XAUUSD,5m,2026-09-15T22:55:00+00:00,4293.0,4293.09,4288.36,4289.06,1757.0,2026-09-16T00:55:00+02:00
XAUUSD,5m,2026-09-15T23:00:00+00:00,4289.06,4289.48,4284.97,4285.14,1922.0,2026-09-16T01:00:00+02:00
XAUUSD,5m,2026-09-15T23:05:00+00:00,4285.14,4287.37,4285.14,4285.96,757.0,2026-09-16T01:05:00+02:00
XAUUSD,5m,2026-09-15T23:10:00+00:00,4285.96,4288.68,4285.35,4286.09,996.0,2026-09-16T01:10:00+02:00
XAUUSD,5m,2026-09-15T23:15:00+00:00,4286.09,4287.16,4285.3,4286.86,675.0,2026-09-16T01:15:00+02:00
XAUUSD,5m,2026-09-15T23:20:00+00:00,4286.86,4287.24,4284.5,4284.87,582.0,2026-09-16T01:20:00+02:00
XAUUSD,5m,2026-09-15T23:25:00+00:00,4284.87,4285.91,4282.13,4284.44,1479.0,2026-09-16T01:25:00+02:00
XAUUSD,5m,2026-09-15T23:30:00+00:00,4284.44,4287.63,4282.87,4286.95,1186.0,2026-09-16T01:30:00+02:00
XAUUSD,5m,2026-09-15T23:35:00+00:00,4286.95,4287.37,4282.34,4284.78,1378.0,2026-09-16T01:35:00+02:00
XAUUSD,5m,2026-09-15T23:40:00+00:00,4284.78,4285.59,4283.43,4284.6,810.0,2026-09-16T01:40:00+02:00
XAUUSD,5m,2026-09-15T23:45:00+00:00,4284.6,4286.23,4283.16,4283.32,725.0,2026-09-16T01:45:00+02:00
XAUUSD,5m,2026-09-15T23:50:00+00:00,4283.32,4284.67,4283.17,4283.73,1153.0,2026-09-16T01:50:00+02:00
XAUUSD,5m,2026-09-15T23:55:00+00:00,4283.73,4283.73,4281.18,4283.55,1529.0,2026-09-16T01:55:00+02:00
XAUUSD,5m,2026-09-16T00:00:00+00:00,4283.55,4283.94,4280.56,4280.68,2235.0,2026-09-16T02:00:00+02:00
XAUUSD,5m,2026-09-16T00:05:00+00:00,4280.68,4284.63,4280.63,4281.63,1781.0,2026-09-16T02:05:00+02:00
XAUUSD,5m,2026-09-16T00:10:00+00:00,4281.63,4282.94,4280.47,4282.58,1441.0,2026-09-16T02:10:00+02:00
XAUUSD,5m,2026-09-16T00:15:00+00:00,4282.58,4285.71,4281.63,4285.52,1803.0,2026-09-16T02:15:00+02:00
XAUUSD,5m,2026-09-16T00:20:00+00:00,4285.52,4286.13,4283.43,4285.16,1531.0,2026-09-16T02:20:00+02:00
XAUUSD,5m,2026-09-16T00:25:00+00:00,4285.16,4285.16,4283.18,4284.04,1166.0,2026-09-16T02:25:00+02:00
XAUUSD,5m,2026-09-16T00:30:00+00:00,4284.04,4284.78,4279.47,4281.53,1886.0,2026-09-16T02:30:00+02:00
XAUUSD,5m,2026-09-16T00:35:00+00:00,4281.53,4281.84,4279.72,4281.16,1157.0,2026-09-16T02:35:00+02:00
XAUUSD,5m,2026-09-16T00:40:00+00:00,4281.16,4285.71,4280.73,4283.59,1464.0,2026-09-16T02:40:00+02:00
XAUUSD,5m,2026-09-16T00:45:00+00:00,4283.59,4285.09,4282.41,4283.0,1771.0,2026-09-16T02:45:00+02:00
XAUUSD,5m,2026-09-16T00:50:00+00:00,4283.0,4283.01,4278.12,4278.12,2028.0,2026-09-16T02:50:00+02:00
XAUUSD,5m,2026-09-16T00:55:00+00:00,4278.12,4278.6,4275.39,4277.4,2810.0,2026-09-16T02:55:00+02:00
XAUUSD,5m,2026-09-16T01:00:00+00:00,4277.4,4284.81,4276.6,4279.82,6492.0,2026-09-16T03:00:00+02:00
XAUUSD,5m,2026-09-16T01:05:00+00:00,4279.82,4282.58,4278.3,4281.37,3415.0,2026-09-16T03:05:00+02:00
XAUUSD,5m,2026-09-16T01:10:00+00:00,4281.37,4287.79,4279.12,4287.22,3381.0,2026-09-16T03:10:00+02:00
XAUUSD,5m,2026-09-16T01:15:00+00:00,4287.22,4290.13,4284.54,4287.29,2987.0,2026-09-16T03:15:00+02:00
XAUUSD,5m,2026-09-16T01:20:00+00:00,4287.29,4290.87,4287.29,4290.42,2558.0,2026-09-16T03:20:00+02:00
XAUUSD,5m,2026-09-16T01:25:00+00:00,4290.42,4293.61,4288.88,4290.5,2695.0,2026-09-16T03:25:00+02:00
XAUUSD,5m,2026-09-16T01:30:00+00:00,4290.5,4291.43,4287.72,4289.24,2566.0,2026-09-16T03:30:00+02:00
XAUUSD,5m,2026-09-16T01:35:00+00:00,4289.24,4289.9,4286.19,4286.19,2309.0,2026-09-16T03:35:00+02:00
XAUUSD,5m,2026-09-16T01:40:00+00:00,4286.19,4290.67,4285.73,4288.49,2522.0,2026-09-16T03:40:00+02:00
XAUUSD,5m,2026-09-16T01:45:00+00:00,4288.49,4289.05,4285.15,4287.82,2433.0,2026-09-16T03:45:00+02:00
XAUUSD,5m,2026-09-16T01:50:00+00:00,4287.82,4288.93,4283.97,4285.35,2347.0,2026-09-16T03:50:00+02:00
XAUUSD,5m,2026-09-16T01:55:00+00:00,4285.35,4286.87,4280.08,4282.54,2528.0,2026-09-16T03:55:00+02:00
XAUUSD,5m,2026-09-16T02:00:00+00:00,4282.54,4287.63,4281.96,4287.48,2665.0,2026-09-16T04:00:00+02:00
XAUUSD,5m,2026-09-16T02:05:00+00:00,4287.48,4289.38,4284.53,4289.09,2742.0,2026-09-16T04:05:00+02:00
XAUUSD,5m,2026-09-16T02:10:00+00:00,4289.09,4294.88,4289.09,4292.06,3452.0,2026-09-16T04:10:00+02:00
XAUUSD,5m,2026-09-16T02:15:00+00:00,4292.06,4295.01,4289.89,4291.71,2720.0,2026-09-16T04:15:00+02:00
XAUUSD,5m,2026-09-16T02:20:00+00:00,4291.71,4295.63,4290.89,4295.56,1971.0,2026-09-16T04:20:00+02:00
XAUUSD,5m,2026-09-16T02:25:00+00:00,4295.56,4300.4,4295.16,4298.91,1859.0,2026-09-16T04:25:00+02:00
XAUUSD,5m,2026-09-16T02:30:00+00:00,4298.91,4311.42,4298.49,4309.96,7894.0,2026-09-16T04:30:00+02:00
XAUUSD,5m,2026-09-16T02:35:00+00:00,4309.96,4315.82,4309.03,4311.18,5408.0,2026-09-16T04:35:00+02:00
XAUUSD,5m,2026-09-16T02:40:00+00:00,4311.18,4314.0,4310.38,4311.02,3994.0,2026-09-16T04:40:00+02:00
XAUUSD,5m,2026-09-16T02:45:00+00:00,4311.02,4315.95,4310.74,4315.39,3593.0,2026-09-16T04:45:00+02:00
XAUUSD,5m,2026-09-16T02:50:00+00:00,4315.39,4316.79,4313.57,4316.58,3205.0,2026-09-16T04:50:00+02:00
XAUUSD,5m,2026-09-16T02:55:00+00:00,4316.58,4323.4,4315.69,4321.5,4500.0,2026-09-16T04:55:00+02:00
XAUUSD,5m,2026-09-16T03:00:00+00:00,4321.5,4328.65,4321.27,4328.14,4320.0,2026-09-16T05:00:00+02:00
XAUUSD,5m,2026-09-16T03:05:00+00:00,4328.14,4330.7,4325.52,4326.94,3624.0,2026-09-16T05:05:00+02:00
XAUUSD,5m,2026-09-16T03:10:00+00:00,4326.94,4338.79,4326.4,4337.04,5396.0,2026-09-16T05:10:00+02:00
XAUUSD,5m,2026-09-16T03:15:00+00:00,4337.04,4339.82,4335.6,4335.71,3549.0,2026-09-16T05:15:00+02:00
XAUUSD,5m,2026-09-16T03:20:00+00:00,4335.71,4340.97,4335.47,4336.6,4921.0,2026-09-16T05:20:00+02:00
XAUUSD,5m,2026-09-16T03:25:00+00:00,4336.6,4338.05,4331.7,4331.81,3220.0,2026-09-16T05:25:00+02:00
XAUUSD,5m,2026-09-16T03:30:00+00:00,4331.81,4332.49,4328.68,4329.54,3107.0,2026-09-16T05:30:00+02:00
XAUUSD,5m,2026-09-16T03:35:00+00:00,4329.54,4329.65,4326.28,4327.53,2452.0,2026-09-16T05:35:00+02:00
XAUUSD,5m,2026-09-16T03:40:00+00:00,4327.53,4329.31,4325.82,4326.94,1839.0,2026-09-16T05:40:00+02:00
XAUUSD,5m,2026-09-16T03:45:00+00:00,4326.94,4327.94,4323.44,4323.67,2107.0,2026-09-16T05:45:00+02:00
XAUUSD,5m,2026-09-16T03:50:00+00:00,4323.67,4326.8,4322.76,4326.73,1932.0,2026-09-16T05:50:00+02:00
XAUUSD,5m,2026-09-16T03:55:00+00:00,4326.73,4327.54,4325.33,4327.0,1736.0,2026-09-16T05:55:00+02:00
XAUUSD,5m,2026-09-16T04:00:00+00:00,4327.0,4328.6,4326.58,4327.75,1780.0,2026-09-16T06:00:00+02:00
XAUUSD,5m,2026-09-16T04:05:00+00:00,4327.75,4327.84,4325.59,4326.34,1357.0,2026-09-16T06:05:00+02:00
XAUUSD,5m,2026-09-16T04:10:00+00:00,4326.34,4327.83,4325.27,4326.85,1433.0,2026-09-16T06:10:00+02:00
XAUUSD,5m,2026-09-16T04:15:00+00:00,4326.85,4327.47,4323.24,4323.81,1385.0,2026-09-16T06:15:00+02:00
XAUUSD,5m,2026-09-16T04:20:00+00:00,4323.81,4328.44,4323.72,4326.55,1390.0,2026-09-16T06:20:00+02:00
XAUUSD,5m,2026-09-16T04:25:00+00:00,4326.55,4326.95,4325.19,4325.68,857.0,2026-09-16T06:25:00+02:00
XAUUSD,5m,2026-09-16T04:30:00+00:00,4325.68,4328.25,4324.81,4325.07,1296.0,2026-09-16T06:30:00+02:00
XAUUSD,5m,2026-09-16T04:35:00+00:00,4325.07,4325.86,4324.61,4325.83,916.0,2026-09-16T06:35:00+02:00
XAUUSD,5m,2026-09-16T04:40:00+00:00,4325.83,4326.1,4322.81,4322.91,951.0,2026-09-16T06:40:00+02:00
XAUUSD,5m,2026-09-16T04:45:00+00:00,4322.91,4323.42,4320.81,4321.24,1163.0,2026-09-16T06:45:00+02:00
XAUUSD,5m,2026-09-16T04:50:00+00:00,4321.24,4322.03,4320.48,4321.44,988.0,2026-09-16T06:50:00+02:00
XAUUSD,5m,2026-09-16T04:55:00+00:00,4321.44,4322.34,4320.72,4321.89,1010.0,2026-09-16T06:55:00+02:00
XAUUSD,5m,2026-09-16T05:00:00+00:00,4321.89,4322.88,4320.69,4322.88,1496.0,2026-09-16T07:00:00+02:00
XAUUSD,5m,2026-09-16T05:05:00+00:00,4322.88,4324.37,4322.23,4323.59,1850.0,2026-09-16T07:05:00+02:00
XAUUSD,5m,2026-09-16T05:10:00+00:00,4323.59,4324.46,4321.05,4321.54,1562.0,2026-09-16T07:10:00+02:00
XAUUSD,5m,2026-09-16T05:15:00+00:00,4321.54,4325.94,4321.53,4325.77,1449.0,2026-09-16T07:15:00+02:00
XAUUSD,5m,2026-09-16T05:20:00+00:00,4325.77,4326.26,4323.16,4323.59,1448.0,2026-09-16T07:20:00+02:00
XAUUSD,5m,2026-09-16T05:25:00+00:00,4323.59,4326.96,4323.39,4324.82,1893.0,2026-09-16T07:25:00+02:00
XAUUSD,5m,2026-09-16T05:30:00+00:00,4324.82,4329.25,4324.33,4328.47,4775.0,2026-09-16T07:30:00+02:00
XAUUSD,5m,2026-09-16T05:35:00+00:00,4328.47,4330.78,4326.62,4328.96,2740.0,2026-09-16T07:35:00+02:00
XAUUSD,5m,2026-09-16T05:40:00+00:00,4328.96,4332.85,4328.13,4332.74,2629.0,2026-09-16T07:40:00+02:00
XAUUSD,5m,2026-09-16T05:45:00+00:00,4332.74,4333.73,4327.85,4329.01,2810.0,2026-09-16T07:45:00+02:00
XAUUSD,5m,2026-09-16T05:50:00+00:00,4329.01,4332.32,4329.0,4329.65,2424.0,2026-09-16T07:50:00+02:00
XAUUSD,5m,2026-09-16T05:55:00+00:00,4329.65,4331.01,4326.34,4326.42,2191.0,2026-09-16T07:55:00+02:00
XAUUSD,5m,2026-09-16T06:00:00+00:00,4326.42,4332.08,4321.95,4322.51,4452.0,2026-09-16T08:00:00+02:00
XAUUSD,5m,2026-09-16T06:05:00+00:00,4322.51,4325.12,4321.39,4324.21,2995.0,2026-09-16T08:05:00+02:00
XAUUSD,5m,2026-09-16T06:10:00+00:00,4324.21,4327.4,4323.99,4325.71,2551.0,2026-09-16T08:10:00+02:00
XAUUSD,5m,2026-09-16T06:15:00+00:00,4325.71,4327.19,4324.71,4327.03,2401.0,2026-09-16T08:15:00+02:00
XAUUSD,5m,2026-09-16T06:20:00+00:00,4327.03,4330.33,4326.54,4328.0,2604.0,2026-09-16T08:20:00+02:00
XAUUSD,5m,2026-09-16T06:25:00+00:00,4328.0,4328.04,4325.42,4326.8,1944.0,2026-09-16T08:25:00+02:00
XAUUSD,5m,2026-09-16T06:30:00+00:00,4326.8,4327.32,4324.44,4324.66,2647.0,2026-09-16T08:30:00+02:00
XAUUSD,5m,2026-09-16T06:35:00+00:00,4324.66,4326.85,4323.57,4325.62,2332.0,2026-09-16T08:35:00+02:00
XAUUSD,5m,2026-09-16T06:40:00+00:00,4325.62,4328.17,4324.36,4327.95,1820.0,2026-09-16T08:40:00+02:00
XAUUSD,5m,2026-09-16T06:45:00+00:00,4327.95,4328.29,4325.29,4328.01,2176.0,2026-09-16T08:45:00+02:00
XAUUSD,5m,2026-09-16T06:50:00+00:00,4328.01,4330.74,4326.62,4328.16,2462.0,2026-09-16T08:50:00+02:00
XAUUSD,5m,2026-09-16T06:55:00+00:00,4328.16,4333.05,4328.15,4332.8,2560.0,2026-09-16T08:55:00+02:00
XAUUSD,5m,2026-09-16T07:00:00+00:00,4332.8,4335.85,4331.77,4334.52,4241.0,2026-09-16T09:00:00+02:00
XAUUSD,5m,2026-09-16T07:05:00+00:00,4334.52,4334.52,4329.91,4333.26,3857.0,2026-09-16T09:05:00+02:00
XAUUSD,5m,2026-09-16T07:10:00+00:00,4333.26,4335.53,4331.38,4335.38,2702.0,2026-09-16T09:10:00+02:00
XAUUSD,5m,2026-09-16T07:15:00+00:00,4335.38,4337.54,4332.93,4333.03,2750.0,2026-09-16T09:15:00+02:00
XAUUSD,5m,2026-09-16T07:20:00+00:00,4333.03,4336.35,4332.03,4334.39,2075.0,2026-09-16T09:20:00+02:00
XAUUSD,5m,2026-09-16T07:25:00+00:00,4334.39,4336.04,4332.68,4335.51,1912.0,2026-09-16T09:25:00+02:00
XAUUSD,5m,2026-09-16T07:30:00+00:00,4335.51,4337.09,4333.65,4335.67,2616.0,2026-09-16T09:30:00+02:00
XAUUSD,5m,2026-09-16T07:35:00+00:00,4335.67,4338.77,4335.58,4338.14,2115.0,2026-09-16T09:35:00+02:00
XAUUSD,5m,2026-09-16T07:40:00+00:00,4338.14,4339.03,4334.6,4336.16,2087.0,2026-09-16T09:40:00+02:00
XAUUSD,5m,2026-09-16T07:45:00+00:00,4336.16,4338.1,4333.85,4333.88,2285.0,2026-09-16T09:45:00+02:00
XAUUSD,5m,2026-09-16T07:50:00+00:00,4333.88,4334.33,4329.09,4329.15,2228.0,2026-09-16T09:50:00+02:00
XAUUSD,5m,2026-09-16T07:55:00+00:00,4329.15,4330.56,4328.37,4329.28,1999.0,2026-09-16T09:55:00+02:00
XAUUSD,5m,2026-09-16T08:00:00+00:00,4329.28,4329.62,4324.71,4325.91,3762.0,2026-09-16T10:00:00+02:00
XAUUSD,5m,2026-09-16T08:05:00+00:00,4325.91,4326.43,4323.75,4324.89,2613.0,2026-09-16T10:05:00+02:00
XAUUSD,5m,2026-09-16T08:10:00+00:00,4324.89,4327.94,4322.81,4327.47,2435.0,2026-09-16T10:10:00+02:00
XAUUSD,5m,2026-09-16T08:15:00+00:00,4327.47,4335.36,4326.68,4332.22,3745.0,2026-09-16T10:15:00+02:00
XAUUSD,5m,2026-09-16T08:20:00+00:00,4332.22,4337.62,4330.94,4334.7,6329.0,2026-09-16T10:20:00+02:00
XAUUSD,5m,2026-09-16T08:25:00+00:00,4334.7,4335.06,4332.61,4333.91,2954.0,2026-09-16T10:25:00+02:00
XAUUSD,5m,2026-09-16T08:30:00+00:00,4333.91,4334.28,4326.24,4328.63,2939.0,2026-09-16T10:30:00+02:00
XAUUSD,5m,2026-09-16T08:35:00+00:00,4328.63,4329.59,4324.26,4324.92,2242.0,2026-09-16T10:35:00+02:00
XAUUSD,5m,2026-09-16T08:40:00+00:00,4324.92,4329.01,4323.69,4328.32,2412.0,2026-09-16T10:40:00+02:00
XAUUSD,5m,2026-09-16T08:45:00+00:00,4328.32,4328.92,4326.8,4326.81,2324.0,2026-09-16T10:45:00+02:00
XAUUSD,5m,2026-09-16T08:50:00+00:00,4326.81,4330.04,4324.75,4328.91,2365.0,2026-09-16T10:50:00+02:00
XAUUSD,5m,2026-09-16T08:55:00+00:00,4328.91,4331.33,4328.76,4330.24,1861.0,2026-09-16T10:55:00+02:00
XAUUSD,5m,2026-09-16T09:00:00+00:00,4330.24,4332.46,4329.68,4330.79,2326.0,2026-09-16T11:00:00+02:00
XAUUSD,5m,2026-09-16T09:05:00+00:00,4330.79,4332.55,4329.85,4331.33,1920.0,2026-09-16T11:05:00+02:00
XAUUSD,5m,2026-09-16T09:10:00+00:00,4331.33,4332.56,4330.73,4332.04,1738.0,2026-09-16T11:10:00+02:00
XAUUSD,5m,2026-09-16T09:15:00+00:00,4332.04,4334.03,4329.11,4329.84,1902.0,2026-09-16T11:15:00+02:00
XAUUSD,5m,2026-09-16T09:20:00+00:00,4329.84,4330.8,4327.42,4327.72,1964.0,2026-09-16T11:20:00+02:00
XAUUSD,5m,2026-09-16T09:25:00+00:00,4327.72,4333.8,4327.65,4329.48,5078.0,2026-09-16T11:25:00+02:00
XAUUSD,5m,2026-09-16T09:30:00+00:00,4329.48,4335.1,4329.44,4333.88,3006.0,2026-09-16T11:30:00+02:00
XAUUSD,5m,2026-09-16T09:35:00+00:00,4333.88,4336.01,4332.66,4334.68,2547.0,2026-09-16T11:35:00+02:00
XAUUSD,5m,2026-09-16T09:40:00+00:00,4334.68,4337.28,4333.97,4334.9,2529.0,2026-09-16T11:40:00+02:00
XAUUSD,5m,2026-09-16T09:45:00+00:00,4334.9,4335.5,4331.25,4334.65,2155.0,2026-09-16T11:45:00+02:00
XAUUSD,5m,2026-09-16T09:50:00+00:00,4334.65,4335.82,4334.11,4335.52,1552.0,2026-09-16T11:50:00+02:00
XAUUSD,5m,2026-09-16T09:55:00+00:00,4335.52,4339.31,4334.78,4338.12,2185.0,2026-09-16T11:55:00+02:00
XAUUSD,5m,2026-09-16T10:00:00+00:00,4338.12,4341.7,4337.91,4338.74,2709.0,2026-09-16T12:00:00+02:00
XAUUSD,5m,2026-09-16T10:05:00+00:00,4338.74,4345.77,4337.6,4345.18,3823.0,2026-09-16T12:05:00+02:00
XAUUSD,5m,2026-09-16T10:10:00+00:00,4345.18,4348.95,4341.75,4342.86,3894.0,2026-09-16T12:10:00+02:00
XAUUSD,5m,2026-09-16T10:15:00+00:00,4342.86,4344.42,4341.58,4342.77,2618.0,2026-09-16T12:15:00+02:00
XAUUSD,5m,2026-09-16T10:20:00+00:00,4342.77,4346.24,4341.62,4342.09,2298.0,2026-09-16T12:20:00+02:00
XAUUSD,5m,2026-09-16T10:25:00+00:00,4342.09,4348.62,4340.73,4347.99,2661.0,2026-09-16T12:25:00+02:00
XAUUSD,5m,2026-09-16T10:30:00+00:00,4347.99,4348.72,4345.69,4347.7,2145.0,2026-09-16T12:30:00+02:00
XAUUSD,5m,2026-09-16T10:35:00+00:00,4347.7,4349.46,4346.57,4347.63,1956.0,2026-09-16T12:35:00+02:00
XAUUSD,5m,2026-09-16T10:40:00+00:00,4347.63,4349.43,4347.25,4349.02,1860.0,2026-09-16T12:40:00+02:00
XAUUSD,5m,2026-09-16T10:45:00+00:00,4349.02,4349.49,4347.72,4348.74,1752.0,2026-09-16T12:45:00+02:00
XAUUSD,5m,2026-09-16T10:50:00+00:00,4348.74,4348.88,4345.3,4345.83,1790.0,2026-09-16T12:50:00+02:00
XAUUSD,5m,2026-09-16T10:55:00+00:00,4345.83,4351.37,4345.77,4351.01,1891.0,2026-09-16T12:55:00+02:00
XAUUSD,5m,2026-09-16T11:00:00+00:00,4351.01,4353.23,4348.48,4350.18,6778.0,2026-09-16T13:00:00+02:00
XAUUSD,5m,2026-09-16T11:05:00+00:00,4350.18,4351.2,4348.17,4349.58,2951.0,2026-09-16T13:05:00+02:00
XAUUSD,5m,2026-09-16T11:10:00+00:00,4349.58,4350.81,4346.28,4346.96,2649.0,2026-09-16T13:10:00+02:00
XAUUSD,5m,2026-09-16T11:15:00+00:00,4346.96,4348.13,4346.39,4347.63,1942.0,2026-09-16T13:15:00+02:00
XAUUSD,5m,2026-09-16T11:20:00+00:00,4347.63,4349.12,4346.37,4348.63,1980.0,2026-09-16T13:20:00+02:00
XAUUSD,5m,2026-09-16T11:25:00+00:00,4348.63,4353.67,4347.87,4350.51,2609.0,2026-09-16T13:25:00+02:00
XAUUSD,5m,2026-09-16T11:30:00+00:00,4350.51,4351.58,4348.72,4350.83,2185.0,2026-09-16T13:30:00+02:00
XAUUSD,5m,2026-09-16T11:35:00+00:00,4350.83,4353.13,4348.56,4350.56,2399.0,2026-09-16T13:35:00+02:00
XAUUSD,5m,2026-09-16T11:40:00+00:00,4350.56,4350.91,4347.04,4349.83,4258.0,2026-09-16T13:40:00+02:00
XAUUSD,5m,2026-09-16T11:45:00+00:00,4349.83,4350.74,4346.71,4346.93,1969.0,2026-09-16T13:45:00+02:00
XAUUSD,5m,2026-09-16T11:50:00+00:00,4346.93,4347.96,4345.27,4347.12,1897.0,2026-09-16T13:50:00+02:00
XAUUSD,5m,2026-09-16T11:55:00+00:00,4347.12,4348.3,4341.54,4341.61,2595.0,2026-09-16T13:55:00+02:00
XAUUSD,5m,2026-09-16T12:00:00+00:00,4341.61,4343.76,4340.48,4343.07,3387.0,2026-09-16T14:00:00+02:00
XAUUSD,5m,2026-09-16T12:05:00+00:00,4343.07,4348.17,4342.22,4347.78,3381.0,2026-09-16T14:05:00+02:00
XAUUSD,5m,2026-09-16T12:10:00+00:00,4347.78,4347.78,4343.06,4343.32,2954.0,2026-09-16T14:10:00+02:00
XAUUSD,5m,2026-09-16T12:15:00+00:00,4343.32,4345.66,4340.3,4342.3,4098.0,2026-09-16T14:15:00+02:00
XAUUSD,5m,2026-09-16T12:20:00+00:00,4342.3,4342.3,4337.66,4338.62,3731.0,2026-09-16T14:20:00+02:00
XAUUSD,5m,2026-09-16T12:25:00+00:00,4338.62,4341.29,4338.44,4339.82,1996.0,2026-09-16T14:25:00+02:00
XAUUSD,5m,2026-09-16T12:30:00+00:00,4339.82,4342.27,4334.64,4341.43,4399.0,2026-09-16T14:30:00+02:00
XAUUSD,5m,2026-09-16T12:35:00+00:00,4341.43,4344.48,4338.67,4343.49,3304.0,2026-09-16T14:35:00+02:00
XAUUSD,5m,2026-09-16T12:40:00+00:00,4343.49,4345.14,4341.62,4343.66,3008.0,2026-09-16T14:40:00+02:00
XAUUSD,5m,2026-09-16T12:45:00+00:00,4343.66,4346.97,4342.45,4345.98,2787.0,2026-09-16T14:45:00+02:00
XAUUSD,5m,2026-09-16T12:50:00+00:00,4345.98,4347.72,4342.55,4344.97,3316.0,2026-09-16T14:50:00+02:00
XAUUSD,5m,2026-09-16T12:55:00+00:00,4344.97,4349.01,4344.26,4347.59,3634.0,2026-09-16T14:55:00+02:00
XAUUSD,5m,2026-09-16T13:00:00+00:00,4347.59,4350.05,4345.59,4346.62,6375.0,2026-09-16T15:00:00+02:00
XAUUSD,5m,2026-09-16T13:05:00+00:00,4346.62,4350.34,4343.76,4348.3,4497.0,2026-09-16T15:05:00+02:00
XAUUSD,5m,2026-09-16T13:10:00+00:00,4348.3,4357.16,4347.81,4356.33,4329.0,2026-09-16T15:10:00+02:00
XAUUSD,5m,2026-09-16T13:15:00+00:00,4356.33,4360.42,4353.03,4353.28,5139.0,2026-09-16T15:15:00+02:00
XAUUSD,5m,2026-09-16T13:20:00+00:00,4353.28,4355.93,4349.31,4353.54,4453.0,2026-09-16T15:20:00+02:00
XAUUSD,5m,2026-09-16T13:25:00+00:00,4353.54,4355.41,4351.6,4352.01,3642.0,2026-09-16T15:25:00+02:00
XAUUSD,5m,2026-09-16T13:30:00+00:00,4352.01,4354.25,4348.28,4348.67,9720.0,2026-09-16T15:30:00+02:00
XAUUSD,5m,2026-09-16T13:35:00+00:00,4348.67,4350.67,4345.2,4345.68,8373.0,2026-09-16T15:35:00+02:00
XAUUSD,5m,2026-09-16T13:40:00+00:00,4345.68,4347.14,4340.29,4340.37,8939.0,2026-09-16T15:40:00+02:00
XAUUSD,5m,2026-09-16T13:45:00+00:00,4340.37,4345.77,4340.36,4342.67,7414.0,2026-09-16T15:45:00+02:00
XAUUSD,5m,2026-09-16T13:50:00+00:00,4342.67,4344.97,4337.51,4338.44,7169.0,2026-09-16T15:50:00+02:00
XAUUSD,5m,2026-09-16T13:55:00+00:00,4338.44,4339.27,4334.89,4338.49,6664.0,2026-09-16T15:55:00+02:00
XAUUSD,5m,2026-09-16T14:00:00+00:00,4338.49,4339.09,4328.26,4328.45,9285.0,2026-09-16T16:00:00+02:00
XAUUSD,5m,2026-09-16T14:05:00+00:00,4328.45,4330.65,4324.03,4329.5,8038.0,2026-09-16T16:05:00+02:00
XAUUSD,5m,2026-09-16T14:10:00+00:00,4329.5,4340.08,4329.49,4339.93,6449.0,2026-09-16T16:10:00+02:00
XAUUSD,5m,2026-09-16T14:15:00+00:00,4339.93,4340.99,4332.03,4332.55,6442.0,2026-09-16T16:15:00+02:00
XAUUSD,5m,2026-09-16T14:20:00+00:00,4332.55,4335.83,4330.7,4332.76,5385.0,2026-09-16T16:20:00+02:00
XAUUSD,5m,2026-09-16T14:25:00+00:00,4332.76,4338.09,4331.82,4337.92,5085.0,2026-09-16T16:25:00+02:00
XAUUSD,5m,2026-09-16T14:30:00+00:00,4337.92,4338.39,4334.29,4336.61,5500.0,2026-09-16T16:30:00+02:00
XAUUSD,5m,2026-09-16T14:35:00+00:00,4336.61,4342.62,4336.5,4341.02,4679.0,2026-09-16T16:35:00+02:00
XAUUSD,5m,2026-09-16T14:40:00+00:00,4341.02,4346.02,4340.23,4345.51,4940.0,2026-09-16T16:40:00+02:00
XAUUSD,5m,2026-09-16T14:45:00+00:00,4345.51,4350.33,4344.91,4350.18,5318.0,2026-09-16T16:45:00+02:00
XAUUSD,5m,2026-09-16T14:50:00+00:00,4350.18,4354.38,4348.0,4348.19,4855.0,2026-09-16T16:50:00+02:00
XAUUSD,5m,2026-09-16T14:55:00+00:00,4348.19,4355.92,4347.43,4354.96,5603.0,2026-09-16T16:55:00+02:00
XAUUSD,5m,2026-09-16T15:00:00+00:00,4354.96,4357.6,4350.47,4350.6,6813.0,2026-09-16T17:00:00+02:00
XAUUSD,5m,2026-09-16T15:05:00+00:00,4350.6,4358.06,4350.0,4357.17,7215.0,2026-09-16T17:05:00+02:00
XAUUSD,5m,2026-09-16T15:10:00+00:00,4357.17,4358.03,4353.05,4353.23,6663.0,2026-09-16T17:10:00+02:00
XAUUSD,5m,2026-09-16T15:15:00+00:00,4353.23,4355.19,4351.44,4353.65,4733.0,2026-09-16T17:15:00+02:00
XAUUSD,5m,2026-09-16T15:20:00+00:00,4353.65,4353.93,4349.58,4350.0,4140.0,2026-09-16T17:20:00+02:00
XAUUSD,5m,2026-09-16T15:25:00+00:00,4350.0,4350.26,4343.98,4344.21,3904.0,2026-09-16T17:25:00+02:00
XAUUSD,5m,2026-09-16T15:30:00+00:00,4344.21,4348.58,4342.75,4347.88,4900.0,2026-09-16T17:30:00+02:00
XAUUSD,5m,2026-09-16T15:35:00+00:00,4347.88,4352.54,4347.21,4350.12,3335.0,2026-09-16T17:35:00+02:00
XAUUSD,5m,2026-09-16T15:40:00+00:00,4350.12,4351.21,4349.44,4350.62,2622.0,2026-09-16T17:40:00+02:00
XAUUSD,5m,2026-09-16T15:45:00+00:00,4350.62,4361.79,4350.08,4353.22,10295.0,2026-09-16T17:45:00+02:00
XAUUSD,5m,2026-09-16T15:50:00+00:00,4353.22,4355.06,4350.26,4351.54,4702.0,2026-09-16T17:50:00+02:00
XAUUSD,5m,2026-09-16T15:55:00+00:00,4351.54,4353.51,4349.87,4352.77,3006.0,2026-09-16T17:55:00+02:00
XAUUSD,5m,2026-09-16T16:00:00+00:00,4352.77,4353.01,4347.92,4347.93,3331.0,2026-09-16T18:00:00+02:00
XAUUSD,5m,2026-09-16T16:05:00+00:00,4347.93,4349.67,4346.57,4349.64,2324.0,2026-09-16T18:05:00+02:00
XAUUSD,5m,2026-09-16T16:10:00+00:00,4349.64,4351.18,4348.42,4349.97,2207.0,2026-09-16T18:10:00+02:00
XAUUSD,5m,2026-09-16T16:15:00+00:00,4349.97,4352.05,4348.92,4349.53,2293.0,2026-09-16T18:15:00+02:00
XAUUSD,5m,2026-09-16T16:20:00+00:00,4349.53,4349.92,4346.45,4347.57,2718.0,2026-09-16T18:20:00+02:00
XAUUSD,5m,2026-09-16T16:25:00+00:00,4347.57,4348.12,4344.23,4345.89,2668.0,2026-09-16T18:25:00+02:00
XAUUSD,5m,2026-09-16T16:30:00+00:00,4345.89,4348.02,4344.98,4347.65,2688.0,2026-09-16T18:30:00+02:00
XAUUSD,5m,2026-09-16T16:35:00+00:00,4347.65,4348.36,4345.25,4347.18,2223.0,2026-09-16T18:35:00+02:00
XAUUSD,5m,2026-09-16T16:40:00+00:00,4347.18,4348.21,4346.65,4347.29,1865.0,2026-09-16T18:40:00+02:00
XAUUSD,5m,2026-09-16T16:45:00+00:00,4347.29,4348.49,4345.83,4345.89,2020.0,2026-09-16T18:45:00+02:00
XAUUSD,5m,2026-09-16T16:50:00+00:00,4345.89,4345.9,4343.65,4345.71,2535.0,2026-09-16T18:50:00+02:00
XAUUSD,5m,2026-09-16T16:55:00+00:00,4345.71,4347.41,4345.3,4346.5,1678.0,2026-09-16T18:55:00+02:00
XAUUSD,5m,2026-09-16T17:00:00+00:00,4346.5,4346.76,4343.03,4344.73,3211.0,2026-09-16T19:00:00+02:00
XAUUSD,5m,2026-09-16T17:05:00+00:00,4344.73,4345.86,4342.85,4343.2,1857.0,2026-09-16T19:05:00+02:00
XAUUSD,5m,2026-09-16T17:10:00+00:00,4343.2,4343.8,4341.67,4343.47,1715.0,2026-09-16T19:10:00+02:00
XAUUSD,5m,2026-09-16T17:15:00+00:00,4343.47,4345.16,4342.92,4344.63,1784.0,2026-09-16T19:15:00+02:00
XAUUSD,5m,2026-09-16T17:20:00+00:00,4344.63,4345.14,4342.36,4344.43,1902.0,2026-09-16T19:20:00+02:00
XAUUSD,5m,2026-09-16T17:25:00+00:00,4344.43,4347.43,4344.18,4346.82,2290.0,2026-09-16T19:25:00+02:00
XAUUSD,5m,2026-09-16T17:30:00+00:00,4346.82,4350.0,4346.04,4348.89,2077.0,2026-09-16T19:30:00+02:00
XAUUSD,5m,2026-09-16T17:35:00+00:00,4348.89,4349.15,4343.25,4343.73,3075.0,2026-09-16T19:35:00+02:00
XAUUSD,5m,2026-09-16T17:40:00+00:00,4343.73,4345.14,4343.33,4343.97,2542.0,2026-09-16T19:40:00+02:00
XAUUSD,5m,2026-09-16T17:45:00+00:00,4343.97,4345.07,4342.43,4344.43,2569.0,2026-09-16T19:45:00+02:00
XAUUSD,5m,2026-09-16T17:50:00+00:00,4344.43,4349.99,4344.08,4347.71,3417.0,2026-09-16T19:50:00+02:00
XAUUSD,5m,2026-09-16T17:55:00+00:00,4347.71,4368.1,4347.49,4359.58,6579.0,2026-09-16T19:55:00+02:00
XAUUSD,5m,2026-09-16T18:00:00+00:00,4359.58,4367.15,4313.51,4324.38,24935.0,2026-09-16T20:00:00+02:00
XAUUSD,5m,2026-09-16T18:05:00+00:00,4324.38,4345.78,4324.34,4331.11,21526.0,2026-09-16T20:05:00+02:00
XAUUSD,5m,2026-09-16T18:10:00+00:00,4331.11,4334.46,4307.47,4310.38,21575.0,2026-09-16T20:10:00+02:00
XAUUSD,5m,2026-09-16T18:15:00+00:00,4310.38,4321.6,4305.88,4318.6,19282.0,2026-09-16T20:15:00+02:00
XAUUSD,5m,2026-09-16T18:20:00+00:00,4318.6,4324.16,4313.63,4314.92,16561.0,2026-09-16T20:20:00+02:00
XAUUSD,5m,2026-09-16T18:25:00+00:00,4314.92,4322.97,4312.35,4322.25,13833.0,2026-09-16T20:25:00+02:00
XAUUSD,5m,2026-09-16T18:30:00+00:00,4322.25,4323.67,4280.19,4284.77,24905.0,2026-09-16T20:30:00+02:00
XAUUSD,5m,2026-09-16T18:35:00+00:00,4284.77,4292.01,4260.79,4291.09,25728.0,2026-09-16T20:35:00+02:00
XAUUSD,5m,2026-09-16T18:40:00+00:00,4291.09,4311.18,4285.23,4301.08,19422.0,2026-09-16T20:40:00+02:00
XAUUSD,5m,2026-09-16T18:45:00+00:00,4301.08,4307.31,4291.18,4293.65,22299.0,2026-09-16T20:45:00+02:00
XAUUSD,5m,2026-09-16T18:50:00+00:00,4293.65,4296.71,4263.44,4266.36,23254.0,2026-09-16T20:50:00+02:00
XAUUSD,5m,2026-09-16T18:55:00+00:00,4266.36,4272.98,4256.52,4261.31,23997.0,2026-09-16T20:55:00+02:00
XAUUSD,5m,2026-09-16T19:00:00+00:00,4261.31,4287.31,4260.03,4273.07,23256.0,2026-09-16T21:00:00+02:00
XAUUSD,5m,2026-09-16T19:05:00+00:00,4273.07,4273.07,4249.26,4250.5,21603.0,2026-09-16T21:05:00+02:00
XAUUSD,5m,2026-09-16T19:10:00+00:00,4250.5,4253.18,4234.86,4252.86,21897.0,2026-09-16T21:10:00+02:00
XAUUSD,5m,2026-09-16T19:15:00+00:00,4252.86,4257.78,4240.63,4248.44,18090.0,2026-09-16T21:15:00+02:00
XAUUSD,5m,2026-09-16T19:20:00+00:00,4248.44,4252.89,4244.21,4252.81,17590.0,2026-09-16T21:20:00+02:00
XAUUSD,5m,2026-09-16T19:25:00+00:00,4252.81,4257.45,4239.15,4253.64,16259.0,2026-09-16T21:25:00+02:00
XAUUSD,5m,2026-09-16T19:30:00+00:00,4253.64,4263.49,4253.27,4263.39,16610.0,2026-09-16T21:30:00+02:00
XAUUSD,5m,2026-09-16T19:35:00+00:00,4263.39,4265.53,4256.44,4263.39,16289.0,2026-09-16T21:35:00+02:00
XAUUSD,5m,2026-09-16T19:40:00+00:00,4263.39,4271.15,4261.17,4264.74,13840.0,2026-09-16T21:40:00+02:00
XAUUSD,5m,2026-09-16T19:45:00+00:00,4264.74,4271.82,4264.41,4269.7,11337.0,2026-09-16T21:45:00+02:00
XAUUSD,5m,2026-09-16T19:50:00+00:00,4269.7,4276.57,4267.38,4272.97,10406.0,2026-09-16T21:50:00+02:00
XAUUSD,5m,2026-09-16T19:55:00+00:00,4272.97,4274.01,4268.61,4272.29,9946.0,2026-09-16T21:55:00+02:00
XAUUSD,5m,2026-09-16T20:00:00+00:00,4272.29,4273.82,4267.47,4270.44,5172.0,2026-09-16T22:00:00+02:00
XAUUSD,5m,2026-09-16T20:05:00+00:00,4270.44,4271.83,4265.63,4267.2,3598.0,2026-09-16T22:05:00+02:00
XAUUSD,5m,2026-09-16T20:10:00+00:00,4267.2,4267.54,4263.29,4264.75,2984.0,2026-09-16T22:10:00+02:00
XAUUSD,5m,2026-09-16T20:15:00+00:00,4264.75,4268.09,4263.37,4266.39,2781.0,2026-09-16T22:15:00+02:00
XAUUSD,5m,2026-09-16T20:20:00+00:00,4266.39,4266.6,4260.6,4260.67,2621.0,2026-09-16T22:20:00+02:00
XAUUSD,5m,2026-09-16T20:25:00+00:00,4260.67,4261.38,4257.07,4260.22,2896.0,2026-09-16T22:25:00+02:00
XAUUSD,5m,2026-09-16T20:30:00+00:00,4260.22,4262.14,4258.21,4261.34,2286.0,2026-09-16T22:30:00+02:00
XAUUSD,5m,2026-09-16T20:35:00+00:00,4261.34,4264.83,4259.48,4264.72,2331.0,2026-09-16T22:35:00+02:00
XAUUSD,5m,2026-09-16T20:40:00+00:00,4264.72,4265.27,4261.87,4262.42,1762.0,2026-09-16T22:40:00+02:00
XAUUSD,5m,2026-09-16T20:45:00+00:00,4262.42,4266.52,4262.28,4265.63,1612.0,2026-09-16T22:45:00+02:00
XAUUSD,5m,2026-09-16T20:50:00+00:00,4265.63,4265.76,4260.63,4262.54,1907.0,2026-09-16T22:50:00+02:00
XAUUSD,5m,2026-09-16T20:55:00+00:00,4262.54,4264.44,4262.08,4262.84,1491.0,2026-09-16T22:55:00+02:00
XAUUSD,5m,2026-09-16T22:00:00+00:00,4262.84,4262.84,4257.71,4259.63,1622.0,2026-09-17T00:00:00+02:00
XAUUSD,5m,2026-09-16T22:05:00+00:00,4259.63,4262.57,4258.65,4261.02,1641.0,2026-09-17T00:05:00+02:00
XAUUSD,5m,2026-09-16T22:10:00+00:00,4261.02,4261.95,4259.06,4259.08,1420.0,2026-09-17T00:10:00+02:00
XAUUSD,5m,2026-09-16T22:15:00+00:00,4259.08,4259.89,4257.42,4259.37,846.0,2026-09-17T00:15:00+02:00
XAUUSD,5m,2026-09-16T22:20:00+00:00,4259.37,4262.06,4259.34,4261.03,1202.0,2026-09-17T00:20:00+02:00
XAUUSD,5m,2026-09-16T22:25:00+00:00,4261.03,4263.68,4260.83,4261.99,1206.0,2026-09-17T00:25:00+02:00
XAUUSD,5m,2026-09-16T22:30:00+00:00,4261.99,4270.23,4261.94,4269.78,1575.0,2026-09-17T00:30:00+02:00
XAUUSD,5m,2026-09-16T22:35:00+00:00,4269.78,4276.09,4269.0,4275.0,2578.0,2026-09-17T00:35:00+02:00
XAUUSD,5m,2026-09-16T22:40:00+00:00,4275.0,4275.05,4272.8,4273.04,769.0,2026-09-17T00:40:00+02:00
XAUUSD,5m,2026-09-16T22:45:00+00:00,4273.04,4273.83,4270.07,4270.12,954.0,2026-09-17T00:45:00+02:00
XAUUSD,5m,2026-09-16T22:50:00+00:00,4270.12,4270.12,4265.5,4267.44,1283.0,2026-09-17T00:50:00+02:00
XAUUSD,5m,2026-09-16T22:55:00+00:00,4267.44,4271.32,4266.07,4266.39,1186.0,2026-09-17T00:55:00+02:00
XAUUSD,5m,2026-09-16T23:00:00+00:00,4266.39,4267.89,4262.06,4265.41,2429.0,2026-09-17T01:00:00+02:00
XAUUSD,5m,2026-09-16T23:05:00+00:00,4265.41,4266.06,4258.78,4264.4,2403.0,2026-09-17T01:05:00+02:00
XAUUSD,5m,2026-09-16T23:10:00+00:00,4264.4,4266.76,4261.33,4262.75,2138.0,2026-09-17T01:10:00+02:00
XAUUSD,5m,2026-09-16T23:15:00+00:00,4262.75,4270.59,4261.97,4268.44,1705.0,2026-09-17T01:15:00+02:00
XAUUSD,5m,2026-09-16T23:20:00+00:00,4268.44,4273.35,4268.44,4271.16,1745.0,2026-09-17T01:20:00+02:00
XAUUSD,5m,2026-09-16T23:25:00+00:00,4271.16,4272.07,4269.8,4271.8,1404.0,2026-09-17T01:25:00+02:00
XAUUSD,5m,2026-09-16T23:30:00+00:00,4271.8,4273.47,4270.68,4270.71,1239.0,2026-09-17T01:30:00+02:00
XAUUSD,5m,2026-09-16T23:35:00+00:00,4270.71,4271.66,4268.59,4270.98,1022.0,2026-09-17T01:35:00+02:00
XAUUSD,5m,2026-09-16T23:40:00+00:00,4270.98,4274.6,4268.98,4273.57,3479.0,2026-09-17T01:40:00+02:00
XAUUSD,5m,2026-09-16T23:45:00+00:00,4273.57,4275.33,4271.54,4273.61,2985.0,2026-09-17T01:45:00+02:00
XAUUSD,5m,2026-09-16T23:50:00+00:00,4273.61,4275.19,4271.48,4272.25,1602.0,2026-09-17T01:50:00+02:00
XAUUSD,5m,2026-09-16T23:55:00+00:00,4272.25,4273.96,4271.44,4271.73,2047.0,2026-09-17T01:55:00+02:00
XAUUSD,5m,2026-09-17T00:00:00+00:00,4271.73,4272.43,4266.33,4269.21,3903.0,2026-09-17T02:00:00+02:00
XAUUSD,5m,2026-09-17T00:05:00+00:00,4269.21,4278.02,4268.77,4277.96,4074.0,2026-09-17T02:05:00+02:00
XAUUSD,5m,2026-09-17T00:10:00+00:00,4277.96,4286.65,4277.96,4284.97,4486.0,2026-09-17T02:10:00+02:00
XAUUSD,5m,2026-09-17T00:15:00+00:00,4284.97,4286.51,4281.48,4284.62,3913.0,2026-09-17T02:15:00+02:00
XAUUSD,5m,2026-09-17T00:20:00+00:00,4284.62,4289.47,4284.15,4286.51,4169.0,2026-09-17T02:20:00+02:00
XAUUSD,5m,2026-09-17T00:25:00+00:00,4286.51,4286.92,4283.14,4284.53,3718.0,2026-09-17T02:25:00+02:00
XAUUSD,5m,2026-09-17T00:30:00+00:00,4284.53,4288.87,4282.0,4284.94,3784.0,2026-09-17T02:30:00+02:00
XAUUSD,5m,2026-09-17T00:35:00+00:00,4284.94,4289.03,4283.62,4287.65,2825.0,2026-09-17T02:35:00+02:00
XAUUSD,5m,2026-09-17T00:40:00+00:00,4287.65,4292.3,4287.12,4288.7,2847.0,2026-09-17T02:40:00+02:00
XAUUSD,5m,2026-09-17T00:45:00+00:00,4288.7,4289.23,4284.25,4284.51,2767.0,2026-09-17T02:45:00+02:00
XAUUSD,5m,2026-09-17T00:50:00+00:00,4284.51,4285.5,4278.78,4280.05,3562.0,2026-09-17T02:50:00+02:00
XAUUSD,5m,2026-09-17T00:55:00+00:00,4280.05,4282.31,4277.1,4280.21,4539.0,2026-09-17T02:55:00+02:00
XAUUSD,5m,2026-09-17T01:00:00+00:00,4280.21,4298.63,4280.01,4297.39,9917.0,2026-09-17T03:00:00+02:00
XAUUSD,5m,2026-09-17T01:05:00+00:00,4297.39,4310.24,4296.83,4303.21,6699.0,2026-09-17T03:05:00+02:00
XAUUSD,5m,2026-09-17T01:10:00+00:00,4303.21,4303.32,4294.82,4298.75,5912.0,2026-09-17T03:10:00+02:00
XAUUSD,5m,2026-09-17T01:15:00+00:00,4298.75,4306.9,4298.2,4302.81,4623.0,2026-09-17T03:15:00+02:00
XAUUSD,5m,2026-09-17T01:20:00+00:00,4302.81,4310.41,4301.4,4309.82,3310.0,2026-09-17T03:20:00+02:00
XAUUSD,5m,2026-09-17T01:25:00+00:00,4309.82,4312.63,4308.12,4309.87,3835.0,2026-09-17T03:25:00+02:00
XAUUSD,5m,2026-09-17T01:30:00+00:00,4309.87,4315.27,4308.38,4314.12,4580.0,2026-09-17T03:30:00+02:00
XAUUSD,5m,2026-09-17T01:35:00+00:00,4314.12,4318.09,4310.96,4311.99,5329.0,2026-09-17T03:35:00+02:00
XAUUSD,5m,2026-09-17T01:40:00+00:00,4311.99,4312.95,4308.8,4309.15,4362.0,2026-09-17T03:40:00+02:00
XAUUSD,5m,2026-09-17T01:45:00+00:00,4309.15,4311.81,4306.65,4310.76,3744.0,2026-09-17T03:45:00+02:00
XAUUSD,5m,2026-09-17T01:50:00+00:00,4310.76,4311.18,4305.06,4305.36,3621.0,2026-09-17T03:50:00+02:00
XAUUSD,5m,2026-09-17T01:55:00+00:00,4305.36,4305.86,4298.04,4300.2,4911.0,2026-09-17T03:55:00+02:00
XAUUSD,5m,2026-09-17T02:00:00+00:00,4300.2,4300.93,4297.31,4298.52,4560.0,2026-09-17T04:00:00+02:00
XAUUSD,5m,2026-09-17T02:05:00+00:00,4298.52,4299.32,4285.04,4287.07,6763.0,2026-09-17T04:05:00+02:00
XAUUSD,5m,2026-09-17T02:10:00+00:00,4287.07,4289.06,4280.92,4287.31,5723.0,2026-09-17T04:10:00+02:00
XAUUSD,5m,2026-09-17T02:15:00+00:00,4287.31,4292.4,4286.89,4292.4,3133.0,2026-09-17T04:15:00+02:00
XAUUSD,5m,2026-09-17T02:20:00+00:00,4292.4,4293.04,4290.05,4290.29,2015.0,2026-09-17T04:20:00+02:00
XAUUSD,5m,2026-09-17T02:25:00+00:00,4290.29,4292.37,4289.68,4291.7,2303.0,2026-09-17T04:25:00+02:00
XAUUSD,5m,2026-09-17T02:30:00+00:00,4291.7,4292.96,4284.68,4285.8,4535.0,2026-09-17T04:30:00+02:00
XAUUSD,5m,2026-09-17T02:35:00+00:00,4285.8,4286.69,4282.96,4283.5,4440.0,2026-09-17T04:35:00+02:00
XAUUSD,5m,2026-09-17T02:40:00+00:00,4283.5,4290.79,4281.47,4288.52,3825.0,2026-09-17T04:40:00+02:00
XAUUSD,5m,2026-09-17T02:45:00+00:00,4288.52,4289.54,4282.48,4283.37,3753.0,2026-09-17T04:45:00+02:00
XAUUSD,5m,2026-09-17T02:50:00+00:00,4283.37,4283.85,4274.54,4275.99,4231.0,2026-09-17T04:50:00+02:00
XAUUSD,5m,2026-09-17T02:55:00+00:00,4275.99,4280.85,4274.0,4277.1,3516.0,2026-09-17T04:55:00+02:00
XAUUSD,5m,2026-09-17T03:00:00+00:00,4277.1,4282.95,4276.96,4282.61,3432.0,2026-09-17T05:00:00+02:00
XAUUSD,5m,2026-09-17T03:05:00+00:00,4282.61,4286.65,4281.04,4284.63,2775.0,2026-09-17T05:05:00+02:00
XAUUSD,5m,2026-09-17T03:10:00+00:00,4284.63,4285.95,4282.13,4285.05,2429.0,2026-09-17T05:10:00+02:00
XAUUSD,5m,2026-09-17T03:15:00+00:00,4285.05,4287.09,4283.39,4286.51,2279.0,2026-09-17T05:15:00+02:00
XAUUSD,5m,2026-09-17T03:20:00+00:00,4286.51,4286.62,4283.11,4285.92,1856.0,2026-09-17T05:20:00+02:00
XAUUSD,5m,2026-09-17T03:25:00+00:00,4285.92,4286.98,4285.07,4286.07,1820.0,2026-09-17T05:25:00+02:00
XAUUSD,5m,2026-09-17T03:30:00+00:00,4286.07,4292.24,4285.75,4290.21,2849.0,2026-09-17T05:30:00+02:00
XAUUSD,5m,2026-09-17T03:35:00+00:00,4290.21,4293.54,4289.9,4292.33,2646.0,2026-09-17T05:35:00+02:00
XAUUSD,5m,2026-09-17T03:40:00+00:00,4292.33,4296.45,4291.6,4295.9,2350.0,2026-09-17T05:40:00+02:00
XAUUSD,5m,2026-09-17T03:45:00+00:00,4295.9,4296.8,4293.68,4295.66,2044.0,2026-09-17T05:45:00+02:00
XAUUSD,5m,2026-09-17T03:50:00+00:00,4295.66,4296.78,4294.09,4296.4,1626.0,2026-09-17T05:50:00+02:00
XAUUSD,5m,2026-09-17T03:55:00+00:00,4296.4,4297.38,4295.61,4295.98,1703.0,2026-09-17T05:55:00+02:00
XAUUSD,5m,2026-09-17T04:00:00+00:00,4295.98,4296.06,4293.64,4294.03,1938.0,2026-09-17T06:00:00+02:00
XAUUSD,5m,2026-09-17T04:05:00+00:00,4294.03,4296.48,4293.14,4296.22,1648.0,2026-09-17T06:05:00+02:00
XAUUSD,5m,2026-09-17T04:10:00+00:00,4296.22,4296.23,4292.85,4293.7,1317.0,2026-09-17T06:10:00+02:00
XAUUSD,5m,2026-09-17T04:15:00+00:00,4293.7,4294.2,4292.26,4293.13,1509.0,2026-09-17T06:15:00+02:00
XAUUSD,5m,2026-09-17T04:20:00+00:00,4293.13,4295.68,4291.9,4293.64,1631.0,2026-09-17T06:20:00+02:00
XAUUSD,5m,2026-09-17T04:25:00+00:00,4293.64,4294.16,4291.02,4291.11,1587.0,2026-09-17T06:25:00+02:00
XAUUSD,5m,2026-09-17T04:30:00+00:00,4291.11,4293.16,4290.23,4291.24,1378.0,2026-09-17T06:30:00+02:00
XAUUSD,5m,2026-09-17T04:35:00+00:00,4291.24,4296.56,4291.24,4295.01,1804.0,2026-09-17T06:35:00+02:00
XAUUSD,5m,2026-09-17T04:40:00+00:00,4295.01,4296.39,4293.02,4295.15,1657.0,2026-09-17T06:40:00+02:00
XAUUSD,5m,2026-09-17T04:45:00+00:00,4295.15,4298.9,4295.13,4297.08,1677.0,2026-09-17T06:45:00+02:00
XAUUSD,5m,2026-09-17T04:50:00+00:00,4297.08,4298.88,4295.33,4297.38,1641.0,2026-09-17T06:50:00+02:00
XAUUSD,5m,2026-09-17T04:55:00+00:00,4297.38,4298.72,4295.75,4297.35,1243.0,2026-09-17T06:55:00+02:00
XAUUSD,5m,2026-09-17T05:00:00+00:00,4297.35,4299.08,4296.62,4297.93,1826.0,2026-09-17T07:00:00+02:00
XAUUSD,5m,2026-09-17T05:05:00+00:00,4297.93,4298.2,4296.61,4297.27,1394.0,2026-09-17T07:05:00+02:00
XAUUSD,5m,2026-09-17T05:10:00+00:00,4297.27,4297.43,4293.98,4294.06,1491.0,2026-09-17T07:10:00+02:00
XAUUSD,5m,2026-09-17T05:15:00+00:00,4294.06,4294.07,4288.13,4288.19,2086.0,2026-09-17T07:15:00+02:00
XAUUSD,5m,2026-09-17T05:20:00+00:00,4288.19,4288.23,4285.34,4286.77,1833.0,2026-09-17T07:20:00+02:00
XAUUSD,5m,2026-09-17T05:25:00+00:00,4286.77,4288.11,4286.21,4286.35,1670.0,2026-09-17T07:25:00+02:00
XAUUSD,5m,2026-09-17T05:30:00+00:00,4286.35,4296.8,4286.17,4294.85,4770.0,2026-09-17T07:30:00+02:00
XAUUSD,5m,2026-09-17T05:35:00+00:00,4294.85,4297.2,4292.37,4296.89,3584.0,2026-09-17T07:35:00+02:00
XAUUSD,5m,2026-09-17T05:40:00+00:00,4296.89,4298.06,4294.32,4296.95,3076.0,2026-09-17T07:40:00+02:00
XAUUSD,5m,2026-09-17T05:45:00+00:00,4296.95,4299.36,4295.89,4297.64,2819.0,2026-09-17T07:45:00+02:00
XAUUSD,5m,2026-09-17T05:50:00+00:00,4297.64,4303.57,4297.64,4303.39,2815.0,2026-09-17T07:50:00+02:00
XAUUSD,5m,2026-09-17T05:55:00+00:00,4303.39,4305.53,4302.37,4304.55,3020.0,2026-09-17T07:55:00+02:00
XAUUSD,5m,2026-09-17T06:00:00+00:00,4304.55,4308.81,4304.19,4306.31,4334.0,2026-09-17T08:00:00+02:00
XAUUSD,5m,2026-09-17T06:05:00+00:00,4306.31,4310.79,4305.8,4310.13,3765.0,2026-09-17T08:05:00+02:00
XAUUSD,5m,2026-09-17T06:10:00+00:00,4310.13,4312.44,4308.74,4312.05,3573.0,2026-09-17T08:10:00+02:00
XAUUSD,5m,2026-09-17T06:15:00+00:00,4312.05,4312.26,4304.68,4307.3,3599.0,2026-09-17T08:15:00+02:00
XAUUSD,5m,2026-09-17T06:20:00+00:00,4307.3,4308.59,4305.54,4307.33,2558.0,2026-09-17T08:20:00+02:00
XAUUSD,5m,2026-09-17T06:25:00+00:00,4307.33,4313.04,4306.94,4312.04,3356.0,2026-09-17T08:25:00+02:00
XAUUSD,5m,2026-09-17T06:30:00+00:00,4312.04,4315.12,4311.1,4312.75,4392.0,2026-09-17T08:30:00+02:00
XAUUSD,5m,2026-09-17T06:35:00+00:00,4312.75,4312.89,4305.79,4306.32,3466.0,2026-09-17T08:35:00+02:00
XAUUSD,5m,2026-09-17T06:40:00+00:00,4306.32,4309.78,4306.09,4309.38,3087.0,2026-09-17T08:40:00+02:00
XAUUSD,5m,2026-09-17T06:45:00+00:00,4309.38,4311.92,4307.07,4310.25,3041.0,2026-09-17T08:45:00+02:00
XAUUSD,5m,2026-09-17T06:50:00+00:00,4310.25,4310.97,4306.56,4309.91,2624.0,2026-09-17T08:50:00+02:00
XAUUSD,5m,2026-09-17T06:55:00+00:00,4309.91,4311.33,4308.53,4310.73,2516.0,2026-09-17T08:55:00+02:00
XAUUSD,5m,2026-09-17T07:00:00+00:00,4310.73,4313.47,4309.16,4311.64,3568.0,2026-09-17T09:00:00+02:00
XAUUSD,5m,2026-09-17T07:05:00+00:00,4311.64,4315.85,4311.48,4314.94,2484.0,2026-09-17T09:05:00+02:00
XAUUSD,5m,2026-09-17T07:10:00+00:00,4314.94,4323.42,4314.94,4322.87,3329.0,2026-09-17T09:10:00+02:00
XAUUSD,5m,2026-09-17T07:15:00+00:00,4322.87,4329.46,4322.87,4323.91,3828.0,2026-09-17T09:15:00+02:00
XAUUSD,5m,2026-09-17T07:20:00+00:00,4323.91,4325.36,4319.2,4324.9,3579.0,2026-09-17T09:20:00+02:00
XAUUSD,5m,2026-09-17T07:25:00+00:00,4324.9,4329.88,4324.11,4329.27,3165.0,2026-09-17T09:25:00+02:00
XAUUSD,5m,2026-09-17T07:30:00+00:00,4329.27,4334.67,4329.22,4332.73,3129.0,2026-09-17T09:30:00+02:00
XAUUSD,5m,2026-09-17T07:35:00+00:00,4332.73,4334.46,4329.58,4334.25,3178.0,2026-09-17T09:35:00+02:00
XAUUSD,5m,2026-09-17T07:40:00+00:00,4334.25,4335.04,4329.24,4331.39,2543.0,2026-09-17T09:40:00+02:00
XAUUSD,5m,2026-09-17T07:45:00+00:00,4331.39,4335.33,4329.72,4332.2,2618.0,2026-09-17T09:45:00+02:00
XAUUSD,5m,2026-09-17T07:50:00+00:00,4332.2,4332.26,4327.32,4327.51,2381.0,2026-09-17T09:50:00+02:00
XAUUSD,5m,2026-09-17T07:55:00+00:00,4327.51,4328.04,4323.6,4327.12,3083.0,2026-09-17T09:55:00+02:00
XAUUSD,5m,2026-09-17T08:00:00+00:00,4327.12,4328.17,4325.68,4327.15,3378.0,2026-09-17T10:00:00+02:00
XAUUSD,5m,2026-09-17T08:05:00+00:00,4327.15,4327.82,4325.92,4326.34,2656.0,2026-09-17T10:05:00+02:00
XAUUSD,5m,2026-09-17T08:10:00+00:00,4326.34,4327.1,4317.78,4320.25,3286.0,2026-09-17T10:10:00+02:00
XAUUSD,5m,2026-09-17T08:15:00+00:00,4320.25,4321.9,4315.94,4316.62,2491.0,2026-09-17T10:15:00+02:00
XAUUSD,5m,2026-09-17T08:20:00+00:00,4316.62,4317.79,4314.53,4316.17,2249.0,2026-09-17T10:20:00+02:00
XAUUSD,5m,2026-09-17T08:25:00+00:00,4316.17,4317.13,4314.78,4315.9,2796.0,2026-09-17T10:25:00+02:00
XAUUSD,5m,2026-09-17T08:30:00+00:00,4315.9,4317.51,4311.99,4317.49,3359.0,2026-09-17T10:30:00+02:00
XAUUSD,5m,2026-09-17T08:35:00+00:00,4317.49,4319.59,4316.2,4318.88,2281.0,2026-09-17T10:35:00+02:00
XAUUSD,5m,2026-09-17T08:40:00+00:00,4318.88,4319.22,4313.42,4313.77,2326.0,2026-09-17T10:40:00+02:00
XAUUSD,5m,2026-09-17T08:45:00+00:00,4313.77,4313.77,4310.05,4311.77,2453.0,2026-09-17T10:45:00+02:00
XAUUSD,5m,2026-09-17T08:50:00+00:00,4311.77,4313.95,4310.44,4312.95,2136.0,2026-09-17T10:50:00+02:00
XAUUSD,5m,2026-09-17T08:55:00+00:00,4312.95,4313.4,4310.5,4311.57,1628.0,2026-09-17T10:55:00+02:00
XAUUSD,5m,2026-09-17T09:00:00+00:00,4311.57,4315.45,4311.46,4314.53,2459.0,2026-09-17T11:00:00+02:00
XAUUSD,5m,2026-09-17T09:05:00+00:00,4314.53,4316.95,4314.17,4316.55,2066.0,2026-09-17T11:05:00+02:00
XAUUSD,5m,2026-09-17T09:10:00+00:00,4316.55,4319.33,4315.19,4315.76,2527.0,2026-09-17T11:10:00+02:00
XAUUSD,5m,2026-09-17T09:15:00+00:00,4315.76,4316.41,4311.06,4311.72,2748.0,2026-09-17T11:15:00+02:00
XAUUSD,5m,2026-09-17T09:20:00+00:00,4311.72,4313.13,4310.35,4311.39,2081.0,2026-09-17T11:20:00+02:00
XAUUSD,5m,2026-09-17T09:25:00+00:00,4311.39,4312.25,4305.8,4306.49,2946.0,2026-09-17T11:25:00+02:00
XAUUSD,5m,2026-09-17T09:30:00+00:00,4306.49,4308.89,4304.97,4307.59,3033.0,2026-09-17T11:30:00+02:00
XAUUSD,5m,2026-09-17T09:35:00+00:00,4307.59,4309.85,4306.48,4308.92,2414.0,2026-09-17T11:35:00+02:00
XAUUSD,5m,2026-09-17T09:40:00+00:00,4308.92,4311.12,4308.38,4309.1,2161.0,2026-09-17T11:40:00+02:00
XAUUSD,5m,2026-09-17T09:45:00+00:00,4309.1,4309.74,4306.52,4309.42,2061.0,2026-09-17T11:45:00+02:00
XAUUSD,5m,2026-09-17T09:50:00+00:00,4309.42,4311.21,4308.9,4310.78,2297.0,2026-09-17T11:50:00+02:00
XAUUSD,5m,2026-09-17T09:55:00+00:00,4310.78,4310.96,4305.39,4306.07,2270.0,2026-09-17T11:55:00+02:00
XAUUSD,5m,2026-09-17T10:00:00+00:00,4306.07,4308.65,4304.93,4307.54,2312.0,2026-09-17T12:00:00+02:00
XAUUSD,5m,2026-09-17T10:05:00+00:00,4307.54,4311.5,4307.31,4308.99,2454.0,2026-09-17T12:05:00+02:00
XAUUSD,5m,2026-09-17T10:10:00+00:00,4308.99,4313.6,4308.86,4310.14,2148.0,2026-09-17T12:10:00+02:00
XAUUSD,5m,2026-09-17T10:15:00+00:00,4310.14,4310.7,4306.5,4306.63,2119.0,2026-09-17T12:15:00+02:00
XAUUSD,5m,2026-09-17T10:20:00+00:00,4306.63,4313.1,4306.63,4313.01,1709.0,2026-09-17T12:20:00+02:00
XAUUSD,5m,2026-09-17T10:25:00+00:00,4313.01,4315.57,4312.55,4313.4,2130.0,2026-09-17T12:25:00+02:00
XAUUSD,5m,2026-09-17T10:30:00+00:00,4313.4,4315.25,4312.08,4314.52,2102.0,2026-09-17T12:30:00+02:00
XAUUSD,5m,2026-09-17T10:35:00+00:00,4314.52,4318.47,4314.52,4316.71,1969.0,2026-09-17T12:35:00+02:00
XAUUSD,5m,2026-09-17T10:40:00+00:00,4316.71,4317.56,4314.48,4316.37,1428.0,2026-09-17T12:40:00+02:00
XAUUSD,5m,2026-09-17T10:45:00+00:00,4316.37,4318.61,4316.06,4318.49,1435.0,2026-09-17T12:45:00+02:00
XAUUSD,5m,2026-09-17T10:50:00+00:00,4318.49,4323.56,4318.35,4321.85,2124.0,2026-09-17T12:50:00+02:00
XAUUSD,5m,2026-09-17T10:55:00+00:00,4321.85,4325.02,4321.12,4324.14,1485.0,2026-09-17T12:55:00+02:00
XAUUSD,5m,2026-09-17T11:00:00+00:00,4324.14,4330.61,4323.82,4330.16,4158.0,2026-09-17T13:00:00+02:00
XAUUSD,5m,2026-09-17T11:05:00+00:00,4330.16,4336.76,4328.93,4336.02,3669.0,2026-09-17T13:05:00+02:00
XAUUSD,5m,2026-09-17T11:10:00+00:00,4336.02,4339.98,4330.42,4331.92,3742.0,2026-09-17T13:10:00+02:00
XAUUSD,5m,2026-09-17T11:15:00+00:00,4331.92,4334.66,4326.78,4326.78,3384.0,2026-09-17T13:15:00+02:00
XAUUSD,5m,2026-09-17T11:20:00+00:00,4326.78,4333.3,4326.58,4328.7,2902.0,2026-09-17T13:20:00+02:00
XAUUSD,5m,2026-09-17T11:25:00+00:00,4328.7,4329.3,4326.3,4328.4,3116.0,2026-09-17T13:25:00+02:00
XAUUSD,5m,2026-09-17T11:30:00+00:00,4328.4,4328.84,4325.18,4326.12,2970.0,2026-09-17T13:30:00+02:00
XAUUSD,5m,2026-09-17T11:35:00+00:00,4326.12,4327.37,4323.88,4325.77,2386.0,2026-09-17T13:35:00+02:00
XAUUSD,5m,2026-09-17T11:40:00+00:00,4325.77,4327.01,4323.16,4324.81,2593.0,2026-09-17T13:40:00+02:00
XAUUSD,5m,2026-09-17T11:45:00+00:00,4324.81,4332.85,4324.36,4332.56,2692.0,2026-09-17T13:45:00+02:00
XAUUSD,5m,2026-09-17T11:50:00+00:00,4332.56,4341.84,4331.39,4340.48,3423.0,2026-09-17T13:50:00+02:00
XAUUSD,5m,2026-09-17T11:55:00+00:00,4340.48,4353.16,4339.84,4349.82,8289.0,2026-09-17T13:55:00+02:00
XAUUSD,5m,2026-09-17T12:00:00+00:00,4349.82,4353.6,4343.52,4345.43,10868.0,2026-09-17T14:00:00+02:00
XAUUSD,5m,2026-09-17T12:05:00+00:00,4345.43,4353.94,4344.89,4352.93,8915.0,2026-09-17T14:05:00+02:00
XAUUSD,5m,2026-09-17T12:10:00+00:00,4352.93,4355.34,4350.96,4354.6,7346.0,2026-09-17T14:10:00+02:00
XAUUSD,5m,2026-09-17T12:15:00+00:00,4354.6,4366.37,4353.26,4365.79,7659.0,2026-09-17T14:15:00+02:00
XAUUSD,5m,2026-09-17T12:20:00+00:00,4365.79,4374.5,4363.82,4368.59,7889.0,2026-09-17T14:20:00+02:00
XAUUSD,5m,2026-09-17T12:25:00+00:00,4368.59,4380.87,4367.35,4380.77,7011.0,2026-09-17T14:25:00+02:00
XAUUSD,5m,2026-09-17T12:30:00+00:00,4380.77,4380.89,4368.11,4370.0,8721.0,2026-09-17T14:30:00+02:00
XAUUSD,5m,2026-09-17T12:35:00+00:00,4370.0,4371.46,4363.54,4369.59,6890.0,2026-09-17T14:35:00+02:00
XAUUSD,5m,2026-09-17T12:40:00+00:00,4369.59,4370.2,4360.24,4360.52,5461.0,2026-09-17T14:40:00+02:00
XAUUSD,5m,2026-09-17T12:45:00+00:00,4360.52,4367.25,4358.92,4366.33,5571.0,2026-09-17T14:45:00+02:00
XAUUSD,5m,2026-09-17T12:50:00+00:00,4366.33,4374.78,4366.33,4373.82,4797.0,2026-09-17T14:50:00+02:00
XAUUSD,5m,2026-09-17T12:55:00+00:00,4373.82,4374.0,4370.28,4373.24,4796.0,2026-09-17T14:55:00+02:00
XAUUSD,5m,2026-09-17T13:00:00+00:00,4373.24,4374.18,4365.27,4366.12,10755.0,2026-09-17T15:00:00+02:00
XAUUSD,5m,2026-09-17T13:05:00+00:00,4366.12,4371.66,4363.99,4366.0,6609.0,2026-09-17T15:05:00+02:00
XAUUSD,5m,2026-09-17T13:10:00+00:00,4366.0,4366.39,4360.06,4366.18,5803.0,2026-09-17T15:10:00+02:00
XAUUSD,5m,2026-09-17T13:15:00+00:00,4366.18,4375.13,4365.65,4372.48,4988.0,2026-09-17T15:15:00+02:00
XAUUSD,5m,2026-09-17T13:20:00+00:00,4372.48,4375.0,4366.17,4366.84,4623.0,2026-09-17T15:20:00+02:00
XAUUSD,5m,2026-09-17T13:25:00+00:00,4366.84,4368.41,4364.89,4366.8,5275.0,2026-09-17T15:25:00+02:00
XAUUSD,5m,2026-09-17T13:30:00+00:00,4366.8,4371.87,4363.02,4371.6,11165.0,2026-09-17T15:30:00+02:00
XAUUSD,5m,2026-09-17T13:35:00+00:00,4371.6,4374.08,4360.84,4361.45,10628.0,2026-09-17T15:35:00+02:00
XAUUSD,5m,2026-09-17T13:40:00+00:00,4361.45,4362.88,4356.1,4358.14,11540.0,2026-09-17T15:40:00+02:00
XAUUSD,5m,2026-09-17T13:45:00+00:00,4358.14,4368.86,4355.33,4367.23,13058.0,2026-09-17T15:45:00+02:00
XAUUSD,5m,2026-09-17T13:50:00+00:00,4367.23,4371.69,4365.97,4366.32,9742.0,2026-09-17T15:50:00+02:00
XAUUSD,5m,2026-09-17T13:55:00+00:00,4366.32,4369.78,4364.48,4366.77,6897.0,2026-09-17T15:55:00+02:00
XAUUSD,5m,2026-09-17T14:00:00+00:00,4366.77,4370.07,4364.53,4369.23,8821.0,2026-09-17T16:00:00+02:00
XAUUSD,5m,2026-09-17T14:05:00+00:00,4369.23,4379.86,4367.56,4377.04,8178.0,2026-09-17T16:05:00+02:00
XAUUSD,5m,2026-09-17T14:10:00+00:00,4377.04,4379.82,4368.26,4371.58,8722.0,2026-09-17T16:10:00+02:00
XAUUSD,5m,2026-09-17T14:15:00+00:00,4371.58,4372.09,4365.79,4368.95,8547.0,2026-09-17T16:15:00+02:00
XAUUSD,5m,2026-09-17T14:20:00+00:00,4368.95,4370.52,4365.46,4369.6,7635.0,2026-09-17T16:20:00+02:00
XAUUSD,5m,2026-09-17T14:25:00+00:00,4369.6,4372.77,4366.23,4366.69,5978.0,2026-09-17T16:25:00+02:00
XAUUSD,5m,2026-09-17T14:30:00+00:00,4366.69,4367.81,4361.66,4366.76,6415.0,2026-09-17T16:30:00+02:00
XAUUSD,5m,2026-09-17T14:35:00+00:00,4366.76,4367.76,4360.96,4361.12,5142.0,2026-09-17T16:35:00+02:00
XAUUSD,5m,2026-09-17T14:40:00+00:00,4361.12,4364.07,4359.27,4360.92,5283.0,2026-09-17T16:40:00+02:00
XAUUSD,5m,2026-09-17T14:45:00+00:00,4360.92,4364.61,4357.97,4361.25,6009.0,2026-09-17T16:45:00+02:00
XAUUSD,5m,2026-09-17T14:50:00+00:00,4361.25,4362.01,4355.48,4356.89,5699.0,2026-09-17T16:50:00+02:00
XAUUSD,5m,2026-09-17T14:55:00+00:00,4356.89,4357.42,4352.19,4353.93,6806.0,2026-09-17T16:55:00+02:00
XAUUSD,5m,2026-09-17T15:00:00+00:00,4353.93,4357.43,4351.12,4355.75,6129.0,2026-09-17T17:00:00+02:00
XAUUSD,5m,2026-09-17T15:05:00+00:00,4355.75,4359.1,4355.45,4356.37,6190.0,2026-09-17T17:05:00+02:00
XAUUSD,5m,2026-09-17T15:10:00+00:00,4356.37,4362.1,4353.28,4361.8,6679.0,2026-09-17T17:10:00+02:00
XAUUSD,5m,2026-09-17T15:15:00+00:00,4361.8,4364.44,4360.04,4363.06,4280.0,2026-09-17T17:15:00+02:00
XAUUSD,5m,2026-09-17T15:20:00+00:00,4363.06,4363.14,4358.7,4359.44,4498.0,2026-09-17T17:20:00+02:00
XAUUSD,5m,2026-09-17T15:25:00+00:00,4359.44,4362.85,4356.23,4358.06,4041.0,2026-09-17T17:25:00+02:00
XAUUSD,5m,2026-09-17T15:30:00+00:00,4358.06,4359.31,4355.44,4358.78,4443.0,2026-09-17T17:30:00+02:00
XAUUSD,5m,2026-09-17T15:35:00+00:00,4358.78,4363.37,4357.83,4362.48,4377.0,2026-09-17T17:35:00+02:00
XAUUSD,5m,2026-09-17T15:40:00+00:00,4362.48,4367.11,4362.13,4365.64,4046.0,2026-09-17T17:40:00+02:00
XAUUSD,5m,2026-09-17T15:45:00+00:00,4365.64,4367.75,4363.3,4365.21,4015.0,2026-09-17T17:45:00+02:00
XAUUSD,5m,2026-09-17T15:50:00+00:00,4365.21,4367.43,4364.09,4366.52,3611.0,2026-09-17T17:50:00+02:00
XAUUSD,5m,2026-09-17T15:55:00+00:00,4366.52,4370.06,4365.18,4369.87,3317.0,2026-09-17T17:55:00+02:00
XAUUSD,5m,2026-09-17T16:00:00+00:00,4369.87,4372.35,4368.77,4369.75,3859.0,2026-09-17T18:00:00+02:00
XAUUSD,5m,2026-09-17T16:05:00+00:00,4369.75,4371.47,4367.44,4369.62,3632.0,2026-09-17T18:05:00+02:00
XAUUSD,5m,2026-09-17T16:10:00+00:00,4369.62,4370.53,4367.09,4368.01,3694.0,2026-09-17T18:10:00+02:00
XAUUSD,5m,2026-09-17T16:15:00+00:00,4368.01,4368.85,4365.82,4367.14,3190.0,2026-09-17T18:15:00+02:00
XAUUSD,5m,2026-09-17T16:20:00+00:00,4367.14,4368.37,4365.93,4367.56,2190.0,2026-09-17T18:20:00+02:00
XAUUSD,5m,2026-09-17T16:25:00+00:00,4367.56,4368.09,4363.64,4367.49,2834.0,2026-09-17T18:25:00+02:00
XAUUSD,5m,2026-09-17T16:30:00+00:00,4367.49,4367.62,4357.64,4358.57,3811.0,2026-09-17T18:30:00+02:00
XAUUSD,5m,2026-09-17T16:35:00+00:00,4358.57,4360.84,4357.86,4360.06,3327.0,2026-09-17T18:35:00+02:00
XAUUSD,5m,2026-09-17T16:40:00+00:00,4360.06,4360.49,4357.47,4359.89,2937.0,2026-09-17T18:40:00+02:00
XAUUSD,5m,2026-09-17T16:45:00+00:00,4359.89,4361.56,4357.83,4357.95,2709.0,2026-09-17T18:45:00+02:00
XAUUSD,5m,2026-09-17T16:50:00+00:00,4357.95,4360.92,4356.08,4360.29,3504.0,2026-09-17T18:50:00+02:00
XAUUSD,5m,2026-09-17T16:55:00+00:00,4360.29,4362.25,4355.73,4362.24,6107.0,2026-09-17T18:55:00+02:00
XAUUSD,5m,2026-09-17T17:00:00+00:00,4362.24,4364.65,4358.27,4362.3,3673.0,2026-09-17T19:00:00+02:00
XAUUSD,5m,2026-09-17T17:05:00+00:00,4362.3,4365.83,4362.01,4363.66,2594.0,2026-09-17T19:05:00+02:00
XAUUSD,5m,2026-09-17T17:10:00+00:00,4363.66,4364.1,4360.61,4361.82,2459.0,2026-09-17T19:10:00+02:00
XAUUSD,5m,2026-09-17T17:15:00+00:00,4361.82,4363.14,4359.31,4360.31,2742.0,2026-09-17T19:15:00+02:00
XAUUSD,5m,2026-09-17T17:20:00+00:00,4360.31,4361.87,4357.87,4359.99,3065.0,2026-09-17T19:20:00+02:00
XAUUSD,5m,2026-09-17T17:25:00+00:00,4359.99,4362.5,4359.04,4360.44,3470.0,2026-09-17T19:25:00+02:00
XAUUSD,5m,2026-09-17T17:30:00+00:00,4360.44,4362.23,4360.22,4362.1,2108.0,2026-09-17T19:30:00+02:00
XAUUSD,5m,2026-09-17T17:35:00+00:00,4362.1,4363.71,4357.73,4357.96,2355.0,2026-09-17T19:35:00+02:00
XAUUSD,5m,2026-09-17T17:40:00+00:00,4357.96,4360.94,4357.95,4360.41,2155.0,2026-09-17T19:40:00+02:00
XAUUSD,5m,2026-09-17T17:45:00+00:00,4360.41,4361.04,4358.61,4359.37,1766.0,2026-09-17T19:45:00+02:00
XAUUSD,5m,2026-09-17T17:50:00+00:00,4359.37,4361.52,4359.17,4360.38,1789.0,2026-09-17T19:50:00+02:00
XAUUSD,5m,2026-09-17T17:55:00+00:00,4360.38,4361.68,4360.04,4361.23,2152.0,2026-09-17T19:55:00+02:00
XAUUSD,5m,2026-09-17T18:00:00+00:00,4361.23,4363.34,4360.16,4363.34,2591.0,2026-09-17T20:00:00+02:00
XAUUSD,5m,2026-09-17T18:05:00+00:00,4363.34,4364.59,4360.62,4362.0,3203.0,2026-09-17T20:05:00+02:00
XAUUSD,5m,2026-09-17T18:10:00+00:00,4362.0,4365.32,4361.26,4364.63,3040.0,2026-09-17T20:10:00+02:00
XAUUSD,5m,2026-09-17T18:15:00+00:00,4364.63,4365.59,4360.24,4360.92,2922.0,2026-09-17T20:15:00+02:00
XAUUSD,5m,2026-09-17T18:20:00+00:00,4360.92,4361.2,4357.09,4357.61,3610.0,2026-09-17T20:20:00+02:00
XAUUSD,5m,2026-09-17T18:25:00+00:00,4357.61,4358.97,4355.83,4356.16,3279.0,2026-09-17T20:25:00+02:00
XAUUSD,5m,2026-09-17T18:30:00+00:00,4356.16,4356.41,4349.48,4349.66,3475.0,2026-09-17T20:30:00+02:00
XAUUSD,5m,2026-09-17T18:35:00+00:00,4349.66,4351.88,4348.35,4351.47,2709.0,2026-09-17T20:35:00+02:00
XAUUSD,5m,2026-09-17T18:40:00+00:00,4351.47,4352.92,4350.64,4352.08,1909.0,2026-09-17T20:40:00+02:00
XAUUSD,5m,2026-09-17T18:45:00+00:00,4352.08,4352.66,4350.02,4351.86,1817.0,2026-09-17T20:45:00+02:00
XAUUSD,5m,2026-09-17T18:50:00+00:00,4351.86,4352.18,4349.16,4350.68,1992.0,2026-09-17T20:50:00+02:00
XAUUSD,5m,2026-09-17T18:55:00+00:00,4350.68,4351.78,4349.98,4351.29,1952.0,2026-09-17T20:55:00+02:00
XAUUSD,5m,2026-09-17T19:00:00+00:00,4351.29,4355.35,4351.2,4354.17,1713.0,2026-09-17T21:00:00+02:00
XAUUSD,5m,2026-09-17T19:05:00+00:00,4354.17,4355.99,4353.69,4354.63,2186.0,2026-09-17T21:05:00+02:00
XAUUSD,5m,2026-09-17T19:10:00+00:00,4354.63,4355.71,4353.43,4354.65,1681.0,2026-09-17T21:10:00+02:00
XAUUSD,5m,2026-09-17T19:15:00+00:00,4354.65,4354.66,4348.9,4352.02,2312.0,2026-09-17T21:15:00+02:00
XAUUSD,5m,2026-09-17T19:20:00+00:00,4352.02,4352.02,4347.31,4347.47,2142.0,2026-09-17T21:20:00+02:00
XAUUSD,5m,2026-09-17T19:25:00+00:00,4347.47,4349.73,4343.25,4343.3,2499.0,2026-09-17T21:25:00+02:00
XAUUSD,5m,2026-09-17T19:30:00+00:00,4343.3,4346.72,4342.3,4343.77,2506.0,2026-09-17T21:30:00+02:00
XAUUSD,5m,2026-09-17T19:35:00+00:00,4343.77,4344.82,4342.84,4344.25,2456.0,2026-09-17T21:35:00+02:00
XAUUSD,5m,2026-09-17T19:40:00+00:00,4344.25,4345.59,4344.17,4345.13,2480.0,2026-09-17T21:40:00+02:00
XAUUSD,5m,2026-09-17T19:45:00+00:00,4345.13,4347.47,4344.16,4345.19,2298.0,2026-09-17T21:45:00+02:00
XAUUSD,5m,2026-09-17T19:50:00+00:00,4345.19,4349.26,4344.74,4347.79,3009.0,2026-09-17T21:50:00+02:00
XAUUSD,5m,2026-09-17T19:55:00+00:00,4347.79,4349.05,4345.73,4346.05,3454.0,2026-09-17T21:55:00+02:00
XAUUSD,5m,2026-09-17T20:00:00+00:00,4346.05,4346.86,4343.95,4344.24,1365.0,2026-09-17T22:00:00+02:00
XAUUSD,5m,2026-09-17T20:05:00+00:00,4344.24,4345.85,4343.07,4344.99,1012.0,2026-09-17T22:05:00+02:00
XAUUSD,5m,2026-09-17T20:10:00+00:00,4344.99,4345.01,4342.41,4342.96,824.0,2026-09-17T22:10:00+02:00
XAUUSD,5m,2026-09-17T20:15:00+00:00,4342.96,4344.72,4342.21,4343.17,890.0,2026-09-17T22:15:00+02:00
XAUUSD,5m,2026-09-17T20:20:00+00:00,4343.17,4344.89,4342.91,4344.0,569.0,2026-09-17T22:20:00+02:00
XAUUSD,5m,2026-09-17T20:25:00+00:00,4344.0,4345.31,4341.94,4342.03,908.0,2026-09-17T22:25:00+02:00
XAUUSD,5m,2026-09-17T20:30:00+00:00,4342.03,4342.61,4341.01,4341.16,750.0,2026-09-17T22:30:00+02:00
XAUUSD,5m,2026-09-17T20:35:00+00:00,4341.16,4342.19,4340.44,4341.95,813.0,2026-09-17T22:35:00+02:00
XAUUSD,5m,2026-09-17T20:40:00+00:00,4341.95,4343.54,4340.9,4340.91,466.0,2026-09-17T22:40:00+02:00
XAUUSD,5m,2026-09-17T20:45:00+00:00,4340.91,4342.28,4340.43,4341.97,525.0,2026-09-17T22:45:00+02:00
XAUUSD,5m,2026-09-17T20:50:00+00:00,4341.97,4342.33,4340.5,4341.72,694.0,2026-09-17T22:50:00+02:00
XAUUSD,5m,2026-09-17T20:55:00+00:00,4341.72,4342.33,4340.75,4341.16,683.0,2026-09-17T22:55:00+02:00
XAUUSD,5m,2026-09-17T22:00:00+00:00,4341.16,4345.09,4341.16,4342.84,952.0,2026-09-18T00:00:00+02:00
XAUUSD,5m,2026-09-17T22:05:00+00:00,4342.84,4343.07,4341.73,4342.63,626.0,2026-09-18T00:05:00+02:00
XAUUSD,5m,2026-09-17T22:10:00+00:00,4342.63,4344.83,4341.74,4344.3,701.0,2026-09-18T00:10:00+02:00
XAUUSD,5m,2026-09-17T22:15:00+00:00,4344.3,4344.92,4341.92,4341.94,712.0,2026-09-18T00:15:00+02:00
XAUUSD,5m,2026-09-17T22:20:00+00:00,4341.94,4343.74,4341.54,4342.81,865.0,2026-09-18T00:20:00+02:00
XAUUSD,5m,2026-09-17T22:25:00+00:00,4342.81,4345.05,4341.86,4344.92,1151.0,2026-09-18T00:25:00+02:00
XAUUSD,5m,2026-09-17T22:30:00+00:00,4344.92,4348.22,4344.7,4347.17,1229.0,2026-09-18T00:30:00+02:00
XAUUSD,5m,2026-09-17T22:35:00+00:00,4347.17,4349.55,4346.9,4348.65,1266.0,2026-09-18T00:35:00+02:00
XAUUSD,5m,2026-09-17T22:40:00+00:00,4348.65,4348.68,4344.18,4344.22,731.0,2026-09-18T00:40:00+02:00
XAUUSD,5m,2026-09-17T22:45:00+00:00,4344.22,4345.16,4341.74,4342.39,1008.0,2026-09-18T00:45:00+02:00
XAUUSD,5m,2026-09-17T22:50:00+00:00,4342.39,4344.74,4341.47,4344.68,1176.0,2026-09-18T00:50:00+02:00
XAUUSD,5m,2026-09-17T22:55:00+00:00,4344.68,4345.86,4341.76,4344.31,1373.0,2026-09-18T00:55:00+02:00
XAUUSD,5m,2026-09-17T23:00:00+00:00,4344.31,4344.64,4341.68,4343.68,985.0,2026-09-18T01:00:00+02:00
XAUUSD,5m,2026-09-17T23:05:00+00:00,4343.68,4344.91,4339.72,4344.32,1182.0,2026-09-18T01:05:00+02:00
XAUUSD,5m,2026-09-17T23:10:00+00:00,4344.32,4346.34,4343.8,4344.9,1092.0,2026-09-18T01:10:00+02:00
XAUUSD,5m,2026-09-17T23:15:00+00:00,4344.9,4345.38,4341.49,4344.91,963.0,2026-09-18T01:15:00+02:00
XAUUSD,5m,2026-09-17T23:20:00+00:00,4344.91,4347.44,4344.28,4346.27,1341.0,2026-09-18T01:20:00+02:00
XAUUSD,5m,2026-09-17T23:25:00+00:00,4346.27,4347.3,4342.19,4344.27,1290.0,2026-09-18T01:25:00+02:00
XAUUSD,5m,2026-09-17T23:30:00+00:00,4344.27,4345.07,4343.77,4344.73,533.0,2026-09-18T01:30:00+02:00
XAUUSD,5m,2026-09-17T23:35:00+00:00,4344.73,4344.91,4343.51,4343.85,581.0,2026-09-18T01:35:00+02:00
XAUUSD,5m,2026-09-17T23:40:00+00:00,4343.85,4344.72,4343.23,4344.24,609.0,2026-09-18T01:40:00+02:00
XAUUSD,5m,2026-09-17T23:45:00+00:00,4344.24,4345.79,4343.38,4345.0,1263.0,2026-09-18T01:45:00+02:00
XAUUSD,5m,2026-09-17T23:50:00+00:00,4345.0,4347.89,4344.54,4347.47,788.0,2026-09-18T01:50:00+02:00
XAUUSD,5m,2026-09-17T23:55:00+00:00,4347.47,4348.08,4345.42,4346.25,792.0,2026-09-18T01:55:00+02:00
XAUUSD,5m,2026-09-18T00:00:00+00:00,4346.25,4346.56,4342.04,4344.88,3330.0,2026-09-18T02:00:00+02:00
XAUUSD,5m,2026-09-18T00:05:00+00:00,4344.88,4346.91,4343.49,4346.91,1976.0,2026-09-18T02:05:00+02:00
XAUUSD,5m,2026-09-18T00:10:00+00:00,4346.91,4354.86,4346.61,4354.3,2008.0,2026-09-18T02:10:00+02:00
XAUUSD,5m,2026-09-18T00:15:00+00:00,4354.3,4355.21,4352.56,4352.84,1999.0,2026-09-18T02:15:00+02:00
XAUUSD,5m,2026-09-18T00:20:00+00:00,4352.84,4357.42,4350.59,4355.86,2210.0,2026-09-18T02:20:00+02:00
XAUUSD,5m,2026-09-18T00:25:00+00:00,4355.86,4355.86,4351.03,4353.32,1853.0,2026-09-18T02:25:00+02:00
XAUUSD,5m,2026-09-18T00:30:00+00:00,4353.32,4360.07,4352.98,4358.22,1927.0,2026-09-18T02:30:00+02:00
XAUUSD,5m,2026-09-18T00:35:00+00:00,4358.22,4360.1,4357.64,4358.3,1333.0,2026-09-18T02:35:00+02:00
XAUUSD,5m,2026-09-18T00:40:00+00:00,4358.3,4359.48,4357.08,4358.7,1210.0,2026-09-18T02:40:00+02:00
XAUUSD,5m,2026-09-18T00:45:00+00:00,4358.7,4359.23,4352.61,4353.55,1792.0,2026-09-18T02:45:00+02:00
XAUUSD,5m,2026-09-18T00:50:00+00:00,4353.55,4355.37,4352.37,4353.6,1488.0,2026-09-18T02:50:00+02:00
XAUUSD,5m,2026-09-18T00:55:00+00:00,4353.6,4357.45,4352.77,4356.35,2146.0,2026-09-18T02:55:00+02:00
XAUUSD,5m,2026-09-18T01:00:00+00:00,4356.35,4363.85,4356.31,4362.36,6448.0,2026-09-18T03:00:00+02:00
XAUUSD,5m,2026-09-18T01:05:00+00:00,4362.36,4365.57,4361.13,4361.26,3768.0,2026-09-18T03:05:00+02:00
XAUUSD,5m,2026-09-18T01:10:00+00:00,4361.26,4361.99,4357.27,4358.08,2707.0,2026-09-18T03:10:00+02:00
XAUUSD,5m,2026-09-18T01:15:00+00:00,4358.08,4362.06,4354.77,4360.54,3339.0,2026-09-18T03:15:00+02:00
XAUUSD,5m,2026-09-18T01:20:00+00:00,4360.54,4364.55,4360.4,4362.11,2939.0,2026-09-18T03:20:00+02:00
XAUUSD,5m,2026-09-18T01:25:00+00:00,4362.11,4363.22,4358.54,4359.89,2148.0,2026-09-18T03:25:00+02:00
XAUUSD,5m,2026-09-18T01:30:00+00:00,4359.89,4360.01,4351.75,4351.75,3449.0,2026-09-18T03:30:00+02:00
XAUUSD,5m,2026-09-18T01:35:00+00:00,4351.75,4354.88,4350.37,4350.46,3012.0,2026-09-18T03:35:00+02:00
XAUUSD,5m,2026-09-18T01:40:00+00:00,4350.46,4350.77,4347.29,4347.37,2816.0,2026-09-18T03:40:00+02:00
XAUUSD,5m,2026-09-18T01:45:00+00:00,4347.37,4350.39,4345.62,4348.23,2861.0,2026-09-18T03:45:00+02:00
XAUUSD,5m,2026-09-18T01:50:00+00:00,4348.23,4350.24,4344.04,4349.18,2758.0,2026-09-18T03:50:00+02:00
XAUUSD,5m,2026-09-18T01:55:00+00:00,4349.18,4350.19,4348.1,4348.34,2279.0,2026-09-18T03:55:00+02:00
XAUUSD,5m,2026-09-18T02:00:00+00:00,4348.34,4349.06,4345.85,4348.38,2378.0,2026-09-18T04:00:00+02:00
XAUUSD,5m,2026-09-18T02:05:00+00:00,4348.38,4351.74,4348.17,4349.28,2072.0,2026-09-18T04:05:00+02:00
XAUUSD,5m,2026-09-18T02:10:00+00:00,4349.28,4351.34,4346.88,4350.32,2254.0,2026-09-18T04:10:00+02:00
XAUUSD,5m,2026-09-18T02:15:00+00:00,4350.32,4352.96,4348.86,4349.01,1381.0,2026-09-18T04:15:00+02:00
XAUUSD,5m,2026-09-18T02:20:00+00:00,4349.01,4352.5,4348.25,4352.03,1287.0,2026-09-18T04:20:00+02:00
XAUUSD,5m,2026-09-18T02:25:00+00:00,4352.03,4353.71,4352.01,4352.92,999.0,2026-09-18T04:25:00+02:00
XAUUSD,5m,2026-09-18T02:30:00+00:00,4352.92,4356.54,4351.43,4355.83,2616.0,2026-09-18T04:30:00+02:00
XAUUSD,5m,2026-09-18T02:35:00+00:00,4355.83,4356.5,4350.45,4352.16,2482.0,2026-09-18T04:35:00+02:00
XAUUSD,5m,2026-09-18T02:40:00+00:00,4352.16,4353.32,4350.15,4351.69,2361.0,2026-09-18T04:40:00+02:00
XAUUSD,5m,2026-09-18T02:45:00+00:00,4351.69,4355.77,4350.21,4354.42,2524.0,2026-09-18T04:45:00+02:00
XAUUSD,5m,2026-09-18T02:50:00+00:00,4354.42,4355.44,4348.56,4348.72,2937.0,2026-09-18T04:50:00+02:00
XAUUSD,5m,2026-09-18T02:55:00+00:00,4348.72,4348.72,4343.07,4346.65,4904.0,2026-09-18T04:55:00+02:00
XAUUSD,5m,2026-09-18T03:00:00+00:00,4346.65,4349.6,4344.58,4348.95,3723.0,2026-09-18T05:00:00+02:00
XAUUSD,5m,2026-09-18T03:05:00+00:00,4348.95,4351.86,4345.41,4345.64,3396.0,2026-09-18T05:05:00+02:00
XAUUSD,5m,2026-09-18T03:10:00+00:00,4345.64,4348.09,4344.26,4344.72,2480.0,2026-09-18T05:10:00+02:00
XAUUSD,5m,2026-09-18T03:15:00+00:00,4344.72,4344.89,4337.02,4337.42,3376.0,2026-09-18T05:15:00+02:00
XAUUSD,5m,2026-09-18T03:20:00+00:00,4337.42,4340.9,4334.3,4336.09,2918.0,2026-09-18T05:20:00+02:00
XAUUSD,5m,2026-09-18T03:25:00+00:00,4336.09,4341.18,4334.14,4340.83,2342.0,2026-09-18T05:25:00+02:00
XAUUSD,5m,2026-09-18T03:30:00+00:00,4340.83,4350.5,4340.52,4350.26,2221.0,2026-09-18T05:30:00+02:00
XAUUSD,5m,2026-09-18T03:35:00+00:00,4350.26,4353.4,4349.59,4352.67,2253.0,2026-09-18T05:35:00+02:00
XAUUSD,5m,2026-09-18T03:40:00+00:00,4352.67,4358.95,4351.76,4357.49,2144.0,2026-09-18T05:40:00+02:00
XAUUSD,5m,2026-09-18T03:45:00+00:00,4357.49,4360.79,4357.33,4358.62,2159.0,2026-09-18T05:45:00+02:00
XAUUSD,5m,2026-09-18T03:50:00+00:00,4358.62,4359.4,4356.75,4358.56,1889.0,2026-09-18T05:50:00+02:00
XAUUSD,5m,2026-09-18T03:55:00+00:00,4358.56,4360.59,4357.42,4359.18,1476.0,2026-09-18T05:55:00+02:00
XAUUSD,5m,2026-09-18T04:00:00+00:00,4359.18,4361.52,4357.51,4360.79,2329.0,2026-09-18T06:00:00+02:00
XAUUSD,5m,2026-09-18T04:05:00+00:00,4360.79,4361.31,4359.16,4359.61,1400.0,2026-09-18T06:05:00+02:00
XAUUSD,5m,2026-09-18T04:10:00+00:00,4359.61,4360.26,4356.54,4356.88,1139.0,2026-09-18T06:10:00+02:00
XAUUSD,5m,2026-09-18T04:15:00+00:00,4356.88,4357.18,4353.34,4353.44,1633.0,2026-09-18T06:15:00+02:00
XAUUSD,5m,2026-09-18T04:20:00+00:00,4353.44,4356.42,4352.72,4355.55,1399.0,2026-09-18T06:20:00+02:00
XAUUSD,5m,2026-09-18T04:25:00+00:00,4355.55,4358.14,4355.18,4358.01,1062.0,2026-09-18T06:25:00+02:00
XAUUSD,5m,2026-09-18T04:30:00+00:00,4358.01,4361.17,4356.96,4358.35,1685.0,2026-09-18T06:30:00+02:00
XAUUSD,5m,2026-09-18T04:35:00+00:00,4358.35,4360.21,4358.06,4359.74,1066.0,2026-09-18T06:35:00+02:00
XAUUSD,5m,2026-09-18T04:40:00+00:00,4359.74,4365.41,4359.37,4364.42,1918.0,2026-09-18T06:40:00+02:00
XAUUSD,5m,2026-09-18T04:45:00+00:00,4364.42,4366.47,4363.96,4365.13,2099.0,2026-09-18T06:45:00+02:00
XAUUSD,5m,2026-09-18T04:50:00+00:00,4365.13,4366.77,4361.02,4361.54,2100.0,2026-09-18T06:50:00+02:00
XAUUSD,5m,2026-09-18T04:55:00+00:00,4361.54,4367.02,4361.13,4366.83,1416.0,2026-09-18T06:55:00+02:00
XAUUSD,5m,2026-09-18T05:00:00+00:00,4366.83,4367.47,4363.45,4365.9,1738.0,2026-09-18T07:00:00+02:00
XAUUSD,5m,2026-09-18T05:05:00+00:00,4365.9,4369.33,4363.8,4368.01,1686.0,2026-09-18T07:05:00+02:00
XAUUSD,5m,2026-09-18T05:10:00+00:00,4368.01,4368.36,4365.42,4365.42,1644.0,2026-09-18T07:10:00+02:00
XAUUSD,5m,2026-09-18T05:15:00+00:00,4365.42,4369.57,4365.16,4368.72,1540.0,2026-09-18T07:15:00+02:00
XAUUSD,5m,2026-09-18T05:20:00+00:00,4368.72,4368.78,4365.88,4366.65,1605.0,2026-09-18T07:20:00+02:00
XAUUSD,5m,2026-09-18T05:25:00+00:00,4366.65,4366.85,4363.76,4364.53,1769.0,2026-09-18T07:25:00+02:00
XAUUSD,5m,2026-09-18T05:30:00+00:00,4364.53,4365.9,4360.13,4362.67,6111.0,2026-09-18T07:30:00+02:00
XAUUSD,5m,2026-09-18T05:35:00+00:00,4362.67,4372.99,4362.67,4372.2,5703.0,2026-09-18T07:35:00+02:00
XAUUSD,5m,2026-09-18T05:40:00+00:00,4372.2,4378.24,4370.28,4377.02,4169.0,2026-09-18T07:40:00+02:00
XAUUSD,5m,2026-09-18T05:45:00+00:00,4377.02,4377.98,4370.68,4370.69,3914.0,2026-09-18T07:45:00+02:00
XAUUSD,5m,2026-09-18T05:50:00+00:00,4370.69,4374.81,4370.45,4373.46,3280.0,2026-09-18T07:50:00+02:00
XAUUSD,5m,2026-09-18T05:55:00+00:00,4373.46,4377.99,4370.87,4377.27,2860.0,2026-09-18T07:55:00+02:00
XAUUSD,5m,2026-09-18T06:00:00+00:00,4377.27,4386.72,4377.15,4382.29,3750.0,2026-09-18T08:00:00+02:00
XAUUSD,5m,2026-09-18T06:05:00+00:00,4382.29,4388.15,4379.61,4387.36,3418.0,2026-09-18T08:05:00+02:00
XAUUSD,5m,2026-09-18T06:10:00+00:00,4387.36,4390.26,4386.35,4388.86,2953.0,2026-09-18T08:10:00+02:00
XAUUSD,5m,2026-09-18T06:15:00+00:00,4388.86,4388.98,4381.78,4384.72,2798.0,2026-09-18T08:15:00+02:00
XAUUSD,5m,2026-09-18T06:20:00+00:00,4384.72,4391.8,4384.54,4391.52,2891.0,2026-09-18T08:20:00+02:00
XAUUSD,5m,2026-09-18T06:25:00+00:00,4391.52,4393.8,4390.88,4392.41,2912.0,2026-09-18T08:25:00+02:00
XAUUSD,5m,2026-09-18T06:30:00+00:00,4392.41,4393.56,4390.67,4393.01,3347.0,2026-09-18T08:30:00+02:00
XAUUSD,5m,2026-09-18T06:35:00+00:00,4393.01,4394.52,4391.81,4394.51,3010.0,2026-09-18T08:35:00+02:00
XAUUSD,5m,2026-09-18T06:40:00+00:00,4394.51,4396.94,4393.7,4396.07,4253.0,2026-09-18T08:40:00+02:00
XAUUSD,5m,2026-09-18T06:45:00+00:00,4396.07,4397.25,4394.8,4395.24,2807.0,2026-09-18T08:45:00+02:00
XAUUSD,5m,2026-09-18T06:50:00+00:00,4395.24,4395.37,4390.31,4391.02,2644.0,2026-09-18T08:50:00+02:00
XAUUSD,5m,2026-09-18T06:55:00+00:00,4391.02,4394.04,4389.53,4393.39,2512.0,2026-09-18T08:55:00+02:00
XAUUSD,5m,2026-09-18T07:00:00+00:00,4393.39,4395.56,4390.75,4391.35,3506.0,2026-09-18T09:00:00+02:00
XAUUSD,5m,2026-09-18T07:05:00+00:00,4391.35,4395.59,4391.07,4393.59,2718.0,2026-09-18T09:05:00+02:00
XAUUSD,5m,2026-09-18T07:10:00+00:00,4393.59,4394.03,4388.86,4390.49,2002.0,2026-09-18T09:10:00+02:00
XAUUSD,5m,2026-09-18T07:15:00+00:00,4390.49,4393.95,4389.6,4392.69,2635.0,2026-09-18T09:15:00+02:00
XAUUSD,5m,2026-09-18T07:20:00+00:00,4392.69,4394.65,4391.67,4393.3,2199.0,2026-09-18T09:20:00+02:00
XAUUSD,5m,2026-09-18T07:25:00+00:00,4393.3,4395.77,4392.22,4395.57,1757.0,2026-09-18T09:25:00+02:00
XAUUSD,5m,2026-09-18T07:30:00+00:00,4395.57,4397.13,4391.93,4393.21,2331.0,2026-09-18T09:30:00+02:00
XAUUSD,5m,2026-09-18T07:35:00+00:00,4393.21,4396.96,4391.97,4393.72,2025.0,2026-09-18T09:35:00+02:00
XAUUSD,5m,2026-09-18T07:40:00+00:00,4393.72,4395.23,4391.19,4393.59,2289.0,2026-09-18T09:40:00+02:00
XAUUSD,5m,2026-09-18T07:45:00+00:00,4393.59,4397.32,4393.55,4397.27,2225.0,2026-09-18T09:45:00+02:00
XAUUSD,5m,2026-09-18T07:50:00+00:00,4397.27,4399.5,4395.17,4397.06,2664.0,2026-09-18T09:50:00+02:00
XAUUSD,5m,2026-09-18T07:55:00+00:00,4397.06,4397.8,4392.56,4393.32,2028.0,2026-09-18T09:55:00+02:00
XAUUSD,5m,2026-09-18T08:00:00+00:00,4393.32,4398.2,4392.77,4397.72,2821.0,2026-09-18T10:00:00+02:00
XAUUSD,5m,2026-09-18T08:05:00+00:00,4397.72,4398.36,4394.1,4394.82,2478.0,2026-09-18T10:05:00+02:00
XAUUSD,5m,2026-09-18T08:10:00+00:00,4394.82,4395.12,4390.27,4390.29,3036.0,2026-09-18T10:10:00+02:00
XAUUSD,5m,2026-09-18T08:15:00+00:00,4390.29,4392.56,4389.76,4391.41,2543.0,2026-09-18T10:15:00+02:00
XAUUSD,5m,2026-09-18T08:20:00+00:00,4391.41,4394.18,4389.39,4389.91,3830.0,2026-09-18T10:20:00+02:00
XAUUSD,5m,2026-09-18T08:25:00+00:00,4389.91,4390.47,4387.62,4387.8,2310.0,2026-09-18T10:25:00+02:00
XAUUSD,5m,2026-09-18T08:30:00+00:00,4387.8,4388.78,4385.88,4387.58,2319.0,2026-09-18T10:30:00+02:00
XAUUSD,5m,2026-09-18T08:35:00+00:00,4387.58,4389.43,4385.94,4386.62,2317.0,2026-09-18T10:35:00+02:00
XAUUSD,5m,2026-09-18T08:40:00+00:00,4386.62,4387.04,4385.06,4386.71,2274.0,2026-09-18T10:40:00+02:00
XAUUSD,5m,2026-09-18T08:45:00+00:00,4386.71,4388.92,4386.1,4386.67,1882.0,2026-09-18T10:45:00+02:00
XAUUSD,5m,2026-09-18T08:50:00+00:00,4386.67,4392.91,4386.67,4391.81,2195.0,2026-09-18T10:50:00+02:00
XAUUSD,5m,2026-09-18T08:55:00+00:00,4391.81,4394.24,4391.64,4392.24,1572.0,2026-09-18T10:55:00+02:00
XAUUSD,5m,2026-09-18T09:00:00+00:00,4392.24,4395.11,4391.5,4394.91,2101.0,2026-09-18T11:00:00+02:00
XAUUSD,5m,2026-09-18T09:05:00+00:00,4394.91,4397.22,4394.16,4396.08,1863.0,2026-09-18T11:05:00+02:00
XAUUSD,5m,2026-09-18T09:10:00+00:00,4396.08,4398.07,4394.0,4394.36,1405.0,2026-09-18T11:10:00+02:00
XAUUSD,5m,2026-09-18T09:15:00+00:00,4394.36,4395.25,4392.58,4393.15,1652.0,2026-09-18T11:15:00+02:00
XAUUSD,5m,2026-09-18T09:20:00+00:00,4393.15,4394.81,4390.95,4391.0,1505.0,2026-09-18T11:20:00+02:00
XAUUSD,5m,2026-09-18T09:25:00+00:00,4391.0,4391.07,4385.68,4387.69,2565.0,2026-09-18T11:25:00+02:00
XAUUSD,5m,2026-09-18T09:30:00+00:00,4387.69,4388.61,4385.34,4385.63,2597.0,2026-09-18T11:30:00+02:00
XAUUSD,5m,2026-09-18T09:35:00+00:00,4385.63,4386.17,4380.79,4381.15,2347.0,2026-09-18T11:35:00+02:00
XAUUSD,5m,2026-09-18T09:40:00+00:00,4381.15,4381.61,4376.49,4376.49,3206.0,2026-09-18T11:40:00+02:00
XAUUSD,5m,2026-09-18T09:45:00+00:00,4376.49,4377.03,4373.06,4374.6,3168.0,2026-09-18T11:45:00+02:00
XAUUSD,5m,2026-09-18T09:50:00+00:00,4374.6,4378.18,4374.19,4378.14,2513.0,2026-09-18T11:50:00+02:00
XAUUSD,5m,2026-09-18T09:55:00+00:00,4378.14,4378.35,4375.82,4376.55,2196.0,2026-09-18T11:55:00+02:00
XAUUSD,5m,2026-09-18T10:00:00+00:00,4376.55,4379.18,4375.66,4376.79,2671.0,2026-09-18T12:00:00+02:00
XAUUSD,5m,2026-09-18T10:05:00+00:00,4376.79,4379.83,4375.98,4378.87,2166.0,2026-09-18T12:05:00+02:00
XAUUSD,5m,2026-09-18T10:10:00+00:00,4378.87,4380.09,4378.04,4379.07,1777.0,2026-09-18T12:10:00+02:00
XAUUSD,5m,2026-09-18T10:15:00+00:00,4379.07,4379.91,4377.49,4379.53,1928.0,2026-09-18T12:15:00+02:00
XAUUSD,5m,2026-09-18T10:20:00+00:00,4379.53,4380.34,4377.99,4379.86,1465.0,2026-09-18T12:20:00+02:00
XAUUSD,5m,2026-09-18T10:25:00+00:00,4379.86,4381.38,4378.9,4381.38,1906.0,2026-09-18T12:25:00+02:00
XAUUSD,5m,2026-09-18T10:30:00+00:00,4381.38,4381.86,4378.19,4381.13,1699.0,2026-09-18T12:30:00+02:00
XAUUSD,5m,2026-09-18T10:35:00+00:00,4381.13,4382.04,4379.92,4380.72,1754.0,2026-09-18T12:35:00+02:00
XAUUSD,5m,2026-09-18T10:40:00+00:00,4380.72,4381.47,4378.93,4381.31,1839.0,2026-09-18T12:40:00+02:00
XAUUSD,5m,2026-09-18T10:45:00+00:00,4381.31,4381.4,4377.4,4378.84,1774.0,2026-09-18T12:45:00+02:00
XAUUSD,5m,2026-09-18T10:50:00+00:00,4378.84,4379.3,4376.13,4377.38,2094.0,2026-09-18T12:50:00+02:00
XAUUSD,5m,2026-09-18T10:55:00+00:00,4377.38,4381.97,4377.01,4381.69,1919.0,2026-09-18T12:55:00+02:00
XAUUSD,5m,2026-09-18T11:00:00+00:00,4381.69,4386.75,4381.18,4385.47,3138.0,2026-09-18T13:00:00+02:00
XAUUSD,5m,2026-09-18T11:05:00+00:00,4385.47,4386.09,4377.58,4385.68,8381.0,2026-09-18T13:05:00+02:00
XAUUSD,5m,2026-09-18T11:10:00+00:00,4385.68,4388.36,4385.36,4388.15,2757.0,2026-09-18T13:10:00+02:00
XAUUSD,5m,2026-09-18T11:15:00+00:00,4388.15,4388.43,4381.09,4381.58,2980.0,2026-09-18T13:15:00+02:00
XAUUSD,5m,2026-09-18T11:20:00+00:00,4381.58,4383.65,4381.23,4381.54,2653.0,2026-09-18T13:20:00+02:00
XAUUSD,5m,2026-09-18T11:25:00+00:00,4381.54,4383.13,4377.64,4377.66,2913.0,2026-09-18T13:25:00+02:00
XAUUSD,5m,2026-09-18T11:30:00+00:00,4377.66,4381.03,4377.29,4380.36,3139.0,2026-09-18T13:30:00+02:00
XAUUSD,5m,2026-09-18T11:35:00+00:00,4380.36,4382.61,4378.25,4378.96,2471.0,2026-09-18T13:35:00+02:00
XAUUSD,5m,2026-09-18T11:40:00+00:00,4378.96,4379.36,4374.54,4375.8,2291.0,2026-09-18T13:40:00+02:00
XAUUSD,5m,2026-09-18T11:45:00+00:00,4375.8,4377.35,4374.31,4376.24,2615.0,2026-09-18T13:45:00+02:00
XAUUSD,5m,2026-09-18T11:50:00+00:00,4376.24,4376.27,4372.16,4372.97,2480.0,2026-09-18T13:50:00+02:00
XAUUSD,5m,2026-09-18T11:55:00+00:00,4372.97,4381.8,4372.51,4381.48,2501.0,2026-09-18T13:55:00+02:00
XAUUSD,5m,2026-09-18T12:00:00+00:00,4381.48,4382.76,4373.48,4379.35,4317.0,2026-09-18T14:00:00+02:00
XAUUSD,5m,2026-09-18T12:05:00+00:00,4379.35,4381.42,4371.54,4374.95,6330.0,2026-09-18T14:05:00+02:00
XAUUSD,5m,2026-09-18T12:10:00+00:00,4374.95,4375.02,4370.54,4373.44,4132.0,2026-09-18T14:10:00+02:00
XAUUSD,5m,2026-09-18T12:15:00+00:00,4373.44,4376.38,4370.76,4371.31,4619.0,2026-09-18T14:15:00+02:00
XAUUSD,5m,2026-09-18T12:20:00+00:00,4371.31,4371.31,4356.73,4357.01,5720.0,2026-09-18T14:20:00+02:00
XAUUSD,5m,2026-09-18T12:25:00+00:00,4357.01,4360.43,4353.69,4358.21,5717.0,2026-09-18T14:25:00+02:00
XAUUSD,5m,2026-09-18T12:30:00+00:00,4358.21,4370.93,4358.15,4370.68,5499.0,2026-09-18T14:30:00+02:00
XAUUSD,5m,2026-09-18T12:35:00+00:00,4370.68,4373.01,4368.43,4368.5,4477.0,2026-09-18T14:35:00+02:00
XAUUSD,5m,2026-09-18T12:40:00+00:00,4368.5,4370.7,4366.56,4369.02,3680.0,2026-09-18T14:40:00+02:00
XAUUSD,5m,2026-09-18T12:45:00+00:00,4369.02,4370.6,4366.49,4368.86,3942.0,2026-09-18T14:45:00+02:00
XAUUSD,5m,2026-09-18T12:50:00+00:00,4368.86,4370.12,4366.35,4368.59,3118.0,2026-09-18T14:50:00+02:00
XAUUSD,5m,2026-09-18T12:55:00+00:00,4368.59,4369.49,4366.21,4368.81,3691.0,2026-09-18T14:55:00+02:00
XAUUSD,5m,2026-09-18T13:00:00+00:00,4368.81,4373.45,4363.73,4371.13,8267.0,2026-09-18T15:00:00+02:00
XAUUSD,5m,2026-09-18T13:05:00+00:00,4371.13,4375.44,4370.47,4372.52,5453.0,2026-09-18T15:05:00+02:00
XAUUSD,5m,2026-09-18T13:10:00+00:00,4372.52,4373.09,4370.09,4371.46,3370.0,2026-09-18T15:10:00+02:00
XAUUSD,5m,2026-09-18T13:15:00+00:00,4371.46,4374.51,4371.28,4372.03,3696.0,2026-09-18T15:15:00+02:00
XAUUSD,5m,2026-09-18T13:20:00+00:00,4372.03,4372.33,4364.36,4365.22,3444.0,2026-09-18T15:20:00+02:00
XAUUSD,5m,2026-09-18T13:25:00+00:00,4365.22,4367.49,4362.96,4367.21,5246.0,2026-09-18T15:25:00+02:00
XAUUSD,5m,2026-09-18T13:30:00+00:00,4367.21,4367.77,4358.53,4358.65,7762.0,2026-09-18T15:30:00+02:00
XAUUSD,5m,2026-09-18T13:35:00+00:00,4358.65,4360.25,4353.12,4358.95,7990.0,2026-09-18T15:35:00+02:00
XAUUSD,5m,2026-09-18T13:40:00+00:00,4358.95,4358.95,4351.94,4353.25,7053.0,2026-09-18T15:40:00+02:00
XAUUSD,5m,2026-09-18T13:45:00+00:00,4353.25,4358.18,4352.05,4354.45,7501.0,2026-09-18T15:45:00+02:00
XAUUSD,5m,2026-09-18T13:50:00+00:00,4354.45,4357.09,4347.69,4349.66,8002.0,2026-09-18T15:50:00+02:00
XAUUSD,5m,2026-09-18T13:55:00+00:00,4349.66,4352.46,4347.27,4349.18,5950.0,2026-09-18T15:55:00+02:00
XAUUSD,5m,2026-09-18T14:00:00+00:00,4349.18,4356.4,4347.68,4356.33,7174.0,2026-09-18T16:00:00+02:00
XAUUSD,5m,2026-09-18T14:05:00+00:00,4356.33,4356.61,4350.19,4352.2,7919.0,2026-09-18T16:05:00+02:00
XAUUSD,5m,2026-09-18T14:10:00+00:00,4352.2,4356.06,4351.3,4351.41,7399.0,2026-09-18T16:10:00+02:00
XAUUSD,5m,2026-09-18T14:15:00+00:00,4351.41,4355.03,4347.32,4348.1,7214.0,2026-09-18T16:15:00+02:00
XAUUSD,5m,2026-09-18T14:20:00+00:00,4348.1,4352.98,4343.34,4352.22,6131.0,2026-09-18T16:20:00+02:00
XAUUSD,5m,2026-09-18T14:25:00+00:00,4352.22,4353.91,4342.87,4342.89,5719.0,2026-09-18T16:25:00+02:00
XAUUSD,5m,2026-09-18T14:30:00+00:00,4342.89,4347.43,4342.52,4346.83,5324.0,2026-09-18T16:30:00+02:00
XAUUSD,5m,2026-09-18T14:35:00+00:00,4346.83,4354.1,4344.18,4353.09,6728.0,2026-09-18T16:35:00+02:00
XAUUSD,5m,2026-09-18T14:40:00+00:00,4353.09,4354.83,4350.59,4353.54,6333.0,2026-09-18T16:40:00+02:00
XAUUSD,5m,2026-09-18T14:45:00+00:00,4353.54,4355.72,4351.6,4354.83,7071.0,2026-09-18T16:45:00+02:00
XAUUSD,5m,2026-09-18T14:50:00+00:00,4354.83,4361.67,4354.31,4358.31,6630.0,2026-09-18T16:50:00+02:00
XAUUSD,5m,2026-09-18T14:55:00+00:00,4358.31,4359.98,4352.25,4352.95,4520.0,2026-09-18T16:55:00+02:00
XAUUSD,5m,2026-09-18T15:00:00+00:00,4352.95,4355.59,4352.31,4353.72,5860.0,2026-09-18T17:00:00+02:00
XAUUSD,5m,2026-09-18T15:05:00+00:00,4353.72,4356.41,4350.13,4350.23,4418.0,2026-09-18T17:05:00+02:00
XAUUSD,5m,2026-09-18T15:10:00+00:00,4350.23,4352.8,4347.96,4352.09,4529.0,2026-09-18T17:10:00+02:00
XAUUSD,5m,2026-09-18T15:15:00+00:00,4352.09,4355.38,4351.63,4355.38,4378.0,2026-09-18T17:15:00+02:00
XAUUSD,5m,2026-09-18T15:20:00+00:00,4355.38,4355.42,4351.62,4354.3,3487.0,2026-09-18T17:20:00+02:00
XAUUSD,5m,2026-09-18T15:25:00+00:00,4354.3,4357.0,4353.61,4356.16,4050.0,2026-09-18T17:25:00+02:00
XAUUSD,5m,2026-09-18T15:30:00+00:00,4356.16,4357.07,4353.14,4355.72,4183.0,2026-09-18T17:30:00+02:00
XAUUSD,5m,2026-09-18T15:35:00+00:00,4355.72,4357.24,4350.99,4351.2,3670.0,2026-09-18T17:35:00+02:00
XAUUSD,5m,2026-09-18T15:40:00+00:00,4351.2,4356.16,4348.64,4354.66,3416.0,2026-09-18T17:40:00+02:00
XAUUSD,5m,2026-09-18T15:45:00+00:00,4354.66,4357.84,4354.17,4356.99,3206.0,2026-09-18T17:45:00+02:00
XAUUSD,5m,2026-09-18T15:50:00+00:00,4356.99,4358.03,4352.26,4353.34,3068.0,2026-09-18T17:50:00+02:00
XAUUSD,5m,2026-09-18T15:55:00+00:00,4353.34,4356.97,4353.16,4356.61,3107.0,2026-09-18T17:55:00+02:00
XAUUSD,5m,2026-09-18T16:00:00+00:00,4356.61,4357.09,4354.73,4356.75,3371.0,2026-09-18T18:00:00+02:00
XAUUSD,5m,2026-09-18T16:05:00+00:00,4356.75,4360.04,4356.69,4360.02,2975.0,2026-09-18T18:05:00+02:00
XAUUSD,5m,2026-09-18T16:10:00+00:00,4360.02,4364.75,4359.28,4361.76,3351.0,2026-09-18T18:10:00+02:00
XAUUSD,5m,2026-09-18T16:15:00+00:00,4361.76,4366.15,4359.97,4366.14,3317.0,2026-09-18T18:15:00+02:00
XAUUSD,5m,2026-09-18T16:20:00+00:00,4366.14,4371.26,4365.88,4369.19,4021.0,2026-09-18T18:20:00+02:00
XAUUSD,5m,2026-09-18T16:25:00+00:00,4369.19,4378.49,4367.33,4377.62,5984.0,2026-09-18T18:25:00+02:00
XAUUSD,5m,2026-09-18T16:30:00+00:00,4377.62,4383.66,4374.39,4379.8,6429.0,2026-09-18T18:30:00+02:00
XAUUSD,5m,2026-09-18T16:35:00+00:00,4379.8,4380.77,4377.12,4380.26,4492.0,2026-09-18T18:35:00+02:00
XAUUSD,5m,2026-09-18T16:40:00+00:00,4380.26,4380.95,4377.42,4378.04,3399.0,2026-09-18T18:40:00+02:00
XAUUSD,5m,2026-09-18T16:45:00+00:00,4378.04,4380.88,4376.88,4378.92,3378.0,2026-09-18T18:45:00+02:00
XAUUSD,5m,2026-09-18T16:50:00+00:00,4378.92,4381.44,4378.29,4381.38,3016.0,2026-09-18T18:50:00+02:00
XAUUSD,5m,2026-09-18T16:55:00+00:00,4381.38,4383.69,4380.79,4382.77,2672.0,2026-09-18T18:55:00+02:00
XAUUSD,5m,2026-09-18T17:00:00+00:00,4382.77,4386.53,4381.5,4384.4,3532.0,2026-09-18T19:00:00+02:00
XAUUSD,5m,2026-09-18T17:05:00+00:00,4384.4,4387.2,4384.38,4386.42,2537.0,2026-09-18T19:05:00+02:00
XAUUSD,5m,2026-09-18T17:10:00+00:00,4386.42,4387.03,4383.28,4385.44,3840.0,2026-09-18T19:10:00+02:00
XAUUSD,5m,2026-09-18T17:15:00+00:00,4385.44,4389.05,4385.37,4385.9,3324.0,2026-09-18T19:15:00+02:00
XAUUSD,5m,2026-09-18T17:20:00+00:00,4385.9,4386.31,4383.04,4383.79,2934.0,2026-09-18T19:20:00+02:00
XAUUSD,5m,2026-09-18T17:25:00+00:00,4383.79,4387.56,4382.56,4386.88,2777.0,2026-09-18T19:25:00+02:00
XAUUSD,5m,2026-09-18T17:30:00+00:00,4386.88,4393.01,4385.37,4392.76,3398.0,2026-09-18T19:30:00+02:00
XAUUSD,5m,2026-09-18T17:35:00+00:00,4392.76,4396.07,4391.97,4393.5,3154.0,2026-09-18T19:35:00+02:00
XAUUSD,5m,2026-09-18T17:40:00+00:00,4393.5,4396.64,4392.34,4393.09,3152.0,2026-09-18T19:40:00+02:00
XAUUSD,5m,2026-09-18T17:45:00+00:00,4393.09,4396.19,4392.05,4395.28,2407.0,2026-09-18T19:45:00+02:00
XAUUSD,5m,2026-09-18T17:50:00+00:00,4395.28,4396.89,4392.98,4393.22,2386.0,2026-09-18T19:50:00+02:00
XAUUSD,5m,2026-09-18T17:55:00+00:00,4393.22,4394.82,4392.84,4392.9,2284.0,2026-09-18T19:55:00+02:00
XAUUSD,5m,2026-09-18T18:00:00+00:00,4392.9,4393.82,4391.61,4392.28,2632.0,2026-09-18T20:00:00+02:00
XAUUSD,5m,2026-09-18T18:05:00+00:00,4392.28,4394.24,4389.06,4390.3,2945.0,2026-09-18T20:05:00+02:00
XAUUSD,5m,2026-09-18T18:10:00+00:00,4390.3,4393.03,4389.36,4392.08,2905.0,2026-09-18T20:10:00+02:00
XAUUSD,5m,2026-09-18T18:15:00+00:00,4392.08,4392.66,4388.6,4390.32,2254.0,2026-09-18T20:15:00+02:00
XAUUSD,5m,2026-09-18T18:20:00+00:00,4390.32,4391.17,4389.14,4389.89,2476.0,2026-09-18T20:20:00+02:00
XAUUSD,5m,2026-09-18T18:25:00+00:00,4389.89,4390.91,4389.59,4390.46,2539.0,2026-09-18T20:25:00+02:00
XAUUSD,5m,2026-09-18T18:30:00+00:00,4390.46,4390.75,4387.21,4387.85,1790.0,2026-09-18T20:30:00+02:00
XAUUSD,5m,2026-09-18T18:35:00+00:00,4387.85,4388.2,4385.51,4385.51,1429.0,2026-09-18T20:35:00+02:00
XAUUSD,5m,2026-09-18T18:40:00+00:00,4385.51,4385.57,4380.65,4380.66,2284.0,2026-09-18T20:40:00+02:00
XAUUSD,5m,2026-09-18T18:45:00+00:00,4380.66,4383.71,4380.06,4382.98,4070.0,2026-09-18T20:45:00+02:00
XAUUSD,5m,2026-09-18T18:50:00+00:00,4382.98,4383.78,4380.17,4380.21,2891.0,2026-09-18T20:50:00+02:00
XAUUSD,5m,2026-09-18T18:55:00+00:00,4380.21,4382.13,4379.5,4382.06,2810.0,2026-09-18T20:55:00+02:00
XAUUSD,5m,2026-09-18T19:00:00+00:00,4382.06,4383.08,4379.36,4382.06,2932.0,2026-09-18T21:00:00+02:00
XAUUSD,5m,2026-09-18T19:05:00+00:00,4382.06,4384.8,4381.69,4384.6,2956.0,2026-09-18T21:05:00+02:00
XAUUSD,5m,2026-09-18T19:10:00+00:00,4384.6,4385.98,4383.27,4384.21,2132.0,2026-09-18T21:10:00+02:00
XAUUSD,5m,2026-09-18T19:15:00+00:00,4384.21,4384.9,4381.68,4381.9,1967.0,2026-09-18T21:15:00+02:00
XAUUSD,5m,2026-09-18T19:20:00+00:00,4381.9,4383.37,4381.64,4382.46,2078.0,2026-09-18T21:20:00+02:00
XAUUSD,5m,2026-09-18T19:25:00+00:00,4382.46,4382.53,4379.5,4380.39,1340.0,2026-09-18T21:25:00+02:00
XAUUSD,5m,2026-09-18T19:30:00+00:00,4380.39,4382.2,4379.79,4380.06,2456.0,2026-09-18T21:30:00+02:00
XAUUSD,5m,2026-09-18T19:35:00+00:00,4380.06,4381.97,4379.51,4381.55,1933.0,2026-09-18T21:35:00+02:00
XAUUSD,5m,2026-09-18T19:40:00+00:00,4381.55,4382.32,4380.85,4381.42,1712.0,2026-09-18T21:40:00+02:00
XAUUSD,5m,2026-09-18T19:45:00+00:00,4381.42,4383.16,4380.68,4382.02,2404.0,2026-09-18T21:45:00+02:00
XAUUSD,5m,2026-09-18T19:50:00+00:00,4382.02,4382.36,4376.73,4377.01,4205.0,2026-09-18T21:50:00+02:00
XAUUSD,5m,2026-09-18T19:55:00+00:00,4377.01,4379.06,4374.88,4376.3,5841.0,2026-09-18T21:55:00+02:00
XAUUSD,5m,2026-09-18T20:00:00+00:00,4376.3,4378.79,4375.56,4377.5,1695.0,2026-09-18T22:00:00+02:00
XAUUSD,5m,2026-09-18T20:05:00+00:00,4377.5,4378.93,4376.82,4378.51,1000.0,2026-09-18T22:05:00+02:00
XAUUSD,5m,2026-09-18T20:10:00+00:00,4378.51,4383.29,4378.39,4381.53,1701.0,2026-09-18T22:10:00+02:00
XAUUSD,5m,2026-09-18T20:15:00+00:00,4381.53,4381.93,4379.06,4379.73,1349.0,2026-09-18T22:15:00+02:00
XAUUSD,5m,2026-09-18T20:20:00+00:00,4379.73,4383.27,4379.65,4382.6,811.0,2026-09-18T22:20:00+02:00
XAUUSD,5m,2026-09-18T20:25:00+00:00,4382.6,4383.06,4380.9,4380.94,682.0,2026-09-18T22:25:00+02:00
XAUUSD,5m,2026-09-18T20:30:00+00:00,4380.94,4382.96,4380.94,4381.92,541.0,2026-09-18T22:30:00+02:00
XAUUSD,5m,2026-09-18T20:35:00+00:00,4381.92,4382.04,4379.8,4379.98,395.0,2026-09-18T22:35:00+02:00
XAUUSD,5m,2026-09-18T20:40:00+00:00,4379.98,4380.84,4379.26,4380.77,465.0,2026-09-18T22:40:00+02:00
XAUUSD,5m,2026-09-20T22:00:00+00:00,4380.77,4380.77,4373.38,4379.77,1712.0,2026-09-21T00:00:00+02:00
XAUUSD,5m,2026-09-20T22:05:00+00:00,4379.77,4382.07,4374.33,4376.67,1519.0,2026-09-21T00:05:00+02:00
XAUUSD,5m,2026-09-20T22:10:00+00:00,4376.67,4379.61,4376.58,4379.61,1196.0,2026-09-21T00:10:00+02:00
XAUUSD,5m,2026-09-20T22:15:00+00:00,4379.61,4379.61,4377.69,4378.22,1167.0,2026-09-21T00:15:00+02:00
XAUUSD,5m,2026-09-20T22:20:00+00:00,4378.22,4378.34,4374.25,4374.99,882.0,2026-09-21T00:20:00+02:00
XAUUSD,5m,2026-09-20T22:25:00+00:00,4374.99,4376.98,4374.7,4375.8,874.0,2026-09-21T00:25:00+02:00
XAUUSD,5m,2026-09-20T22:30:00+00:00,4375.8,4377.18,4375.47,4375.97,1007.0,2026-09-21T00:30:00+02:00
XAUUSD,5m,2026-09-20T22:35:00+00:00,4375.97,4377.77,4375.61,4376.37,1119.0,2026-09-21T00:35:00+02:00
XAUUSD,5m,2026-09-20T22:40:00+00:00,4376.37,4377.32,4374.39,4374.48,762.0,2026-09-21T00:40:00+02:00
XAUUSD,5m,2026-09-20T22:45:00+00:00,4374.48,4375.5,4373.84,4374.35,848.0,2026-09-21T00:45:00+02:00
XAUUSD,5m,2026-09-20T22:50:00+00:00,4374.35,4375.39,4373.91,4375.33,696.0,2026-09-21T00:50:00+02:00
XAUUSD,5m,2026-09-20T22:55:00+00:00,4375.33,4376.79,4373.61,4373.67,724.0,2026-09-21T00:55:00+02:00
XAUUSD,5m,2026-09-20T23:00:00+00:00,4373.67,4374.84,4373.4,4374.0,860.0,2026-09-21T01:00:00+02:00
XAUUSD,5m,2026-09-20T23:05:00+00:00,4374.0,4374.16,4371.61,4373.36,876.0,2026-09-21T01:05:00+02:00
XAUUSD,5m,2026-09-20T23:10:00+00:00,4373.36,4373.58,4370.87,4372.99,728.0,2026-09-21T01:10:00+02:00
XAUUSD,5m,2026-09-20T23:15:00+00:00,4372.99,4373.69,4371.66,4373.48,706.0,2026-09-21T01:15:00+02:00
XAUUSD,5m,2026-09-20T23:20:00+00:00,4373.48,4374.69,4372.36,4372.82,648.0,2026-09-21T01:20:00+02:00
XAUUSD,5m,2026-09-20T23:25:00+00:00,4372.82,4374.41,4371.54,4374.21,654.0,2026-09-21T01:25:00+02:00
XAUUSD,5m,2026-09-20T23:30:00+00:00,4374.21,4375.87,4373.3,4375.2,757.0,2026-09-21T01:30:00+02:00
XAUUSD,5m,2026-09-20T23:35:00+00:00,4375.2,4376.12,4373.38,4374.77,732.0,2026-09-21T01:35:00+02:00
XAUUSD,5m,2026-09-20T23:40:00+00:00,4374.77,4374.77,4370.91,4371.1,744.0,2026-09-21T01:40:00+02:00
XAUUSD,5m,2026-09-20T23:45:00+00:00,4371.1,4372.11,4368.91,4371.79,1290.0,2026-09-21T01:45:00+02:00
XAUUSD,5m,2026-09-20T23:50:00+00:00,4371.79,4373.31,4369.08,4370.86,1373.0,2026-09-21T01:50:00+02:00
XAUUSD,5m,2026-09-20T23:55:00+00:00,4370.86,4372.99,4370.38,4372.64,1328.0,2026-09-21T01:55:00+02:00
XAUUSD,5m,2026-09-21T00:00:00+00:00,4372.64,4372.99,4366.65,4368.26,3075.0,2026-09-21T02:00:00+02:00
XAUUSD,5m,2026-09-21T00:05:00+00:00,4368.26,4372.32,4366.5,4366.89,1996.0,2026-09-21T02:05:00+02:00
XAUUSD,5m,2026-09-21T00:10:00+00:00,4366.89,4367.25,4363.57,4364.22,1638.0,2026-09-21T02:10:00+02:00
XAUUSD,5m,2026-09-21T00:15:00+00:00,4364.22,4364.62,4359.62,4361.06,2326.0,2026-09-21T02:15:00+02:00
XAUUSD,5m,2026-09-21T00:20:00+00:00,4361.06,4367.02,4357.81,4367.02,2373.0,2026-09-21T02:20:00+02:00
XAUUSD,5m,2026-09-21T00:25:00+00:00,4367.02,4369.58,4365.4,4369.53,2104.0,2026-09-21T02:25:00+02:00
XAUUSD,5m,2026-09-21T00:30:00+00:00,4369.53,4370.21,4365.81,4369.86,1292.0,2026-09-21T02:30:00+02:00
XAUUSD,5m,2026-09-21T00:35:00+00:00,4369.86,4374.4,4369.4,4373.68,1751.0,2026-09-21T02:35:00+02:00
XAUUSD,5m,2026-09-21T00:40:00+00:00,4373.68,4375.92,4368.21,4369.24,2668.0,2026-09-21T02:40:00+02:00
XAUUSD,5m,2026-09-21T00:45:00+00:00,4369.24,4370.85,4363.9,4364.3,2791.0,2026-09-21T02:45:00+02:00
XAUUSD,5m,2026-09-21T00:50:00+00:00,4364.3,4367.61,4362.13,4365.38,2307.0,2026-09-21T02:50:00+02:00
XAUUSD,5m,2026-09-21T00:55:00+00:00,4365.38,4369.35,4364.32,4366.51,1937.0,2026-09-21T02:55:00+02:00
XAUUSD,5m,2026-09-21T01:00:00+00:00,4366.51,4375.86,4366.22,4371.62,7074.0,2026-09-21T03:00:00+02:00
XAUUSD,5m,2026-09-21T01:05:00+00:00,4371.62,4380.41,4370.75,4378.73,3551.0,2026-09-21T03:05:00+02:00
XAUUSD,5m,2026-09-21T01:10:00+00:00,4378.73,4383.3,4376.23,4383.19,3559.0,2026-09-21T03:10:00+02:00
XAUUSD,5m,2026-09-21T01:15:00+00:00,4383.19,4383.21,4376.42,4377.71,2596.0,2026-09-21T03:15:00+02:00
XAUUSD,5m,2026-09-21T01:20:00+00:00,4377.71,4378.93,4375.01,4377.89,2441.0,2026-09-21T03:20:00+02:00
XAUUSD,5m,2026-09-21T01:25:00+00:00,4377.89,4380.3,4374.37,4374.98,2936.0,2026-09-21T03:25:00+02:00
XAUUSD,5m,2026-09-21T01:30:00+00:00,4374.98,4379.72,4373.63,4377.22,4259.0,2026-09-21T03:30:00+02:00
XAUUSD,5m,2026-09-21T01:35:00+00:00,4377.22,4379.34,4375.55,4378.8,2463.0,2026-09-21T03:35:00+02:00
XAUUSD,5m,2026-09-21T01:40:00+00:00,4378.8,4380.71,4376.28,4379.34,2117.0,2026-09-21T03:40:00+02:00
XAUUSD,5m,2026-09-21T01:45:00+00:00,4379.34,4382.83,4379.02,4379.22,2572.0,2026-09-21T03:45:00+02:00
XAUUSD,5m,2026-09-21T01:50:00+00:00,4379.22,4380.89,4376.12,4378.6,3516.0,2026-09-21T03:50:00+02:00
XAUUSD,5m,2026-09-21T01:55:00+00:00,4378.6,4378.62,4375.32,4376.35,2663.0,2026-09-21T03:55:00+02:00
XAUUSD,5m,2026-09-21T02:00:00+00:00,4376.35,4376.91,4373.12,4376.36,1967.0,2026-09-21T04:00:00+02:00
XAUUSD,5m,2026-09-21T02:05:00+00:00,4376.36,4376.53,4372.42,4375.57,1968.0,2026-09-21T04:05:00+02:00
XAUUSD,5m,2026-09-21T02:10:00+00:00,4375.57,4375.62,4368.42,4368.96,2272.0,2026-09-21T04:10:00+02:00
XAUUSD,5m,2026-09-21T02:15:00+00:00,4368.96,4369.64,4364.25,4364.32,1978.0,2026-09-21T04:15:00+02:00
XAUUSD,5m,2026-09-21T02:20:00+00:00,4364.32,4365.09,4361.09,4364.29,2022.0,2026-09-21T04:20:00+02:00
XAUUSD,5m,2026-09-21T02:25:00+00:00,4364.29,4369.94,4364.27,4369.51,1578.0,2026-09-21T04:25:00+02:00
XAUUSD,5m,2026-09-21T02:30:00+00:00,4369.51,4372.37,4366.36,4367.56,3321.0,2026-09-21T04:30:00+02:00
XAUUSD,5m,2026-09-21T02:35:00+00:00,4367.56,4370.53,4365.02,4365.46,2965.0,2026-09-21T04:35:00+02:00
XAUUSD,5m,2026-09-21T02:40:00+00:00,4365.46,4369.81,4364.05,4368.01,2551.0,2026-09-21T04:40:00+02:00
XAUUSD,5m,2026-09-21T02:45:00+00:00,4368.01,4370.23,4367.04,4368.54,1645.0,2026-09-21T04:45:00+02:00
XAUUSD,5m,2026-09-21T02:50:00+00:00,4368.54,4369.26,4365.34,4365.34,1857.0,2026-09-21T04:50:00+02:00
XAUUSD,5m,2026-09-21T02:55:00+00:00,4365.34,4367.16,4362.83,4363.86,2341.0,2026-09-21T04:55:00+02:00
XAUUSD,5m,2026-09-21T03:00:00+00:00,4363.86,4366.79,4359.01,4366.79,3010.0,2026-09-21T05:00:00+02:00
XAUUSD,5m,2026-09-21T03:05:00+00:00,4366.79,4366.82,4359.03,4360.7,2700.0,2026-09-21T05:05:00+02:00
XAUUSD,5m,2026-09-21T03:10:00+00:00,4360.7,4363.73,4360.03,4363.17,2016.0,2026-09-21T05:10:00+02:00
XAUUSD,5m,2026-09-21T03:15:00+00:00,4363.17,4365.43,4361.28,4363.93,1909.0,2026-09-21T05:15:00+02:00
XAUUSD,5m,2026-09-21T03:20:00+00:00,4363.93,4364.03,4360.84,4362.18,1331.0,2026-09-21T05:20:00+02:00
XAUUSD,5m,2026-09-21T03:25:00+00:00,4362.18,4362.93,4359.13,4360.05,1788.0,2026-09-21T05:25:00+02:00
XAUUSD,5m,2026-09-21T03:30:00+00:00,4360.05,4365.4,4359.48,4365.39,1502.0,2026-09-21T05:30:00+02:00
XAUUSD,5m,2026-09-21T03:35:00+00:00,4365.39,4367.9,4363.95,4365.7,1666.0,2026-09-21T05:35:00+02:00
XAUUSD,5m,2026-09-21T03:40:00+00:00,4365.7,4368.15,4365.2,4367.28,1105.0,2026-09-21T05:40:00+02:00
XAUUSD,5m,2026-09-21T03:45:00+00:00,4367.28,4368.12,4363.03,4363.06,1416.0,2026-09-21T05:45:00+02:00
XAUUSD,5m,2026-09-21T03:50:00+00:00,4363.06,4363.66,4358.41,4359.37,1813.0,2026-09-21T05:50:00+02:00
XAUUSD,5m,2026-09-21T03:55:00+00:00,4359.37,4359.83,4357.75,4359.0,1509.0,2026-09-21T05:55:00+02:00
XAUUSD,5m,2026-09-21T04:00:00+00:00,4359.0,4361.15,4357.57,4358.16,1652.0,2026-09-21T06:00:00+02:00
XAUUSD,5m,2026-09-21T04:05:00+00:00,4358.16,4358.8,4355.71,4358.36,1500.0,2026-09-21T06:05:00+02:00
XAUUSD,5m,2026-09-21T04:10:00+00:00,4358.36,4361.24,4358.04,4360.0,948.0,2026-09-21T06:10:00+02:00
XAUUSD,5m,2026-09-21T04:15:00+00:00,4360.0,4364.21,4359.29,4364.19,1155.0,2026-09-21T06:15:00+02:00
XAUUSD,5m,2026-09-21T04:20:00+00:00,4364.19,4365.36,4363.27,4363.93,924.0,2026-09-21T06:20:00+02:00
XAUUSD,5m,2026-09-21T04:25:00+00:00,4363.93,4365.24,4361.19,4361.43,1135.0,2026-09-21T06:25:00+02:00
XAUUSD,5m,2026-09-21T04:30:00+00:00,4361.43,4361.74,4357.91,4361.67,1623.0,2026-09-21T06:30:00+02:00
XAUUSD,5m,2026-09-21T04:35:00+00:00,4361.67,4363.01,4360.91,4361.24,798.0,2026-09-21T06:35:00+02:00
XAUUSD,5m,2026-09-21T04:40:00+00:00,4361.24,4363.25,4361.14,4361.78,1079.0,2026-09-21T06:40:00+02:00
XAUUSD,5m,2026-09-21T04:45:00+00:00,4361.78,4362.3,4359.69,4360.38,1140.0,2026-09-21T06:45:00+02:00
XAUUSD,5m,2026-09-21T04:50:00+00:00,4360.38,4360.38,4357.06,4357.18,1103.0,2026-09-21T06:50:00+02:00
XAUUSD,5m,2026-09-21T04:55:00+00:00,4357.18,4359.79,4354.55,4355.82,1475.0,2026-09-21T06:55:00+02:00
XAUUSD,5m,2026-09-21T05:00:00+00:00,4355.82,4357.27,4354.03,4355.57,1488.0,2026-09-21T07:00:00+02:00
XAUUSD,5m,2026-09-21T05:05:00+00:00,4355.57,4356.26,4354.33,4354.87,1407.0,2026-09-21T07:05:00+02:00
XAUUSD,5m,2026-09-21T05:10:00+00:00,4354.87,4356.06,4352.47,4355.88,1436.0,2026-09-21T07:10:00+02:00
XAUUSD,5m,2026-09-21T05:15:00+00:00,4355.88,4356.52,4353.87,4354.97,1190.0,2026-09-21T07:15:00+02:00
XAUUSD,5m,2026-09-21T05:20:00+00:00,4354.97,4360.95,4354.95,4359.75,1369.0,2026-09-21T07:20:00+02:00
XAUUSD,5m,2026-09-21T05:25:00+00:00,4359.75,4361.12,4357.18,4357.44,1815.0,2026-09-21T07:25:00+02:00
XAUUSD,5m,2026-09-21T05:30:00+00:00,4357.44,4361.97,4353.98,4355.27,3706.0,2026-09-21T07:30:00+02:00
XAUUSD,5m,2026-09-21T05:35:00+00:00,4355.27,4357.35,4351.77,4356.64,2869.0,2026-09-21T07:35:00+02:00
XAUUSD,5m,2026-09-21T05:40:00+00:00,4356.64,4358.11,4354.0,4354.5,2323.0,2026-09-21T07:40:00+02:00
XAUUSD,5m,2026-09-21T05:45:00+00:00,4354.5,4354.63,4350.29,4350.4,2555.0,2026-09-21T07:45:00+02:00
XAUUSD,5m,2026-09-21T05:50:00+00:00,4350.4,4355.96,4349.2,4354.2,2397.0,2026-09-21T07:50:00+02:00
XAUUSD,5m,2026-09-21T05:55:00+00:00,4354.2,4355.21,4350.78,4350.82,1911.0,2026-09-21T07:55:00+02:00
XAUUSD,5m,2026-09-21T06:00:00+00:00,4350.82,4353.89,4349.17,4352.04,2806.0,2026-09-21T08:00:00+02:00
XAUUSD,5m,2026-09-21T06:05:00+00:00,4352.04,4355.44,4351.45,4354.56,2609.0,2026-09-21T08:05:00+02:00
XAUUSD,5m,2026-09-21T06:10:00+00:00,4354.56,4355.76,4351.17,4352.97,2348.0,2026-09-21T08:10:00+02:00
XAUUSD,5m,2026-09-21T06:15:00+00:00,4352.97,4354.57,4348.26,4348.67,2395.0,2026-09-21T08:15:00+02:00
XAUUSD,5m,2026-09-21T06:20:00+00:00,4348.67,4351.08,4347.02,4347.23,2279.0,2026-09-21T08:20:00+02:00
XAUUSD,5m,2026-09-21T06:25:00+00:00,4347.23,4348.99,4346.22,4347.09,1955.0,2026-09-21T08:25:00+02:00
XAUUSD,5m,2026-09-21T06:30:00+00:00,4347.09,4350.28,4347.04,4349.72,2288.0,2026-09-21T08:30:00+02:00
XAUUSD,5m,2026-09-21T06:35:00+00:00,4349.72,4351.84,4349.25,4351.42,1886.0,2026-09-21T08:35:00+02:00
XAUUSD,5m,2026-09-21T06:40:00+00:00,4351.42,4354.01,4350.7,4351.77,1993.0,2026-09-21T08:40:00+02:00
XAUUSD,5m,2026-09-21T06:45:00+00:00,4351.77,4354.75,4351.77,4353.99,2162.0,2026-09-21T08:45:00+02:00
XAUUSD,5m,2026-09-21T06:50:00+00:00,4353.99,4354.14,4350.03,4352.04,2177.0,2026-09-21T08:50:00+02:00
XAUUSD,5m,2026-09-21T06:55:00+00:00,4352.04,4354.23,4351.36,4353.3,1889.0,2026-09-21T08:55:00+02:00
XAUUSD,5m,2026-09-21T07:00:00+00:00,4353.3,4355.49,4345.82,4355.0,3926.0,2026-09-21T09:00:00+02:00
XAUUSD,5m,2026-09-21T07:05:00+00:00,4355.0,4356.08,4350.91,4352.5,3048.0,2026-09-21T09:05:00+02:00
XAUUSD,5m,2026-09-21T07:10:00+00:00,4352.5,4353.74,4345.93,4352.93,3191.0,2026-09-21T09:10:00+02:00
XAUUSD,5m,2026-09-21T07:15:00+00:00,4352.93,4355.63,4350.86,4353.78,2846.0,2026-09-21T09:15:00+02:00
XAUUSD,5m,2026-09-21T07:20:00+00:00,4353.78,4354.07,4350.29,4351.5,2178.0,2026-09-21T09:20:00+02:00
XAUUSD,5m,2026-09-21T07:25:00+00:00,4351.5,4352.19,4347.0,4350.63,2127.0,2026-09-21T09:25:00+02:00
XAUUSD,5m,2026-09-21T07:30:00+00:00,4350.63,4352.84,4348.86,4352.34,2025.0,2026-09-21T09:30:00+02:00
XAUUSD,5m,2026-09-21T07:35:00+00:00,4352.34,4354.97,4349.57,4349.87,2553.0,2026-09-21T09:35:00+02:00
XAUUSD,5m,2026-09-21T07:40:00+00:00,4349.87,4350.32,4341.86,4347.03,3283.0,2026-09-21T09:40:00+02:00
XAUUSD,5m,2026-09-21T07:45:00+00:00,4347.03,4349.79,4345.31,4346.69,2812.0,2026-09-21T09:45:00+02:00
XAUUSD,5m,2026-09-21T07:50:00+00:00,4346.69,4349.3,4346.14,4348.23,2097.0,2026-09-21T09:50:00+02:00
XAUUSD,5m,2026-09-21T07:55:00+00:00,4348.23,4348.87,4344.08,4344.18,2098.0,2026-09-21T09:55:00+02:00
XAUUSD,5m,2026-09-21T08:00:00+00:00,4344.18,4348.61,4343.35,4348.55,2746.0,2026-09-21T10:00:00+02:00
XAUUSD,5m,2026-09-21T08:05:00+00:00,4348.55,4351.36,4345.66,4346.6,2833.0,2026-09-21T10:05:00+02:00
XAUUSD,5m,2026-09-21T08:10:00+00:00,4346.6,4353.23,4346.44,4350.36,2759.0,2026-09-21T10:10:00+02:00
XAUUSD,5m,2026-09-21T08:15:00+00:00,4350.36,4354.81,4349.86,4353.87,2152.0,2026-09-21T10:15:00+02:00
XAUUSD,5m,2026-09-21T08:20:00+00:00,4353.87,4355.33,4352.42,4354.9,1990.0,2026-09-21T10:20:00+02:00
XAUUSD,5m,2026-09-21T08:25:00+00:00,4354.9,4355.28,4353.1,4353.1,2065.0,2026-09-21T10:25:00+02:00
XAUUSD,5m,2026-09-21T08:30:00+00:00,4353.1,4356.03,4350.9,4354.89,2469.0,2026-09-21T10:30:00+02:00
XAUUSD,5m,2026-09-21T08:35:00+00:00,4354.89,4356.85,4353.51,4355.51,1901.0,2026-09-21T10:35:00+02:00
XAUUSD,5m,2026-09-21T08:40:00+00:00,4355.51,4357.57,4353.1,4357.28,2029.0,2026-09-21T10:40:00+02:00
XAUUSD,5m,2026-09-21T08:45:00+00:00,4357.28,4357.34,4353.72,4355.86,1887.0,2026-09-21T10:45:00+02:00
XAUUSD,5m,2026-09-21T08:50:00+00:00,4355.86,4355.87,4350.92,4351.21,1703.0,2026-09-21T10:50:00+02:00
XAUUSD,5m,2026-09-21T08:55:00+00:00,4351.21,4353.53,4349.77,4353.12,1642.0,2026-09-21T10:55:00+02:00
XAUUSD,5m,2026-09-21T09:00:00+00:00,4353.12,4353.86,4349.01,4350.13,2274.0,2026-09-21T11:00:00+02:00
XAUUSD,5m,2026-09-21T09:05:00+00:00,4350.13,4353.78,4350.08,4352.97,1523.0,2026-09-21T11:05:00+02:00
XAUUSD,5m,2026-09-21T09:10:00+00:00,4352.97,4353.89,4352.22,4353.89,1560.0,2026-09-21T11:10:00+02:00
XAUUSD,5m,2026-09-21T09:15:00+00:00,4353.89,4354.8,4351.53,4351.54,1563.0,2026-09-21T11:15:00+02:00
XAUUSD,5m,2026-09-21T09:20:00+00:00,4351.54,4354.07,4350.26,4350.79,1684.0,2026-09-21T11:20:00+02:00
XAUUSD,5m,2026-09-21T09:25:00+00:00,4350.79,4350.81,4346.17,4346.46,1935.0,2026-09-21T11:25:00+02:00
XAUUSD,5m,2026-09-21T09:30:00+00:00,4346.46,4346.46,4340.3,4342.14,3461.0,2026-09-21T11:30:00+02:00
XAUUSD,5m,2026-09-21T09:35:00+00:00,4342.14,4344.86,4339.44,4344.12,2739.0,2026-09-21T11:35:00+02:00
XAUUSD,5m,2026-09-21T09:40:00+00:00,4344.12,4347.7,4342.5,4347.5,2155.0,2026-09-21T11:40:00+02:00
XAUUSD,5m,2026-09-21T09:45:00+00:00,4347.5,4348.44,4343.25,4343.94,1576.0,2026-09-21T11:45:00+02:00
XAUUSD,5m,2026-09-21T09:50:00+00:00,4343.94,4347.39,4343.71,4347.04,1861.0,2026-09-21T11:50:00+02:00
XAUUSD,5m,2026-09-21T09:55:00+00:00,4347.04,4347.04,4343.33,4345.55,1399.0,2026-09-21T11:55:00+02:00
XAUUSD,5m,2026-09-21T10:00:00+00:00,4345.55,4349.55,4345.07,4349.32,1506.0,2026-09-21T12:00:00+02:00
XAUUSD,5m,2026-09-21T10:05:00+00:00,4349.32,4352.01,4348.38,4350.7,1640.0,2026-09-21T12:05:00+02:00
XAUUSD,5m,2026-09-21T10:10:00+00:00,4350.7,4353.45,4349.67,4353.43,1668.0,2026-09-21T12:10:00+02:00
XAUUSD,5m,2026-09-21T10:15:00+00:00,4353.43,4356.76,4352.61,4352.83,2069.0,2026-09-21T12:15:00+02:00
XAUUSD,5m,2026-09-21T10:20:00+00:00,4352.83,4352.94,4350.42,4351.08,1485.0,2026-09-21T12:20:00+02:00
XAUUSD,5m,2026-09-21T10:25:00+00:00,4351.08,4352.52,4349.97,4350.77,1653.0,2026-09-21T12:25:00+02:00
XAUUSD,5m,2026-09-21T10:30:00+00:00,4350.77,4351.66,4349.66,4350.62,1614.0,2026-09-21T12:30:00+02:00
XAUUSD,5m,2026-09-21T10:35:00+00:00,4350.62,4352.2,4347.98,4348.46,1689.0,2026-09-21T12:35:00+02:00
XAUUSD,5m,2026-09-21T10:40:00+00:00,4348.46,4349.41,4347.76,4348.34,1378.0,2026-09-21T12:40:00+02:00
XAUUSD,5m,2026-09-21T10:45:00+00:00,4348.34,4350.67,4347.73,4347.96,1146.0,2026-09-21T12:45:00+02:00
XAUUSD,5m,2026-09-21T10:50:00+00:00,4347.96,4349.72,4347.13,4347.44,1029.0,2026-09-21T12:50:00+02:00
XAUUSD,5m,2026-09-21T10:55:00+00:00,4347.44,4348.34,4342.48,4342.64,1557.0,2026-09-21T12:55:00+02:00
XAUUSD,5m,2026-09-21T11:00:00+00:00,4342.64,4344.91,4341.8,4344.8,2356.0,2026-09-21T13:00:00+02:00
XAUUSD,5m,2026-09-21T11:05:00+00:00,4344.8,4346.23,4343.38,4345.87,1654.0,2026-09-21T13:05:00+02:00
XAUUSD,5m,2026-09-21T11:10:00+00:00,4345.87,4348.38,4344.48,4348.28,1304.0,2026-09-21T13:10:00+02:00
XAUUSD,5m,2026-09-21T11:15:00+00:00,4348.28,4355.08,4348.27,4355.0,1721.0,2026-09-21T13:15:00+02:00
XAUUSD,5m,2026-09-21T11:20:00+00:00,4355.0,4355.39,4352.35,4352.52,1452.0,2026-09-21T13:20:00+02:00
XAUUSD,5m,2026-09-21T11:25:00+00:00,4352.52,4353.88,4352.02,4353.71,1280.0,2026-09-21T13:25:00+02:00
XAUUSD,5m,2026-09-21T11:30:00+00:00,4353.71,4358.54,4352.18,4357.76,1826.0,2026-09-21T13:30:00+02:00
XAUUSD,5m,2026-09-21T11:35:00+00:00,4357.76,4362.47,4357.37,4361.04,1946.0,2026-09-21T13:35:00+02:00
XAUUSD,5m,2026-09-21T11:40:00+00:00,4361.04,4367.25,4359.86,4366.45,2646.0,2026-09-21T13:40:00+02:00
XAUUSD,5m,2026-09-21T11:45:00+00:00,4366.45,4367.85,4364.68,4367.0,2358.0,2026-09-21T13:45:00+02:00
XAUUSD,5m,2026-09-21T11:50:00+00:00,4367.0,4370.43,4365.18,4370.37,2314.0,2026-09-21T13:50:00+02:00
XAUUSD,5m,2026-09-21T11:55:00+00:00,4370.37,4371.05,4365.82,4369.12,2421.0,2026-09-21T13:55:00+02:00
XAUUSD,5m,2026-09-21T12:00:00+00:00,4369.12,4370.39,4362.74,4370.33,4473.0,2026-09-21T14:00:00+02:00
XAUUSD,5m,2026-09-21T12:05:00+00:00,4370.33,4374.8,4367.09,4367.15,3593.0,2026-09-21T14:05:00+02:00
XAUUSD,5m,2026-09-21T12:10:00+00:00,4367.15,4369.78,4366.16,4369.2,2185.0,2026-09-21T14:10:00+02:00
XAUUSD,5m,2026-09-21T12:15:00+00:00,4369.2,4370.93,4367.05,4367.26,2470.0,2026-09-21T14:15:00+02:00
XAUUSD,5m,2026-09-21T12:20:00+00:00,4367.26,4367.54,4354.93,4354.96,4673.0,2026-09-21T14:20:00+02:00
XAUUSD,5m,2026-09-21T12:25:00+00:00,4354.96,4356.71,4351.35,4355.35,2822.0,2026-09-21T14:25:00+02:00
XAUUSD,5m,2026-09-21T12:30:00+00:00,4355.35,4359.39,4353.88,4357.51,3762.0,2026-09-21T14:30:00+02:00
XAUUSD,5m,2026-09-21T12:35:00+00:00,4357.51,4358.07,4351.2,4356.8,3783.0,2026-09-21T14:35:00+02:00
XAUUSD,5m,2026-09-21T12:40:00+00:00,4356.8,4363.35,4355.39,4363.11,4780.0,2026-09-21T14:40:00+02:00
XAUUSD,5m,2026-09-21T12:45:00+00:00,4363.11,4363.79,4355.12,4357.67,4485.0,2026-09-21T14:45:00+02:00
XAUUSD,5m,2026-09-21T12:50:00+00:00,4357.67,4359.23,4356.05,4356.83,2391.0,2026-09-21T14:50:00+02:00
XAUUSD,5m,2026-09-21T12:55:00+00:00,4356.83,4361.5,4353.69,4359.42,3067.0,2026-09-21T14:55:00+02:00
XAUUSD,5m,2026-09-21T13:00:00+00:00,4359.42,4360.94,4355.85,4357.46,6137.0,2026-09-21T15:00:00+02:00
XAUUSD,5m,2026-09-21T13:05:00+00:00,4357.46,4364.25,4356.57,4361.79,3678.0,2026-09-21T15:05:00+02:00
XAUUSD,5m,2026-09-21T13:10:00+00:00,4361.79,4364.24,4360.92,4363.02,2707.0,2026-09-21T15:10:00+02:00
XAUUSD,5m,2026-09-21T13:15:00+00:00,4363.02,4364.21,4360.66,4362.51,2735.0,2026-09-21T15:15:00+02:00
XAUUSD,5m,2026-09-21T13:20:00+00:00,4362.51,4366.17,4360.94,4365.26,3287.0,2026-09-21T15:20:00+02:00
XAUUSD,5m,2026-09-21T13:25:00+00:00,4365.26,4369.66,4363.03,4364.19,4262.0,2026-09-21T15:25:00+02:00
XAUUSD,5m,2026-09-21T13:30:00+00:00,4364.19,4364.61,4352.46,4353.31,8602.0,2026-09-21T15:30:00+02:00
XAUUSD,5m,2026-09-21T13:35:00+00:00,4353.31,4356.6,4351.53,4353.96,6861.0,2026-09-21T15:35:00+02:00
XAUUSD,5m,2026-09-21T13:40:00+00:00,4353.96,4356.29,4349.07,4352.96,5672.0,2026-09-21T15:40:00+02:00
XAUUSD,5m,2026-09-21T13:45:00+00:00,4352.96,4355.82,4349.19,4355.65,6032.0,2026-09-21T15:45:00+02:00
XAUUSD,5m,2026-09-21T13:50:00+00:00,4355.65,4356.01,4348.37,4348.42,5573.0,2026-09-21T15:50:00+02:00
XAUUSD,5m,2026-09-21T13:55:00+00:00,4348.42,4350.17,4345.85,4346.02,5016.0,2026-09-21T15:55:00+02:00
XAUUSD,5m,2026-09-21T14:00:00+00:00,4346.02,4347.08,4325.3,4327.05,10127.0,2026-09-21T16:00:00+02:00
XAUUSD,5m,2026-09-21T14:05:00+00:00,4327.05,4337.08,4322.58,4336.95,9933.0,2026-09-21T16:05:00+02:00
XAUUSD,5m,2026-09-21T14:10:00+00:00,4336.95,4340.73,4334.61,4340.07,7727.0,2026-09-21T16:10:00+02:00
XAUUSD,5m,2026-09-21T14:15:00+00:00,4340.07,4341.15,4335.95,4337.57,5564.0,2026-09-21T16:15:00+02:00
XAUUSD,5m,2026-09-21T14:20:00+00:00,4337.57,4338.54,4334.11,4337.42,6266.0,2026-09-21T16:20:00+02:00
XAUUSD,5m,2026-09-21T14:25:00+00:00,4337.42,4342.9,4336.17,4341.36,7075.0,2026-09-21T16:25:00+02:00
XAUUSD,5m,2026-09-21T14:30:00+00:00,4341.36,4343.52,4335.75,4335.94,6348.0,2026-09-21T16:30:00+02:00
XAUUSD,5m,2026-09-21T14:35:00+00:00,4335.94,4340.08,4334.76,4334.85,5498.0,2026-09-21T16:35:00+02:00
XAUUSD,5m,2026-09-21T14:40:00+00:00,4334.85,4340.92,4331.94,4332.15,7577.0,2026-09-21T16:40:00+02:00
XAUUSD,5m,2026-09-21T14:45:00+00:00,4332.15,4341.06,4332.06,4336.31,6250.0,2026-09-21T16:45:00+02:00
XAUUSD,5m,2026-09-21T14:50:00+00:00,4336.31,4342.61,4336.0,4341.89,4597.0,2026-09-21T16:50:00+02:00
XAUUSD,5m,2026-09-21T14:55:00+00:00,4341.89,4342.11,4335.5,4338.79,4170.0,2026-09-21T16:55:00+02:00
XAUUSD,5m,2026-09-21T15:00:00+00:00,4338.79,4346.36,4338.79,4346.36,4579.0,2026-09-21T17:00:00+02:00
XAUUSD,5m,2026-09-21T15:05:00+00:00,4346.36,4350.09,4345.32,4350.09,3800.0,2026-09-21T17:05:00+02:00
XAUUSD,5m,2026-09-21T15:10:00+00:00,4350.09,4350.34,4346.77,4349.28,3595.0,2026-09-21T17:10:00+02:00
XAUUSD,5m,2026-09-21T15:15:00+00:00,4349.28,4351.36,4348.33,4349.93,3002.0,2026-09-21T17:15:00+02:00
XAUUSD,5m,2026-09-21T15:20:00+00:00,4349.93,4352.03,4348.42,4351.21,3001.0,2026-09-21T17:20:00+02:00
XAUUSD,5m,2026-09-21T15:25:00+00:00,4351.21,4353.76,4349.79,4350.76,3009.0,2026-09-21T17:25:00+02:00
XAUUSD,5m,2026-09-21T15:30:00+00:00,4350.76,4354.27,4349.82,4353.95,3195.0,2026-09-21T17:30:00+02:00
XAUUSD,5m,2026-09-21T15:35:00+00:00,4353.95,4355.95,4349.45,4349.83,3665.0,2026-09-21T17:35:00+02:00
XAUUSD,5m,2026-09-21T15:40:00+00:00,4349.83,4350.78,4348.08,4349.86,3125.0,2026-09-21T17:40:00+02:00
XAUUSD,5m,2026-09-21T15:45:00+00:00,4349.86,4350.85,4347.31,4348.13,3302.0,2026-09-21T17:45:00+02:00
XAUUSD,5m,2026-09-21T15:50:00+00:00,4348.13,4354.34,4346.43,4347.78,4827.0,2026-09-21T17:50:00+02:00
XAUUSD,5m,2026-09-21T15:55:00+00:00,4347.78,4349.81,4346.81,4347.92,4020.0,2026-09-21T17:55:00+02:00
XAUUSD,5m,2026-09-21T16:00:00+00:00,4347.92,4351.15,4344.82,4350.42,3062.0,2026-09-21T18:00:00+02:00
XAUUSD,5m,2026-09-21T16:05:00+00:00,4350.42,4355.51,4348.99,4354.19,6007.0,2026-09-21T18:05:00+02:00
XAUUSD,5m,2026-09-21T16:10:00+00:00,4354.19,4355.77,4349.76,4351.56,4525.0,2026-09-21T18:10:00+02:00
XAUUSD,5m,2026-09-21T16:15:00+00:00,4351.56,4357.02,4351.56,4356.43,3836.0,2026-09-21T18:15:00+02:00
XAUUSD,5m,2026-09-21T16:20:00+00:00,4356.43,4356.77,4350.04,4350.77,3384.0,2026-09-21T18:20:00+02:00
XAUUSD,5m,2026-09-21T16:25:00+00:00,4350.77,4351.32,4348.84,4350.64,2579.0,2026-09-21T18:25:00+02:00
XAUUSD,5m,2026-09-21T16:30:00+00:00,4350.64,4352.59,4349.2,4351.25,2960.0,2026-09-21T18:30:00+02:00
XAUUSD,5m,2026-09-21T16:35:00+00:00,4351.25,4351.26,4348.89,4349.31,2698.0,2026-09-21T18:35:00+02:00
XAUUSD,5m,2026-09-21T16:40:00+00:00,4349.31,4349.99,4343.48,4343.8,2666.0,2026-09-21T18:40:00+02:00
XAUUSD,5m,2026-09-21T16:45:00+00:00,4343.8,4346.15,4343.19,4345.98,2216.0,2026-09-21T18:45:00+02:00
XAUUSD,5m,2026-09-21T16:50:00+00:00,4345.98,4346.83,4343.21,4344.02,2621.0,2026-09-21T18:50:00+02:00
XAUUSD,5m,2026-09-21T16:55:00+00:00,4344.02,4345.1,4342.81,4343.24,2147.0,2026-09-21T18:55:00+02:00
XAUUSD,5m,2026-09-21T17:00:00+00:00,4343.24,4344.6,4341.8,4343.91,2869.0,2026-09-21T19:00:00+02:00
XAUUSD,5m,2026-09-21T17:05:00+00:00,4343.91,4345.61,4343.62,4345.48,1876.0,2026-09-21T19:05:00+02:00
XAUUSD,5m,2026-09-21T17:10:00+00:00,4345.48,4346.8,4344.8,4346.01,1950.0,2026-09-21T19:10:00+02:00
XAUUSD,5m,2026-09-21T17:15:00+00:00,4346.01,4346.4,4341.78,4342.02,2444.0,2026-09-21T19:15:00+02:00
XAUUSD,5m,2026-09-21T17:20:00+00:00,4342.02,4343.57,4341.36,4342.68,2722.0,2026-09-21T19:20:00+02:00
XAUUSD,5m,2026-09-21T17:25:00+00:00,4342.68,4346.42,4342.18,4345.73,3154.0,2026-09-21T19:25:00+02:00
XAUUSD,5m,2026-09-21T17:30:00+00:00,4345.73,4346.5,4337.67,4338.65,3611.0,2026-09-21T19:30:00+02:00
XAUUSD,5m,2026-09-21T17:35:00+00:00,4338.65,4340.3,4337.44,4338.48,2364.0,2026-09-21T19:35:00+02:00
XAUUSD,5m,2026-09-21T17:40:00+00:00,4338.48,4342.48,4338.22,4340.63,2621.0,2026-09-21T19:40:00+02:00
XAUUSD,5m,2026-09-21T17:45:00+00:00,4340.63,4343.27,4339.28,4343.05,2436.0,2026-09-21T19:45:00+02:00
XAUUSD,5m,2026-09-21T17:50:00+00:00,4343.05,4345.04,4342.55,4343.86,1788.0,2026-09-21T19:50:00+02:00
XAUUSD,5m,2026-09-21T17:55:00+00:00,4343.86,4346.14,4343.33,4344.41,1665.0,2026-09-21T19:55:00+02:00
XAUUSD,5m,2026-09-21T18:00:00+00:00,4344.41,4346.32,4343.92,4345.58,2620.0,2026-09-21T20:00:00+02:00
XAUUSD,5m,2026-09-21T18:05:00+00:00,4345.58,4350.68,4345.29,4350.39,2984.0,2026-09-21T20:05:00+02:00
XAUUSD,5m,2026-09-21T18:10:00+00:00,4350.39,4350.84,4348.28,4349.97,1671.0,2026-09-21T20:10:00+02:00
XAUUSD,5m,2026-09-21T18:15:00+00:00,4349.97,4352.33,4349.64,4350.62,1735.0,2026-09-21T20:15:00+02:00
XAUUSD,5m,2026-09-21T18:20:00+00:00,4350.62,4351.37,4350.1,4350.24,2128.0,2026-09-21T20:20:00+02:00
XAUUSD,5m,2026-09-21T18:25:00+00:00,4350.24,4351.1,4348.59,4350.11,1938.0,2026-09-21T20:25:00+02:00
XAUUSD,5m,2026-09-21T18:30:00+00:00,4350.11,4351.51,4349.18,4349.26,2370.0,2026-09-21T20:30:00+02:00
XAUUSD,5m,2026-09-21T18:35:00+00:00,4349.26,4349.56,4346.77,4347.18,1910.0,2026-09-21T20:35:00+02:00
XAUUSD,5m,2026-09-21T18:40:00+00:00,4347.18,4347.62,4345.98,4346.93,1654.0,2026-09-21T20:40:00+02:00
XAUUSD,5m,2026-09-21T18:45:00+00:00,4346.93,4348.13,4346.43,4347.61,1816.0,2026-09-21T20:45:00+02:00
XAUUSD,5m,2026-09-21T18:50:00+00:00,4347.61,4348.84,4346.9,4347.19,2022.0,2026-09-21T20:50:00+02:00
XAUUSD,5m,2026-09-21T18:55:00+00:00,4347.19,4348.2,4345.82,4346.03,1585.0,2026-09-21T20:55:00+02:00
XAUUSD,5m,2026-09-21T19:00:00+00:00,4346.03,4346.06,4342.13,4343.19,2107.0,2026-09-21T21:00:00+02:00
XAUUSD,5m,2026-09-21T19:05:00+00:00,4343.19,4345.7,4342.23,4345.59,1809.0,2026-09-21T21:05:00+02:00
XAUUSD,5m,2026-09-21T19:10:00+00:00,4345.59,4346.65,4344.4,4345.58,2008.0,2026-09-21T21:10:00+02:00
XAUUSD,5m,2026-09-21T19:15:00+00:00,4345.58,4346.54,4344.85,4345.03,2684.0,2026-09-21T21:15:00+02:00
XAUUSD,5m,2026-09-21T19:20:00+00:00,4345.03,4346.72,4344.74,4345.99,1492.0,2026-09-21T21:20:00+02:00
XAUUSD,5m,2026-09-21T19:25:00+00:00,4345.99,4350.47,4345.18,4348.91,1612.0,2026-09-21T21:25:00+02:00
XAUUSD,5m,2026-09-21T19:30:00+00:00,4348.91,4353.14,4348.71,4352.23,2102.0,2026-09-21T21:30:00+02:00
XAUUSD,5m,2026-09-21T19:35:00+00:00,4352.23,4353.73,4351.17,4352.96,2117.0,2026-09-21T21:35:00+02:00
XAUUSD,5m,2026-09-21T19:40:00+00:00,4352.96,4353.53,4347.33,4347.89,2178.0,2026-09-21T21:40:00+02:00
XAUUSD,5m,2026-09-21T19:45:00+00:00,4347.89,4348.16,4345.76,4345.84,1812.0,2026-09-21T21:45:00+02:00
XAUUSD,5m,2026-09-21T19:50:00+00:00,4345.84,4346.33,4344.47,4346.19,2494.0,2026-09-21T21:50:00+02:00
XAUUSD,5m,2026-09-21T19:55:00+00:00,4346.19,4346.44,4344.74,4345.02,3516.0,2026-09-21T21:55:00+02:00
XAUUSD,5m,2026-09-21T20:00:00+00:00,4345.02,4345.27,4341.59,4342.82,1423.0,2026-09-21T22:00:00+02:00
XAUUSD,5m,2026-09-21T20:05:00+00:00,4342.82,4343.96,4342.78,4343.43,788.0,2026-09-21T22:05:00+02:00
XAUUSD,5m,2026-09-21T20:10:00+00:00,4343.43,4343.76,4341.42,4341.48,736.0,2026-09-21T22:10:00+02:00
XAUUSD,5m,2026-09-21T20:15:00+00:00,4341.48,4341.63,4340.02,4340.59,536.0,2026-09-21T22:15:00+02:00
XAUUSD,5m,2026-09-21T20:20:00+00:00,4340.59,4341.61,4340.29,4340.52,449.0,2026-09-21T22:20:00+02:00
XAUUSD,5m,2026-09-21T20:25:00+00:00,4340.52,4341.33,4339.83,4340.55,516.0,2026-09-21T22:25:00+02:00
XAUUSD,5m,2026-09-21T20:30:00+00:00,4340.55,4340.79,4339.18,4340.47,571.0,2026-09-21T22:30:00+02:00
XAUUSD,5m,2026-09-21T20:35:00+00:00,4340.47,4342.22,4340.36,4341.79,657.0,2026-09-21T22:35:00+02:00
XAUUSD,5m,2026-09-21T20:40:00+00:00,4341.79,4342.8,4341.67,4342.03,499.0,2026-09-21T22:40:00+02:00
XAUUSD,5m,2026-09-21T20:45:00+00:00,4342.03,4342.3,4340.63,4341.55,794.0,2026-09-21T22:45:00+02:00
XAUUSD,5m,2026-09-21T20:50:00+00:00,4341.55,4344.16,4341.45,4343.56,690.0,2026-09-21T22:50:00+02:00
XAUUSD,5m,2026-09-21T20:55:00+00:00,4343.56,4344.04,4342.62,4342.62,933.0,2026-09-21T22:55:00+02:00
XAUUSD,5m,2026-09-21T22:00:00+00:00,4342.62,4348.76,4342.62,4348.25,1156.0,2026-09-22T00:00:00+02:00
XAUUSD,5m,2026-09-21T22:05:00+00:00,4348.25,4350.05,4346.57,4349.37,879.0,2026-09-22T00:05:00+02:00
XAUUSD,5m,2026-09-21T22:10:00+00:00,4349.37,4350.61,4348.91,4349.61,858.0,2026-09-22T00:10:00+02:00
XAUUSD,5m,2026-09-21T22:15:00+00:00,4349.61,4352.58,4349.23,4352.34,710.0,2026-09-22T00:15:00+02:00
XAUUSD,5m,2026-09-21T22:20:00+00:00,4352.34,4352.8,4351.06,4351.95,587.0,2026-09-22T00:20:00+02:00
XAUUSD,5m,2026-09-21T22:25:00+00:00,4351.95,4352.8,4350.03,4352.74,1117.0,2026-09-22T00:25:00+02:00
XAUUSD,5m,2026-09-21T22:30:00+00:00,4352.74,4353.12,4351.37,4351.54,616.0,2026-09-22T00:30:00+02:00
XAUUSD,5m,2026-09-21T22:35:00+00:00,4351.54,4352.41,4351.46,4352.1,453.0,2026-09-22T00:35:00+02:00
XAUUSD,5m,2026-09-21T22:40:00+00:00,4352.1,4353.0,4351.71,4352.86,571.0,2026-09-22T00:40:00+02:00
XAUUSD,5m,2026-09-21T22:45:00+00:00,4352.86,4359.57,4352.6,4359.55,1244.0,2026-09-22T00:45:00+02:00
XAUUSD,5m,2026-09-21T22:50:00+00:00,4359.55,4362.59,4359.34,4362.34,865.0,2026-09-22T00:50:00+02:00
XAUUSD,5m,2026-09-21T22:55:00+00:00,4362.34,4365.02,4360.85,4361.0,1486.0,2026-09-22T00:55:00+02:00
XAUUSD,5m,2026-09-21T23:00:00+00:00,4361.0,4366.12,4359.9,4365.36,1719.0,2026-09-22T01:00:00+02:00
XAUUSD,5m,2026-09-21T23:05:00+00:00,4365.36,4365.39,4363.15,4364.18,848.0,2026-09-22T01:05:00+02:00
XAUUSD,5m,2026-09-21T23:10:00+00:00,4364.18,4365.87,4359.69,4359.83,1316.0,2026-09-22T01:10:00+02:00
XAUUSD,5m,2026-09-21T23:15:00+00:00,4359.83,4364.66,4359.64,4361.39,1395.0,2026-09-22T01:15:00+02:00
XAUUSD,5m,2026-09-21T23:20:00+00:00,4361.39,4362.59,4358.85,4360.06,1268.0,2026-09-22T01:20:00+02:00
XAUUSD,5m,2026-09-21T23:25:00+00:00,4360.06,4361.08,4358.17,4360.15,1362.0,2026-09-22T01:25:00+02:00
XAUUSD,5m,2026-09-21T23:30:00+00:00,4360.15,4361.65,4358.04,4360.07,1412.0,2026-09-22T01:30:00+02:00
XAUUSD,5m,2026-09-21T23:35:00+00:00,4360.07,4365.58,4358.7,4365.03,2427.0,2026-09-22T01:35:00+02:00
XAUUSD,5m,2026-09-21T23:40:00+00:00,4365.03,4370.83,4364.78,4368.5,1767.0,2026-09-22T01:40:00+02:00
XAUUSD,5m,2026-09-21T23:45:00+00:00,4368.5,4370.54,4366.5,4367.56,1207.0,2026-09-22T01:45:00+02:00
XAUUSD,5m,2026-09-21T23:50:00+00:00,4367.56,4367.56,4363.79,4365.67,2008.0,2026-09-22T01:50:00+02:00
XAUUSD,5m,2026-09-21T23:55:00+00:00,4365.67,4370.4,4365.47,4368.6,1885.0,2026-09-22T01:55:00+02:00
XAUUSD,5m,2026-09-22T00:00:00+00:00,4368.6,4375.71,4366.97,4372.32,3147.0,2026-09-22T02:00:00+02:00
XAUUSD,5m,2026-09-22T00:05:00+00:00,4372.32,4374.14,4369.6,4374.05,3001.0,2026-09-22T02:05:00+02:00
XAUUSD,5m,2026-09-22T00:10:00+00:00,4374.05,4374.68,4369.86,4370.05,2025.0,2026-09-22T02:10:00+02:00
XAUUSD,5m,2026-09-22T00:15:00+00:00,4370.05,4370.06,4358.68,4360.8,3502.0,2026-09-22T02:15:00+02:00
XAUUSD,5m,2026-09-22T00:20:00+00:00,4360.8,4362.51,4358.53,4358.62,2451.0,2026-09-22T02:20:00+02:00
XAUUSD,5m,2026-09-22T00:25:00+00:00,4358.62,4359.71,4356.52,4356.71,1993.0,2026-09-22T02:25:00+02:00
XAUUSD,5m,2026-09-22T00:30:00+00:00,4356.71,4359.14,4356.58,4357.26,1962.0,2026-09-22T02:30:00+02:00
XAUUSD,5m,2026-09-22T00:35:00+00:00,4357.26,4357.36,4349.32,4349.41,2944.0,2026-09-22T02:35:00+02:00
XAUUSD,5m,2026-09-22T00:40:00+00:00,4349.41,4355.63,4348.41,4355.33,2982.0,2026-09-22T02:40:00+02:00
XAUUSD,5m,2026-09-22T00:45:00+00:00,4355.33,4358.24,4353.26,4358.05,3464.0,2026-09-22T02:45:00+02:00
XAUUSD,5m,2026-09-22T00:50:00+00:00,4358.05,4359.68,4356.89,4358.77,1780.0,2026-09-22T02:50:00+02:00
XAUUSD,5m,2026-09-22T00:55:00+00:00,4358.77,4360.3,4357.13,4360.12,1771.0,2026-09-22T02:55:00+02:00
XAUUSD,5m,2026-09-22T01:00:00+00:00,4360.12,4363.25,4355.52,4361.35,7829.0,2026-09-22T03:00:00+02:00
XAUUSD,5m,2026-09-22T01:05:00+00:00,4361.35,4365.06,4358.18,4360.26,6159.0,2026-09-22T03:05:00+02:00
XAUUSD,5m,2026-09-22T01:10:00+00:00,4360.26,4360.28,4353.12,4354.52,5293.0,2026-09-22T03:10:00+02:00
XAUUSD,5m,2026-09-22T01:15:00+00:00,4354.52,4355.19,4350.19,4353.92,3439.0,2026-09-22T03:15:00+02:00
XAUUSD,5m,2026-09-22T01:20:00+00:00,4353.92,4357.15,4349.71,4354.94,4050.0,2026-09-22T03:20:00+02:00
XAUUSD,5m,2026-09-22T01:25:00+00:00,4354.94,4358.86,4354.05,4355.75,2849.0,2026-09-22T03:25:00+02:00
XAUUSD,5m,2026-09-22T01:30:00+00:00,4355.75,4356.22,4351.78,4353.6,4510.0,2026-09-22T03:30:00+02:00
XAUUSD,5m,2026-09-22T01:35:00+00:00,4353.6,4356.45,4353.23,4355.47,3568.0,2026-09-22T03:35:00+02:00
XAUUSD,5m,2026-09-22T01:40:00+00:00,4355.47,4357.09,4349.18,4349.21,3300.0,2026-09-22T03:40:00+02:00
XAUUSD,5m,2026-09-22T01:45:00+00:00,4349.21,4351.14,4343.67,4345.92,4044.0,2026-09-22T03:45:00+02:00
XAUUSD,5m,2026-09-22T01:50:00+00:00,4345.92,4348.88,4343.45,4346.52,4040.0,2026-09-22T03:50:00+02:00
XAUUSD,5m,2026-09-22T01:55:00+00:00,4346.52,4350.28,4346.52,4350.28,2653.0,2026-09-22T03:55:00+02:00
XAUUSD,5m,2026-09-22T02:00:00+00:00,4350.28,4352.97,4347.52,4352.89,2368.0,2026-09-22T04:00:00+02:00
XAUUSD,5m,2026-09-22T02:05:00+00:00,4352.89,4352.97,4342.7,4343.2,3083.0,2026-09-22T04:05:00+02:00
XAUUSD,5m,2026-09-22T02:10:00+00:00,4343.2,4344.67,4341.63,4342.38,2382.0,2026-09-22T04:10:00+02:00
XAUUSD,5m,2026-09-22T02:15:00+00:00,4342.38,4345.97,4339.61,4345.82,2582.0,2026-09-22T04:15:00+02:00
XAUUSD,5m,2026-09-22T02:20:00+00:00,4345.82,4349.46,4344.32,4348.35,1876.0,2026-09-22T04:20:00+02:00
XAUUSD,5m,2026-09-22T02:25:00+00:00,4348.35,4352.23,4347.96,4351.37,1636.0,2026-09-22T04:25:00+02:00
XAUUSD,5m,2026-09-22T02:30:00+00:00,4351.37,4355.85,4348.73,4354.91,4060.0,2026-09-22T04:30:00+02:00
XAUUSD,5m,2026-09-22T02:35:00+00:00,4354.91,4355.57,4350.81,4350.96,2966.0,2026-09-22T04:35:00+02:00
XAUUSD,5m,2026-09-22T02:40:00+00:00,4350.96,4351.44,4345.19,4346.7,2424.0,2026-09-22T04:40:00+02:00
XAUUSD,5m,2026-09-22T02:45:00+00:00,4346.7,4347.19,4342.53,4346.28,1639.0,2026-09-22T04:45:00+02:00
XAUUSD,5m,2026-09-22T02:50:00+00:00,4346.28,4346.95,4341.48,4342.23,2226.0,2026-09-22T04:50:00+02:00
XAUUSD,5m,2026-09-22T02:55:00+00:00,4342.23,4344.91,4340.42,4344.56,2347.0,2026-09-22T04:55:00+02:00
XAUUSD,5m,2026-09-22T03:00:00+00:00,4344.56,4345.83,4341.98,4342.15,2500.0,2026-09-22T05:00:00+02:00
XAUUSD,5m,2026-09-22T03:05:00+00:00,4342.15,4343.37,4339.48,4340.03,2271.0,2026-09-22T05:05:00+02:00
XAUUSD,5m,2026-09-22T03:10:00+00:00,4340.03,4345.53,4339.51,4345.44,2314.0,2026-09-22T05:10:00+02:00
XAUUSD,5m,2026-09-22T03:15:00+00:00,4345.44,4346.39,4343.5,4344.42,1938.0,2026-09-22T05:15:00+02:00
XAUUSD,5m,2026-09-22T03:20:00+00:00,4344.42,4345.64,4341.2,4342.92,2352.0,2026-09-22T05:20:00+02:00
XAUUSD,5m,2026-09-22T03:25:00+00:00,4342.92,4346.22,4342.83,4345.98,1642.0,2026-09-22T05:25:00+02:00
XAUUSD,5m,2026-09-22T03:30:00+00:00,4345.98,4347.83,4344.65,4346.94,1277.0,2026-09-22T05:30:00+02:00
XAUUSD,5m,2026-09-22T03:35:00+00:00,4346.94,4349.25,4345.41,4347.15,1255.0,2026-09-22T05:35:00+02:00
XAUUSD,5m,2026-09-22T03:40:00+00:00,4347.15,4347.71,4341.04,4342.81,1891.0,2026-09-22T05:40:00+02:00
XAUUSD,5m,2026-09-22T03:45:00+00:00,4342.81,4343.77,4341.07,4343.54,1271.0,2026-09-22T05:45:00+02:00
XAUUSD,5m,2026-09-22T03:50:00+00:00,4343.54,4344.17,4340.48,4341.21,1336.0,2026-09-22T05:50:00+02:00
XAUUSD,5m,2026-09-22T03:55:00+00:00,4341.21,4343.09,4340.9,4341.64,1056.0,2026-09-22T05:55:00+02:00
XAUUSD,5m,2026-09-22T04:00:00+00:00,4341.64,4341.88,4334.97,4336.81,2512.0,2026-09-22T06:00:00+02:00
XAUUSD,5m,2026-09-22T04:05:00+00:00,4336.81,4338.58,4335.82,4336.75,1709.0,2026-09-22T06:05:00+02:00
XAUUSD,5m,2026-09-22T04:10:00+00:00,4336.75,4339.82,4335.74,4338.4,2410.0,2026-09-22T06:10:00+02:00
XAUUSD,5m,2026-09-22T04:15:00+00:00,4338.4,4339.15,4335.86,4336.54,1647.0,2026-09-22T06:15:00+02:00
XAUUSD,5m,2026-09-22T04:20:00+00:00,4336.54,4339.53,4336.29,4338.85,1366.0,2026-09-22T06:20:00+02:00
XAUUSD,5m,2026-09-22T04:25:00+00:00,4338.85,4338.93,4336.25,4337.48,1201.0,2026-09-22T06:25:00+02:00
XAUUSD,5m,2026-09-22T04:30:00+00:00,4337.48,4337.81,4336.35,4336.78,860.0,2026-09-22T06:30:00+02:00
XAUUSD,5m,2026-09-22T04:35:00+00:00,4336.78,4341.12,4336.56,4340.82,1012.0,2026-09-22T06:35:00+02:00
XAUUSD,5m,2026-09-22T04:40:00+00:00,4340.82,4340.84,4338.53,4340.18,918.0,2026-09-22T06:40:00+02:00
XAUUSD,5m,2026-09-22T04:45:00+00:00,4340.18,4340.79,4338.76,4340.07,862.0,2026-09-22T06:45:00+02:00
XAUUSD,5m,2026-09-22T04:50:00+00:00,4340.07,4343.0,4339.37,4342.62,960.0,2026-09-22T06:50:00+02:00
XAUUSD,5m,2026-09-22T04:55:00+00:00,4342.62,4343.05,4340.44,4342.81,1400.0,2026-09-22T06:55:00+02:00
XAUUSD,5m,2026-09-22T05:00:00+00:00,4342.81,4344.02,4340.48,4343.12,1693.0,2026-09-22T07:00:00+02:00
XAUUSD,5m,2026-09-22T05:05:00+00:00,4343.12,4346.54,4340.92,4346.05,1966.0,2026-09-22T07:05:00+02:00
XAUUSD,5m,2026-09-22T05:10:00+00:00,4346.05,4347.39,4345.0,4346.23,1319.0,2026-09-22T07:10:00+02:00
XAUUSD,5m,2026-09-22T05:15:00+00:00,4346.23,4346.81,4338.88,4338.9,1482.0,2026-09-22T07:15:00+02:00
XAUUSD,5m,2026-09-22T05:20:00+00:00,4338.9,4339.24,4329.36,4329.98,3673.0,2026-09-22T07:20:00+02:00
XAUUSD,5m,2026-09-22T05:25:00+00:00,4329.98,4333.52,4322.48,4331.91,4234.0,2026-09-22T07:25:00+02:00
XAUUSD,5m,2026-09-22T05:30:00+00:00,4331.91,4333.23,4323.2,4325.61,8381.0,2026-09-22T07:30:00+02:00
XAUUSD,5m,2026-09-22T05:35:00+00:00,4325.61,4325.85,4316.17,4322.57,7568.0,2026-09-22T07:35:00+02:00
XAUUSD,5m,2026-09-22T05:40:00+00:00,4322.57,4326.71,4320.3,4320.63,4504.0,2026-09-22T07:40:00+02:00
XAUUSD,5m,2026-09-22T05:45:00+00:00,4320.63,4331.62,4319.7,4329.91,3895.0,2026-09-22T07:45:00+02:00
XAUUSD,5m,2026-09-22T05:50:00+00:00,4329.91,4333.13,4327.76,4328.04,3410.0,2026-09-22T07:50:00+02:00
XAUUSD,5m,2026-09-22T05:55:00+00:00,4328.04,4329.09,4322.85,4323.57,3041.0,2026-09-22T07:55:00+02:00
XAUUSD,5m,2026-09-22T06:00:00+00:00,4323.57,4324.27,4317.95,4318.77,5262.0,2026-09-22T08:00:00+02:00
XAUUSD,5m,2026-09-22T06:05:00+00:00,4318.77,4319.91,4315.1,4318.99,4619.0,2026-09-22T08:05:00+02:00
XAUUSD,5m,2026-09-22T06:10:00+00:00,4318.99,4320.57,4315.07,4319.59,3466.0,2026-09-22T08:10:00+02:00
XAUUSD,5m,2026-09-22T06:15:00+00:00,4319.59,4320.81,4317.24,4317.26,2611.0,2026-09-22T08:15:00+02:00
XAUUSD,5m,2026-09-22T06:20:00+00:00,4317.26,4319.75,4315.58,4317.61,3304.0,2026-09-22T08:20:00+02:00
XAUUSD,5m,2026-09-22T06:25:00+00:00,4317.61,4320.77,4317.0,4318.21,3530.0,2026-09-22T08:25:00+02:00
XAUUSD,5m,2026-09-22T06:30:00+00:00,4318.21,4320.69,4317.43,4318.54,2844.0,2026-09-22T08:30:00+02:00
XAUUSD,5m,2026-09-22T06:35:00+00:00,4318.54,4319.7,4315.37,4316.92,2882.0,2026-09-22T08:35:00+02:00
XAUUSD,5m,2026-09-22T06:40:00+00:00,4316.92,4320.81,4316.92,4320.19,2674.0,2026-09-22T08:40:00+02:00
XAUUSD,5m,2026-09-22T06:45:00+00:00,4320.19,4321.76,4317.51,4320.9,2175.0,2026-09-22T08:45:00+02:00
XAUUSD,5m,2026-09-22T06:50:00+00:00,4320.9,4321.51,4317.05,4317.2,2359.0,2026-09-22T08:50:00+02:00
XAUUSD,5m,2026-09-22T06:55:00+00:00,4317.2,4319.43,4315.14,4318.44,3131.0,2026-09-22T08:55:00+02:00
XAUUSD,5m,2026-09-22T07:00:00+00:00,4318.44,4321.37,4317.62,4318.43,4337.0,2026-09-22T09:00:00+02:00
XAUUSD,5m,2026-09-22T07:05:00+00:00,4318.43,4320.59,4314.93,4320.18,3676.0,2026-09-22T09:05:00+02:00
XAUUSD,5m,2026-09-22T07:10:00+00:00,4320.18,4323.07,4317.86,4320.31,3101.0,2026-09-22T09:10:00+02:00
XAUUSD,5m,2026-09-22T07:15:00+00:00,4320.31,4324.23,4320.06,4322.51,2993.0,2026-09-22T09:15:00+02:00
XAUUSD,5m,2026-09-22T07:20:00+00:00,4322.51,4323.84,4321.22,4321.68,2442.0,2026-09-22T09:20:00+02:00
XAUUSD,5m,2026-09-22T07:25:00+00:00,4321.68,4322.67,4315.05,4315.27,3370.0,2026-09-22T09:25:00+02:00
XAUUSD,5m,2026-09-22T07:30:00+00:00,4315.27,4315.67,4308.91,4311.45,4752.0,2026-09-22T09:30:00+02:00
XAUUSD,5m,2026-09-22T07:35:00+00:00,4311.45,4314.19,4310.25,4312.88,3143.0,2026-09-22T09:35:00+02:00
XAUUSD,5m,2026-09-22T07:40:00+00:00,4312.88,4313.33,4308.72,4310.79,3075.0,2026-09-22T09:40:00+02:00
XAUUSD,5m,2026-09-22T07:45:00+00:00,4310.79,4315.87,4309.14,4309.14,3158.0,2026-09-22T09:45:00+02:00
XAUUSD,5m,2026-09-22T07:50:00+00:00,4309.14,4309.51,4301.21,4301.86,4720.0,2026-09-22T09:50:00+02:00
XAUUSD,5m,2026-09-22T07:55:00+00:00,4301.86,4303.97,4299.35,4301.05,4017.0,2026-09-22T09:55:00+02:00
XAUUSD,5m,2026-09-22T08:00:00+00:00,4301.05,4305.36,4299.1,4305.18,6350.0,2026-09-22T10:00:00+02:00
XAUUSD,5m,2026-09-22T08:05:00+00:00,4305.18,4312.06,4304.28,4311.06,4219.0,2026-09-22T10:05:00+02:00
XAUUSD,5m,2026-09-22T08:10:00+00:00,4311.06,4311.29,4303.56,4303.67,3204.0,2026-09-22T10:10:00+02:00
XAUUSD,5m,2026-09-22T08:15:00+00:00,4303.67,4304.34,4300.7,4304.0,4154.0,2026-09-22T10:15:00+02:00
XAUUSD,5m,2026-09-22T08:20:00+00:00,4304.0,4305.88,4300.65,4303.25,4428.0,2026-09-22T10:20:00+02:00
XAUUSD,5m,2026-09-22T08:25:00+00:00,4303.25,4307.68,4297.82,4301.12,4572.0,2026-09-22T10:25:00+02:00
XAUUSD,5m,2026-09-22T08:30:00+00:00,4301.12,4301.18,4291.38,4297.24,6626.0,2026-09-22T10:30:00+02:00
XAUUSD,5m,2026-09-22T08:35:00+00:00,4297.24,4311.49,4297.05,4310.51,5779.0,2026-09-22T10:35:00+02:00
XAUUSD,5m,2026-09-22T08:40:00+00:00,4310.51,4321.79,4308.58,4320.18,9105.0,2026-09-22T10:40:00+02:00
XAUUSD,5m,2026-09-22T08:45:00+00:00,4320.18,4325.31,4315.72,4325.25,8193.0,2026-09-22T10:45:00+02:00
XAUUSD,5m,2026-09-22T08:50:00+00:00,4325.25,4334.1,4323.84,4331.67,9086.0,2026-09-22T10:50:00+02:00
XAUUSD,5m,2026-09-22T08:55:00+00:00,4331.67,4335.7,4326.75,4330.03,6727.0,2026-09-22T10:55:00+02:00
XAUUSD,5m,2026-09-22T09:00:00+00:00,4330.03,4331.06,4318.18,4318.21,4932.0,2026-09-22T11:00:00+02:00
XAUUSD,5m,2026-09-22T09:05:00+00:00,4318.21,4322.88,4317.68,4319.24,5341.0,2026-09-22T11:05:00+02:00
XAUUSD,5m,2026-09-22T09:10:00+00:00,4319.24,4322.67,4316.59,4318.3,5629.0,2026-09-22T11:10:00+02:00
XAUUSD,5m,2026-09-22T09:15:00+00:00,4318.3,4323.95,4316.96,4317.09,5634.0,2026-09-22T11:15:00+02:00
XAUUSD,5m,2026-09-22T09:20:00+00:00,4317.09,4319.67,4316.33,4318.36,3228.0,2026-09-22T11:20:00+02:00
XAUUSD,5m,2026-09-22T09:25:00+00:00,4318.36,4318.36,4314.28,4314.46,2899.0,2026-09-22T11:25:00+02:00
XAUUSD,5m,2026-09-22T09:30:00+00:00,4314.46,4317.69,4312.53,4314.37,4823.0,2026-09-22T11:30:00+02:00
XAUUSD,5m,2026-09-22T09:35:00+00:00,4314.37,4316.14,4311.93,4315.95,3220.0,2026-09-22T11:35:00+02:00
XAUUSD,5m,2026-09-22T09:40:00+00:00,4315.95,4320.4,4315.21,4320.16,3631.0,2026-09-22T11:40:00+02:00
XAUUSD,5m,2026-09-22T09:45:00+00:00,4320.16,4323.01,4318.71,4322.51,3439.0,2026-09-22T11:45:00+02:00
XAUUSD,5m,2026-09-22T09:50:00+00:00,4322.51,4333.44,4322.18,4332.34,8937.0,2026-09-22T11:50:00+02:00
XAUUSD,5m,2026-09-22T09:55:00+00:00,4332.34,4337.78,4325.24,4336.52,7518.0,2026-09-22T11:55:00+02:00
XAUUSD,5m,2026-09-22T10:00:00+00:00,4336.52,4338.05,4331.76,4336.3,6189.0,2026-09-22T12:00:00+02:00
XAUUSD,5m,2026-09-22T10:05:00+00:00,4336.3,4337.21,4332.7,4332.82,4337.0,2026-09-22T12:05:00+02:00
XAUUSD,5m,2026-09-22T10:10:00+00:00,4332.82,4335.27,4328.86,4330.69,3835.0,2026-09-22T12:10:00+02:00
XAUUSD,5m,2026-09-22T10:15:00+00:00,4330.69,4332.14,4328.43,4329.79,2987.0,2026-09-22T12:15:00+02:00
XAUUSD,5m,2026-09-22T10:20:00+00:00,4329.79,4331.28,4328.27,4329.66,2876.0,2026-09-22T12:20:00+02:00
XAUUSD,5m,2026-09-22T10:25:00+00:00,4329.66,4330.88,4328.34,4329.46,2606.0,2026-09-22T12:25:00+02:00
XAUUSD,5m,2026-09-22T10:30:00+00:00,4329.46,4331.56,4327.74,4328.38,2851.0,2026-09-22T12:30:00+02:00
XAUUSD,5m,2026-09-22T10:35:00+00:00,4328.38,4332.45,4327.85,4331.04,2469.0,2026-09-22T12:35:00+02:00
XAUUSD,5m,2026-09-22T10:40:00+00:00,4331.04,4334.06,4329.8,4331.11,2957.0,2026-09-22T12:40:00+02:00
XAUUSD,5m,2026-09-22T10:45:00+00:00,4331.11,4331.42,4325.28,4327.15,2778.0,2026-09-22T12:45:00+02:00
XAUUSD,5m,2026-09-22T10:50:00+00:00,4327.15,4329.71,4326.19,4327.85,3120.0,2026-09-22T12:50:00+02:00
XAUUSD,5m,2026-09-22T10:55:00+00:00,4327.85,4328.42,4321.65,4321.69,2416.0,2026-09-22T12:55:00+02:00
XAUUSD,5m,2026-09-22T11:00:00+00:00,4321.69,4323.32,4317.68,4318.91,4169.0,2026-09-22T13:00:00+02:00
XAUUSD,5m,2026-09-22T11:05:00+00:00,4318.91,4319.69,4308.92,4310.25,5098.0,2026-09-22T13:05:00+02:00
XAUUSD,5m,2026-09-22T11:10:00+00:00,4310.25,4316.02,4308.92,4315.06,7411.0,2026-09-22T13:10:00+02:00
XAUUSD,5m,2026-09-22T11:15:00+00:00,4315.06,4318.35,4311.92,4312.68,4269.0,2026-09-22T13:15:00+02:00
XAUUSD,5m,2026-09-22T11:20:00+00:00,4312.68,4317.01,4311.99,4316.41,3169.0,2026-09-22T13:20:00+02:00
XAUUSD,5m,2026-09-22T11:25:00+00:00,4316.41,4318.58,4314.67,4317.73,2816.0,2026-09-22T13:25:00+02:00
XAUUSD,5m,2026-09-22T11:30:00+00:00,4317.73,4319.65,4313.59,4313.98,3054.0,2026-09-22T13:30:00+02:00
XAUUSD,5m,2026-09-22T11:35:00+00:00,4313.98,4318.19,4313.73,4316.73,2564.0,2026-09-22T13:35:00+02:00
XAUUSD,5m,2026-09-22T11:40:00+00:00,4316.73,4320.12,4315.98,4317.61,2567.0,2026-09-22T13:40:00+02:00
XAUUSD,5m,2026-09-22T11:45:00+00:00,4317.61,4321.8,4316.68,4320.19,4204.0,2026-09-22T13:45:00+02:00
XAUUSD,5m,2026-09-22T11:50:00+00:00,4320.19,4320.96,4317.83,4317.95,2780.0,2026-09-22T13:50:00+02:00
XAUUSD,5m,2026-09-22T11:55:00+00:00,4317.95,4323.45,4317.95,4322.65,2838.0,2026-09-22T13:55:00+02:00
XAUUSD,5m,2026-09-22T12:00:00+00:00,4322.65,4325.73,4322.02,4325.17,3378.0,2026-09-22T14:00:00+02:00
XAUUSD,5m,2026-09-22T12:05:00+00:00,4325.17,4326.71,4320.27,4321.05,3895.0,2026-09-22T14:05:00+02:00
XAUUSD,5m,2026-09-22T12:10:00+00:00,4321.05,4324.07,4320.62,4323.92,3521.0,2026-09-22T14:10:00+02:00
XAUUSD,5m,2026-09-22T12:15:00+00:00,4323.92,4327.26,4322.65,4327.03,2961.0,2026-09-22T14:15:00+02:00
XAUUSD,5m,2026-09-22T12:20:00+00:00,4327.03,4341.53,4325.09,4339.21,6362.0,2026-09-22T14:20:00+02:00
XAUUSD,5m,2026-09-22T12:25:00+00:00,4339.21,4342.35,4331.51,4336.92,4656.0,2026-09-22T14:25:00+02:00
XAUUSD,5m,2026-09-22T12:30:00+00:00,4336.92,4343.91,4335.19,4339.52,5019.0,2026-09-22T14:30:00+02:00
XAUUSD,5m,2026-09-22T12:35:00+00:00,4339.52,4342.65,4337.43,4338.71,4306.0,2026-09-22T14:35:00+02:00
XAUUSD,5m,2026-09-22T12:40:00+00:00,4338.71,4341.03,4331.91,4332.0,4811.0,2026-09-22T14:40:00+02:00
XAUUSD,5m,2026-09-22T12:45:00+00:00,4332.0,4335.23,4330.67,4332.82,4700.0,2026-09-22T14:45:00+02:00
XAUUSD,5m,2026-09-22T12:50:00+00:00,4332.82,4335.9,4330.63,4334.68,4437.0,2026-09-22T14:50:00+02:00
XAUUSD,5m,2026-09-22T12:55:00+00:00,4334.68,4337.2,4333.18,4333.79,4043.0,2026-09-22T14:55:00+02:00
XAUUSD,5m,2026-09-22T13:00:00+00:00,4333.79,4337.77,4330.3,4336.02,9688.0,2026-09-22T15:00:00+02:00
XAUUSD,5m,2026-09-22T13:05:00+00:00,4336.02,4341.32,4330.99,4339.42,7679.0,2026-09-22T15:05:00+02:00
XAUUSD,5m,2026-09-22T13:10:00+00:00,4339.42,4342.01,4338.0,4340.32,6152.0,2026-09-22T15:10:00+02:00
XAUUSD,5m,2026-09-22T13:15:00+00:00,4340.32,4342.68,4337.01,4337.65,5143.0,2026-09-22T15:15:00+02:00
XAUUSD,5m,2026-09-22T13:20:00+00:00,4337.65,4339.62,4330.85,4332.72,5352.0,2026-09-22T15:20:00+02:00
XAUUSD,5m,2026-09-22T13:25:00+00:00,4332.72,4334.29,4329.59,4330.49,4653.0,2026-09-22T15:25:00+02:00
XAUUSD,5m,2026-09-22T13:30:00+00:00,4330.49,4336.09,4329.83,4334.03,8876.0,2026-09-22T15:30:00+02:00
XAUUSD,5m,2026-09-22T13:35:00+00:00,4334.03,4337.05,4330.65,4331.12,8885.0,2026-09-22T15:35:00+02:00
XAUUSD,5m,2026-09-22T13:40:00+00:00,4331.12,4342.85,4327.55,4341.14,11038.0,2026-09-22T15:40:00+02:00
XAUUSD,5m,2026-09-22T13:45:00+00:00,4341.14,4344.01,4335.31,4339.92,9393.0,2026-09-22T15:45:00+02:00
XAUUSD,5m,2026-09-22T13:50:00+00:00,4339.92,4340.96,4331.81,4332.06,8869.0,2026-09-22T15:50:00+02:00
XAUUSD,5m,2026-09-22T13:55:00+00:00,4332.06,4337.93,4329.92,4333.4,6856.0,2026-09-22T15:55:00+02:00
XAUUSD,5m,2026-09-22T14:00:00+00:00,4333.4,4334.8,4328.42,4328.59,6691.0,2026-09-22T16:00:00+02:00
XAUUSD,5m,2026-09-22T14:05:00+00:00,4328.59,4331.69,4327.34,4329.43,5789.0,2026-09-22T16:05:00+02:00
XAUUSD,5m,2026-09-22T14:10:00+00:00,4329.43,4338.17,4328.26,4333.57,7266.0,2026-09-22T16:10:00+02:00
XAUUSD,5m,2026-09-22T14:15:00+00:00,4333.57,4334.24,4325.47,4328.78,5911.0,2026-09-22T16:15:00+02:00
XAUUSD,5m,2026-09-22T14:20:00+00:00,4328.78,4332.85,4327.55,4331.95,5634.0,2026-09-22T16:20:00+02:00
XAUUSD,5m,2026-09-22T14:25:00+00:00,4331.95,4332.3,4325.29,4328.01,5868.0,2026-09-22T16:25:00+02:00
XAUUSD,5m,2026-09-22T14:30:00+00:00,4328.01,4329.64,4324.29,4324.89,5450.0,2026-09-22T16:30:00+02:00
XAUUSD,5m,2026-09-22T14:35:00+00:00,4324.89,4333.52,4321.03,4324.34,9925.0,2026-09-22T16:35:00+02:00
XAUUSD,5m,2026-09-22T14:40:00+00:00,4324.34,4324.72,4314.85,4320.01,11639.0,2026-09-22T16:40:00+02:00
XAUUSD,5m,2026-09-22T14:45:00+00:00,4320.01,4324.24,4317.48,4322.02,8145.0,2026-09-22T16:45:00+02:00
XAUUSD,5m,2026-09-22T14:50:00+00:00,4322.02,4325.47,4320.11,4325.09,5876.0,2026-09-22T16:50:00+02:00
XAUUSD,5m,2026-09-22T14:55:00+00:00,4325.09,4328.72,4324.57,4327.98,4160.0,2026-09-22T16:55:00+02:00
XAUUSD,5m,2026-09-22T15:00:00+00:00,4327.98,4332.4,4325.45,4330.79,5315.0,2026-09-22T17:00:00+02:00
XAUUSD,5m,2026-09-22T15:05:00+00:00,4330.79,4338.3,4329.03,4338.16,6845.0,2026-09-22T17:05:00+02:00
XAUUSD,5m,2026-09-22T15:10:00+00:00,4338.16,4340.39,4334.98,4336.12,6604.0,2026-09-22T17:10:00+02:00
XAUUSD,5m,2026-09-22T15:15:00+00:00,4336.12,4340.61,4336.12,4337.24,5807.0,2026-09-22T17:15:00+02:00
XAUUSD,5m,2026-09-22T15:20:00+00:00,4337.24,4339.04,4334.73,4337.04,4651.0,2026-09-22T17:20:00+02:00
XAUUSD,5m,2026-09-22T15:25:00+00:00,4337.04,4337.05,4331.91,4332.12,3556.0,2026-09-22T17:25:00+02:00
XAUUSD,5m,2026-09-22T15:30:00+00:00,4332.12,4332.87,4327.68,4329.88,4647.0,2026-09-22T17:30:00+02:00
XAUUSD,5m,2026-09-22T15:35:00+00:00,4329.88,4330.62,4327.32,4328.84,3950.0,2026-09-22T17:35:00+02:00
XAUUSD,5m,2026-09-22T15:40:00+00:00,4328.84,4329.85,4327.26,4327.79,2996.0,2026-09-22T17:40:00+02:00
XAUUSD,5m,2026-09-22T15:45:00+00:00,4327.79,4327.96,4325.2,4326.4,3355.0,2026-09-22T17:45:00+02:00
XAUUSD,5m,2026-09-22T15:50:00+00:00,4326.4,4329.4,4326.07,4328.91,3225.0,2026-09-22T17:50:00+02:00
XAUUSD,5m,2026-09-22T15:55:00+00:00,4328.91,4331.94,4327.81,4331.14,3542.0,2026-09-22T17:55:00+02:00
XAUUSD,5m,2026-09-22T16:00:00+00:00,4331.14,4332.42,4325.71,4326.83,4187.0,2026-09-22T18:00:00+02:00
XAUUSD,5m,2026-09-22T16:05:00+00:00,4326.83,4327.02,4324.44,4324.76,2973.0,2026-09-22T18:05:00+02:00
XAUUSD,5m,2026-09-22T16:10:00+00:00,4324.76,4325.45,4322.5,4323.74,2839.0,2026-09-22T18:10:00+02:00
XAUUSD,5m,2026-09-22T16:15:00+00:00,4323.74,4326.72,4323.28,4326.34,2536.0,2026-09-22T18:15:00+02:00
XAUUSD,5m,2026-09-22T16:20:00+00:00,4326.34,4326.75,4324.32,4325.67,2827.0,2026-09-22T18:20:00+02:00
XAUUSD,5m,2026-09-22T16:25:00+00:00,4325.67,4327.42,4325.53,4326.81,1824.0,2026-09-22T18:25:00+02:00
XAUUSD,5m,2026-09-22T16:30:00+00:00,4326.81,4328.82,4326.18,4328.82,2108.0,2026-09-22T18:30:00+02:00
XAUUSD,5m,2026-09-22T16:35:00+00:00,4328.82,4328.96,4327.27,4328.67,1746.0,2026-09-22T18:35:00+02:00
XAUUSD,5m,2026-09-22T16:40:00+00:00,4328.67,4332.35,4327.7,4332.03,1872.0,2026-09-22T18:40:00+02:00
XAUUSD,5m,2026-09-22T16:45:00+00:00,4332.03,4341.22,4331.13,4339.64,4653.0,2026-09-22T18:45:00+02:00
XAUUSD,5m,2026-09-22T16:50:00+00:00,4339.64,4341.79,4336.69,4337.2,5511.0,2026-09-22T18:50:00+02:00
XAUUSD,5m,2026-09-22T16:55:00+00:00,4337.2,4339.11,4334.57,4336.2,3012.0,2026-09-22T18:55:00+02:00
XAUUSD,5m,2026-09-22T17:00:00+00:00,4336.2,4337.74,4334.65,4336.98,2600.0,2026-09-22T19:00:00+02:00
XAUUSD,5m,2026-09-22T17:05:00+00:00,4336.98,4341.01,4336.67,4337.74,2980.0,2026-09-22T19:05:00+02:00
XAUUSD,5m,2026-09-22T17:10:00+00:00,4337.74,4339.98,4337.04,4337.85,2636.0,2026-09-22T19:10:00+02:00
XAUUSD,5m,2026-09-22T17:15:00+00:00,4337.85,4340.33,4336.93,4337.56,2488.0,2026-09-22T19:15:00+02:00
XAUUSD,5m,2026-09-22T17:20:00+00:00,4337.56,4339.84,4336.38,4336.45,2356.0,2026-09-22T19:20:00+02:00
XAUUSD,5m,2026-09-22T17:25:00+00:00,4336.45,4339.69,4335.5,4339.3,3015.0,2026-09-22T19:25:00+02:00
XAUUSD,5m,2026-09-22T17:30:00+00:00,4339.3,4340.26,4334.79,4336.41,2302.0,2026-09-22T19:30:00+02:00
XAUUSD,5m,2026-09-22T17:35:00+00:00,4336.41,4337.67,4335.92,4336.38,1791.0,2026-09-22T19:35:00+02:00
XAUUSD,5m,2026-09-22T17:40:00+00:00,4336.38,4338.82,4335.64,4338.64,2035.0,2026-09-22T19:40:00+02:00
XAUUSD,5m,2026-09-22T17:45:00+00:00,4338.64,4340.6,4338.22,4339.89,1789.0,2026-09-22T19:45:00+02:00
XAUUSD,5m,2026-09-22T17:50:00+00:00,4339.89,4352.7,4339.22,4349.49,7771.0,2026-09-22T19:50:00+02:00
XAUUSD,5m,2026-09-22T17:55:00+00:00,4349.49,4352.72,4348.51,4350.65,6182.0,2026-09-22T19:55:00+02:00
XAUUSD,5m,2026-09-22T18:00:00+00:00,4350.65,4352.88,4347.53,4351.6,5566.0,2026-09-22T20:00:00+02:00
XAUUSD,5m,2026-09-22T18:05:00+00:00,4351.6,4359.81,4351.6,4357.48,7091.0,2026-09-22T20:05:00+02:00
XAUUSD,5m,2026-09-22T18:10:00+00:00,4357.48,4360.12,4355.32,4358.16,6751.0,2026-09-22T20:10:00+02:00
XAUUSD,5m,2026-09-22T18:15:00+00:00,4358.16,4360.6,4357.45,4358.11,5582.0,2026-09-22T20:15:00+02:00
XAUUSD,5m,2026-09-22T18:20:00+00:00,4358.11,4359.97,4354.61,4355.38,4615.0,2026-09-22T20:20:00+02:00
XAUUSD,5m,2026-09-22T18:25:00+00:00,4355.38,4357.41,4353.91,4356.31,4567.0,2026-09-22T20:25:00+02:00
XAUUSD,5m,2026-09-22T18:30:00+00:00,4356.31,4357.05,4352.04,4352.81,3762.0,2026-09-22T20:30:00+02:00
XAUUSD,5m,2026-09-22T18:35:00+00:00,4352.81,4353.51,4350.74,4352.12,3357.0,2026-09-22T20:35:00+02:00
XAUUSD,5m,2026-09-22T18:40:00+00:00,4352.12,4352.16,4348.56,4350.3,2618.0,2026-09-22T20:40:00+02:00
XAUUSD,5m,2026-09-22T18:45:00+00:00,4350.3,4353.96,4350.27,4353.03,2209.0,2026-09-22T20:45:00+02:00
XAUUSD,5m,2026-09-22T18:50:00+00:00,4353.03,4354.28,4352.1,4352.23,2807.0,2026-09-22T20:50:00+02:00
XAUUSD,5m,2026-09-22T18:55:00+00:00,4352.23,4353.58,4350.84,4353.32,2479.0,2026-09-22T20:55:00+02:00
XAUUSD,5m,2026-09-22T19:00:00+00:00,4353.32,4355.95,4353.24,4354.68,2496.0,2026-09-22T21:00:00+02:00
XAUUSD,5m,2026-09-22T19:05:00+00:00,4354.68,4357.97,4353.7,4357.4,3087.0,2026-09-22T21:05:00+02:00
XAUUSD,5m,2026-09-22T19:10:00+00:00,4357.4,4359.1,4356.94,4358.21,2741.0,2026-09-22T21:10:00+02:00
XAUUSD,5m,2026-09-22T19:15:00+00:00,4358.21,4359.02,4356.58,4358.04,2063.0,2026-09-22T21:15:00+02:00
XAUUSD,5m,2026-09-22T19:20:00+00:00,4358.04,4359.08,4356.3,4359.07,2907.0,2026-09-22T21:20:00+02:00
XAUUSD,5m,2026-09-22T19:25:00+00:00,4359.07,4361.46,4357.31,4359.84,4669.0,2026-09-22T21:25:00+02:00
XAUUSD,5m,2026-09-22T19:30:00+00:00,4359.84,4370.35,4359.71,4369.74,6056.0,2026-09-22T21:30:00+02:00
XAUUSD,5m,2026-09-22T19:35:00+00:00,4369.74,4371.25,4366.3,4369.55,6052.0,2026-09-22T21:35:00+02:00
XAUUSD,5m,2026-09-22T19:40:00+00:00,4369.55,4371.01,4366.82,4369.23,4936.0,2026-09-22T21:40:00+02:00
XAUUSD,5m,2026-09-22T19:45:00+00:00,4369.23,4370.45,4368.25,4369.32,3563.0,2026-09-22T21:45:00+02:00
XAUUSD,5m,2026-09-22T19:50:00+00:00,4369.32,4369.38,4366.69,4366.83,2672.0,2026-09-22T21:50:00+02:00
XAUUSD,5m,2026-09-22T19:55:00+00:00,4366.83,4366.86,4363.29,4363.95,3654.0,2026-09-22T21:55:00+02:00
XAUUSD,5m,2026-09-22T20:00:00+00:00,4363.95,4364.52,4362.3,4362.58,1727.0,2026-09-22T22:00:00+02:00
XAUUSD,5m,2026-09-22T20:05:00+00:00,4362.58,4363.07,4360.86,4362.06,1361.0,2026-09-22T22:05:00+02:00
XAUUSD,5m,2026-09-22T20:10:00+00:00,4362.06,4362.37,4358.39,4359.32,1114.0,2026-09-22T22:10:00+02:00
XAUUSD,5m,2026-09-22T20:15:00+00:00,4359.32,4360.47,4358.84,4359.38,1001.0,2026-09-22T22:15:00+02:00
XAUUSD,5m,2026-09-22T20:20:00+00:00,4359.38,4360.61,4358.15,4360.29,1270.0,2026-09-22T22:20:00+02:00
XAUUSD,5m,2026-09-22T20:25:00+00:00,4360.29,4360.53,4358.92,4359.53,935.0,2026-09-22T22:25:00+02:00
XAUUSD,5m,2026-09-22T20:30:00+00:00,4359.53,4360.02,4358.47,4358.84,815.0,2026-09-22T22:30:00+02:00
XAUUSD,5m,2026-09-22T20:35:00+00:00,4358.84,4359.09,4357.46,4357.65,757.0,2026-09-22T22:35:00+02:00
XAUUSD,5m,2026-09-22T20:40:00+00:00,4357.65,4359.09,4357.65,4358.55,539.0,2026-09-22T22:40:00+02:00
XAUUSD,5m,2026-09-22T20:45:00+00:00,4358.55,4358.61,4357.58,4357.58,597.0,2026-09-22T22:45:00+02:00
XAUUSD,5m,2026-09-22T20:50:00+00:00,4357.58,4359.88,4357.58,4358.24,851.0,2026-09-22T22:50:00+02:00
XAUUSD,5m,2026-09-22T20:55:00+00:00,4358.24,4359.05,4355.37,4357.63,1297.0,2026-09-22T22:55:00+02:00
XAUUSD,5m,2026-09-22T21:00:00+00:00,4357.63,4357.74,4357.63,4357.74,5.0,2026-09-22T23:00:00+02:00
XAUUSD,5m,2026-09-22T22:00:00+00:00,4357.74,4363.47,4357.74,4363.02,1369.0,2026-09-23T00:00:00+02:00
XAUUSD,5m,2026-09-22T22:05:00+00:00,4363.02,4364.53,4361.54,4362.07,1637.0,2026-09-23T00:05:00+02:00
XAUUSD,5m,2026-09-22T22:10:00+00:00,4362.07,4364.35,4361.22,4364.26,1249.0,2026-09-23T00:10:00+02:00
XAUUSD,5m,2026-09-22T22:15:00+00:00,4364.26,4364.26,4362.84,4363.81,635.0,2026-09-23T00:15:00+02:00
XAUUSD,5m,2026-09-22T22:20:00+00:00,4363.81,4363.97,4362.33,4363.85,674.0,2026-09-23T00:20:00+02:00
XAUUSD,5m,2026-09-22T22:25:00+00:00,4363.85,4365.33,4362.73,4364.61,851.0,2026-09-23T00:25:00+02:00
XAUUSD,5m,2026-09-22T22:30:00+00:00,4364.61,4365.19,4363.16,4364.3,500.0,2026-09-23T00:30:00+02:00
XAUUSD,5m,2026-09-22T22:35:00+00:00,4364.3,4364.74,4363.45,4363.9,331.0,2026-09-23T00:35:00+02:00
XAUUSD,5m,2026-09-22T22:40:00+00:00,4363.9,4364.89,4362.6,4362.81,677.0,2026-09-23T00:40:00+02:00
XAUUSD,5m,2026-09-22T22:45:00+00:00,4362.81,4363.06,4361.91,4361.91,487.0,2026-09-23T00:45:00+02:00
XAUUSD,5m,2026-09-22T22:50:00+00:00,4361.91,4362.96,4360.51,4362.38,683.0,2026-09-23T00:50:00+02:00
XAUUSD,5m,2026-09-22T22:55:00+00:00,4362.38,4362.91,4361.39,4362.18,580.0,2026-09-23T00:55:00+02:00
XAUUSD,5m,2026-09-22T23:00:00+00:00,4362.18,4364.3,4361.94,4363.48,881.0,2026-09-23T01:00:00+02:00
XAUUSD,5m,2026-09-22T23:05:00+00:00,4363.48,4363.6,4362.0,4362.92,594.0,2026-09-23T01:05:00+02:00
XAUUSD,5m,2026-09-22T23:10:00+00:00,4362.92,4363.49,4360.52,4361.4,731.0,2026-09-23T01:10:00+02:00
XAUUSD,5m,2026-09-22T23:15:00+00:00,4361.4,4365.47,4360.32,4364.97,796.0,2026-09-23T01:15:00+02:00
XAUUSD,5m,2026-09-22T23:20:00+00:00,4364.97,4364.97,4362.85,4363.58,640.0,2026-09-23T01:20:00+02:00
XAUUSD,5m,2026-09-22T23:25:00+00:00,4363.58,4363.68,4362.06,4363.52,393.0,2026-09-23T01:25:00+02:00
XAUUSD,5m,2026-09-22T23:30:00+00:00,4363.52,4364.39,4362.91,4363.23,457.0,2026-09-23T01:30:00+02:00
XAUUSD,5m,2026-09-22T23:35:00+00:00,4363.23,4364.38,4360.46,4363.35,864.0,2026-09-23T01:35:00+02:00
XAUUSD,5m,2026-09-22T23:40:00+00:00,4363.35,4364.61,4362.84,4363.78,490.0,2026-09-23T01:40:00+02:00
XAUUSD,5m,2026-09-22T23:45:00+00:00,4363.78,4363.92,4359.6,4359.81,1532.0,2026-09-23T01:45:00+02:00
XAUUSD,5m,2026-09-22T23:50:00+00:00,4359.81,4364.04,4358.35,4363.67,1891.0,2026-09-23T01:50:00+02:00
XAUUSD,5m,2026-09-22T23:55:00+00:00,4363.67,4365.55,4362.06,4363.85,1896.0,2026-09-23T01:55:00+02:00
XAUUSD,5m,2026-09-23T00:00:00+00:00,4363.85,4369.37,4362.52,4367.16,3670.0,2026-09-23T02:00:00+02:00
XAUUSD,5m,2026-09-23T00:05:00+00:00,4367.16,4367.19,4361.71,4363.03,2668.0,2026-09-23T02:05:00+02:00
XAUUSD,5m,2026-09-23T00:10:00+00:00,4363.03,4366.25,4362.14,4365.69,2214.0,2026-09-23T02:10:00+02:00
XAUUSD,5m,2026-09-23T00:15:00+00:00,4365.69,4366.24,4363.16,4363.7,2462.0,2026-09-23T02:15:00+02:00
XAUUSD,5m,2026-09-23T00:20:00+00:00,4363.7,4363.97,4359.97,4360.62,2047.0,2026-09-23T02:20:00+02:00
XAUUSD,5m,2026-09-23T00:25:00+00:00,4360.62,4361.87,4358.73,4358.84,1788.0,2026-09-23T02:25:00+02:00
XAUUSD,5m,2026-09-23T00:30:00+00:00,4358.84,4361.85,4358.26,4359.14,2189.0,2026-09-23T02:30:00+02:00
XAUUSD,5m,2026-09-23T00:35:00+00:00,4359.14,4359.77,4354.87,4357.32,2333.0,2026-09-23T02:35:00+02:00
XAUUSD,5m,2026-09-23T00:40:00+00:00,4357.32,4359.71,4355.58,4359.14,2374.0,2026-09-23T02:40:00+02:00
XAUUSD,5m,2026-09-23T00:45:00+00:00,4359.14,4360.81,4356.85,4357.16,1788.0,2026-09-23T02:45:00+02:00
XAUUSD,5m,2026-09-23T00:50:00+00:00,4357.16,4358.9,4356.76,4356.95,1462.0,2026-09-23T02:50:00+02:00
XAUUSD,5m,2026-09-23T00:55:00+00:00,4356.95,4358.49,4356.2,4357.44,1994.0,2026-09-23T02:55:00+02:00
XAUUSD,5m,2026-09-23T01:00:00+00:00,4357.44,4359.23,4350.29,4351.08,6506.0,2026-09-23T03:00:00+02:00
XAUUSD,5m,2026-09-23T01:05:00+00:00,4351.08,4353.33,4350.23,4350.49,3613.0,2026-09-23T03:05:00+02:00
XAUUSD,5m,2026-09-23T01:10:00+00:00,4350.49,4350.72,4346.2,4349.49,3059.0,2026-09-23T03:10:00+02:00
XAUUSD,5m,2026-09-23T01:15:00+00:00,4349.49,4349.5,4345.58,4347.91,2746.0,2026-09-23T03:15:00+02:00
XAUUSD,5m,2026-09-23T01:20:00+00:00,4347.91,4349.04,4346.43,4347.7,2119.0,2026-09-23T03:20:00+02:00
XAUUSD,5m,2026-09-23T01:25:00+00:00,4347.7,4347.72,4342.58,4343.58,2486.0,2026-09-23T03:25:00+02:00
XAUUSD,5m,2026-09-23T01:30:00+00:00,4343.58,4344.32,4341.5,4343.26,2589.0,2026-09-23T03:30:00+02:00
XAUUSD,5m,2026-09-23T01:35:00+00:00,4343.26,4346.2,4342.91,4345.46,2470.0,2026-09-23T03:35:00+02:00
XAUUSD,5m,2026-09-23T01:40:00+00:00,4345.46,4346.04,4341.91,4344.74,2639.0,2026-09-23T03:40:00+02:00
XAUUSD,5m,2026-09-23T01:45:00+00:00,4344.74,4346.57,4343.68,4345.55,2425.0,2026-09-23T03:45:00+02:00
XAUUSD,5m,2026-09-23T01:50:00+00:00,4345.55,4346.38,4340.6,4340.64,2731.0,2026-09-23T03:50:00+02:00
XAUUSD,5m,2026-09-23T01:55:00+00:00,4340.64,4341.55,4338.87,4341.39,2084.0,2026-09-23T03:55:00+02:00
XAUUSD,5m,2026-09-23T02:00:00+00:00,4341.39,4341.39,4338.08,4338.64,2251.0,2026-09-23T04:00:00+02:00
XAUUSD,5m,2026-09-23T02:05:00+00:00,4338.64,4339.51,4337.55,4338.0,2049.0,2026-09-23T04:05:00+02:00
XAUUSD,5m,2026-09-23T02:10:00+00:00,4338.0,4339.41,4337.11,4337.15,1606.0,2026-09-23T04:10:00+02:00
XAUUSD,5m,2026-09-23T02:15:00+00:00,4337.15,4337.24,4334.38,4335.71,2029.0,2026-09-23T04:15:00+02:00
XAUUSD,5m,2026-09-23T02:20:00+00:00,4335.71,4338.27,4334.43,4337.8,1789.0,2026-09-23T04:20:00+02:00
XAUUSD,5m,2026-09-23T02:25:00+00:00,4337.8,4339.59,4337.53,4338.27,1560.0,2026-09-23T04:25:00+02:00
XAUUSD,5m,2026-09-23T02:30:00+00:00,4338.27,4338.85,4336.57,4338.13,2307.0,2026-09-23T04:30:00+02:00
XAUUSD,5m,2026-09-23T02:35:00+00:00,4338.13,4338.78,4333.31,4333.89,2192.0,2026-09-23T04:35:00+02:00
XAUUSD,5m,2026-09-23T02:40:00+00:00,4333.89,4337.32,4333.86,4337.01,1504.0,2026-09-23T04:40:00+02:00
XAUUSD,5m,2026-09-23T02:45:00+00:00,4337.01,4338.0,4334.65,4335.04,1777.0,2026-09-23T04:45:00+02:00
XAUUSD,5m,2026-09-23T02:50:00+00:00,4335.04,4336.75,4334.33,4336.01,1587.0,2026-09-23T04:50:00+02:00
XAUUSD,5m,2026-09-23T02:55:00+00:00,4336.01,4336.01,4333.29,4334.0,1806.0,2026-09-23T04:55:00+02:00
XAUUSD,5m,2026-09-23T03:00:00+00:00,4334.0,4335.39,4333.2,4334.87,1413.0,2026-09-23T05:00:00+02:00
XAUUSD,5m,2026-09-23T03:05:00+00:00,4334.87,4336.87,4334.17,4335.53,1767.0,2026-09-23T05:05:00+02:00
XAUUSD,5m,2026-09-23T03:10:00+00:00,4335.53,4339.61,4335.39,4338.82,1484.0,2026-09-23T05:10:00+02:00
XAUUSD,5m,2026-09-23T03:15:00+00:00,4338.82,4339.03,4335.76,4336.28,1624.0,2026-09-23T05:15:00+02:00
XAUUSD,5m,2026-09-23T03:20:00+00:00,4336.28,4340.09,4335.9,4339.34,1263.0,2026-09-23T05:20:00+02:00
XAUUSD,5m,2026-09-23T03:25:00+00:00,4339.34,4340.37,4337.84,4337.94,1459.0,2026-09-23T05:25:00+02:00
XAUUSD,5m,2026-09-23T03:30:00+00:00,4337.94,4340.47,4337.05,4339.02,1606.0,2026-09-23T05:30:00+02:00
XAUUSD,5m,2026-09-23T03:35:00+00:00,4339.02,4340.08,4338.67,4339.66,1093.0,2026-09-23T05:35:00+02:00
XAUUSD,5m,2026-09-23T03:40:00+00:00,4339.66,4341.64,4339.66,4341.33,1066.0,2026-09-23T05:40:00+02:00
XAUUSD,5m,2026-09-23T03:45:00+00:00,4341.33,4342.89,4341.19,4342.03,812.0,2026-09-23T05:45:00+02:00
XAUUSD,5m,2026-09-23T03:50:00+00:00,4342.03,4344.54,4341.76,4344.35,1309.0,2026-09-23T05:50:00+02:00
XAUUSD,5m,2026-09-23T03:55:00+00:00,4344.35,4345.39,4342.48,4342.57,1660.0,2026-09-23T05:55:00+02:00
XAUUSD,5m,2026-09-23T04:00:00+00:00,4342.57,4345.05,4342.43,4344.45,1472.0,2026-09-23T06:00:00+02:00
XAUUSD,5m,2026-09-23T04:05:00+00:00,4344.45,4345.69,4343.96,4344.74,1255.0,2026-09-23T06:05:00+02:00
XAUUSD,5m,2026-09-23T04:10:00+00:00,4344.74,4346.78,4344.09,4345.81,1102.0,2026-09-23T06:10:00+02:00
XAUUSD,5m,2026-09-23T04:15:00+00:00,4345.81,4347.13,4344.73,4346.51,1289.0,2026-09-23T06:15:00+02:00
XAUUSD,5m,2026-09-23T04:20:00+00:00,4346.51,4347.19,4344.51,4344.7,1049.0,2026-09-23T06:20:00+02:00
XAUUSD,5m,2026-09-23T04:25:00+00:00,4344.7,4345.61,4344.64,4345.44,717.0,2026-09-23T06:25:00+02:00
XAUUSD,5m,2026-09-23T04:30:00+00:00,4345.44,4346.16,4344.17,4345.35,906.0,2026-09-23T06:30:00+02:00
XAUUSD,5m,2026-09-23T04:35:00+00:00,4345.35,4346.84,4344.2,4344.5,920.0,2026-09-23T06:35:00+02:00
XAUUSD,5m,2026-09-23T04:40:00+00:00,4344.5,4345.46,4343.36,4344.43,761.0,2026-09-23T06:40:00+02:00
XAUUSD,5m,2026-09-23T04:45:00+00:00,4344.43,4346.56,4344.16,4346.46,1024.0,2026-09-23T06:45:00+02:00
XAUUSD,5m,2026-09-23T04:50:00+00:00,4346.46,4346.73,4343.35,4344.89,1148.0,2026-09-23T06:50:00+02:00
XAUUSD,5m,2026-09-23T04:55:00+00:00,4344.89,4345.09,4343.56,4344.02,1278.0,2026-09-23T06:55:00+02:00
XAUUSD,5m,2026-09-23T05:00:00+00:00,4344.02,4345.28,4342.3,4344.21,1535.0,2026-09-23T07:00:00+02:00
XAUUSD,5m,2026-09-23T05:05:00+00:00,4344.21,4345.76,4343.39,4343.72,945.0,2026-09-23T07:05:00+02:00
XAUUSD,5m,2026-09-23T05:10:00+00:00,4343.72,4343.72,4341.89,4342.21,780.0,2026-09-23T07:10:00+02:00
XAUUSD,5m,2026-09-23T05:15:00+00:00,4342.21,4343.35,4341.62,4342.31,692.0,2026-09-23T07:15:00+02:00
XAUUSD,5m,2026-09-23T05:20:00+00:00,4342.31,4342.79,4341.33,4341.86,933.0,2026-09-23T07:20:00+02:00
XAUUSD,5m,2026-09-23T05:25:00+00:00,4341.86,4343.39,4340.09,4340.99,1322.0,2026-09-23T07:25:00+02:00
XAUUSD,5m,2026-09-23T05:30:00+00:00,4340.99,4342.18,4337.26,4337.67,2889.0,2026-09-23T07:30:00+02:00
XAUUSD,5m,2026-09-23T05:35:00+00:00,4337.67,4337.77,4334.22,4334.5,1998.0,2026-09-23T07:35:00+02:00
XAUUSD,5m,2026-09-23T05:40:00+00:00,4334.5,4336.29,4328.85,4329.18,2742.0,2026-09-23T07:40:00+02:00
XAUUSD,5m,2026-09-23T05:45:00+00:00,4329.18,4331.57,4328.99,4329.03,2158.0,2026-09-23T07:45:00+02:00
XAUUSD,5m,2026-09-23T05:50:00+00:00,4329.03,4333.05,4327.87,4332.72,2150.0,2026-09-23T07:50:00+02:00
XAUUSD,5m,2026-09-23T05:55:00+00:00,4332.72,4335.19,4332.42,4334.51,1845.0,2026-09-23T07:55:00+02:00
XAUUSD,5m,2026-09-23T06:00:00+00:00,4334.51,4336.64,4333.74,4335.15,3314.0,2026-09-23T08:00:00+02:00
XAUUSD,5m,2026-09-23T06:05:00+00:00,4335.15,4335.63,4331.31,4331.43,2616.0,2026-09-23T08:05:00+02:00
XAUUSD,5m,2026-09-23T06:10:00+00:00,4331.43,4331.68,4329.24,4330.62,2328.0,2026-09-23T08:10:00+02:00
XAUUSD,5m,2026-09-23T06:15:00+00:00,4330.62,4330.62,4327.27,4329.19,2189.0,2026-09-23T08:15:00+02:00
XAUUSD,5m,2026-09-23T06:20:00+00:00,4329.19,4329.87,4325.88,4329.82,2542.0,2026-09-23T08:20:00+02:00
XAUUSD,5m,2026-09-23T06:25:00+00:00,4329.82,4331.1,4328.49,4328.67,2259.0,2026-09-23T08:25:00+02:00
XAUUSD,5m,2026-09-23T06:30:00+00:00,4328.67,4331.97,4328.49,4331.69,2468.0,2026-09-23T08:30:00+02:00
XAUUSD,5m,2026-09-23T06:35:00+00:00,4331.69,4333.57,4331.22,4333.32,2020.0,2026-09-23T08:35:00+02:00
XAUUSD,5m,2026-09-23T06:40:00+00:00,4333.32,4334.7,4333.01,4334.23,2573.0,2026-09-23T08:40:00+02:00
XAUUSD,5m,2026-09-23T06:45:00+00:00,4334.23,4337.1,4330.99,4335.9,2821.0,2026-09-23T08:45:00+02:00
XAUUSD,5m,2026-09-23T06:50:00+00:00,4335.9,4336.23,4332.79,4333.34,1891.0,2026-09-23T08:50:00+02:00
XAUUSD,5m,2026-09-23T06:55:00+00:00,4333.34,4333.37,4330.06,4331.26,2244.0,2026-09-23T08:55:00+02:00
XAUUSD,5m,2026-09-23T07:00:00+00:00,4331.26,4332.72,4329.56,4331.16,3055.0,2026-09-23T09:00:00+02:00
XAUUSD,5m,2026-09-23T07:05:00+00:00,4331.16,4331.24,4327.24,4328.39,3001.0,2026-09-23T09:05:00+02:00
XAUUSD,5m,2026-09-23T07:10:00+00:00,4328.39,4328.59,4324.34,4324.71,3071.0,2026-09-23T09:10:00+02:00
XAUUSD,5m,2026-09-23T07:15:00+00:00,4324.71,4328.54,4324.71,4325.95,2817.0,2026-09-23T09:15:00+02:00
XAUUSD,5m,2026-09-23T07:20:00+00:00,4325.95,4327.11,4325.17,4326.12,1967.0,2026-09-23T09:20:00+02:00
XAUUSD,5m,2026-09-23T07:25:00+00:00,4326.12,4326.23,4322.12,4323.76,2097.0,2026-09-23T09:25:00+02:00
XAUUSD,5m,2026-09-23T07:30:00+00:00,4323.76,4324.95,4319.97,4320.6,3004.0,2026-09-23T09:30:00+02:00
XAUUSD,5m,2026-09-23T07:35:00+00:00,4320.6,4323.42,4319.05,4321.97,2514.0,2026-09-23T09:35:00+02:00
XAUUSD,5m,2026-09-23T07:40:00+00:00,4321.97,4323.44,4320.52,4322.4,2050.0,2026-09-23T09:40:00+02:00
XAUUSD,5m,2026-09-23T07:45:00+00:00,4322.4,4323.03,4320.79,4322.79,1724.0,2026-09-23T09:45:00+02:00
XAUUSD,5m,2026-09-23T07:50:00+00:00,4322.79,4324.87,4321.55,4322.12,1967.0,2026-09-23T09:50:00+02:00
XAUUSD,5m,2026-09-23T07:55:00+00:00,4322.12,4325.39,4318.87,4319.49,2355.0,2026-09-23T09:55:00+02:00
XAUUSD,5m,2026-09-23T08:00:00+00:00,4319.49,4321.37,4317.99,4319.8,3162.0,2026-09-23T10:00:00+02:00
XAUUSD,5m,2026-09-23T08:05:00+00:00,4319.8,4320.99,4317.52,4318.26,2535.0,2026-09-23T10:05:00+02:00
XAUUSD,5m,2026-09-23T08:10:00+00:00,4318.26,4319.72,4317.03,4319.63,2335.0,2026-09-23T10:10:00+02:00
XAUUSD,5m,2026-09-23T08:15:00+00:00,4319.63,4320.55,4317.07,4318.52,2446.0,2026-09-23T10:15:00+02:00
XAUUSD,5m,2026-09-23T08:20:00+00:00,4318.52,4321.79,4318.1,4321.68,2199.0,2026-09-23T10:20:00+02:00
XAUUSD,5m,2026-09-23T08:25:00+00:00,4321.68,4322.71,4318.63,4318.92,2204.0,2026-09-23T10:25:00+02:00
XAUUSD,5m,2026-09-23T08:30:00+00:00,4318.92,4320.28,4316.36,4318.47,2069.0,2026-09-23T10:30:00+02:00
XAUUSD,5m,2026-09-23T08:35:00+00:00,4318.47,4319.98,4316.2,4317.03,1881.0,2026-09-23T10:35:00+02:00
XAUUSD,5m,2026-09-23T08:40:00+00:00,4317.03,4318.45,4315.79,4316.36,1793.0,2026-09-23T10:40:00+02:00
XAUUSD,5m,2026-09-23T08:45:00+00:00,4316.36,4319.07,4315.33,4318.71,1797.0,2026-09-23T10:45:00+02:00
XAUUSD,5m,2026-09-23T08:50:00+00:00,4318.71,4318.72,4316.47,4316.98,1441.0,2026-09-23T10:50:00+02:00
XAUUSD,5m,2026-09-23T08:55:00+00:00,4316.98,4319.33,4316.59,4318.09,1790.0,2026-09-23T10:55:00+02:00
XAUUSD,5m,2026-09-23T09:00:00+00:00,4318.09,4320.27,4317.83,4317.96,2060.0,2026-09-23T11:00:00+02:00
XAUUSD,5m,2026-09-23T09:05:00+00:00,4317.96,4319.43,4317.21,4319.1,1445.0,2026-09-23T11:05:00+02:00
XAUUSD,5m,2026-09-23T09:10:00+00:00,4319.1,4320.33,4318.53,4319.94,1333.0,2026-09-23T11:10:00+02:00
XAUUSD,5m,2026-09-23T09:15:00+00:00,4319.94,4320.02,4315.62,4317.27,1662.0,2026-09-23T11:15:00+02:00
XAUUSD,5m,2026-09-23T09:20:00+00:00,4317.27,4319.53,4316.02,4319.2,1925.0,2026-09-23T11:20:00+02:00
XAUUSD,5m,2026-09-23T09:25:00+00:00,4319.2,4319.85,4315.76,4316.96,1520.0,2026-09-23T11:25:00+02:00
XAUUSD,5m,2026-09-23T09:30:00+00:00,4316.96,4319.04,4313.23,4313.84,2098.0,2026-09-23T11:30:00+02:00
XAUUSD,5m,2026-09-23T09:35:00+00:00,4313.84,4315.69,4313.59,4314.53,1449.0,2026-09-23T11:35:00+02:00
XAUUSD,5m,2026-09-23T09:40:00+00:00,4314.53,4316.37,4313.97,4316.24,1224.0,2026-09-23T11:40:00+02:00
XAUUSD,5m,2026-09-23T09:45:00+00:00,4316.24,4316.25,4308.31,4308.82,2838.0,2026-09-23T11:45:00+02:00
XAUUSD,5m,2026-09-23T09:50:00+00:00,4308.82,4312.83,4308.71,4312.28,2157.0,2026-09-23T11:50:00+02:00
XAUUSD,5m,2026-09-23T09:55:00+00:00,4312.28,4314.42,4312.17,4314.16,1381.0,2026-09-23T11:55:00+02:00
XAUUSD,5m,2026-09-23T10:00:00+00:00,4314.16,4318.93,4313.59,4317.96,1964.0,2026-09-23T12:00:00+02:00
XAUUSD,5m,2026-09-23T10:05:00+00:00,4317.96,4317.96,4316.0,4316.28,1662.0,2026-09-23T12:05:00+02:00
XAUUSD,5m,2026-09-23T10:10:00+00:00,4316.28,4316.97,4315.15,4316.63,1564.0,2026-09-23T12:10:00+02:00
XAUUSD,5m,2026-09-23T10:15:00+00:00,4316.63,4316.76,4315.23,4316.62,1353.0,2026-09-23T12:15:00+02:00
XAUUSD,5m,2026-09-23T10:20:00+00:00,4316.62,4316.8,4314.65,4315.42,1280.0,2026-09-23T12:20:00+02:00
XAUUSD,5m,2026-09-23T10:25:00+00:00,4315.42,4317.8,4314.29,4317.63,1472.0,2026-09-23T12:25:00+02:00
XAUUSD,5m,2026-09-23T10:30:00+00:00,4317.63,4319.04,4315.72,4315.83,1944.0,2026-09-23T12:30:00+02:00
XAUUSD,5m,2026-09-23T10:35:00+00:00,4315.83,4316.73,4314.67,4316.56,1493.0,2026-09-23T12:35:00+02:00
XAUUSD,5m,2026-09-23T10:40:00+00:00,4316.56,4316.57,4314.2,4315.67,1480.0,2026-09-23T12:40:00+02:00
XAUUSD,5m,2026-09-23T10:45:00+00:00,4315.67,4315.68,4312.26,4313.34,1885.0,2026-09-23T12:45:00+02:00
XAUUSD,5m,2026-09-23T10:50:00+00:00,4313.34,4316.03,4313.14,4315.5,1469.0,2026-09-23T12:50:00+02:00
XAUUSD,5m,2026-09-23T10:55:00+00:00,4315.5,4316.06,4313.98,4315.52,1582.0,2026-09-23T12:55:00+02:00
XAUUSD,5m,2026-09-23T11:00:00+00:00,4315.52,4316.8,4312.67,4314.88,2568.0,2026-09-23T13:00:00+02:00
XAUUSD,5m,2026-09-23T11:05:00+00:00,4314.88,4315.86,4313.65,4315.29,1873.0,2026-09-23T13:05:00+02:00
XAUUSD,5m,2026-09-23T11:10:00+00:00,4315.29,4316.97,4313.97,4314.93,1773.0,2026-09-23T13:10:00+02:00
XAUUSD,5m,2026-09-23T11:15:00+00:00,4314.93,4315.66,4310.59,4311.06,1692.0,2026-09-23T13:15:00+02:00
XAUUSD,5m,2026-09-23T11:20:00+00:00,4311.06,4311.62,4303.92,4305.62,3124.0,2026-09-23T13:20:00+02:00
XAUUSD,5m,2026-09-23T11:25:00+00:00,4305.62,4308.78,4303.62,4306.26,3484.0,2026-09-23T13:25:00+02:00
XAUUSD,5m,2026-09-23T11:30:00+00:00,4306.26,4306.87,4300.83,4302.15,3247.0,2026-09-23T13:30:00+02:00
XAUUSD,5m,2026-09-23T11:35:00+00:00,4302.15,4303.63,4294.16,4299.69,4126.0,2026-09-23T13:35:00+02:00
XAUUSD,5m,2026-09-23T11:40:00+00:00,4299.69,4304.98,4298.09,4304.83,3686.0,2026-09-23T13:40:00+02:00
XAUUSD,5m,2026-09-23T11:45:00+00:00,4304.83,4308.45,4304.45,4307.28,3513.0,2026-09-23T13:45:00+02:00
XAUUSD,5m,2026-09-23T11:50:00+00:00,4307.28,4310.02,4305.73,4309.32,2810.0,2026-09-23T13:50:00+02:00
XAUUSD,5m,2026-09-23T11:55:00+00:00,4309.32,4309.83,4307.89,4309.46,2573.0,2026-09-23T13:55:00+02:00
XAUUSD,5m,2026-09-23T12:00:00+00:00,4309.46,4313.82,4308.99,4312.35,3387.0,2026-09-23T14:00:00+02:00
XAUUSD,5m,2026-09-23T12:05:00+00:00,4312.35,4315.14,4312.13,4313.46,3002.0,2026-09-23T14:05:00+02:00
XAUUSD,5m,2026-09-23T12:10:00+00:00,4313.46,4319.02,4312.81,4318.71,3309.0,2026-09-23T14:10:00+02:00
XAUUSD,5m,2026-09-23T12:15:00+00:00,4318.71,4318.71,4314.04,4314.84,3342.0,2026-09-23T14:15:00+02:00
XAUUSD,5m,2026-09-23T12:20:00+00:00,4314.84,4314.84,4309.86,4314.41,4244.0,2026-09-23T14:20:00+02:00
XAUUSD,5m,2026-09-23T12:25:00+00:00,4314.41,4314.82,4310.4,4311.02,2794.0,2026-09-23T14:25:00+02:00
XAUUSD,5m,2026-09-23T12:30:00+00:00,4311.02,4311.12,4307.77,4308.83,3405.0,2026-09-23T14:30:00+02:00
XAUUSD,5m,2026-09-23T12:35:00+00:00,4308.83,4309.53,4303.31,4303.62,3410.0,2026-09-23T14:35:00+02:00
XAUUSD,5m,2026-09-23T12:40:00+00:00,4303.62,4306.67,4301.89,4303.74,3330.0,2026-09-23T14:40:00+02:00
XAUUSD,5m,2026-09-23T12:45:00+00:00,4303.74,4306.81,4302.05,4304.01,2972.0,2026-09-23T14:45:00+02:00
XAUUSD,5m,2026-09-23T12:50:00+00:00,4304.01,4304.23,4300.84,4303.34,2764.0,2026-09-23T14:50:00+02:00
XAUUSD,5m,2026-09-23T12:55:00+00:00,4303.34,4310.85,4301.67,4309.64,3039.0,2026-09-23T14:55:00+02:00
XAUUSD,5m,2026-09-23T13:00:00+00:00,4309.64,4310.52,4304.51,4305.52,7244.0,2026-09-23T15:00:00+02:00
XAUUSD,5m,2026-09-23T13:05:00+00:00,4305.52,4306.05,4300.91,4301.7,4220.0,2026-09-23T15:05:00+02:00
XAUUSD,5m,2026-09-23T13:10:00+00:00,4301.7,4302.84,4297.86,4302.29,5082.0,2026-09-23T15:10:00+02:00
XAUUSD,5m,2026-09-23T13:15:00+00:00,4302.29,4305.94,4301.55,4302.57,4605.0,2026-09-23T15:15:00+02:00
XAUUSD,5m,2026-09-23T13:20:00+00:00,4302.57,4306.8,4302.22,4303.98,5560.0,2026-09-23T15:20:00+02:00
XAUUSD,5m,2026-09-23T13:25:00+00:00,4303.98,4312.38,4303.77,4312.29,5578.0,2026-09-23T15:25:00+02:00
XAUUSD,5m,2026-09-23T13:30:00+00:00,4312.29,4313.5,4300.89,4301.12,8832.0,2026-09-23T15:30:00+02:00
XAUUSD,5m,2026-09-23T13:35:00+00:00,4301.12,4305.13,4298.75,4303.37,7163.0,2026-09-23T15:35:00+02:00
XAUUSD,5m,2026-09-23T13:40:00+00:00,4303.37,4304.19,4286.2,4292.45,7308.0,2026-09-23T15:40:00+02:00
XAUUSD,5m,2026-09-23T13:45:00+00:00,4292.45,4292.48,4280.65,4284.83,11397.0,2026-09-23T15:45:00+02:00
XAUUSD,5m,2026-09-23T13:50:00+00:00,4284.83,4289.56,4282.19,4283.03,9765.0,2026-09-23T15:50:00+02:00
XAUUSD,5m,2026-09-23T13:55:00+00:00,4283.03,4286.95,4281.23,4283.71,8567.0,2026-09-23T15:55:00+02:00
XAUUSD,5m,2026-09-23T14:00:00+00:00,4283.71,4291.88,4283.41,4290.02,8606.0,2026-09-23T16:00:00+02:00
XAUUSD,5m,2026-09-23T14:05:00+00:00,4290.02,4293.33,4285.91,4291.58,7056.0,2026-09-23T16:05:00+02:00
XAUUSD,5m,2026-09-23T14:10:00+00:00,4291.58,4292.11,4281.86,4283.5,9374.0,2026-09-23T16:10:00+02:00
XAUUSD,5m,2026-09-23T14:15:00+00:00,4283.5,4287.43,4277.71,4277.99,8705.0,2026-09-23T16:15:00+02:00
XAUUSD,5m,2026-09-23T14:20:00+00:00,4277.99,4284.12,4277.99,4283.99,7776.0,2026-09-23T16:20:00+02:00
XAUUSD,5m,2026-09-23T14:25:00+00:00,4283.99,4284.9,4277.71,4280.61,7818.0,2026-09-23T16:25:00+02:00
XAUUSD,5m,2026-09-23T14:30:00+00:00,4280.61,4290.63,4280.38,4289.06,8551.0,2026-09-23T16:30:00+02:00
XAUUSD,5m,2026-09-23T14:35:00+00:00,4289.06,4291.87,4282.03,4282.22,7668.0,2026-09-23T16:35:00+02:00
XAUUSD,5m,2026-09-23T14:40:00+00:00,4282.22,4287.99,4282.21,4286.62,6689.0,2026-09-23T16:40:00+02:00
XAUUSD,5m,2026-09-23T14:45:00+00:00,4286.62,4288.22,4284.1,4285.9,6740.0,2026-09-23T16:45:00+02:00
XAUUSD,5m,2026-09-23T14:50:00+00:00,4285.9,4298.62,4284.06,4297.26,9273.0,2026-09-23T16:50:00+02:00
XAUUSD,5m,2026-09-23T14:55:00+00:00,4297.26,4297.34,4290.94,4294.27,8304.0,2026-09-23T16:55:00+02:00
XAUUSD,5m,2026-09-23T15:00:00+00:00,4294.27,4295.49,4289.39,4290.25,6953.0,2026-09-23T17:00:00+02:00
XAUUSD,5m,2026-09-23T15:05:00+00:00,4290.25,4295.07,4289.4,4294.27,4792.0,2026-09-23T17:05:00+02:00
XAUUSD,5m,2026-09-23T15:10:00+00:00,4294.27,4297.37,4293.65,4294.0,4766.0,2026-09-23T17:10:00+02:00
XAUUSD,5m,2026-09-23T15:15:00+00:00,4294.0,4295.18,4289.88,4292.97,4462.0,2026-09-23T17:15:00+02:00
XAUUSD,5m,2026-09-23T15:20:00+00:00,4292.97,4293.48,4290.43,4291.78,3685.0,2026-09-23T17:20:00+02:00
XAUUSD,5m,2026-09-23T15:25:00+00:00,4291.78,4293.86,4282.77,4283.29,4680.0,2026-09-23T17:25:00+02:00
XAUUSD,5m,2026-09-23T15:30:00+00:00,4283.29,4284.25,4280.37,4283.94,6201.0,2026-09-23T17:30:00+02:00
XAUUSD,5m,2026-09-23T15:35:00+00:00,4283.94,4285.77,4278.72,4279.76,4650.0,2026-09-23T17:35:00+02:00
XAUUSD,5m,2026-09-23T15:40:00+00:00,4279.76,4284.53,4278.94,4283.94,3469.0,2026-09-23T17:40:00+02:00
XAUUSD,5m,2026-09-23T15:45:00+00:00,4283.94,4285.17,4277.35,4278.08,4065.0,2026-09-23T17:45:00+02:00
XAUUSD,5m,2026-09-23T15:50:00+00:00,4278.08,4281.35,4277.59,4280.94,3445.0,2026-09-23T17:50:00+02:00
XAUUSD,5m,2026-09-23T15:55:00+00:00,4280.94,4282.58,4280.47,4282.16,3499.0,2026-09-23T17:55:00+02:00
XAUUSD,5m,2026-09-23T16:00:00+00:00,4282.16,4283.25,4278.63,4279.05,3681.0,2026-09-23T18:00:00+02:00
XAUUSD,5m,2026-09-23T16:05:00+00:00,4279.05,4284.46,4278.34,4282.78,3085.0,2026-09-23T18:05:00+02:00
XAUUSD,5m,2026-09-23T16:10:00+00:00,4282.78,4284.01,4281.77,4283.17,2516.0,2026-09-23T18:10:00+02:00
XAUUSD,5m,2026-09-23T16:15:00+00:00,4283.17,4284.85,4282.39,4284.13,3047.0,2026-09-23T18:15:00+02:00
XAUUSD,5m,2026-09-23T16:20:00+00:00,4284.13,4284.42,4282.14,4282.24,2550.0,2026-09-23T18:20:00+02:00
XAUUSD,5m,2026-09-23T16:25:00+00:00,4282.24,4285.88,4281.97,4285.88,2355.0,2026-09-23T18:25:00+02:00
XAUUSD,5m,2026-09-23T16:30:00+00:00,4285.88,4287.99,4284.84,4286.88,2776.0,2026-09-23T18:30:00+02:00
XAUUSD,5m,2026-09-23T16:35:00+00:00,4286.88,4289.66,4285.94,4287.8,2352.0,2026-09-23T18:35:00+02:00
XAUUSD,5m,2026-09-23T16:40:00+00:00,4287.8,4287.99,4285.98,4286.17,3044.0,2026-09-23T18:40:00+02:00
XAUUSD,5m,2026-09-23T16:45:00+00:00,4286.17,4286.88,4281.1,4282.93,6575.0,2026-09-23T18:45:00+02:00
XAUUSD,5m,2026-09-23T16:50:00+00:00,4282.93,4284.33,4278.97,4282.94,6353.0,2026-09-23T18:50:00+02:00
XAUUSD,5m,2026-09-23T16:55:00+00:00,4282.94,4285.94,4282.51,4284.87,4383.0,2026-09-23T18:55:00+02:00
XAUUSD,5m,2026-09-23T17:00:00+00:00,4284.87,4285.78,4275.46,4278.34,8303.0,2026-09-23T19:00:00+02:00
XAUUSD,5m,2026-09-23T17:05:00+00:00,4278.34,4283.93,4278.03,4283.66,6041.0,2026-09-23T19:05:00+02:00
XAUUSD,5m,2026-09-23T17:10:00+00:00,4283.66,4285.24,4277.6,4278.91,4583.0,2026-09-23T19:10:00+02:00
XAUUSD,5m,2026-09-23T17:15:00+00:00,4278.91,4280.98,4276.64,4279.83,3821.0,2026-09-23T19:15:00+02:00
XAUUSD,5m,2026-09-23T17:20:00+00:00,4279.83,4283.97,4279.32,4282.33,4128.0,2026-09-23T19:20:00+02:00
XAUUSD,5m,2026-09-23T17:25:00+00:00,4282.33,4283.58,4281.0,4282.21,4380.0,2026-09-23T19:25:00+02:00
XAUUSD,5m,2026-09-23T17:30:00+00:00,4282.21,4282.5,4277.15,4280.77,3839.0,2026-09-23T19:30:00+02:00
XAUUSD,5m,2026-09-23T17:35:00+00:00,4280.77,4280.91,4275.49,4276.29,3653.0,2026-09-23T19:35:00+02:00
XAUUSD,5m,2026-09-23T17:40:00+00:00,4276.29,4289.47,4274.4,4288.05,9183.0,2026-09-23T19:40:00+02:00
XAUUSD,5m,2026-09-23T17:45:00+00:00,4288.05,4290.93,4287.04,4290.57,6505.0,2026-09-23T19:45:00+02:00
XAUUSD,5m,2026-09-23T17:50:00+00:00,4290.57,4291.64,4288.9,4291.32,4437.0,2026-09-23T19:50:00+02:00
XAUUSD,5m,2026-09-23T17:55:00+00:00,4291.32,4293.21,4288.77,4292.97,4492.0,2026-09-23T19:55:00+02:00
XAUUSD,5m,2026-09-23T18:00:00+00:00,4292.97,4294.77,4290.17,4290.54,3803.0,2026-09-23T20:00:00+02:00
XAUUSD,5m,2026-09-23T18:05:00+00:00,4290.54,4291.05,4288.99,4290.34,2932.0,2026-09-23T20:05:00+02:00
XAUUSD,5m,2026-09-23T18:10:00+00:00,4290.34,4290.66,4287.85,4289.25,2303.0,2026-09-23T20:10:00+02:00
XAUUSD,5m,2026-09-23T18:15:00+00:00,4289.25,4291.24,4288.31,4290.0,3241.0,2026-09-23T20:15:00+02:00
XAUUSD,5m,2026-09-23T18:20:00+00:00,4290.0,4290.73,4287.67,4287.87,3420.0,2026-09-23T20:20:00+02:00
XAUUSD,5m,2026-09-23T18:25:00+00:00,4287.87,4288.42,4283.58,4285.89,2639.0,2026-09-23T20:25:00+02:00
XAUUSD,5m,2026-09-23T18:30:00+00:00,4285.89,4287.33,4284.57,4286.55,2843.0,2026-09-23T20:30:00+02:00
XAUUSD,5m,2026-09-23T18:35:00+00:00,4286.55,4287.7,4284.78,4285.07,2456.0,2026-09-23T20:35:00+02:00
XAUUSD,5m,2026-09-23T18:40:00+00:00,4285.07,4286.64,4284.05,4284.34,2537.0,2026-09-23T20:40:00+02:00
XAUUSD,5m,2026-09-23T18:45:00+00:00,4284.34,4286.71,4282.81,4286.58,2240.0,2026-09-23T20:45:00+02:00
XAUUSD,5m,2026-09-23T18:50:00+00:00,4286.58,4288.32,4286.45,4288.32,1648.0,2026-09-23T20:50:00+02:00
XAUUSD,5m,2026-09-23T18:55:00+00:00,4288.32,4290.7,4287.18,4290.37,2336.0,2026-09-23T20:55:00+02:00
XAUUSD,5m,2026-09-23T19:00:00+00:00,4290.37,4290.63,4287.62,4288.57,2742.0,2026-09-23T21:00:00+02:00
XAUUSD,5m,2026-09-23T19:05:00+00:00,4288.57,4293.28,4288.15,4289.43,4007.0,2026-09-23T21:05:00+02:00
XAUUSD,5m,2026-09-23T19:10:00+00:00,4289.43,4290.21,4284.33,4284.42,3155.0,2026-09-23T21:10:00+02:00
XAUUSD,5m,2026-09-23T19:15:00+00:00,4284.42,4285.69,4282.99,4283.98,2728.0,2026-09-23T21:15:00+02:00
XAUUSD,5m,2026-09-23T19:20:00+00:00,4283.98,4285.87,4283.31,4285.85,1995.0,2026-09-23T21:20:00+02:00
XAUUSD,5m,2026-09-23T19:25:00+00:00,4285.85,4287.06,4284.19,4286.56,2154.0,2026-09-23T21:25:00+02:00
XAUUSD,5m,2026-09-23T19:30:00+00:00,4286.56,4287.24,4283.56,4285.53,2794.0,2026-09-23T21:30:00+02:00
XAUUSD,5m,2026-09-23T19:35:00+00:00,4285.53,4285.76,4281.1,4281.96,2269.0,2026-09-23T21:35:00+02:00
XAUUSD,5m,2026-09-23T19:40:00+00:00,4281.96,4284.82,4281.55,4282.4,2331.0,2026-09-23T21:40:00+02:00
XAUUSD,5m,2026-09-23T19:45:00+00:00,4282.4,4286.86,4282.21,4286.73,2283.0,2026-09-23T21:45:00+02:00
XAUUSD,5m,2026-09-23T19:50:00+00:00,4286.73,4287.22,4283.21,4283.25,3323.0,2026-09-23T21:50:00+02:00
XAUUSD,5m,2026-09-23T19:55:00+00:00,4283.25,4284.92,4281.94,4284.26,5276.0,2026-09-23T21:55:00+02:00
XAUUSD,5m,2026-09-23T20:00:00+00:00,4284.26,4285.64,4283.38,4284.94,2094.0,2026-09-23T22:00:00+02:00
XAUUSD,5m,2026-09-23T20:05:00+00:00,4284.94,4287.87,4284.87,4287.13,1365.0,2026-09-23T22:05:00+02:00
XAUUSD,5m,2026-09-23T20:10:00+00:00,4287.13,4287.23,4284.78,4284.88,924.0,2026-09-23T22:10:00+02:00
XAUUSD,5m,2026-09-23T20:15:00+00:00,4284.88,4285.86,4283.37,4283.37,1009.0,2026-09-23T22:15:00+02:00
XAUUSD,5m,2026-09-23T20:20:00+00:00,4283.37,4284.44,4282.63,4284.09,871.0,2026-09-23T22:20:00+02:00
XAUUSD,5m,2026-09-23T20:25:00+00:00,4284.09,4285.42,4283.7,4285.4,774.0,2026-09-23T22:25:00+02:00
XAUUSD,5m,2026-09-23T20:30:00+00:00,4285.4,4286.03,4282.57,4282.79,851.0,2026-09-23T22:30:00+02:00
XAUUSD,5m,2026-09-23T20:35:00+00:00,4282.79,4284.74,4282.79,4284.55,611.0,2026-09-23T22:35:00+02:00
XAUUSD,5m,2026-09-23T20:40:00+00:00,4284.55,4285.75,4284.28,4285.42,706.0,2026-09-23T22:40:00+02:00
XAUUSD,5m,2026-09-23T20:45:00+00:00,4285.42,4286.14,4285.04,4285.8,656.0,2026-09-23T22:45:00+02:00
XAUUSD,5m,2026-09-23T20:50:00+00:00,4285.8,4289.52,4285.8,4289.36,874.0,2026-09-23T22:50:00+02:00
XAUUSD,5m,2026-09-23T20:55:00+00:00,4289.36,4290.12,4286.26,4286.72,1272.0,2026-09-23T22:55:00+02:00
XAUUSD,5m,2026-09-23T21:00:00+00:00,4286.72,4286.73,4286.72,4286.73,3.0,2026-09-23T23:00:00+02:00
XAUUSD,5m,2026-09-23T22:00:00+00:00,4286.73,4292.7,4286.73,4292.64,650.0,2026-09-24T00:00:00+02:00
XAUUSD,5m,2026-09-23T22:05:00+00:00,4292.64,4294.38,4292.22,4292.67,625.0,2026-09-24T00:05:00+02:00
XAUUSD,5m,2026-09-23T22:10:00+00:00,4292.67,4292.71,4286.79,4288.0,1200.0,2026-09-24T00:10:00+02:00
XAUUSD,5m,2026-09-23T22:15:00+00:00,4288.0,4288.81,4286.95,4287.66,736.0,2026-09-24T00:15:00+02:00
XAUUSD,5m,2026-09-23T22:20:00+00:00,4287.66,4292.56,4287.23,4291.49,1633.0,2026-09-24T00:20:00+02:00
XAUUSD,5m,2026-09-23T22:25:00+00:00,4291.49,4291.49,4287.93,4288.43,1001.0,2026-09-24T00:25:00+02:00
XAUUSD,5m,2026-09-23T22:30:00+00:00,4288.43,4289.2,4287.56,4288.69,1079.0,2026-09-24T00:30:00+02:00
XAUUSD,5m,2026-09-23T22:35:00+00:00,4288.69,4291.19,4287.94,4288.98,747.0,2026-09-24T00:35:00+02:00
XAUUSD,5m,2026-09-23T22:40:00+00:00,4288.98,4290.52,4288.26,4289.26,372.0,2026-09-24T00:40:00+02:00
XAUUSD,5m,2026-09-23T22:45:00+00:00,4289.26,4291.27,4287.97,4289.85,729.0,2026-09-24T00:45:00+02:00
XAUUSD,5m,2026-09-23T22:50:00+00:00,4289.85,4289.87,4287.6,4288.18,688.0,2026-09-24T00:50:00+02:00
XAUUSD,5m,2026-09-23T22:55:00+00:00,4288.18,4290.95,4287.48,4289.31,436.0,2026-09-24T00:55:00+02:00
XAUUSD,5m,2026-09-23T23:00:00+00:00,4289.31,4290.48,4288.62,4290.16,352.0,2026-09-24T01:00:00+02:00
XAUUSD,5m,2026-09-23T23:05:00+00:00,4290.16,4291.19,4290.1,4290.65,456.0,2026-09-24T01:05:00+02:00
XAUUSD,5m,2026-09-23T23:10:00+00:00,4290.65,4291.32,4290.47,4291.23,443.0,2026-09-24T01:10:00+02:00
XAUUSD,5m,2026-09-23T23:15:00+00:00,4291.23,4293.21,4288.87,4289.92,921.0,2026-09-24T01:15:00+02:00
XAUUSD,5m,2026-09-23T23:20:00+00:00,4289.92,4290.86,4288.82,4289.84,834.0,2026-09-24T01:20:00+02:00
XAUUSD,5m,2026-09-23T23:25:00+00:00,4289.84,4289.85,4287.81,4287.97,685.0,2026-09-24T01:25:00+02:00
XAUUSD,5m,2026-09-23T23:30:00+00:00,4287.97,4288.67,4285.43,4285.81,939.0,2026-09-24T01:30:00+02:00
XAUUSD,5m,2026-09-23T23:35:00+00:00,4285.81,4287.42,4285.43,4286.41,527.0,2026-09-24T01:35:00+02:00
XAUUSD,5m,2026-09-23T23:40:00+00:00,4286.41,4287.16,4284.97,4285.24,615.0,2026-09-24T01:40:00+02:00
XAUUSD,5m,2026-09-23T23:45:00+00:00,4285.24,4289.9,4285.2,4289.74,1241.0,2026-09-24T01:45:00+02:00
XAUUSD,5m,2026-09-23T23:50:00+00:00,4289.74,4291.67,4288.59,4290.56,1018.0,2026-09-24T01:50:00+02:00
XAUUSD,5m,2026-09-23T23:55:00+00:00,4290.56,4291.39,4288.34,4288.44,1051.0,2026-09-24T01:55:00+02:00
XAUUSD,5m,2026-09-24T00:00:00+00:00,4288.44,4291.6,4287.85,4289.81,2793.0,2026-09-24T02:00:00+02:00
XAUUSD,5m,2026-09-24T00:05:00+00:00,4289.81,4291.53,4288.5,4291.46,2449.0,2026-09-24T02:05:00+02:00
XAUUSD,5m,2026-09-24T00:10:00+00:00,4291.46,4291.89,4287.24,4288.96,2065.0,2026-09-24T02:10:00+02:00
XAUUSD,5m,2026-09-24T00:15:00+00:00,4288.96,4291.58,4287.01,4288.8,3095.0,2026-09-24T02:15:00+02:00
XAUUSD,5m,2026-09-24T00:20:00+00:00,4288.8,4289.22,4283.87,4287.7,2686.0,2026-09-24T02:20:00+02:00
XAUUSD,5m,2026-09-24T00:25:00+00:00,4287.7,4292.39,4285.94,4292.04,2577.0,2026-09-24T02:25:00+02:00
XAUUSD,5m,2026-09-24T00:30:00+00:00,4292.04,4294.37,4290.15,4291.76,2309.0,2026-09-24T02:30:00+02:00
XAUUSD,5m,2026-09-24T00:35:00+00:00,4291.76,4293.26,4291.44,4291.44,1482.0,2026-09-24T02:35:00+02:00
XAUUSD,5m,2026-09-24T00:40:00+00:00,4291.44,4294.77,4291.26,4294.47,1676.0,2026-09-24T02:40:00+02:00
XAUUSD,5m,2026-09-24T00:45:00+00:00,4294.47,4294.97,4291.15,4292.45,2145.0,2026-09-24T02:45:00+02:00
XAUUSD,5m,2026-09-24T00:50:00+00:00,4292.45,4295.48,4291.85,4295.22,2444.0,2026-09-24T02:50:00+02:00
XAUUSD,5m,2026-09-24T00:55:00+00:00,4295.22,4299.14,4294.64,4298.43,2725.0,2026-09-24T02:55:00+02:00
XAUUSD,5m,2026-09-24T01:00:00+00:00,4298.43,4299.23,4290.23,4292.22,6191.0,2026-09-24T03:00:00+02:00
XAUUSD,5m,2026-09-24T01:05:00+00:00,4292.22,4297.27,4289.31,4295.96,4406.0,2026-09-24T03:05:00+02:00
XAUUSD,5m,2026-09-24T01:10:00+00:00,4295.96,4302.92,4295.64,4302.91,3667.0,2026-09-24T03:10:00+02:00
XAUUSD,5m,2026-09-24T01:15:00+00:00,4302.91,4303.23,4297.35,4299.98,4069.0,2026-09-24T03:15:00+02:00
XAUUSD,5m,2026-09-24T01:20:00+00:00,4299.98,4300.54,4295.49,4297.61,3436.0,2026-09-24T03:20:00+02:00
XAUUSD,5m,2026-09-24T01:25:00+00:00,4297.61,4299.9,4295.14,4299.28,2212.0,2026-09-24T03:25:00+02:00
XAUUSD,5m,2026-09-24T01:30:00+00:00,4299.28,4300.66,4296.8,4297.42,4115.0,2026-09-24T03:30:00+02:00
XAUUSD,5m,2026-09-24T01:35:00+00:00,4297.42,4299.23,4292.58,4293.35,3187.0,2026-09-24T03:35:00+02:00
XAUUSD,5m,2026-09-24T01:40:00+00:00,4293.35,4293.9,4289.26,4289.82,2965.0,2026-09-24T03:40:00+02:00
XAUUSD,5m,2026-09-24T01:45:00+00:00,4289.82,4290.35,4283.01,4283.94,4195.0,2026-09-24T03:45:00+02:00
XAUUSD,5m,2026-09-24T01:50:00+00:00,4283.94,4288.54,4281.24,4282.1,3847.0,2026-09-24T03:50:00+02:00
XAUUSD,5m,2026-09-24T01:55:00+00:00,4282.1,4284.64,4277.91,4279.03,3854.0,2026-09-24T03:55:00+02:00
XAUUSD,5m,2026-09-24T02:00:00+00:00,4279.03,4279.55,4273.92,4275.16,4634.0,2026-09-24T04:00:00+02:00
XAUUSD,5m,2026-09-24T02:05:00+00:00,4275.16,4276.4,4273.5,4276.34,3183.0,2026-09-24T04:05:00+02:00
XAUUSD,5m,2026-09-24T02:10:00+00:00,4276.34,4282.67,4275.69,4282.67,3362.0,2026-09-24T04:10:00+02:00
XAUUSD,5m,2026-09-24T02:15:00+00:00,4282.67,4286.54,4282.51,4284.69,2309.0,2026-09-24T04:15:00+02:00
XAUUSD,5m,2026-09-24T02:20:00+00:00,4284.69,4285.55,4282.53,4285.36,2226.0,2026-09-24T04:20:00+02:00
XAUUSD,5m,2026-09-24T02:25:00+00:00,4285.36,4287.36,4284.38,4286.02,2050.0,2026-09-24T04:25:00+02:00
XAUUSD,5m,2026-09-24T02:30:00+00:00,4286.02,4294.03,4284.38,4292.56,3990.0,2026-09-24T04:30:00+02:00
XAUUSD,5m,2026-09-24T02:35:00+00:00,4292.56,4296.01,4290.54,4295.03,3468.0,2026-09-24T04:35:00+02:00
XAUUSD,5m,2026-09-24T02:40:00+00:00,4295.03,4296.87,4293.14,4295.32,2667.0,2026-09-24T04:40:00+02:00
XAUUSD,5m,2026-09-24T02:45:00+00:00,4295.32,4295.6,4290.89,4292.37,2610.0,2026-09-24T04:45:00+02:00
XAUUSD,5m,2026-09-24T02:50:00+00:00,4292.37,4292.77,4287.04,4289.78,2402.0,2026-09-24T04:50:00+02:00
XAUUSD,5m,2026-09-24T02:55:00+00:00,4289.78,4292.78,4289.75,4290.7,2120.0,2026-09-24T04:55:00+02:00
XAUUSD,5m,2026-09-24T03:00:00+00:00,4290.7,4293.75,4289.64,4289.94,2151.0,2026-09-24T05:00:00+02:00
XAUUSD,5m,2026-09-24T03:05:00+00:00,4289.94,4290.18,4285.07,4286.64,2259.0,2026-09-24T05:05:00+02:00
XAUUSD,5m,2026-09-24T03:10:00+00:00,4286.64,4288.21,4284.91,4286.91,1956.0,2026-09-24T05:10:00+02:00
XAUUSD,5m,2026-09-24T03:15:00+00:00,4286.91,4290.44,4286.84,4287.68,1888.0,2026-09-24T05:15:00+02:00
XAUUSD,5m,2026-09-24T03:20:00+00:00,4287.68,4288.67,4286.47,4287.45,1778.0,2026-09-24T05:20:00+02:00
XAUUSD,5m,2026-09-24T03:25:00+00:00,4287.45,4288.47,4285.13,4285.68,2316.0,2026-09-24T05:25:00+02:00
XAUUSD,5m,2026-09-24T03:30:00+00:00,4285.68,4286.9,4284.33,4284.33,1520.0,2026-09-24T05:30:00+02:00
XAUUSD,5m,2026-09-24T03:35:00+00:00,4284.33,4285.8,4282.59,4285.09,1706.0,2026-09-24T05:35:00+02:00
XAUUSD,5m,2026-09-24T03:40:00+00:00,4285.09,4285.47,4281.03,4281.66,1331.0,2026-09-24T05:40:00+02:00
XAUUSD,5m,2026-09-24T03:45:00+00:00,4281.66,4284.48,4280.37,4283.15,1393.0,2026-09-24T05:45:00+02:00
XAUUSD,5m,2026-09-24T03:50:00+00:00,4283.15,4284.08,4281.07,4283.2,1563.0,2026-09-24T05:50:00+02:00
XAUUSD,5m,2026-09-24T03:55:00+00:00,4283.2,4285.17,4282.35,4284.95,1625.0,2026-09-24T05:55:00+02:00
XAUUSD,5m,2026-09-24T04:00:00+00:00,4284.95,4286.67,4281.56,4284.17,2912.0,2026-09-24T06:00:00+02:00
XAUUSD,5m,2026-09-24T04:05:00+00:00,4284.17,4284.48,4282.91,4283.98,1748.0,2026-09-24T06:05:00+02:00
XAUUSD,5m,2026-09-24T04:10:00+00:00,4283.98,4286.0,4283.36,4284.93,1548.0,2026-09-24T06:10:00+02:00
XAUUSD,5m,2026-09-24T04:15:00+00:00,4284.93,4288.28,4284.72,4286.54,1484.0,2026-09-24T06:15:00+02:00
XAUUSD,5m,2026-09-24T04:20:00+00:00,4286.54,4287.32,4284.44,4284.81,1251.0,2026-09-24T06:20:00+02:00
XAUUSD,5m,2026-09-24T04:25:00+00:00,4284.81,4286.34,4284.08,4286.14,1193.0,2026-09-24T06:25:00+02:00
XAUUSD,5m,2026-09-24T04:30:00+00:00,4286.14,4288.91,4285.91,4288.72,1147.0,2026-09-24T06:30:00+02:00
XAUUSD,5m,2026-09-24T04:35:00+00:00,4288.72,4289.19,4286.87,4287.08,1203.0,2026-09-24T06:35:00+02:00
XAUUSD,5m,2026-09-24T04:40:00+00:00,4287.08,4287.47,4285.66,4286.58,1120.0,2026-09-24T06:40:00+02:00
XAUUSD,5m,2026-09-24T04:45:00+00:00,4286.58,4288.84,4286.0,4288.63,1089.0,2026-09-24T06:45:00+02:00
XAUUSD,5m,2026-09-24T04:50:00+00:00,4288.63,4289.89,4287.53,4289.82,1151.0,2026-09-24T06:50:00+02:00
XAUUSD,5m,2026-09-24T04:55:00+00:00,4289.82,4290.34,4289.1,4289.38,917.0,2026-09-24T06:55:00+02:00
XAUUSD,5m,2026-09-24T05:00:00+00:00,4289.38,4296.0,4289.38,4294.98,1795.0,2026-09-24T07:00:00+02:00
XAUUSD,5m,2026-09-24T05:05:00+00:00,4294.98,4296.35,4292.69,4293.49,1827.0,2026-09-24T07:05:00+02:00
XAUUSD,5m,2026-09-24T05:10:00+00:00,4293.49,4293.64,4289.91,4290.25,1220.0,2026-09-24T07:10:00+02:00
XAUUSD,5m,2026-09-24T05:15:00+00:00,4290.25,4290.3,4286.11,4289.44,1536.0,2026-09-24T07:15:00+02:00
XAUUSD,5m,2026-09-24T05:20:00+00:00,4289.44,4291.29,4288.02,4289.36,1517.0,2026-09-24T07:20:00+02:00
XAUUSD,5m,2026-09-24T05:25:00+00:00,4289.36,4291.05,4288.5,4290.61,1553.0,2026-09-24T07:25:00+02:00
XAUUSD,5m,2026-09-24T05:30:00+00:00,4290.61,4291.12,4284.98,4285.14,4113.0,2026-09-24T07:30:00+02:00
XAUUSD,5m,2026-09-24T05:35:00+00:00,4285.14,4287.4,4283.43,4284.17,3187.0,2026-09-24T07:35:00+02:00
XAUUSD,5m,2026-09-24T05:40:00+00:00,4284.17,4286.72,4280.52,4281.07,3337.0,2026-09-24T07:40:00+02:00
XAUUSD,5m,2026-09-24T05:45:00+00:00,4281.07,4285.59,4279.98,4282.98,3169.0,2026-09-24T07:45:00+02:00
XAUUSD,5m,2026-09-24T05:50:00+00:00,4282.98,4284.4,4280.31,4280.52,2362.0,2026-09-24T07:50:00+02:00
XAUUSD,5m,2026-09-24T05:55:00+00:00,4280.52,4281.39,4277.39,4279.08,3227.0,2026-09-24T07:55:00+02:00
XAUUSD,5m,2026-09-24T06:00:00+00:00,4279.08,4283.4,4278.86,4279.7,4282.0,2026-09-24T08:00:00+02:00
XAUUSD,5m,2026-09-24T06:05:00+00:00,4279.7,4286.23,4279.53,4286.01,3816.0,2026-09-24T08:05:00+02:00
XAUUSD,5m,2026-09-24T06:10:00+00:00,4286.01,4286.6,4281.08,4282.1,3335.0,2026-09-24T08:10:00+02:00
XAUUSD,5m,2026-09-24T06:15:00+00:00,4282.1,4284.56,4280.39,4282.91,3858.0,2026-09-24T08:15:00+02:00
XAUUSD,5m,2026-09-24T06:20:00+00:00,4282.91,4286.51,4282.62,4283.95,3618.0,2026-09-24T08:20:00+02:00
XAUUSD,5m,2026-09-24T06:25:00+00:00,4283.95,4285.11,4281.26,4281.98,3447.0,2026-09-24T08:25:00+02:00
XAUUSD,5m,2026-09-24T06:30:00+00:00,4281.98,4283.53,4279.95,4281.01,3348.0,2026-09-24T08:30:00+02:00
XAUUSD,5m,2026-09-24T06:35:00+00:00,4281.01,4281.47,4275.21,4279.96,3728.0,2026-09-24T08:35:00+02:00
XAUUSD,5m,2026-09-24T06:40:00+00:00,4279.96,4280.34,4276.86,4277.72,3210.0,2026-09-24T08:40:00+02:00
XAUUSD,5m,2026-09-24T06:45:00+00:00,4277.72,4277.94,4274.24,4275.55,2597.0,2026-09-24T08:45:00+02:00
XAUUSD,5m,2026-09-24T06:50:00+00:00,4275.55,4277.93,4275.14,4276.83,2419.0,2026-09-24T08:50:00+02:00
XAUUSD,5m,2026-09-24T06:55:00+00:00,4276.83,4278.13,4276.07,4276.36,2480.0,2026-09-24T08:55:00+02:00
XAUUSD,5m,2026-09-24T07:00:00+00:00,4276.36,4280.44,4274.21,4280.01,4195.0,2026-09-24T09:00:00+02:00
XAUUSD,5m,2026-09-24T07:05:00+00:00,4280.01,4284.84,4279.42,4283.2,3692.0,2026-09-24T09:05:00+02:00
XAUUSD,5m,2026-09-24T07:10:00+00:00,4283.2,4285.12,4281.45,4284.02,2443.0,2026-09-24T09:10:00+02:00
XAUUSD,5m,2026-09-24T07:15:00+00:00,4284.02,4287.94,4283.14,4286.7,2801.0,2026-09-24T09:15:00+02:00
XAUUSD,5m,2026-09-24T07:20:00+00:00,4286.7,4286.7,4280.99,4281.75,2470.0,2026-09-24T09:20:00+02:00
XAUUSD,5m,2026-09-24T07:25:00+00:00,4281.75,4284.96,4281.67,4284.79,2042.0,2026-09-24T09:25:00+02:00
XAUUSD,5m,2026-09-24T07:30:00+00:00,4284.79,4287.71,4281.99,4282.8,4056.0,2026-09-24T09:30:00+02:00
XAUUSD,5m,2026-09-24T07:35:00+00:00,4282.8,4286.56,4282.6,4284.29,2804.0,2026-09-24T09:35:00+02:00
XAUUSD,5m,2026-09-24T07:40:00+00:00,4284.29,4284.45,4280.1,4282.79,2340.0,2026-09-24T09:40:00+02:00
XAUUSD,5m,2026-09-24T07:45:00+00:00,4282.79,4285.52,4279.47,4280.0,2606.0,2026-09-24T09:45:00+02:00
XAUUSD,5m,2026-09-24T07:50:00+00:00,4280.0,4283.86,4278.77,4283.19,2795.0,2026-09-24T09:50:00+02:00
XAUUSD,5m,2026-09-24T07:55:00+00:00,4283.19,4283.32,4275.91,4278.54,2897.0,2026-09-24T09:55:00+02:00
XAUUSD,5m,2026-09-24T08:00:00+00:00,4278.54,4284.77,4277.51,4284.35,5681.0,2026-09-24T10:00:00+02:00
XAUUSD,5m,2026-09-24T08:05:00+00:00,4284.35,4285.49,4281.31,4282.57,4649.0,2026-09-24T10:05:00+02:00
XAUUSD,5m,2026-09-24T08:10:00+00:00,4282.57,4283.25,4276.44,4277.3,5155.0,2026-09-24T10:10:00+02:00
XAUUSD,5m,2026-09-24T08:15:00+00:00,4277.3,4279.15,4267.55,4271.07,7581.0,2026-09-24T10:15:00+02:00
XAUUSD,5m,2026-09-24T08:20:00+00:00,4271.07,4273.64,4264.03,4265.61,6355.0,2026-09-24T10:20:00+02:00
XAUUSD,5m,2026-09-24T08:25:00+00:00,4265.61,4266.85,4262.36,4264.46,6128.0,2026-09-24T10:25:00+02:00
XAUUSD,5m,2026-09-24T08:30:00+00:00,4264.46,4273.83,4263.64,4267.29,6090.0,2026-09-24T10:30:00+02:00
XAUUSD,5m,2026-09-24T08:35:00+00:00,4267.29,4268.8,4264.26,4268.26,5004.0,2026-09-24T10:35:00+02:00
XAUUSD,5m,2026-09-24T08:40:00+00:00,4268.26,4269.92,4266.15,4267.96,3765.0,2026-09-24T10:40:00+02:00
XAUUSD,5m,2026-09-24T08:45:00+00:00,4267.96,4270.4,4266.8,4267.56,3314.0,2026-09-24T10:45:00+02:00
XAUUSD,5m,2026-09-24T08:50:00+00:00,4267.56,4268.31,4261.41,4262.14,3657.0,2026-09-24T10:50:00+02:00
XAUUSD,5m,2026-09-24T08:55:00+00:00,4262.14,4263.3,4260.6,4261.25,2904.0,2026-09-24T10:55:00+02:00
XAUUSD,5m,2026-09-24T09:00:00+00:00,4261.25,4267.26,4258.95,4259.31,4288.0,2026-09-24T11:00:00+02:00
XAUUSD,5m,2026-09-24T09:05:00+00:00,4259.31,4264.58,4258.68,4263.0,3337.0,2026-09-24T11:05:00+02:00
XAUUSD,5m,2026-09-24T09:10:00+00:00,4263.0,4265.31,4260.79,4262.98,3628.0,2026-09-24T11:10:00+02:00
XAUUSD,5m,2026-09-24T09:15:00+00:00,4262.98,4265.37,4261.2,4262.76,3643.0,2026-09-24T11:15:00+02:00
XAUUSD,5m,2026-09-24T09:20:00+00:00,4262.76,4265.15,4260.96,4263.23,3035.0,2026-09-24T11:20:00+02:00
XAUUSD,5m,2026-09-24T09:25:00+00:00,4263.23,4263.93,4255.17,4255.55,3278.0,2026-09-24T11:25:00+02:00
XAUUSD,5m,2026-09-24T09:30:00+00:00,4255.55,4260.38,4254.37,4257.63,3725.0,2026-09-24T11:30:00+02:00
XAUUSD,5m,2026-09-24T09:35:00+00:00,4257.63,4259.48,4255.56,4257.48,2661.0,2026-09-24T11:35:00+02:00
XAUUSD,5m,2026-09-24T09:40:00+00:00,4257.48,4258.11,4250.75,4252.0,3544.0,2026-09-24T11:40:00+02:00
XAUUSD,5m,2026-09-24T09:45:00+00:00,4252.0,4255.65,4251.86,4252.77,3222.0,2026-09-24T11:45:00+02:00
XAUUSD,5m,2026-09-24T09:50:00+00:00,4252.77,4256.2,4252.46,4253.65,2811.0,2026-09-24T11:50:00+02:00
XAUUSD,5m,2026-09-24T09:55:00+00:00,4253.65,4255.86,4253.31,4255.34,2658.0,2026-09-24T11:55:00+02:00
XAUUSD,5m,2026-09-24T10:00:00+00:00,4255.34,4259.28,4253.47,4253.47,3575.0,2026-09-24T12:00:00+02:00
XAUUSD,5m,2026-09-24T10:05:00+00:00,4253.47,4253.59,4250.2,4252.66,2808.0,2026-09-24T12:05:00+02:00
XAUUSD,5m,2026-09-24T10:10:00+00:00,4252.66,4257.49,4251.38,4252.07,4217.0,2026-09-24T12:10:00+02:00
XAUUSD,5m,2026-09-24T10:15:00+00:00,4252.07,4255.02,4249.41,4251.75,3268.0,2026-09-24T12:15:00+02:00
XAUUSD,5m,2026-09-24T10:20:00+00:00,4251.75,4253.18,4247.4,4247.65,3480.0,2026-09-24T12:20:00+02:00
XAUUSD,5m,2026-09-24T10:25:00+00:00,4247.65,4252.18,4244.81,4245.62,4852.0,2026-09-24T12:25:00+02:00
XAUUSD,5m,2026-09-24T10:30:00+00:00,4245.62,4254.35,4244.07,4253.95,4048.0,2026-09-24T12:30:00+02:00
XAUUSD,5m,2026-09-24T10:35:00+00:00,4253.95,4262.48,4253.46,4260.47,3837.0,2026-09-24T12:35:00+02:00
XAUUSD,5m,2026-09-24T10:40:00+00:00,4260.47,4262.31,4257.87,4258.29,2796.0,2026-09-24T12:40:00+02:00
XAUUSD,5m,2026-09-24T10:45:00+00:00,4258.29,4264.04,4257.84,4262.6,3251.0,2026-09-24T12:45:00+02:00
XAUUSD,5m,2026-09-24T10:50:00+00:00,4262.6,4263.75,4257.11,4257.2,2810.0,2026-09-24T12:50:00+02:00
XAUUSD,5m,2026-09-24T10:55:00+00:00,4257.2,4259.8,4255.76,4258.22,2605.0,2026-09-24T12:55:00+02:00
XAUUSD,5m,2026-09-24T11:00:00+00:00,4258.22,4260.45,4255.85,4255.9,2960.0,2026-09-24T13:00:00+02:00
XAUUSD,5m,2026-09-24T11:05:00+00:00,4255.9,4256.77,4251.83,4254.86,2406.0,2026-09-24T13:05:00+02:00
XAUUSD,5m,2026-09-24T11:10:00+00:00,4254.86,4259.34,4254.24,4258.82,3114.0,2026-09-24T13:10:00+02:00
XAUUSD,5m,2026-09-24T11:15:00+00:00,4258.82,4263.87,4256.76,4261.65,5862.0,2026-09-24T13:15:00+02:00
XAUUSD,5m,2026-09-24T11:20:00+00:00,4261.65,4267.73,4261.39,4266.08,3020.0,2026-09-24T13:20:00+02:00
XAUUSD,5m,2026-09-24T11:25:00+00:00,4266.08,4267.82,4263.61,4263.74,2599.0,2026-09-24T13:25:00+02:00
XAUUSD,5m,2026-09-24T11:30:00+00:00,4263.74,4266.0,4261.21,4261.26,2636.0,2026-09-24T13:30:00+02:00
XAUUSD,5m,2026-09-24T11:35:00+00:00,4261.26,4262.3,4258.12,4259.53,2350.0,2026-09-24T13:35:00+02:00
XAUUSD,5m,2026-09-24T11:40:00+00:00,4259.53,4261.18,4258.41,4260.67,1585.0,2026-09-24T13:40:00+02:00
XAUUSD,5m,2026-09-24T11:45:00+00:00,4260.67,4261.41,4259.5,4260.5,1759.0,2026-09-24T13:45:00+02:00
XAUUSD,5m,2026-09-24T11:50:00+00:00,4260.5,4261.32,4258.83,4260.58,1937.0,2026-09-24T13:50:00+02:00
XAUUSD,5m,2026-09-24T11:55:00+00:00,4260.58,4266.32,4259.3,4265.75,2608.0,2026-09-24T13:55:00+02:00
XAUUSD,5m,2026-09-24T12:00:00+00:00,4265.75,4265.81,4260.39,4261.65,4111.0,2026-09-24T14:00:00+02:00
XAUUSD,5m,2026-09-24T12:05:00+00:00,4261.65,4266.33,4260.7,4265.09,3162.0,2026-09-24T14:05:00+02:00
XAUUSD,5m,2026-09-24T12:10:00+00:00,4265.09,4269.78,4264.36,4268.61,3071.0,2026-09-24T14:10:00+02:00
XAUUSD,5m,2026-09-24T12:15:00+00:00,4268.61,4270.97,4267.67,4269.23,3012.0,2026-09-24T14:15:00+02:00
XAUUSD,5m,2026-09-24T12:20:00+00:00,4269.23,4272.05,4266.81,4270.07,4285.0,2026-09-24T14:20:00+02:00
XAUUSD,5m,2026-09-24T12:25:00+00:00,4270.07,4271.44,4266.88,4271.19,3497.0,2026-09-24T14:25:00+02:00
XAUUSD,5m,2026-09-24T12:30:00+00:00,4271.19,4272.97,4265.75,4266.76,4114.0,2026-09-24T14:30:00+02:00
XAUUSD,5m,2026-09-24T12:35:00+00:00,4266.76,4269.12,4264.69,4268.25,4198.0,2026-09-24T14:35:00+02:00
XAUUSD,5m,2026-09-24T12:40:00+00:00,4268.25,4274.25,4268.04,4271.75,5479.0,2026-09-24T14:40:00+02:00
XAUUSD,5m,2026-09-24T12:45:00+00:00,4271.75,4274.83,4271.16,4274.36,4038.0,2026-09-24T14:45:00+02:00
XAUUSD,5m,2026-09-24T12:50:00+00:00,4274.36,4280.23,4272.41,4279.95,4483.0,2026-09-24T14:50:00+02:00
XAUUSD,5m,2026-09-24T12:55:00+00:00,4279.95,4283.21,4279.05,4281.01,4781.0,2026-09-24T14:55:00+02:00
XAUUSD,5m,2026-09-24T13:00:00+00:00,4281.01,4284.93,4279.28,4280.26,5962.0,2026-09-24T15:00:00+02:00
XAUUSD,5m,2026-09-24T13:05:00+00:00,4280.26,4282.45,4276.99,4279.56,4149.0,2026-09-24T15:05:00+02:00
XAUUSD,5m,2026-09-24T13:10:00+00:00,4279.56,4282.77,4277.26,4278.13,3730.0,2026-09-24T15:10:00+02:00
XAUUSD,5m,2026-09-24T13:15:00+00:00,4278.13,4278.75,4276.02,4277.98,3350.0,2026-09-24T15:15:00+02:00
XAUUSD,5m,2026-09-24T13:20:00+00:00,4277.98,4279.08,4275.75,4277.02,2908.0,2026-09-24T15:20:00+02:00
XAUUSD,5m,2026-09-24T13:25:00+00:00,4277.02,4278.15,4275.29,4276.33,3975.0,2026-09-24T15:25:00+02:00
XAUUSD,5m,2026-09-24T13:30:00+00:00,4276.33,4277.75,4272.08,4272.81,8158.0,2026-09-24T15:30:00+02:00
XAUUSD,5m,2026-09-24T13:35:00+00:00,4272.81,4275.82,4270.05,4271.56,7589.0,2026-09-24T15:35:00+02:00
XAUUSD,5m,2026-09-24T13:40:00+00:00,4271.56,4273.87,4266.95,4273.16,6298.0,2026-09-24T15:40:00+02:00
XAUUSD,5m,2026-09-24T13:45:00+00:00,4273.16,4276.42,4270.25,4271.31,7166.0,2026-09-24T15:45:00+02:00
XAUUSD,5m,2026-09-24T13:50:00+00:00,4271.31,4271.91,4265.84,4266.21,7198.0,2026-09-24T15:50:00+02:00
XAUUSD,5m,2026-09-24T13:55:00+00:00,4266.21,4269.13,4264.65,4267.56,6338.0,2026-09-24T15:55:00+02:00
XAUUSD,5m,2026-09-24T14:00:00+00:00,4267.56,4270.82,4265.3,4270.63,7097.0,2026-09-24T16:00:00+02:00
XAUUSD,5m,2026-09-24T14:05:00+00:00,4270.63,4273.13,4267.65,4270.16,6718.0,2026-09-24T16:05:00+02:00
XAUUSD,5m,2026-09-24T14:10:00+00:00,4270.16,4271.61,4266.86,4269.73,6748.0,2026-09-24T16:10:00+02:00
XAUUSD,5m,2026-09-24T14:15:00+00:00,4269.73,4271.53,4264.04,4264.91,7269.0,2026-09-24T16:15:00+02:00
XAUUSD,5m,2026-09-24T14:20:00+00:00,4264.91,4265.08,4261.11,4263.65,6441.0,2026-09-24T16:20:00+02:00
XAUUSD,5m,2026-09-24T14:25:00+00:00,4263.65,4268.96,4261.86,4267.35,6936.0,2026-09-24T16:25:00+02:00
XAUUSD,5m,2026-09-24T14:30:00+00:00,4267.35,4267.35,4256.61,4261.64,6001.0,2026-09-24T16:30:00+02:00
XAUUSD,5m,2026-09-24T14:35:00+00:00,4261.64,4262.38,4255.48,4256.97,5944.0,2026-09-24T16:35:00+02:00
XAUUSD,5m,2026-09-24T14:40:00+00:00,4256.97,4257.26,4254.01,4256.38,5318.0,2026-09-24T16:40:00+02:00
XAUUSD,5m,2026-09-24T14:45:00+00:00,4256.38,4258.39,4254.53,4257.28,6076.0,2026-09-24T16:45:00+02:00
XAUUSD,5m,2026-09-24T14:50:00+00:00,4257.28,4262.02,4257.1,4259.74,5277.0,2026-09-24T16:50:00+02:00
XAUUSD,5m,2026-09-24T14:55:00+00:00,4259.74,4259.77,4252.37,4252.95,5733.0,2026-09-24T16:55:00+02:00
XAUUSD,5m,2026-09-24T15:00:00+00:00,4252.95,4254.11,4249.63,4250.68,7040.0,2026-09-24T17:00:00+02:00
XAUUSD,5m,2026-09-24T15:05:00+00:00,4250.68,4251.39,4248.59,4249.5,5176.0,2026-09-24T17:05:00+02:00
XAUUSD,5m,2026-09-24T15:10:00+00:00,4249.5,4250.98,4244.7,4247.05,4922.0,2026-09-24T17:10:00+02:00
XAUUSD,5m,2026-09-24T15:15:00+00:00,4247.05,4253.26,4246.4,4250.35,7181.0,2026-09-24T17:15:00+02:00
XAUUSD,5m,2026-09-24T15:20:00+00:00,4250.35,4255.46,4249.57,4255.22,5599.0,2026-09-24T17:20:00+02:00
XAUUSD,5m,2026-09-24T15:25:00+00:00,4255.22,4255.49,4248.87,4250.35,4968.0,2026-09-24T17:25:00+02:00
XAUUSD,5m,2026-09-24T15:30:00+00:00,4250.35,4250.72,4246.27,4247.67,4853.0,2026-09-24T17:30:00+02:00
XAUUSD,5m,2026-09-24T15:35:00+00:00,4247.67,4253.82,4246.7,4253.82,5307.0,2026-09-24T17:35:00+02:00
XAUUSD,5m,2026-09-24T15:40:00+00:00,4253.82,4255.42,4252.19,4255.14,3680.0,2026-09-24T17:40:00+02:00
XAUUSD,5m,2026-09-24T15:45:00+00:00,4255.14,4256.89,4253.32,4254.62,4164.0,2026-09-24T17:45:00+02:00
XAUUSD,5m,2026-09-24T15:50:00+00:00,4254.62,4260.47,4254.1,4257.54,3716.0,2026-09-24T17:50:00+02:00
XAUUSD,5m,2026-09-24T15:55:00+00:00,4257.54,4257.67,4254.38,4256.61,3709.0,2026-09-24T17:55:00+02:00
XAUUSD,5m,2026-09-24T16:00:00+00:00,4256.61,4258.41,4254.51,4258.41,3922.0,2026-09-24T18:00:00+02:00
XAUUSD,5m,2026-09-24T16:05:00+00:00,4258.41,4258.43,4252.57,4253.15,2912.0,2026-09-24T18:05:00+02:00
XAUUSD,5m,2026-09-24T16:10:00+00:00,4253.15,4255.5,4253.02,4255.5,2115.0,2026-09-24T18:10:00+02:00
XAUUSD,5m,2026-09-24T16:15:00+00:00,4255.5,4288.2,4255.5,4273.68,9474.0,2026-09-24T18:15:00+02:00
XAUUSD,5m,2026-09-24T16:20:00+00:00,4273.68,4281.18,4271.17,4276.03,14503.0,2026-09-24T18:20:00+02:00
XAUUSD,5m,2026-09-24T16:25:00+00:00,4276.03,4278.06,4271.82,4275.74,9823.0,2026-09-24T18:25:00+02:00
XAUUSD,5m,2026-09-24T16:30:00+00:00,4275.74,4278.1,4270.33,4273.53,8546.0,2026-09-24T18:30:00+02:00
XAUUSD,5m,2026-09-24T16:35:00+00:00,4273.53,4278.72,4272.65,4277.26,7589.0,2026-09-24T18:35:00+02:00
XAUUSD,5m,2026-09-24T16:40:00+00:00,4277.26,4285.4,4274.06,4274.17,7034.0,2026-09-24T18:40:00+02:00
XAUUSD,5m,2026-09-24T16:45:00+00:00,4274.17,4277.44,4272.59,4275.19,6516.0,2026-09-24T18:45:00+02:00
XAUUSD,5m,2026-09-24T16:50:00+00:00,4275.19,4278.71,4270.97,4273.09,6642.0,2026-09-24T18:50:00+02:00
XAUUSD,5m,2026-09-24T16:55:00+00:00,4273.09,4276.22,4272.86,4273.08,4339.0,2026-09-24T18:55:00+02:00
XAUUSD,5m,2026-09-24T17:00:00+00:00,4273.08,4277.95,4268.57,4271.91,9006.0,2026-09-24T19:00:00+02:00
XAUUSD,5m,2026-09-24T17:05:00+00:00,4271.91,4274.14,4269.87,4270.84,6435.0,2026-09-24T19:05:00+02:00
XAUUSD,5m,2026-09-24T17:10:00+00:00,4270.84,4271.69,4266.45,4270.97,7621.0,2026-09-24T19:10:00+02:00
XAUUSD,5m,2026-09-24T17:15:00+00:00,4270.97,4271.19,4262.15,4262.42,5517.0,2026-09-24T19:15:00+02:00
XAUUSD,5m,2026-09-24T17:20:00+00:00,4262.42,4265.72,4260.79,4261.35,7375.0,2026-09-24T19:20:00+02:00
XAUUSD,5m,2026-09-24T17:25:00+00:00,4261.35,4263.16,4259.18,4263.02,6409.0,2026-09-24T19:25:00+02:00
XAUUSD,5m,2026-09-24T17:30:00+00:00,4263.02,4267.19,4262.76,4262.96,6288.0,2026-09-24T19:30:00+02:00
XAUUSD,5m,2026-09-24T17:35:00+00:00,4262.96,4263.81,4261.46,4262.25,4477.0,2026-09-24T19:35:00+02:00
XAUUSD,5m,2026-09-24T17:40:00+00:00,4262.25,4263.03,4258.17,4258.91,4673.0,2026-09-24T19:40:00+02:00
XAUUSD,5m,2026-09-24T17:45:00+00:00,4258.91,4260.7,4257.84,4258.73,3957.0,2026-09-24T19:45:00+02:00
XAUUSD,5m,2026-09-24T17:50:00+00:00,4258.73,4261.38,4258.25,4260.57,3879.0,2026-09-24T19:50:00+02:00
XAUUSD,5m,2026-09-24T17:55:00+00:00,4260.57,4265.75,4260.44,4264.71,3429.0,2026-09-24T19:55:00+02:00
XAUUSD,5m,2026-09-24T18:00:00+00:00,4264.71,4265.73,4256.15,4257.79,7124.0,2026-09-24T20:00:00+02:00
XAUUSD,5m,2026-09-24T18:05:00+00:00,4257.79,4263.32,4257.25,4262.41,5362.0,2026-09-24T20:05:00+02:00
XAUUSD,5m,2026-09-24T18:10:00+00:00,4262.41,4269.86,4262.19,4269.62,4440.0,2026-09-24T20:10:00+02:00
XAUUSD,5m,2026-09-24T18:15:00+00:00,4269.62,4272.04,4267.79,4268.87,4780.0,2026-09-24T20:15:00+02:00
XAUUSD,5m,2026-09-24T18:20:00+00:00,4268.87,4269.78,4266.95,4269.12,3341.0,2026-09-24T20:20:00+02:00
XAUUSD,5m,2026-09-24T18:25:00+00:00,4269.12,4275.36,4268.49,4274.49,6821.0,2026-09-24T20:25:00+02:00
XAUUSD,5m,2026-09-24T18:30:00+00:00,4274.49,4276.8,4270.15,4270.3,3704.0,2026-09-24T20:30:00+02:00
XAUUSD,5m,2026-09-24T18:35:00+00:00,4270.3,4281.7,4267.55,4277.47,5379.0,2026-09-24T20:35:00+02:00
XAUUSD,5m,2026-09-24T18:40:00+00:00,4277.47,4277.7,4269.79,4271.43,5120.0,2026-09-24T20:40:00+02:00
XAUUSD,5m,2026-09-24T18:45:00+00:00,4271.43,4272.83,4270.29,4272.64,3404.0,2026-09-24T20:45:00+02:00
XAUUSD,5m,2026-09-24T18:50:00+00:00,4272.64,4276.93,4272.21,4273.45,4340.0,2026-09-24T20:50:00+02:00
XAUUSD,5m,2026-09-24T18:55:00+00:00,4273.45,4274.84,4271.29,4271.78,3291.0,2026-09-24T20:55:00+02:00
XAUUSD,5m,2026-09-24T19:00:00+00:00,4271.78,4272.44,4266.88,4268.23,6139.0,2026-09-24T21:00:00+02:00
XAUUSD,5m,2026-09-24T19:05:00+00:00,4268.23,4270.35,4267.99,4269.73,4832.0,2026-09-24T21:05:00+02:00
XAUUSD,5m,2026-09-24T19:10:00+00:00,4269.73,4269.82,4267.32,4267.59,3862.0,2026-09-24T21:10:00+02:00
XAUUSD,5m,2026-09-24T19:15:00+00:00,4267.59,4271.25,4267.55,4271.0,2507.0,2026-09-24T21:15:00+02:00
XAUUSD,5m,2026-09-24T19:20:00+00:00,4271.0,4274.48,4270.24,4274.48,2223.0,2026-09-24T21:20:00+02:00
XAUUSD,5m,2026-09-24T19:25:00+00:00,4274.48,4275.78,4271.44,4272.08,2575.0,2026-09-24T21:25:00+02:00
XAUUSD,5m,2026-09-24T19:30:00+00:00,4272.08,4273.14,4271.33,4272.87,3033.0,2026-09-24T21:30:00+02:00
XAUUSD,5m,2026-09-24T19:35:00+00:00,4272.87,4275.62,4271.55,4275.5,2789.0,2026-09-24T21:35:00+02:00
XAUUSD,5m,2026-09-24T19:40:00+00:00,4275.5,4275.7,4273.57,4274.41,3248.0,2026-09-24T21:40:00+02:00
XAUUSD,5m,2026-09-24T19:45:00+00:00,4274.41,4275.93,4273.4,4273.56,2736.0,2026-09-24T21:45:00+02:00
XAUUSD,5m,2026-09-24T19:50:00+00:00,4273.56,4274.96,4272.67,4274.82,2868.0,2026-09-24T21:50:00+02:00
XAUUSD,5m,2026-09-24T19:55:00+00:00,4274.82,4275.1,4272.36,4273.77,3008.0,2026-09-24T21:55:00+02:00
XAUUSD,5m,2026-09-24T20:00:00+00:00,4273.77,4274.41,4271.29,4272.08,1795.0,2026-09-24T22:00:00+02:00
XAUUSD,5m,2026-09-24T20:05:00+00:00,4272.08,4272.47,4270.12,4270.44,1185.0,2026-09-24T22:05:00+02:00
XAUUSD,5m,2026-09-24T20:10:00+00:00,4270.44,4272.96,4269.66,4269.73,1408.0,2026-09-24T22:10:00+02:00
XAUUSD,5m,2026-09-24T20:15:00+00:00,4269.73,4270.58,4264.89,4265.29,2026.0,2026-09-24T22:15:00+02:00
XAUUSD,5m,2026-09-24T20:20:00+00:00,4265.29,4266.87,4264.48,4265.86,1670.0,2026-09-24T22:20:00+02:00
XAUUSD,5m,2026-09-24T20:25:00+00:00,4265.86,4266.69,4264.34,4265.44,1248.0,2026-09-24T22:25:00+02:00
XAUUSD,5m,2026-09-24T20:30:00+00:00,4265.44,4267.22,4265.04,4266.83,1163.0,2026-09-24T22:30:00+02:00
XAUUSD,5m,2026-09-24T20:35:00+00:00,4266.83,4268.81,4266.09,4268.8,1117.0,2026-09-24T22:35:00+02:00
XAUUSD,5m,2026-09-24T20:40:00+00:00,4268.8,4271.34,4268.64,4270.82,936.0,2026-09-24T22:40:00+02:00
XAUUSD,5m,2026-09-24T20:45:00+00:00,4270.82,4272.6,4270.26,4271.65,1155.0,2026-09-24T22:45:00+02:00
XAUUSD,5m,2026-09-24T20:50:00+00:00,4271.65,4272.93,4271.12,4272.86,983.0,2026-09-24T22:50:00+02:00
XAUUSD,5m,2026-09-24T20:55:00+00:00,4272.86,4275.56,4272.66,4274.96,1534.0,2026-09-24T22:55:00+02:00
